tex_file,index,checksum,width,height,dxt_type
levels/AP/AP.tex.xbx,0,49b77d58,64,64,2
levels/AP/AP.tex.xbx,1,71f1bd28,64,64,1
levels/AP/AP.tex.xbx,2,0cc0e2d8,64,64,1
levels/AP/AP.tex.xbx,3,7201e7f8,64,128,5
levels/AP/AP.tex.xbx,4,60130c20,128,128,1
levels/AP/AP.tex.xbx,5,3c719f68,64,64,5
levels/AP/AP.tex.xbx,6,0db81524,32,32,5
levels/AP/AP.tex.xbx,7,4ab08290,128,128,1
levels/AP/AP.tex.xbx,8,616be35c,128,128,1
levels/AP/AP.tex.xbx,9,7d739978,128,128,1
levels/AP/AP.tex.xbx,10,3cb6c878,128,128,1
levels/AP/AP.tex.xbx,11,b2159fd4,128,128,1
levels/AP/AP.tex.xbx,12,52f8f994,16,16,5
levels/AP/AP.tex.xbx,13,19cc24d0,16,128,1
levels/AP/AP.tex.xbx,14,66cf04a8,16,16,5
levels/AP/AP.tex.xbx,15,608859d0,128,128,1
levels/AP/AP.tex.xbx,16,a7834010,16,16,5
levels/AP/AP.tex.xbx,17,17a6a3f0,128,128,1
levels/AP/AP.tex.xbx,18,5e437ff0,128,128,5
levels/AP/AP.tex.xbx,19,2ebc0be0,64,64,5
levels/AP/AP.tex.xbx,20,95097b08,32,32,5
levels/AP/AP.tex.xbx,21,9809a26c,32,64,5
levels/AP/AP.tex.xbx,22,df3ac414,128,128,1
levels/AP/AP.tex.xbx,23,0aaa48c0,64,128,1
levels/AP/AP.tex.xbx,24,abcd9f9c,64,64,1
levels/AP/AP.tex.xbx,25,6f86a770,128,128,1
levels/AP/AP.tex.xbx,26,a113e234,128,128,1
levels/AP/AP.tex.xbx,27,0bcbc5f8,32,32,5
levels/AP/AP.tex.xbx,28,cca14b18,32,32,1
levels/AP/AP.tex.xbx,29,54902334,64,64,1
levels/AP/AP.tex.xbx,30,2a9789dc,64,64,1
levels/AP/AP.tex.xbx,31,15c0b064,64,64,1
levels/AP/AP.tex.xbx,32,58004548,32,32,5
levels/AP/AP.tex.xbx,33,0a5765f8,64,64,1
levels/AP/AP.tex.xbx,34,88b541b4,128,64,1
levels/AP/AP.tex.xbx,35,9cd6e3bc,128,128,1
levels/AP/AP.tex.xbx,36,f8ea59e4,128,128,1
levels/AP/AP.tex.xbx,37,5c7565b8,16,16,1
levels/AP/AP.tex.xbx,38,9d51af90,64,64,1
levels/AP/AP.tex.xbx,39,9ce15844,128,128,1
levels/AP/AP.tex.xbx,40,431a619c,128,128,1
levels/AP/AP.tex.xbx,41,39d6db90,128,128,1
levels/AP/AP.tex.xbx,42,7d262fe8,64,64,1
levels/AP/AP.tex.xbx,43,0c61986c,64,64,1
levels/AP/AP.tex.xbx,44,0cbc3930,32,32,5
levels/AP/AP.tex.xbx,45,ee3ec388,64,64,1
levels/AP/AP.tex.xbx,46,126f0450,64,64,1
levels/AP/AP.tex.xbx,47,6fb55b54,64,64,1
levels/AP/AP.tex.xbx,48,8c89cb20,64,64,1
levels/AP/AP.tex.xbx,49,03f02fa4,16,16,1
levels/AP/AP.tex.xbx,50,0e97c3fc,16,16,1
levels/AP/AP.tex.xbx,51,ae3d04b4,64,64,1
levels/AP/AP.tex.xbx,52,e61e1878,128,128,1
levels/AP/AP.tex.xbx,53,868ca14c,32,128,1
levels/AP/AP.tex.xbx,54,cd3f7698,64,64,1
levels/AP/AP.tex.xbx,55,34a754d0,128,128,1
levels/AP/AP.tex.xbx,56,434763dc,128,128,1
levels/AP/AP.tex.xbx,57,71ee8bb0,64,64,1
levels/AP/AP.tex.xbx,58,f36acd44,64,64,1
levels/AP/AP.tex.xbx,59,4756e23c,64,64,5
levels/AP/AP.tex.xbx,60,0b15322c,128,128,5
levels/AP/AP.tex.xbx,61,31fda730,64,64,5
levels/AP/AP.tex.xbx,62,10154ea8,128,128,5
levels/AP/AP.tex.xbx,63,c474890c,32,32,5
levels/AP/AP.tex.xbx,64,b210c250,64,64,1
levels/AP/AP.tex.xbx,65,a4238344,128,128,1
levels/AP/AP.tex.xbx,66,e66f3144,64,128,5
levels/AP/AP.tex.xbx,67,e0e2f65c,64,64,1
levels/AP/AP.tex.xbx,68,9c42e6cc,64,64,1
levels/AP/AP.tex.xbx,69,53903790,64,64,1
levels/AP/AP.tex.xbx,70,24f26458,16,16,1
levels/AP/AP.tex.xbx,71,d20c2b0c,32,32,5
levels/AP/AP.tex.xbx,72,bd4a722c,64,64,1
levels/AP/AP.tex.xbx,73,523b21f0,128,16,1
levels/AP/AP.tex.xbx,74,e09819f4,128,128,1
levels/AP/AP.tex.xbx,75,b96e4cb4,64,64,1
levels/AP/AP.tex.xbx,76,11a2f0ac,128,128,5
levels/AP/AP.tex.xbx,77,559e7db4,32,32,5
levels/AP/AP.tex.xbx,78,7601f01c,64,16,2
levels/AP/AP.tex.xbx,79,e9fd1504,64,64,1
levels/AP/AP.tex.xbx,80,7737e948,128,128,1
levels/AP/AP.tex.xbx,81,4fb2b580,32,32,1
levels/AP/AP.tex.xbx,82,9a924cac,64,64,1
levels/AP/AP.tex.xbx,83,d0576bac,64,64,1
levels/AP/AP.tex.xbx,84,e3e9c468,32,32,1
levels/AP/AP.tex.xbx,85,55b303f4,64,64,5
levels/AP/AP.tex.xbx,86,730f546c,32,32,5
levels/AP/AP.tex.xbx,87,9fb441d4,128,128,1
levels/AP/AP.tex.xbx,88,e3ffc98c,64,64,1
levels/AP/AP.tex.xbx,89,609b7454,64,64,2
levels/AP/AP.tex.xbx,90,a934a0b8,64,64,1
levels/AP/AP.tex.xbx,91,8043da6c,64,64,1
levels/AP/AP.tex.xbx,92,6171d42c,128,128,5
levels/AP/AP.tex.xbx,93,e514a990,32,32,5
levels/AP/AP.tex.xbx,94,ac756390,64,64,1
levels/AP/AP.tex.xbx,95,158a2fb8,64,64,1
levels/AP/AP.tex.xbx,96,f6b19308,64,32,1
levels/AP/AP.tex.xbx,97,e8de8484,32,32,1
levels/AP/AP.tex.xbx,98,67666bac,32,32,1
levels/AP/AP.tex.xbx,99,82e4c01c,128,128,1
levels/AP/AP.tex.xbx,100,011a691c,32,32,5
levels/AP/AP.tex.xbx,101,422b3030,64,64,1
levels/AP/AP.tex.xbx,102,cbb1ba20,64,64,2
levels/AP/AP.tex.xbx,103,0da9dfbc,32,32,1
levels/AP/AP.tex.xbx,104,38bb94c4,64,64,1
levels/AP/AP.tex.xbx,105,7dcbaf30,64,64,5
levels/AP/AP.tex.xbx,106,143521b8,64,64,1
levels/AP/AP.tex.xbx,107,2f20e2b0,32,32,5
levels/AP/AP.tex.xbx,108,59349e90,64,64,1
levels/AP/AP.tex.xbx,109,8869ec84,128,128,1
levels/AP/AP.tex.xbx,110,13875d14,128,32,5
levels/AP/AP.tex.xbx,111,88d875fc,64,64,1
levels/AP/AP.tex.xbx,112,bafe30ec,64,64,1
levels/AP/AP.tex.xbx,113,0df08fc4,32,32,1
levels/AP/AP.tex.xbx,114,a47c07e4,64,64,1
levels/AP/AP.tex.xbx,115,a2969218,64,64,1
levels/AP/AP.tex.xbx,116,afd5451c,128,32,1
levels/AP/AP.tex.xbx,117,9e7bb7b4,64,64,1
levels/AP/AP.tex.xbx,118,95328958,64,64,1
levels/AP/AP.tex.xbx,119,ee985c7c,128,128,1
levels/AP/AP.tex.xbx,120,ea508bcc,128,128,1
levels/AP/AP.tex.xbx,121,b92691cc,32,32,5
levels/AP/AP.tex.xbx,122,8eae2108,32,32,1
levels/AP/AP.tex.xbx,123,81024ac8,16,16,1
levels/AP/AP.tex.xbx,124,7bfa1d68,128,128,1
levels/AP/AP.tex.xbx,125,6b4c1874,128,64,5
levels/AP/AP.tex.xbx,126,decbb174,128,128,1
levels/AP/AP.tex.xbx,127,21aed344,64,64,1
levels/AP/AP.tex.xbx,128,e781351c,32,32,1
levels/AP/AP.tex.xbx,129,082297c8,32,32,2
levels/AP/AP.tex.xbx,130,9f47b5e0,64,64,5
levels/AP/AP.tex.xbx,131,6ec9bfcc,32,32,5
levels/AP/AP.tex.xbx,132,ee5d0088,64,32,1
levels/AP/AP.tex.xbx,133,858cc658,64,32,2
levels/AP/AP.tex.xbx,134,ebbb3b78,64,32,5
levels/AP/AP.tex.xbx,135,04cd1d98,64,64,1
levels/AP/AP.tex.xbx,136,8bfed100,64,64,1
levels/AP/AP.tex.xbx,137,d7098230,64,64,1
levels/AP/AP.tex.xbx,138,5a4b64c8,32,64,1
levels/AP/AP.tex.xbx,139,b2ef2e34,64,64,1
levels/AP/AP.tex.xbx,140,72c30e18,64,64,1
levels/AP/AP.tex.xbx,141,8cb4092c,32,32,5
levels/AP/AP.tex.xbx,142,4e9fb288,128,16,1
levels/AP/AP.tex.xbx,143,41836de0,128,128,1
levels/AP/AP.tex.xbx,144,d9b80c84,64,64,5
levels/AP/AP.tex.xbx,145,1d8f3264,128,16,1
levels/AP/AP.tex.xbx,146,2c4ab9e8,32,32,1
levels/AP/AP.tex.xbx,147,6c1fec98,64,64,1
levels/AP/AP.tex.xbx,148,c9213a98,128,128,5
levels/AP/AP.tex.xbx,149,b551c5ac,128,16,1
levels/AP/AP.tex.xbx,150,e335e0dc,64,32,5
levels/AP/AP.tex.xbx,151,bc45013c,128,128,1
levels/AP/AP.tex.xbx,152,005ecd34,128,128,1
levels/AP/AP.tex.xbx,153,fc9ffe40,128,64,1
levels/AP/AP.tex.xbx,154,7b11b384,32,32,1
levels/AP/AP.tex.xbx,155,15f2e6a4,64,64,5
levels/AP/AP.tex.xbx,156,6bde2ba0,64,64,5
levels/AP/AP.tex.xbx,157,4aaa6ce8,32,32,1
levels/AP/AP.tex.xbx,158,5240f74c,128,128,5
levels/AP/AP.tex.xbx,159,71b3c9bc,128,128,5
levels/AP/AP.tex.xbx,160,e1189e60,128,128,5
levels/AP/AP.tex.xbx,161,65abb40c,128,64,5
levels/AP/AP.tex.xbx,162,0b6a04bc,128,128,1
levels/AP/AP.tex.xbx,163,70e515bc,64,32,1
levels/AP/AP.tex.xbx,164,d670e6bc,128,64,1
levels/AP/AP.tex.xbx,165,b4634ca0,64,64,5
levels/AP/AP.tex.xbx,166,3452ab84,64,64,5
levels/AP/AP.tex.xbx,167,6438725c,64,64,5
levels/AP/AP.tex.xbx,168,03727fd8,64,64,5
levels/AP/AP.tex.xbx,169,228ff260,64,64,5
levels/AP/AP.tex.xbx,170,32827bd4,64,64,5
levels/AP/AP.tex.xbx,171,4c86ac4c,128,128,5
levels/AP/AP.tex.xbx,172,1804d594,64,64,5
levels/AP/AP.tex.xbx,173,a0547f08,64,64,5
levels/AP/AP.tex.xbx,174,d99afdc0,64,64,5
levels/AP/AP.tex.xbx,175,e6139c40,64,64,1
levels/AP/AP.tex.xbx,176,2fe2b2a8,64,64,5
levels/AP/AP.tex.xbx,177,56e69370,128,128,1
levels/AP/AP.tex.xbx,178,594497ac,64,64,5
levels/AP/AP.tex.xbx,179,b70ac8dc,64,64,5
levels/AP/AP.tex.xbx,180,b7c217bc,128,128,1
levels/AP/AP.tex.xbx,181,90c6de54,64,64,1
levels/AP/AP.tex.xbx,182,b7e0c1e8,128,64,1
levels/AP/AP.tex.xbx,183,e3e23a1c,128,128,1
levels/AP/AP.tex.xbx,184,d3ec153c,128,64,1
levels/AP/AP.tex.xbx,185,74b8043c,128,128,5
levels/AP/AP.tex.xbx,186,c856cae0,128,64,1
levels/AP/AP.tex.xbx,187,b183cd98,128,128,1
levels/AP/AP.tex.xbx,188,1b547300,128,128,1
levels/AP/AP.tex.xbx,189,335fb734,128,128,1
levels/AP/AP.tex.xbx,190,435307bc,128,128,5
levels/AP/AP.tex.xbx,191,2561b168,128,64,1
levels/AP/AP.tex.xbx,192,fef2b250,128,64,5
levels/AP/AP.tex.xbx,193,7dd92390,128,128,1
levels/AP/AP.tex.xbx,194,0684defc,64,64,1
levels/AP/AP_net.tex.xbx,0,49b77d58,64,64,2
levels/AP/AP_net.tex.xbx,1,71f1bd28,64,64,1
levels/AP/AP_net.tex.xbx,2,0cc0e2d8,64,64,1
levels/AP/AP_net.tex.xbx,3,7201e7f8,64,128,5
levels/AP/AP_net.tex.xbx,4,60130c20,128,128,1
levels/AP/AP_net.tex.xbx,5,3c719f68,64,64,5
levels/AP/AP_net.tex.xbx,6,0db81524,32,32,5
levels/AP/AP_net.tex.xbx,7,4ab08290,128,128,1
levels/AP/AP_net.tex.xbx,8,616be35c,128,128,1
levels/AP/AP_net.tex.xbx,9,7d739978,128,128,1
levels/AP/AP_net.tex.xbx,10,3cb6c878,128,128,1
levels/AP/AP_net.tex.xbx,11,b2159fd4,128,128,1
levels/AP/AP_net.tex.xbx,12,52f8f994,16,16,5
levels/AP/AP_net.tex.xbx,13,19cc24d0,16,128,1
levels/AP/AP_net.tex.xbx,14,66cf04a8,16,16,5
levels/AP/AP_net.tex.xbx,15,608859d0,128,128,1
levels/AP/AP_net.tex.xbx,16,a7834010,16,16,5
levels/AP/AP_net.tex.xbx,17,17a6a3f0,128,128,1
levels/AP/AP_net.tex.xbx,18,5e437ff0,128,128,5
levels/AP/AP_net.tex.xbx,19,2ebc0be0,64,64,5
levels/AP/AP_net.tex.xbx,20,95097b08,32,32,5
levels/AP/AP_net.tex.xbx,21,9809a26c,32,64,5
levels/AP/AP_net.tex.xbx,22,df3ac414,128,128,1
levels/AP/AP_net.tex.xbx,23,0aaa48c0,64,128,1
levels/AP/AP_net.tex.xbx,24,abcd9f9c,64,64,1
levels/AP/AP_net.tex.xbx,25,6f86a770,128,128,1
levels/AP/AP_net.tex.xbx,26,a113e234,128,128,1
levels/AP/AP_net.tex.xbx,27,0bcbc5f8,32,32,5
levels/AP/AP_net.tex.xbx,28,cca14b18,32,32,1
levels/AP/AP_net.tex.xbx,29,54902334,64,64,1
levels/AP/AP_net.tex.xbx,30,2a9789dc,64,64,1
levels/AP/AP_net.tex.xbx,31,15c0b064,64,64,1
levels/AP/AP_net.tex.xbx,32,58004548,32,32,5
levels/AP/AP_net.tex.xbx,33,0a5765f8,64,64,1
levels/AP/AP_net.tex.xbx,34,88b541b4,128,64,1
levels/AP/AP_net.tex.xbx,35,9cd6e3bc,128,128,1
levels/AP/AP_net.tex.xbx,36,f8ea59e4,128,128,1
levels/AP/AP_net.tex.xbx,37,5c7565b8,16,16,1
levels/AP/AP_net.tex.xbx,38,9d51af90,64,64,1
levels/AP/AP_net.tex.xbx,39,9ce15844,128,128,1
levels/AP/AP_net.tex.xbx,40,431a619c,128,128,1
levels/AP/AP_net.tex.xbx,41,39d6db90,128,128,1
levels/AP/AP_net.tex.xbx,42,7d262fe8,64,64,1
levels/AP/AP_net.tex.xbx,43,0c61986c,64,64,1
levels/AP/AP_net.tex.xbx,44,0cbc3930,32,32,5
levels/AP/AP_net.tex.xbx,45,ee3ec388,64,64,1
levels/AP/AP_net.tex.xbx,46,126f0450,64,64,1
levels/AP/AP_net.tex.xbx,47,6fb55b54,64,64,1
levels/AP/AP_net.tex.xbx,48,8c89cb20,64,64,1
levels/AP/AP_net.tex.xbx,49,03f02fa4,16,16,1
levels/AP/AP_net.tex.xbx,50,0e97c3fc,16,16,1
levels/AP/AP_net.tex.xbx,51,ae3d04b4,64,64,1
levels/AP/AP_net.tex.xbx,52,e61e1878,128,128,1
levels/AP/AP_net.tex.xbx,53,868ca14c,32,128,1
levels/AP/AP_net.tex.xbx,54,cd3f7698,64,64,1
levels/AP/AP_net.tex.xbx,55,34a754d0,128,128,1
levels/AP/AP_net.tex.xbx,56,434763dc,128,128,1
levels/AP/AP_net.tex.xbx,57,71ee8bb0,64,64,1
levels/AP/AP_net.tex.xbx,58,f36acd44,64,64,1
levels/AP/AP_net.tex.xbx,59,4756e23c,64,64,5
levels/AP/AP_net.tex.xbx,60,0b15322c,128,128,5
levels/AP/AP_net.tex.xbx,61,31fda730,64,64,5
levels/AP/AP_net.tex.xbx,62,10154ea8,128,128,5
levels/AP/AP_net.tex.xbx,63,c474890c,32,32,5
levels/AP/AP_net.tex.xbx,64,b210c250,64,64,1
levels/AP/AP_net.tex.xbx,65,a4238344,128,128,1
levels/AP/AP_net.tex.xbx,66,e66f3144,64,128,5
levels/AP/AP_net.tex.xbx,67,e0e2f65c,64,64,1
levels/AP/AP_net.tex.xbx,68,9c42e6cc,64,64,1
levels/AP/AP_net.tex.xbx,69,53903790,64,64,1
levels/AP/AP_net.tex.xbx,70,24f26458,16,16,1
levels/AP/AP_net.tex.xbx,71,d20c2b0c,32,32,5
levels/AP/AP_net.tex.xbx,72,bd4a722c,64,64,1
levels/AP/AP_net.tex.xbx,73,523b21f0,128,16,1
levels/AP/AP_net.tex.xbx,74,e09819f4,128,128,1
levels/AP/AP_net.tex.xbx,75,b96e4cb4,64,64,1
levels/AP/AP_net.tex.xbx,76,11a2f0ac,128,128,5
levels/AP/AP_net.tex.xbx,77,559e7db4,32,32,5
levels/AP/AP_net.tex.xbx,78,7601f01c,64,16,2
levels/AP/AP_net.tex.xbx,79,e9fd1504,64,64,1
levels/AP/AP_net.tex.xbx,80,7737e948,128,128,1
levels/AP/AP_net.tex.xbx,81,4fb2b580,32,32,1
levels/AP/AP_net.tex.xbx,82,9a924cac,64,64,1
levels/AP/AP_net.tex.xbx,83,d0576bac,64,64,1
levels/AP/AP_net.tex.xbx,84,e3e9c468,32,32,1
levels/AP/AP_net.tex.xbx,85,55b303f4,64,64,5
levels/AP/AP_net.tex.xbx,86,730f546c,32,32,5
levels/AP/AP_net.tex.xbx,87,9fb441d4,128,128,1
levels/AP/AP_net.tex.xbx,88,e3ffc98c,64,64,1
levels/AP/AP_net.tex.xbx,89,609b7454,64,64,2
levels/AP/AP_net.tex.xbx,90,a934a0b8,64,64,1
levels/AP/AP_net.tex.xbx,91,8043da6c,64,64,1
levels/AP/AP_net.tex.xbx,92,6171d42c,128,128,5
levels/AP/AP_net.tex.xbx,93,e514a990,32,32,5
levels/AP/AP_net.tex.xbx,94,ac756390,64,64,1
levels/AP/AP_net.tex.xbx,95,158a2fb8,64,64,1
levels/AP/AP_net.tex.xbx,96,f6b19308,64,32,1
levels/AP/AP_net.tex.xbx,97,e8de8484,32,32,1
levels/AP/AP_net.tex.xbx,98,67666bac,32,32,1
levels/AP/AP_net.tex.xbx,99,82e4c01c,128,128,1
levels/AP/AP_net.tex.xbx,100,011a691c,32,32,5
levels/AP/AP_net.tex.xbx,101,422b3030,64,64,1
levels/AP/AP_net.tex.xbx,102,cbb1ba20,64,64,2
levels/AP/AP_net.tex.xbx,103,0da9dfbc,32,32,1
levels/AP/AP_net.tex.xbx,104,38bb94c4,64,64,1
levels/AP/AP_net.tex.xbx,105,7dcbaf30,64,64,5
levels/AP/AP_net.tex.xbx,106,143521b8,64,64,1
levels/AP/AP_net.tex.xbx,107,2f20e2b0,32,32,5
levels/AP/AP_net.tex.xbx,108,59349e90,64,64,1
levels/AP/AP_net.tex.xbx,109,8869ec84,128,128,1
levels/AP/AP_net.tex.xbx,110,13875d14,128,32,5
levels/AP/AP_net.tex.xbx,111,88d875fc,64,64,1
levels/AP/AP_net.tex.xbx,112,bafe30ec,64,64,1
levels/AP/AP_net.tex.xbx,113,0df08fc4,32,32,1
levels/AP/AP_net.tex.xbx,114,a47c07e4,64,64,1
levels/AP/AP_net.tex.xbx,115,a2969218,64,64,1
levels/AP/AP_net.tex.xbx,116,afd5451c,128,32,1
levels/AP/AP_net.tex.xbx,117,9e7bb7b4,64,64,1
levels/AP/AP_net.tex.xbx,118,95328958,64,64,1
levels/AP/AP_net.tex.xbx,119,ee985c7c,128,128,1
levels/AP/AP_net.tex.xbx,120,ea508bcc,128,128,1
levels/AP/AP_net.tex.xbx,121,b92691cc,32,32,5
levels/AP/AP_net.tex.xbx,122,8eae2108,32,32,1
levels/AP/AP_net.tex.xbx,123,81024ac8,16,16,1
levels/AP/AP_net.tex.xbx,124,7bfa1d68,128,128,1
levels/AP/AP_net.tex.xbx,125,6b4c1874,128,64,5
levels/AP/AP_net.tex.xbx,126,decbb174,128,128,1
levels/AP/AP_net.tex.xbx,127,21aed344,64,64,1
levels/AP/AP_net.tex.xbx,128,e781351c,32,32,1
levels/AP/AP_net.tex.xbx,129,082297c8,32,32,2
levels/AP/AP_net.tex.xbx,130,9f47b5e0,64,64,5
levels/AP/AP_net.tex.xbx,131,6ec9bfcc,32,32,5
levels/AP/AP_net.tex.xbx,132,ee5d0088,64,32,1
levels/AP/AP_net.tex.xbx,133,858cc658,64,32,2
levels/AP/AP_net.tex.xbx,134,ebbb3b78,64,32,5
levels/AP/AP_net.tex.xbx,135,04cd1d98,64,64,1
levels/AP/AP_net.tex.xbx,136,8bfed100,64,64,1
levels/AP/AP_net.tex.xbx,137,d7098230,64,64,1
levels/AP/AP_net.tex.xbx,138,5a4b64c8,32,64,1
levels/AP/AP_net.tex.xbx,139,b2ef2e34,64,64,1
levels/AP/AP_net.tex.xbx,140,72c30e18,64,64,1
levels/AP/AP_net.tex.xbx,141,8cb4092c,32,32,5
levels/AP/AP_net.tex.xbx,142,4e9fb288,128,16,1
levels/AP/AP_net.tex.xbx,143,41836de0,128,128,1
levels/AP/AP_net.tex.xbx,144,d9b80c84,64,64,5
levels/AP/AP_net.tex.xbx,145,1d8f3264,128,16,1
levels/AP/AP_net.tex.xbx,146,2c4ab9e8,32,32,1
levels/AP/AP_net.tex.xbx,147,6c1fec98,64,64,1
levels/AP/AP_net.tex.xbx,148,c9213a98,128,128,5
levels/AP/AP_net.tex.xbx,149,b551c5ac,128,16,1
levels/AP/AP_net.tex.xbx,150,e335e0dc,64,32,5
levels/AP/AP_net.tex.xbx,151,bc45013c,128,128,1
levels/AP/AP_net.tex.xbx,152,005ecd34,128,128,1
levels/AP/AP_net.tex.xbx,153,fc9ffe40,128,64,1
levels/AP/AP_net.tex.xbx,154,7b11b384,32,32,1
levels/AP/AP_net.tex.xbx,155,15f2e6a4,64,64,5
levels/AP/AP_net.tex.xbx,156,6bde2ba0,64,64,5
levels/AP/AP_net.tex.xbx,157,4aaa6ce8,32,32,1
levels/AP/AP_net.tex.xbx,158,5240f74c,128,128,5
levels/AP/AP_net.tex.xbx,159,71b3c9bc,128,128,5
levels/AP/AP_net.tex.xbx,160,e1189e60,128,128,5
levels/AP/AP_net.tex.xbx,161,65abb40c,128,64,5
levels/AP/AP_net.tex.xbx,162,0b6a04bc,128,128,1
levels/AP/AP_net.tex.xbx,163,70e515bc,64,32,1
levels/AP/AP_net.tex.xbx,164,d670e6bc,128,64,1
levels/AP/AP_net.tex.xbx,165,b4634ca0,64,64,5
levels/AP/AP_net.tex.xbx,166,3452ab84,64,64,5
levels/AP/AP_net.tex.xbx,167,6438725c,64,64,5
levels/AP/AP_net.tex.xbx,168,03727fd8,64,64,5
levels/AP/AP_net.tex.xbx,169,228ff260,64,64,5
levels/AP/AP_net.tex.xbx,170,32827bd4,64,64,5
levels/AP/AP_net.tex.xbx,171,4c86ac4c,128,128,5
levels/AP/AP_net.tex.xbx,172,1804d594,64,64,5
levels/AP/AP_net.tex.xbx,173,a0547f08,64,64,5
levels/AP/AP_net.tex.xbx,174,d99afdc0,64,64,5
levels/AP/AP_net.tex.xbx,175,e6139c40,64,64,1
levels/AP/AP_net.tex.xbx,176,2fe2b2a8,64,64,5
levels/AP/AP_net.tex.xbx,177,56e69370,128,128,1
levels/AP/AP_net.tex.xbx,178,594497ac,64,64,5
levels/AP/AP_net.tex.xbx,179,b70ac8dc,64,64,5
levels/AP/AP_net.tex.xbx,180,b7c217bc,128,128,1
levels/AP/AP_net.tex.xbx,181,90c6de54,64,64,1
levels/AP/AP_net.tex.xbx,182,b7e0c1e8,128,64,1
levels/AP/AP_net.tex.xbx,183,e3e23a1c,128,128,1
levels/AP/AP_net.tex.xbx,184,d3ec153c,128,64,1
levels/AP/AP_net.tex.xbx,185,74b8043c,128,128,5
levels/AP/AP_net.tex.xbx,186,c856cae0,128,64,1
levels/AP/AP_net.tex.xbx,187,b183cd98,128,128,1
levels/AP/AP_net.tex.xbx,188,1b547300,128,128,1
levels/AP/AP_net.tex.xbx,189,335fb734,128,128,1
levels/AP/AP_net.tex.xbx,190,435307bc,128,128,5
levels/AP/AP_net.tex.xbx,191,2561b168,128,64,1
levels/AP/AP_net.tex.xbx,192,fef2b250,128,64,5
levels/AP/AP_net.tex.xbx,193,7dd92390,128,128,1
levels/AP/AP_net.tex.xbx,194,0684defc,64,64,1
levels/AP_Sky/AP_Sky.tex.xbx,0,4fc5def0,32,32,1
levels/AP_Sky/AP_Sky.tex.xbx,1,494bfec8,128,128,5
levels/AP_Sky/AP_Sky_net.tex.xbx,0,4fc5def0,32,32,1
levels/AP_Sky/AP_Sky_net.tex.xbx,1,494bfec8,128,128,5
levels/AU/AU.tex.xbx,0,7f62036c,128,128,1
levels/AU/AU.tex.xbx,1,941bcee4,128,128,1
levels/AU/AU.tex.xbx,2,f4680b60,16,16,1
levels/AU/AU.tex.xbx,3,4c20d32c,16,16,1
levels/AU/AU.tex.xbx,4,eae8ee68,64,64,1
levels/AU/AU.tex.xbx,5,3f33ddf8,64,64,5
levels/AU/AU.tex.xbx,6,aa58d0c0,32,64,1
levels/AU/AU.tex.xbx,7,029215a8,64,64,1
levels/AU/AU.tex.xbx,8,0e07b0fc,64,64,1
levels/AU/AU.tex.xbx,9,d9ad7da0,64,8,1
levels/AU/AU.tex.xbx,10,9f2c88a0,32,32,1
levels/AU/AU.tex.xbx,11,ea27a82c,128,128,1
levels/AU/AU.tex.xbx,12,4ba8ae70,32,32,1
levels/AU/AU.tex.xbx,13,0dd730e4,32,32,1
levels/AU/AU.tex.xbx,14,37c8b814,128,128,1
levels/AU/AU.tex.xbx,15,a9c5e7bc,64,64,1
levels/AU/AU.tex.xbx,16,56b35574,64,64,1
levels/AU/AU.tex.xbx,17,3d64d984,64,64,1
levels/AU/AU.tex.xbx,18,2f76f154,64,64,5
levels/AU/AU.tex.xbx,19,fcce56ec,64,64,1
levels/AU/AU.tex.xbx,20,abd2d080,32,32,1
levels/AU/AU.tex.xbx,21,18287754,64,64,1
levels/AU/AU.tex.xbx,22,5f36d77c,64,64,1
levels/AU/AU.tex.xbx,23,3ade9a5c,64,64,1
levels/AU/AU.tex.xbx,24,a683c670,128,128,1
levels/AU/AU.tex.xbx,25,2cc07314,64,64,5
levels/AU/AU.tex.xbx,26,96d69f74,128,128,2
levels/AU/AU.tex.xbx,27,f0ecad2c,128,128,1
levels/AU/AU.tex.xbx,28,ef6bec48,32,64,1
levels/AU/AU.tex.xbx,29,f5ad6404,64,64,1
levels/AU/AU.tex.xbx,30,e122a540,128,128,1
levels/AU/AU.tex.xbx,31,d230cab0,64,32,1
levels/AU/AU.tex.xbx,32,4b01f36c,128,128,1
levels/AU/AU.tex.xbx,33,968f52d8,128,128,1
levels/AU/AU.tex.xbx,34,53f89710,64,64,1
levels/AU/AU.tex.xbx,35,bf6b3294,64,128,1
levels/AU/AU.tex.xbx,36,1c94cbc4,32,32,1
levels/AU/AU.tex.xbx,37,c23d3b18,128,128,1
levels/AU/AU.tex.xbx,38,1091da44,64,64,1
levels/AU/AU.tex.xbx,39,b5a3ee9c,64,128,1
levels/AU/AU.tex.xbx,40,ae0e3e6c,128,64,1
levels/AU/AU.tex.xbx,41,a8809134,64,64,1
levels/AU/AU.tex.xbx,42,7caf5b44,64,32,1
levels/AU/AU.tex.xbx,43,f8d5a828,64,64,5
levels/AU/AU.tex.xbx,44,e810ab08,64,64,1
levels/AU/AU.tex.xbx,45,238142ac,64,32,1
levels/AU/AU.tex.xbx,46,36f62084,64,128,1
levels/AU/AU.tex.xbx,47,13eaa7e4,64,64,5
levels/AU/AU.tex.xbx,48,5d8f9378,128,128,1
levels/AU/AU.tex.xbx,49,6f5c2d0c,128,128,1
levels/AU/AU.tex.xbx,50,a3d1c938,128,128,1
levels/AU/AU.tex.xbx,51,b011d2b0,128,64,1
levels/AU/AU.tex.xbx,52,619c26f4,128,128,1
levels/AU/AU.tex.xbx,53,69eb40f8,64,64,1
levels/AU/AU.tex.xbx,54,337536dc,128,128,1
levels/AU/AU.tex.xbx,55,fda7a514,64,64,5
levels/AU/AU.tex.xbx,56,c81d8cc0,128,128,1
levels/AU/AU.tex.xbx,57,32c25d24,64,128,1
levels/AU/AU.tex.xbx,58,0337f39c,64,128,1
levels/AU/AU.tex.xbx,59,8a12ca80,64,128,1
levels/AU/AU.tex.xbx,60,da1d7fc4,64,128,1
levels/AU/AU.tex.xbx,61,672e4808,64,64,1
levels/AU/AU.tex.xbx,62,933536dc,64,256,5
levels/AU/AU.tex.xbx,63,49fb45c0,32,64,1
levels/AU/AU.tex.xbx,64,aedf34c0,16,64,1
levels/AU/AU.tex.xbx,65,1e6e0cdc,32,32,5
levels/AU/AU.tex.xbx,66,f2e0acc8,16,32,5
levels/AU/AU.tex.xbx,67,03fed924,128,64,5
levels/AU/AU.tex.xbx,68,d2712d20,128,64,5
levels/AU/AU.tex.xbx,69,3ec96720,32,64,5
levels/AU/AU.tex.xbx,70,8ecfa528,64,64,5
levels/AU/AU.tex.xbx,71,d3571f24,64,64,5
levels/AU/AU.tex.xbx,72,cfe8927c,32,32,5
levels/AU/AU.tex.xbx,73,34b69a2c,128,128,1
levels/AU/AU.tex.xbx,74,a043ec18,64,64,1
levels/AU/AU.tex.xbx,75,2c085fb4,128,64,1
levels/AU/AU.tex.xbx,76,3ecb8804,64,128,1
levels/AU/AU.tex.xbx,77,134ca434,64,64,1
levels/AU/AU.tex.xbx,78,b03e4140,128,128,1
levels/AU/AU.tex.xbx,79,fe5f8428,64,32,5
levels/AU/AU.tex.xbx,80,2a73b14c,32,32,1
levels/AU/AU.tex.xbx,81,62ce621c,64,128,1
levels/AU/AU.tex.xbx,82,33aaeb80,128,128,1
levels/AU/AU.tex.xbx,83,b2d7850c,128,128,5
levels/AU/AU.tex.xbx,84,f8dc7080,128,128,1
levels/AU/AU.tex.xbx,85,c4afd06c,128,128,5
levels/AU/AU.tex.xbx,86,6fa36f7c,32,32,1
levels/AU/AU.tex.xbx,87,14aaffc4,32,32,1
levels/AU/AU.tex.xbx,88,52f328c8,64,64,5
levels/AU/AU.tex.xbx,89,d685838c,64,64,1
levels/AU/AU.tex.xbx,90,220fc5b8,64,64,1
levels/AU/AU.tex.xbx,91,9b3afa14,128,64,1
levels/AU/AU.tex.xbx,92,38afef44,64,64,1
levels/AU/AU.tex.xbx,93,66515254,128,128,1
levels/AU/AU.tex.xbx,94,2f1c02bc,64,64,1
levels/AU/AU.tex.xbx,95,612afec4,8,64,1
levels/AU/AU.tex.xbx,96,ec1fd308,32,64,1
levels/AU/AU.tex.xbx,97,3d95739c,8,64,5
levels/AU/AU.tex.xbx,98,5dcfe6ec,128,128,1
levels/AU/AU.tex.xbx,99,307f7e80,64,128,1
levels/AU/AU.tex.xbx,100,a9422258,128,128,1
levels/AU/AU.tex.xbx,101,2c41ef08,64,128,1
levels/AU/AU.tex.xbx,102,95567d80,128,128,1
levels/AU/AU.tex.xbx,103,c0b4479c,64,128,1
levels/AU/AU.tex.xbx,104,1722e634,32,32,1
levels/AU/AU.tex.xbx,105,72a3d3b4,64,64,5
levels/AU/AU.tex.xbx,106,2e46b0d4,128,128,5
levels/AU/AU.tex.xbx,107,ad3495fc,128,128,1
levels/AU/AU.tex.xbx,108,a396a954,128,128,1
levels/AU/AU.tex.xbx,109,7a74228c,128,128,1
levels/AU/AU.tex.xbx,110,cc9f1aac,128,128,1
levels/AU/AU.tex.xbx,111,42cbbe78,64,128,1
levels/AU/AU.tex.xbx,112,f2dfd6c0,128,128,1
levels/AU/AU.tex.xbx,113,1e522f84,128,64,1
levels/AU/AU.tex.xbx,114,4e788630,64,32,1
levels/AU/AU.tex.xbx,115,54bf693c,64,128,1
levels/AU/AU.tex.xbx,116,9db905d8,64,64,1
levels/AU/AU.tex.xbx,117,2a4cb5b4,64,128,1
levels/AU/AU.tex.xbx,118,b8bf50f0,64,128,1
levels/AU/AU.tex.xbx,119,893c1bd8,64,64,1
levels/AU/AU.tex.xbx,120,ae7d9a00,64,64,5
levels/AU/AU.tex.xbx,121,cad36f3c,64,64,5
levels/AU/AU.tex.xbx,122,9f75d5e0,64,64,5
levels/AU/AU.tex.xbx,123,cc0db1e0,64,64,5
levels/AU/AU.tex.xbx,124,1c4c41bc,64,128,1
levels/AU/AU.tex.xbx,125,eabf07e8,128,128,1
levels/AU/AU.tex.xbx,126,ffaa344c,128,128,1
levels/AU/AU.tex.xbx,127,18dbb354,64,64,1
levels/AU/AU.tex.xbx,128,802bf444,128,128,1
levels/AU/AU.tex.xbx,129,0d06cb88,128,128,1
levels/AU/AU.tex.xbx,130,044e1350,64,64,5
levels/AU/AU.tex.xbx,131,acebf0c4,64,128,1
levels/AU/AU.tex.xbx,132,bbe769f4,64,128,5
levels/AU/AU.tex.xbx,133,ab8d0c44,64,64,5
levels/AU/AU.tex.xbx,134,400b5648,128,128,1
levels/AU/AU.tex.xbx,135,9181bdf8,64,64,5
levels/AU/AU.tex.xbx,136,d548d758,64,64,1
levels/AU/AU.tex.xbx,137,935ffa2c,64,64,1
levels/AU/AU.tex.xbx,138,3f98e8d8,64,64,1
levels/AU/AU.tex.xbx,139,25d79ed0,128,128,1
levels/AU/AU.tex.xbx,140,2c482440,32,32,1
levels/AU/AU.tex.xbx,141,047977a0,64,64,1
levels/AU/AU.tex.xbx,142,c70da1c0,64,64,1
levels/AU/AU.tex.xbx,143,55ca4c9c,64,64,1
levels/AU/AU.tex.xbx,144,67c56308,32,32,5
levels/AU/AU.tex.xbx,145,1b947e1c,128,64,1
levels/AU/AU.tex.xbx,146,57a15924,64,64,1
levels/AU/AU.tex.xbx,147,fed28c6c,128,64,1
levels/AU/AU.tex.xbx,148,9d628010,128,64,5
levels/AU/AU.tex.xbx,149,4d997008,64,64,1
levels/AU/AU.tex.xbx,150,78d95f08,64,64,1
levels/AU/AU.tex.xbx,151,8f6765f0,64,64,1
levels/AU/AU.tex.xbx,152,09163644,32,32,5
levels/AU/AU.tex.xbx,153,e72a2a8c,64,64,1
levels/AU/AU.tex.xbx,154,fbb7deb8,64,64,1
levels/AU/AU.tex.xbx,155,c43ee814,128,128,1
levels/AU/AU.tex.xbx,156,8316b314,128,64,1
levels/AU/AU.tex.xbx,157,50910ea8,64,64,1
levels/AU/AU.tex.xbx,158,2114de98,128,128,1
levels/AU/AU.tex.xbx,159,a0a3d4dc,64,64,1
levels/AU/AU.tex.xbx,160,2e0efcc0,64,128,5
levels/AU/AU.tex.xbx,161,2dd337b8,64,64,1
levels/AU/AU.tex.xbx,162,fc9c4984,64,64,1
levels/AU/AU.tex.xbx,163,a0f86014,64,64,1
levels/AU/AU.tex.xbx,164,3c611768,64,32,5
levels/AU/AU.tex.xbx,165,350b9d7c,64,128,5
levels/AU/AU.tex.xbx,166,4318822c,64,64,1
levels/AU/AU.tex.xbx,167,1fc2ae5c,64,128,1
levels/AU/AU.tex.xbx,168,8190497c,64,128,1
levels/AU/AU.tex.xbx,169,45ff12f8,64,128,1
levels/AU/AU.tex.xbx,170,d78c664c,64,64,1
levels/AU/AU.tex.xbx,171,49c19b50,64,64,1
levels/AU/AU.tex.xbx,172,c6863f4c,128,128,5
levels/AU/AU.tex.xbx,173,beb9f334,64,64,1
levels/AU/AU.tex.xbx,174,cfa160dc,128,32,1
levels/AU/AU.tex.xbx,175,cb4279a0,128,128,5
levels/AU/AU.tex.xbx,176,898e5e9c,16,16,1
levels/AU/AU.tex.xbx,177,413eab60,64,64,1
levels/AU/AU.tex.xbx,178,eb680478,128,128,1
levels/AU/AU.tex.xbx,179,0d544490,128,32,1
levels/AU/AU.tex.xbx,180,4bc324bc,128,128,5
levels/AU/AU.tex.xbx,181,668700b4,128,128,5
levels/AU/AU.tex.xbx,182,d59ef8a0,64,64,1
levels/AU/AU.tex.xbx,183,659c4c44,64,16,1
levels/AU/AU.tex.xbx,184,a0ece708,64,16,1
levels/AU/AU.tex.xbx,185,7afcc5f0,128,128,5
levels/AU/AU.tex.xbx,186,129dc260,128,64,1
levels/AU/AU.tex.xbx,187,0040da88,64,128,1
levels/AU/AU.tex.xbx,188,c784901c,64,128,1
levels/AU/AU.tex.xbx,189,4fd82038,128,128,1
levels/AU/AU.tex.xbx,190,6a888cd4,128,128,1
levels/AU/AU.tex.xbx,191,ef4a8cf8,128,128,1
levels/AU/AU.tex.xbx,192,04fdaa58,32,32,1
levels/AU/AU.tex.xbx,193,e4feeb9c,128,128,1
levels/AU/AU.tex.xbx,194,77f9b8bc,64,16,5
levels/AU/AU.tex.xbx,195,146abc00,128,64,1
levels/AU/AU.tex.xbx,196,ce0d1090,128,128,5
levels/AU/AU.tex.xbx,197,2420e684,64,64,1
levels/AU/AU.tex.xbx,198,e067b7e8,128,128,5
levels/AU/AU.tex.xbx,199,8dfbb140,64,64,1
levels/AU/AU.tex.xbx,200,b0f44204,128,128,1
levels/AU/AU.tex.xbx,201,295b88a0,64,64,1
levels/AU/AU.tex.xbx,202,366ca790,64,32,1
levels/AU/AU.tex.xbx,203,3c17e22c,64,64,1
levels/AU/AU.tex.xbx,204,557f679c,128,128,1
levels/AU/AU.tex.xbx,205,d8ad125c,64,64,5
levels/AU/AU.tex.xbx,206,989ab514,64,64,1
levels/AU/AU.tex.xbx,207,bfc402ac,64,64,5
levels/AU/AU.tex.xbx,208,c8d252c8,64,128,1
levels/AU/AU.tex.xbx,209,9139a11c,64,128,1
levels/AU/AU.tex.xbx,210,0d861144,64,64,1
levels/AU/AU.tex.xbx,211,3d47a6dc,64,64,1
levels/AU/AU.tex.xbx,212,77484a98,64,64,1
levels/AU/AU.tex.xbx,213,1bf87500,64,64,1
levels/AU/AU.tex.xbx,214,7283a068,128,64,1
levels/AU/AU.tex.xbx,215,43873e40,64,128,1
levels/AU/AU.tex.xbx,216,ac9d587c,32,16,1
levels/AU/AU.tex.xbx,217,973a6dd0,32,32,1
levels/AU/AU.tex.xbx,218,a3fde04c,32,64,1
levels/AU/AU.tex.xbx,219,df4c9560,32,32,1
levels/AU/AU.tex.xbx,220,837208e8,32,32,5
levels/AU/AU.tex.xbx,221,46315e7c,128,128,5
levels/AU/AU.tex.xbx,222,17c508c0,128,128,1
levels/AU/AU.tex.xbx,223,c4ab0d78,128,128,1
levels/AU/AU.tex.xbx,224,9abeab28,128,128,5
levels/AU/AU.tex.xbx,225,2d8c54c8,128,128,1
levels/AU/AU.tex.xbx,226,dd448bdc,128,128,5
levels/AU/AU.tex.xbx,227,a17aa30c,64,64,1
levels/AU/AU.tex.xbx,228,67a43b58,128,128,1
levels/AU/AU.tex.xbx,229,c0e48b6c,128,128,1
levels/AU/AU.tex.xbx,230,03b90944,64,64,5
levels/AU/AU.tex.xbx,231,e9b51278,64,64,1
levels/AU/AU.tex.xbx,232,4a2c6630,128,128,5
levels/AU/AU.tex.xbx,233,ccba8eec,128,128,1
levels/AU/AU.tex.xbx,234,9004ff74,128,128,1
levels/AU/AU.tex.xbx,235,075e5f00,64,64,5
levels/AU/AU.tex.xbx,236,15d3a744,64,64,5
levels/AU/AU.tex.xbx,237,8b62d288,128,32,5
levels/AU/AU.tex.xbx,238,301ac138,128,128,5
levels/AU/AU.tex.xbx,239,f64b4e10,64,64,5
levels/AU/AU.tex.xbx,240,efab24c4,64,64,5
levels/AU/AU.tex.xbx,241,3b356480,64,64,1
levels/AU/AU.tex.xbx,242,3eb8661c,32,32,5
levels/AU/AU.tex.xbx,243,ea431388,64,64,5
levels/AU/AU.tex.xbx,244,cf625fe8,128,64,5
levels/AU/AU.tex.xbx,245,ed9e9434,128,128,5
levels/AU/AU.tex.xbx,246,0de8cbe8,32,32,5
levels/AU/AU.tex.xbx,247,4dfaf194,128,128,1
levels/AU/AU.tex.xbx,248,dc859810,128,128,1
levels/AU/AU.tex.xbx,249,be90850c,128,128,5
levels/AU/AU.tex.xbx,250,5a0a0d7c,64,64,1
levels/AU/AU.tex.xbx,251,ec19b2a4,64,128,1
levels/AU/AU.tex.xbx,252,f94b367c,64,128,1
levels/AU/AU.tex.xbx,253,fe7864ac,64,64,1
levels/AU/AU.tex.xbx,254,de1c9dc8,64,128,1
levels/AU/AU.tex.xbx,255,ccdb0690,64,128,1
levels/AU/AU.tex.xbx,256,b365923c,64,128,1
levels/AU/AU.tex.xbx,257,2a93ea30,64,64,1
levels/AU/AU.tex.xbx,258,ba796178,64,64,1
levels/AU/AU.tex.xbx,259,19d2fca8,64,128,1
levels/AU/AU.tex.xbx,260,c2d911ac,128,128,1
levels/AU/AU.tex.xbx,261,4511242c,64,64,1
levels/AU/AU.tex.xbx,262,122bb064,64,128,1
levels/AU/AU.tex.xbx,263,b27533c0,64,64,1
levels/AU/AU.tex.xbx,264,96450440,64,64,1
levels/AU/AU.tex.xbx,265,d9fb7948,64,64,1
levels/AU/AU.tex.xbx,266,b0786884,128,128,1
levels/AU/AU.tex.xbx,267,e0d8e1e4,64,64,5
levels/AU/AU.tex.xbx,268,2dfeac00,128,128,1
levels/AU/AU.tex.xbx,269,5fbf4394,64,32,5
levels/AU/AU.tex.xbx,270,c1c48338,32,32,1
levels/AU/AU.tex.xbx,271,79c9cb00,64,64,1
levels/AU/AU.tex.xbx,272,f26e0bf8,128,64,1
levels/AU/AU.tex.xbx,273,90d58260,64,32,1
levels/AU/AU.tex.xbx,274,c4b9322c,128,16,1
levels/AU/AU.tex.xbx,275,d0a7fb94,64,64,1
levels/AU/AU.tex.xbx,276,de84c910,32,32,1
levels/AU/AU.tex.xbx,277,093b5c7c,32,32,1
levels/AU/AU.tex.xbx,278,9e2a8e7c,64,64,1
levels/AU/AU.tex.xbx,279,7ab38f90,32,32,1
levels/AU/AU.tex.xbx,280,c18023ac,32,32,5
levels/AU/AU.tex.xbx,281,bd0c4048,32,32,1
levels/AU/AU.tex.xbx,282,40924b6c,64,64,1
levels/AU/AU.tex.xbx,283,e0904fc8,32,64,1
levels/AU/AU.tex.xbx,284,18129188,128,128,5
levels/AU/AU.tex.xbx,285,00bf1a38,64,32,5
levels/AU/AU.tex.xbx,286,ac85a834,64,128,1
levels/AU/AU.tex.xbx,287,dab75c74,64,64,5
levels/AU/AU.tex.xbx,288,be66f424,32,32,1
levels/AU/AU.tex.xbx,289,16eeddd8,32,32,1
levels/AU/AU.tex.xbx,290,12f08334,128,128,1
levels/AU/AU.tex.xbx,291,4e894684,128,128,1
levels/AU/AU.tex.xbx,292,c0979474,128,128,1
levels/AU/AU.tex.xbx,293,76582bdc,64,64,5
levels/AU/AU.tex.xbx,294,5939ccdc,128,128,5
levels/AU/AU.tex.xbx,295,d7cdb784,128,128,5
levels/AU/AU.tex.xbx,296,9b722adc,64,128,5
levels/AU/AU.tex.xbx,297,dca81dec,128,128,1
levels/AU/AU.tex.xbx,298,d6a237a8,128,128,5
levels/AU/AU.tex.xbx,299,27127324,64,64,5
levels/AU/AU.tex.xbx,300,520cf230,64,64,1
levels/AU/AU.tex.xbx,301,ba9daaa0,64,128,5
levels/AU/AU.tex.xbx,302,98064d88,64,64,5
levels/AU/AU.tex.xbx,303,950df8e0,16,16,5
levels/AU/AU.tex.xbx,304,6c93ac1c,16,16,1
levels/AU/AU.tex.xbx,305,c815cbb8,64,64,5
levels/AU/AU.tex.xbx,306,fcbc470c,64,64,5
levels/AU/AU.tex.xbx,307,2fa39fb0,64,64,5
levels/AU/AU.tex.xbx,308,be1659f4,64,64,5
levels/AU/AU.tex.xbx,309,a39b77a8,64,128,1
levels/AU/AU.tex.xbx,310,5b6d3474,128,64,1
levels/AU/AU.tex.xbx,311,c6601c84,128,64,1
levels/AU/AU.tex.xbx,312,3f83f7d8,64,64,1
levels/AU/AU.tex.xbx,313,75255f3c,64,128,1
levels/AU/AU.tex.xbx,314,d94921e0,128,64,1
levels/AU/AU.tex.xbx,315,5bad8ae4,64,128,1
levels/AU/AU.tex.xbx,316,74244780,64,128,1
levels/AU/AU.tex.xbx,317,96ae0764,64,128,1
levels/AU/AU.tex.xbx,318,b03976f4,128,128,1
levels/AU/AU.tex.xbx,319,dc27169c,128,128,1
levels/AU/AU.tex.xbx,320,039785dc,64,128,5
levels/AU/AU.tex.xbx,321,6f9e23f8,64,64,1
levels/AU/AU.tex.xbx,322,0e4dd000,64,64,1
levels/AU/AU.tex.xbx,323,647e07c8,32,32,1
levels/AU/AU.tex.xbx,324,f6303190,32,64,1
levels/AU/AU.tex.xbx,325,9bbd2c08,64,64,5
levels/AU/AU.tex.xbx,326,247fca9c,128,128,1
levels/AU/AU.tex.xbx,327,52d9ade8,32,64,1
levels/AU/AU.tex.xbx,328,3231ada8,64,64,1
levels/AU/AU.tex.xbx,329,22bd9b94,64,64,5
levels/AU/AU.tex.xbx,330,3e1992e4,64,64,5
levels/AU/AU.tex.xbx,331,c493c1fc,64,64,1
levels/AU/AU.tex.xbx,332,a8ad4ba4,64,64,5
levels/AU/AU.tex.xbx,333,361e74a8,64,64,5
levels/AU/AU.tex.xbx,334,cc7e6098,64,64,1
levels/AU/AU.tex.xbx,335,b6181284,64,64,1
levels/AU/AU.tex.xbx,336,5b204fac,64,64,1
levels/AU/AU.tex.xbx,337,8e720f44,64,128,1
levels/AU/AU.tex.xbx,338,48b43288,64,64,1
levels/AU/AU.tex.xbx,339,bd29971c,64,64,5
levels/AU/AU.tex.xbx,340,eabc5194,128,64,1
levels/AU/AU.tex.xbx,341,ab0cefa0,64,128,1
levels/AU/AU.tex.xbx,342,533bef48,128,64,1
levels/AU/AU.tex.xbx,343,3e38c780,128,128,5
levels/AU/AU.tex.xbx,344,238242a8,128,128,5
levels/AU/AU.tex.xbx,345,1d7c5eec,128,128,5
levels/AU/AU.tex.xbx,346,38e0f8f8,128,128,1
levels/AU/AU.tex.xbx,347,0b5f685c,64,64,1
levels/AU/AU.tex.xbx,348,bea85780,128,128,5
levels/AU/AU.tex.xbx,349,5eb0a1d0,64,64,5
levels/AU/AU.tex.xbx,350,a91e26a0,64,64,5
levels/AU/AU.tex.xbx,351,1b835798,64,32,1
levels/AU/AU.tex.xbx,352,4bdefc44,32,32,5
levels/AU/AU.tex.xbx,353,305f5728,32,32,1
levels/AU/AU.tex.xbx,354,7e654fbc,128,64,1
levels/AU/AU.tex.xbx,355,acdaa9e8,64,32,1
levels/AU/AU.tex.xbx,356,5cc8a10c,32,32,1
levels/AU/AU.tex.xbx,357,6ca27574,64,64,1
levels/AU/AU.tex.xbx,358,c4bcb12c,64,64,5
levels/AU/AU.tex.xbx,359,274db244,64,64,5
levels/AU/AU.tex.xbx,360,bbc30400,64,32,5
levels/AU/AU.tex.xbx,361,18c8e208,64,64,1
levels/AU/AU.tex.xbx,362,e158e400,64,128,1
levels/AU/AU.tex.xbx,363,faefe258,32,32,1
levels/AU/AU.tex.xbx,364,28ec14cc,64,64,1
levels/AU/AU.tex.xbx,365,3c17a49c,64,64,1
levels/AU/AU.tex.xbx,366,e4c44544,64,64,1
levels/AU/AU.tex.xbx,367,9ad7cf4c,64,64,1
levels/AU/AU.tex.xbx,368,0b10a304,16,16,1
levels/AU/AU.tex.xbx,369,bc708cf0,32,32,1
levels/AU/AU.tex.xbx,370,e8550190,64,128,1
levels/AU/AU.tex.xbx,371,9d7414d0,128,64,1
levels/AU/AU.tex.xbx,372,9fd07148,128,128,1
levels/AU/AU.tex.xbx,373,fc1e4084,128,128,5
levels/AU/AU.tex.xbx,374,2d9105c0,128,64,5
levels/AU/AU.tex.xbx,375,a1a9c408,64,64,1
levels/AU/AU.tex.xbx,376,5470b760,64,64,5
levels/AU/AU.tex.xbx,377,a5fdfee4,64,64,5
levels/AU/AU.tex.xbx,378,23641d58,128,64,1
levels/AU/AU.tex.xbx,379,f5b42f34,128,64,1
levels/AU/AU.tex.xbx,380,3c570f3c,64,32,1
levels/AU/AU.tex.xbx,381,20678264,128,64,1
levels/AU/AU.tex.xbx,382,b0ccb768,128,128,1
levels/AU/AU.tex.xbx,383,5ab9fb18,64,128,5
levels/AU/AU.tex.xbx,384,dc2e93c0,64,64,5
levels/AU/AU.tex.xbx,385,c4351868,64,64,1
levels/AU/AU.tex.xbx,386,ca8c3658,64,64,1
levels/AU/AU.tex.xbx,387,42c10b74,64,64,1
levels/AU/AU.tex.xbx,388,5efe82ec,32,64,1
levels/AU/AU.tex.xbx,389,058a2cc4,64,64,5
levels/AU/AU.tex.xbx,390,f3ffcc80,64,64,1
levels/AU/AU.tex.xbx,391,0dd5d9b8,64,64,1
levels/AU/AU.tex.xbx,392,74088b48,64,64,1
levels/AU/AU.tex.xbx,393,892a5bfc,64,64,1
levels/AU/AU.tex.xbx,394,11e648c0,64,128,1
levels/AU/AU.tex.xbx,395,11338e38,64,128,1
levels/AU/AU.tex.xbx,396,a97115e0,32,32,5
levels/AU/AU.tex.xbx,397,66ace4b4,64,64,1
levels/AU/AU.tex.xbx,398,86b547dc,64,64,1
levels/AU/AU.tex.xbx,399,982a81c8,64,64,1
levels/AU/AU.tex.xbx,400,626b3dc4,64,64,1
levels/AU/AU.tex.xbx,401,7612ecd0,128,128,1
levels/AU/AU.tex.xbx,402,4d9dc008,128,128,5
levels/AU/AU.tex.xbx,403,dc10069c,128,128,5
levels/AU/AU.tex.xbx,404,bfae97c4,64,64,5
levels/AU/AU.tex.xbx,405,792b86c4,64,64,5
levels/AU/AU.tex.xbx,406,1c93fb9c,64,64,5
levels/AU/AU.tex.xbx,407,e806bb08,64,64,5
levels/AU/AU.tex.xbx,408,d7aa5428,16,16,2
levels/AU/AU.tex.xbx,409,4634f57c,16,16,5
levels/AU/AU.tex.xbx,410,498b7c24,16,16,5
levels/AU/AU.tex.xbx,411,d2a5d404,16,16,5
levels/AU/AU.tex.xbx,412,961a4a5c,16,16,5
levels/AU/AU.tex.xbx,413,390e3204,16,16,5
levels/AU/AU.tex.xbx,414,5530c05c,16,16,5
levels/AU/AU.tex.xbx,415,c9a30648,16,16,5
levels/AU/AU.tex.xbx,416,cd9b9740,16,16,5
levels/AU/AU.tex.xbx,417,2cb88640,16,16,5
levels/AU/AU.tex.xbx,418,7086fb48,16,16,5
levels/AU/AU.tex.xbx,419,a1f9bb5c,16,16,5
levels/AU/AU.tex.xbx,420,fe463304,16,16,5
levels/AU/AU.tex.xbx,421,0b48cdd8,16,16,5
levels/AU/AU.tex.xbx,422,67f83fb0,16,16,5
levels/AU/AU.tex.xbx,423,890f2bd8,16,16,5
levels/AU/AU.tex.xbx,424,0cb0b5b0,16,16,5
levels/AU/AU.tex.xbx,425,f83e03f4,16,16,5
levels/AU/AU.tex.xbx,426,94818a6c,16,16,5
levels/AU/AU.tex.xbx,427,e1588f6c,16,16,5
levels/AU/AU.tex.xbx,428,bd6602f4,16,16,5
levels/AU/AU.tex.xbx,429,6bf3c6b0,16,16,5
levels/AU/AU.tex.xbx,430,2fcb36d8,16,16,5
levels/AU/AU.tex.xbx,431,ac8882b8,16,16,5
levels/AU/AU.tex.xbx,432,b0360f90,16,16,5
levels/AU/AU.tex.xbx,433,5ec284b8,16,16,5
levels/AU/AU.tex.xbx,434,3b7df990,16,16,5
levels/AU/AU.tex.xbx,435,eff34d14,16,16,5
levels/AU/AU.tex.xbx,436,b34cc48c,16,16,5
levels/AU/AU.tex.xbx,437,06d8bf8c,16,16,5
levels/AU/AU.tex.xbx,438,8a684e14,16,16,5
levels/AU/AU.tex.xbx,439,7bdde890,16,16,5
levels/AU/AU.tex.xbx,440,c4ac6cc8,128,128,5
levels/AU/AU.tex.xbx,441,c814f4c0,64,64,5
levels/AU/AU.tex.xbx,442,482c7efc,128,128,5
levels/AU/AU.tex.xbx,443,4c130ea4,128,128,5
levels/AU/AU.tex.xbx,444,4107a8bc,128,64,5
levels/AU/AU.tex.xbx,445,4420a6d8,128,128,1
levels/AU/AU.tex.xbx,446,c1aa3168,64,64,1
levels/AU/AU.tex.xbx,447,d479d180,128,128,1
levels/AU/AU.tex.xbx,448,347abc24,64,128,1
levels/AU/AU.tex.xbx,449,24e1d55c,64,128,1
levels/AU/AU.tex.xbx,450,09b20b8c,128,32,1
levels/AU/AU.tex.xbx,451,6f0c1d0c,64,128,1
levels/AU/AU.tex.xbx,452,a3995938,128,64,1
levels/AU/AU.tex.xbx,453,c5900570,64,64,1
levels/AU/AU.tex.xbx,454,23af44e4,128,128,1
levels/AU/AU.tex.xbx,455,79adc194,64,64,5
levels/AU/AU.tex.xbx,456,dda70c20,128,128,1
levels/AU/AU.tex.xbx,457,9d9f6c58,64,64,5
levels/AU/AU.tex.xbx,458,f9109aa8,128,64,5
levels/AU/AU.tex.xbx,459,d0f40808,64,64,1
levels/AU/AU.tex.xbx,460,194ca3f8,128,64,5
levels/AU/AU.tex.xbx,461,019d95b8,64,64,1
levels/AU/AU.tex.xbx,462,8b569668,32,32,5
levels/AU/AU.tex.xbx,463,1d10e990,64,128,1
levels/AU/AU.tex.xbx,464,a0c1f6ec,64,64,5
levels/AU/AU.tex.xbx,465,f1f5cc14,32,32,1
levels/AU/AU.tex.xbx,466,2929f390,64,128,1
levels/AU/AU.tex.xbx,467,4c6560e8,64,64,1
levels/AU/AU.tex.xbx,468,7476dbb8,64,64,5
levels/AU/AU.tex.xbx,469,32f6e988,64,64,1
levels/AU/AU.tex.xbx,470,7e0ef2f0,32,32,1
levels/AU/AU.tex.xbx,471,6352bff0,32,32,1
levels/AU/AU.tex.xbx,472,fbf31178,32,32,1
levels/AU/AU.tex.xbx,473,22b0ad5c,32,32,1
levels/AU/AU.tex.xbx,474,a17b3950,64,128,1
levels/AU/AU.tex.xbx,475,35f0fd54,64,64,5
levels/AU/AU.tex.xbx,476,daaf7498,64,128,1
levels/AU/AU.tex.xbx,477,83c426d4,64,64,1
levels/AU/AU.tex.xbx,478,753662d0,64,64,1
levels/AU/AU.tex.xbx,479,b2df30e0,128,128,1
levels/AU/AU.tex.xbx,480,37493844,64,64,5
levels/AU/AU.tex.xbx,481,0270c648,64,64,2
levels/AU/AU.tex.xbx,482,9179e21c,64,128,5
levels/AU/AU.tex.xbx,483,58106170,64,64,1
levels/AU/AU.tex.xbx,484,35aa5e3c,64,128,1
levels/AU/AU.tex.xbx,485,4ca1c6b8,64,128,1
levels/AU/AU.tex.xbx,486,c9d56d54,128,64,5
levels/AU/AU.tex.xbx,487,810e51a4,128,64,5
levels/AU/AU.tex.xbx,488,597e7488,128,64,1
levels/AU/AU.tex.xbx,489,bf98a7c4,128,128,1
levels/AU/AU.tex.xbx,490,2d4211b0,32,64,1
levels/AU/AU.tex.xbx,491,50714ce0,64,64,1
levels/AU/AU.tex.xbx,492,d22243c8,64,128,1
levels/AU/AU.tex.xbx,493,3853a3c4,64,128,1
levels/AU/AU.tex.xbx,494,80cf1014,64,64,1
levels/AU/AU.tex.xbx,495,0f7ba6b0,64,64,1
levels/AU/AU.tex.xbx,496,8bc14404,128,128,5
levels/AU/AU.tex.xbx,497,e6abc924,64,64,5
levels/AU/AU.tex.xbx,498,411f3cd4,32,32,1
levels/AU/AU.tex.xbx,499,34b0d018,64,64,1
levels/AU/AU.tex.xbx,500,208960ac,64,64,1
levels/AU/AU.tex.xbx,501,a3016ef8,64,64,1
levels/AU/AU.tex.xbx,502,793bd6c4,64,64,1
levels/AU/AU.tex.xbx,503,f56a2b5c,64,64,5
levels/AU/AU.tex.xbx,504,8ccda134,16,32,5
levels/AU/AU.tex.xbx,505,c6ba7f30,32,32,5
levels/AU/AU.tex.xbx,506,ab226808,128,128,1
levels/AU/AU.tex.xbx,507,86851da8,64,64,1
levels/AU/AU.tex.xbx,508,98fe686c,32,64,5
levels/AU/AU.tex.xbx,509,fb8712fc,32,32,5
levels/AU/AU.tex.xbx,510,e1b72554,32,128,1
levels/AU/AU.tex.xbx,511,7aa8e904,64,64,5
levels/AU/AU.tex.xbx,512,f6efa394,64,32,5
levels/AU/AU.tex.xbx,513,c21a77bc,32,32,5
levels/AU/AU.tex.xbx,514,e88cf654,64,64,1
levels/AU/AU.tex.xbx,515,dcf0c6d0,32,32,5
levels/AU/AU.tex.xbx,516,d593f7a8,64,64,1
levels/AU/AU.tex.xbx,517,42b5b35c,32,32,5
levels/AU/AU.tex.xbx,518,34e0c900,64,64,1
levels/AU/AU.tex.xbx,519,6aa6a7d0,64,64,1
levels/AU/AU.tex.xbx,520,1c834b9c,64,64,1
levels/AU/AU.tex.xbx,521,b88ee794,64,128,5
levels/AU/AU.tex.xbx,522,9a85e440,32,32,1
levels/AU/AU.tex.xbx,523,46102504,32,32,1
levels/AU/AU.tex.xbx,524,4872ef44,128,64,1
levels/AU/AU.tex.xbx,525,3cf21c8c,64,64,1
levels/AU/AU.tex.xbx,526,b7c3f450,64,128,1
levels/AU/AU.tex.xbx,527,a00d7614,64,64,1
levels/AU/AU.tex.xbx,528,c867dcb8,64,64,5
levels/AU/AU.tex.xbx,529,fa4ce760,64,64,1
levels/AU/AU.tex.xbx,530,58cca514,64,64,1
levels/AU/AU.tex.xbx,531,f1a10b18,32,64,5
levels/AU/AU.tex.xbx,532,48312338,64,128,1
levels/AU/AU.tex.xbx,533,712aebec,64,32,1
levels/AU/AU.tex.xbx,534,50ba5c24,32,128,5
levels/AU/AU.tex.xbx,535,4ef5b0cc,64,128,1
levels/AU/AU.tex.xbx,536,be6ff6e0,16,16,1
levels/AU/AU.tex.xbx,537,a0681578,64,32,1
levels/AU/AU.tex.xbx,538,c3d688d0,32,32,5
levels/AU/AU.tex.xbx,539,9c47aa20,64,64,5
levels/AU/AU.tex.xbx,540,55ba1d1c,64,32,1
levels/AU/AU.tex.xbx,541,585af834,128,128,1
levels/AU/AU.tex.xbx,542,50339d24,64,64,1
levels/AU/AU.tex.xbx,543,5876b994,64,64,1
levels/AU/AU.tex.xbx,544,409f3944,32,16,5
levels/AU/AU.tex.xbx,545,a3d86614,64,16,5
levels/AU/AU.tex.xbx,546,3d22b3a8,128,32,1
levels/AU/AU.tex.xbx,547,3794080c,64,128,1
levels/AU/AU.tex.xbx,548,f88eee14,128,64,5
levels/AU/AU.tex.xbx,549,407a1c20,128,128,5
levels/AU/AU.tex.xbx,550,d19f1170,64,64,1
levels/AU/AU.tex.xbx,551,cd1f8018,64,64,1
levels/AU/AU.tex.xbx,552,208fcae4,64,64,1
levels/AU/AU.tex.xbx,553,0ead5308,64,128,1
levels/AU/AU.tex.xbx,554,98814f94,128,128,1
levels/AU/AU.tex.xbx,555,7c59ba28,64,64,1
levels/AU/AU.tex.xbx,556,bb232d6c,64,64,1
levels/AU/AU.tex.xbx,557,c5631f88,64,64,1
levels/AU/AU.tex.xbx,558,c8dd8e00,64,64,1
levels/AU/AU.tex.xbx,559,840eea10,64,16,1
levels/AU/AU.tex.xbx,560,3d67e844,64,64,1
levels/AU/AU.tex.xbx,561,b770f9a8,32,32,1
levels/AU/AU.tex.xbx,562,d44cc60c,64,64,1
levels/AU/AU.tex.xbx,563,fb895758,128,128,1
levels/AU/AU.tex.xbx,564,e2096640,64,64,1
levels/AU/AU.tex.xbx,565,f4bb28ec,64,32,1
levels/AU/AU.tex.xbx,566,78839974,128,128,1
levels/AU/AU.tex.xbx,567,46d0fd34,128,128,1
levels/AU/AU.tex.xbx,568,0648d058,64,64,1
levels/AU/AU.tex.xbx,569,c9d8def4,64,128,5
levels/AU/AU.tex.xbx,570,8e794324,128,64,1
levels/AU/AU.tex.xbx,571,00d7218c,128,128,5
levels/AU/AU.tex.xbx,572,5dc664f8,256,128,5
levels/AU/AU.tex.xbx,573,dffde480,64,64,5
levels/AU/AU.tex.xbx,574,56e780b0,32,32,5
levels/AU/AU.tex.xbx,575,1264e7b8,128,128,5
levels/AU/AU.tex.xbx,576,efe50c24,128,128,2
levels/AU/AU.tex.xbx,577,fc140fc0,128,128,1
levels/AU/AU.tex.xbx,578,0a89b684,128,128,1
levels/AU/AU.tex.xbx,579,27e3a764,64,64,1
levels/AU/AU.tex.xbx,580,fc48d18c,64,64,1
levels/AU/AU.tex.xbx,581,4200b59c,32,64,1
levels/AU/AU.tex.xbx,582,24804e98,128,64,5
levels/AU/AU.tex.xbx,583,a3d864b4,64,128,1
levels/AU/AU.tex.xbx,584,2c5ef498,64,128,1
levels/AU/AU.tex.xbx,585,6cf662a8,64,128,1
levels/AU/AU.tex.xbx,586,7c0a9fb0,32,64,5
levels/AU/AU.tex.xbx,587,621957ac,128,64,5
levels/AU/AU.tex.xbx,588,c025a438,64,64,1
levels/AU/AU.tex.xbx,589,783f32fc,64,64,5
levels/AU/AU.tex.xbx,590,a5e0507c,64,64,1
levels/AU/AU.tex.xbx,591,5544b690,16,64,1
levels/AU/AU.tex.xbx,592,04d25a8c,64,128,1
levels/AU/AU.tex.xbx,593,5ce10160,128,64,1
levels/AU/AU.tex.xbx,594,712f77c8,128,128,5
levels/AU/AU.tex.xbx,595,3c874184,128,128,5
levels/AU/AU.tex.xbx,596,f8095b54,64,64,1
levels/AU/AU.tex.xbx,597,aeb00a3c,128,128,1
levels/AU/AU.tex.xbx,598,a5798218,128,128,5
levels/AU/AU.tex.xbx,599,79ebc42c,128,128,5
levels/AU/AU.tex.xbx,600,05ffe6f0,128,64,1
levels/AU/AU.tex.xbx,601,cc13d3d8,128,16,1
levels/AU/AU.tex.xbx,602,7663217c,128,64,5
levels/AU/AU.tex.xbx,603,00d22f74,128,64,5
levels/AU/AU.tex.xbx,604,ed397da0,64,128,5
levels/AU/AU.tex.xbx,605,35733500,128,128,1
levels/AU/AU.tex.xbx,606,c5473f2c,128,64,5
levels/AU/AU.tex.xbx,607,bf37cae4,128,64,1
levels/AU/AU.tex.xbx,608,10d4f718,128,64,1
levels/AU/AU.tex.xbx,609,77f3cfe4,128,128,1
levels/AU/AU.tex.xbx,610,3c5e2c5c,64,64,1
levels/AU/AU.tex.xbx,611,e9eeec64,32,64,1
levels/AU/AU.tex.xbx,612,1e67e668,32,32,1
levels/AU/AU.tex.xbx,613,357c8ce0,8,64,5
levels/AU/AU.tex.xbx,614,58c41568,8,64,1
levels/AU/AU.tex.xbx,615,aeea6050,64,64,1
levels/AU/AU.tex.xbx,616,3b8ca8a0,64,128,1
levels/AU/AU.tex.xbx,617,3e45fa90,64,32,1
levels/AU/AU.tex.xbx,618,6946406c,64,128,1
levels/AU/AU.tex.xbx,619,9a5c07d4,128,64,1
levels/AU/AU.tex.xbx,620,24f9d1f4,32,64,1
levels/AU/AU.tex.xbx,621,43482d98,64,128,1
levels/AU/AU.tex.xbx,622,247fc194,64,64,5
levels/AU/AU.tex.xbx,623,f46d3738,64,64,1
levels/AU/AU.tex.xbx,624,5ac2b8b8,64,64,1
levels/AU/AU.tex.xbx,625,12841a38,64,64,5
levels/AU/AU.tex.xbx,626,576755b4,64,64,1
levels/AU/AU.tex.xbx,627,8bd9f0f0,64,64,1
levels/AU/AU.tex.xbx,628,945f5790,64,64,1
levels/AU/AU.tex.xbx,629,af6e9704,128,128,1
levels/AU/AU.tex.xbx,630,4014b834,128,64,1
levels/AU/AU.tex.xbx,631,70e17cf0,64,128,1
levels/AU/AU.tex.xbx,632,70d362cc,64,64,1
levels/AU/AU.tex.xbx,633,a24b0eb0,64,128,1
levels/AU/AU.tex.xbx,634,63f2a684,64,128,1
levels/AU/AU.tex.xbx,635,4c9a2b64,128,128,1
levels/AU/AU.tex.xbx,636,1d2c757c,64,128,1
levels/AU/AU.tex.xbx,637,5a280e1c,128,64,2
levels/AU/AU.tex.xbx,638,7e6c8e88,128,64,2
levels/AU/AU_net.tex.xbx,0,7f62036c,128,128,1
levels/AU/AU_net.tex.xbx,1,941bcee4,128,128,1
levels/AU/AU_net.tex.xbx,2,f4680b60,16,16,1
levels/AU/AU_net.tex.xbx,3,4c20d32c,16,16,1
levels/AU/AU_net.tex.xbx,4,eae8ee68,64,64,1
levels/AU/AU_net.tex.xbx,5,3f33ddf8,64,64,5
levels/AU/AU_net.tex.xbx,6,aa58d0c0,32,64,1
levels/AU/AU_net.tex.xbx,7,029215a8,64,64,1
levels/AU/AU_net.tex.xbx,8,0e07b0fc,64,64,1
levels/AU/AU_net.tex.xbx,9,d9ad7da0,64,8,1
levels/AU/AU_net.tex.xbx,10,9f2c88a0,32,32,1
levels/AU/AU_net.tex.xbx,11,ea27a82c,128,128,1
levels/AU/AU_net.tex.xbx,12,4ba8ae70,32,32,1
levels/AU/AU_net.tex.xbx,13,0dd730e4,32,32,1
levels/AU/AU_net.tex.xbx,14,37c8b814,128,128,1
levels/AU/AU_net.tex.xbx,15,a9c5e7bc,64,64,1
levels/AU/AU_net.tex.xbx,16,56b35574,64,64,1
levels/AU/AU_net.tex.xbx,17,3d64d984,64,64,1
levels/AU/AU_net.tex.xbx,18,2f76f154,64,64,5
levels/AU/AU_net.tex.xbx,19,fcce56ec,64,64,1
levels/AU/AU_net.tex.xbx,20,abd2d080,32,32,1
levels/AU/AU_net.tex.xbx,21,18287754,64,64,1
levels/AU/AU_net.tex.xbx,22,5f36d77c,64,64,1
levels/AU/AU_net.tex.xbx,23,3ade9a5c,64,64,1
levels/AU/AU_net.tex.xbx,24,a683c670,128,128,1
levels/AU/AU_net.tex.xbx,25,2cc07314,64,64,5
levels/AU/AU_net.tex.xbx,26,96d69f74,128,128,2
levels/AU/AU_net.tex.xbx,27,f0ecad2c,128,128,1
levels/AU/AU_net.tex.xbx,28,ef6bec48,32,64,1
levels/AU/AU_net.tex.xbx,29,f5ad6404,64,64,1
levels/AU/AU_net.tex.xbx,30,e122a540,128,128,1
levels/AU/AU_net.tex.xbx,31,d230cab0,64,32,1
levels/AU/AU_net.tex.xbx,32,4b01f36c,128,128,1
levels/AU/AU_net.tex.xbx,33,968f52d8,128,128,1
levels/AU/AU_net.tex.xbx,34,53f89710,64,64,1
levels/AU/AU_net.tex.xbx,35,bf6b3294,64,128,1
levels/AU/AU_net.tex.xbx,36,1c94cbc4,32,32,1
levels/AU/AU_net.tex.xbx,37,c23d3b18,128,128,1
levels/AU/AU_net.tex.xbx,38,1091da44,64,64,1
levels/AU/AU_net.tex.xbx,39,b5a3ee9c,64,128,1
levels/AU/AU_net.tex.xbx,40,ae0e3e6c,128,64,1
levels/AU/AU_net.tex.xbx,41,a8809134,64,64,1
levels/AU/AU_net.tex.xbx,42,7caf5b44,64,32,1
levels/AU/AU_net.tex.xbx,43,f8d5a828,64,64,5
levels/AU/AU_net.tex.xbx,44,e810ab08,64,64,1
levels/AU/AU_net.tex.xbx,45,238142ac,64,32,1
levels/AU/AU_net.tex.xbx,46,36f62084,64,128,1
levels/AU/AU_net.tex.xbx,47,13eaa7e4,64,64,5
levels/AU/AU_net.tex.xbx,48,5d8f9378,128,128,1
levels/AU/AU_net.tex.xbx,49,6f5c2d0c,128,128,1
levels/AU/AU_net.tex.xbx,50,a3d1c938,128,128,1
levels/AU/AU_net.tex.xbx,51,b011d2b0,128,64,1
levels/AU/AU_net.tex.xbx,52,619c26f4,128,128,1
levels/AU/AU_net.tex.xbx,53,69eb40f8,64,64,1
levels/AU/AU_net.tex.xbx,54,337536dc,128,128,1
levels/AU/AU_net.tex.xbx,55,fda7a514,64,64,5
levels/AU/AU_net.tex.xbx,56,c81d8cc0,128,128,1
levels/AU/AU_net.tex.xbx,57,32c25d24,64,128,1
levels/AU/AU_net.tex.xbx,58,0337f39c,64,128,1
levels/AU/AU_net.tex.xbx,59,8a12ca80,64,128,1
levels/AU/AU_net.tex.xbx,60,da1d7fc4,64,128,1
levels/AU/AU_net.tex.xbx,61,672e4808,64,64,1
levels/AU/AU_net.tex.xbx,62,933536dc,64,256,5
levels/AU/AU_net.tex.xbx,63,49fb45c0,32,64,1
levels/AU/AU_net.tex.xbx,64,aedf34c0,16,64,1
levels/AU/AU_net.tex.xbx,65,1e6e0cdc,32,32,5
levels/AU/AU_net.tex.xbx,66,f2e0acc8,16,32,5
levels/AU/AU_net.tex.xbx,67,03fed924,128,64,5
levels/AU/AU_net.tex.xbx,68,d2712d20,128,64,5
levels/AU/AU_net.tex.xbx,69,3ec96720,32,64,5
levels/AU/AU_net.tex.xbx,70,8ecfa528,64,64,5
levels/AU/AU_net.tex.xbx,71,d3571f24,64,64,5
levels/AU/AU_net.tex.xbx,72,cfe8927c,32,32,5
levels/AU/AU_net.tex.xbx,73,34b69a2c,128,128,1
levels/AU/AU_net.tex.xbx,74,a043ec18,64,64,1
levels/AU/AU_net.tex.xbx,75,2c085fb4,128,64,1
levels/AU/AU_net.tex.xbx,76,3ecb8804,64,128,1
levels/AU/AU_net.tex.xbx,77,134ca434,64,64,1
levels/AU/AU_net.tex.xbx,78,b03e4140,128,128,1
levels/AU/AU_net.tex.xbx,79,fe5f8428,64,32,5
levels/AU/AU_net.tex.xbx,80,2a73b14c,32,32,1
levels/AU/AU_net.tex.xbx,81,62ce621c,64,128,1
levels/AU/AU_net.tex.xbx,82,33aaeb80,128,128,1
levels/AU/AU_net.tex.xbx,83,b2d7850c,128,128,5
levels/AU/AU_net.tex.xbx,84,f8dc7080,128,128,1
levels/AU/AU_net.tex.xbx,85,c4afd06c,128,128,5
levels/AU/AU_net.tex.xbx,86,6fa36f7c,32,32,1
levels/AU/AU_net.tex.xbx,87,14aaffc4,32,32,1
levels/AU/AU_net.tex.xbx,88,52f328c8,64,64,5
levels/AU/AU_net.tex.xbx,89,d685838c,64,64,1
levels/AU/AU_net.tex.xbx,90,220fc5b8,64,64,1
levels/AU/AU_net.tex.xbx,91,9b3afa14,128,64,1
levels/AU/AU_net.tex.xbx,92,38afef44,64,64,1
levels/AU/AU_net.tex.xbx,93,66515254,128,128,1
levels/AU/AU_net.tex.xbx,94,2f1c02bc,64,64,1
levels/AU/AU_net.tex.xbx,95,612afec4,8,64,1
levels/AU/AU_net.tex.xbx,96,ec1fd308,32,64,1
levels/AU/AU_net.tex.xbx,97,3d95739c,8,64,5
levels/AU/AU_net.tex.xbx,98,5dcfe6ec,128,128,1
levels/AU/AU_net.tex.xbx,99,307f7e80,64,128,1
levels/AU/AU_net.tex.xbx,100,a9422258,128,128,1
levels/AU/AU_net.tex.xbx,101,2c41ef08,64,128,1
levels/AU/AU_net.tex.xbx,102,95567d80,128,128,1
levels/AU/AU_net.tex.xbx,103,c0b4479c,64,128,1
levels/AU/AU_net.tex.xbx,104,1722e634,32,32,1
levels/AU/AU_net.tex.xbx,105,72a3d3b4,64,64,5
levels/AU/AU_net.tex.xbx,106,2e46b0d4,128,128,5
levels/AU/AU_net.tex.xbx,107,ad3495fc,128,128,1
levels/AU/AU_net.tex.xbx,108,a396a954,128,128,1
levels/AU/AU_net.tex.xbx,109,7a74228c,128,128,1
levels/AU/AU_net.tex.xbx,110,cc9f1aac,128,128,1
levels/AU/AU_net.tex.xbx,111,42cbbe78,64,128,1
levels/AU/AU_net.tex.xbx,112,f2dfd6c0,128,128,1
levels/AU/AU_net.tex.xbx,113,1e522f84,128,64,1
levels/AU/AU_net.tex.xbx,114,4e788630,64,32,1
levels/AU/AU_net.tex.xbx,115,54bf693c,64,128,1
levels/AU/AU_net.tex.xbx,116,9db905d8,64,64,1
levels/AU/AU_net.tex.xbx,117,2a4cb5b4,64,128,1
levels/AU/AU_net.tex.xbx,118,b8bf50f0,64,128,1
levels/AU/AU_net.tex.xbx,119,893c1bd8,64,64,1
levels/AU/AU_net.tex.xbx,120,ae7d9a00,64,64,5
levels/AU/AU_net.tex.xbx,121,cad36f3c,64,64,5
levels/AU/AU_net.tex.xbx,122,9f75d5e0,64,64,5
levels/AU/AU_net.tex.xbx,123,cc0db1e0,64,64,5
levels/AU/AU_net.tex.xbx,124,1c4c41bc,64,128,1
levels/AU/AU_net.tex.xbx,125,eabf07e8,128,128,1
levels/AU/AU_net.tex.xbx,126,ffaa344c,128,128,1
levels/AU/AU_net.tex.xbx,127,18dbb354,64,64,1
levels/AU/AU_net.tex.xbx,128,802bf444,128,128,1
levels/AU/AU_net.tex.xbx,129,0d06cb88,128,128,1
levels/AU/AU_net.tex.xbx,130,044e1350,64,64,5
levels/AU/AU_net.tex.xbx,131,acebf0c4,64,128,1
levels/AU/AU_net.tex.xbx,132,bbe769f4,64,128,5
levels/AU/AU_net.tex.xbx,133,ab8d0c44,64,64,5
levels/AU/AU_net.tex.xbx,134,400b5648,128,128,1
levels/AU/AU_net.tex.xbx,135,9181bdf8,64,64,5
levels/AU/AU_net.tex.xbx,136,d548d758,64,64,1
levels/AU/AU_net.tex.xbx,137,935ffa2c,64,64,1
levels/AU/AU_net.tex.xbx,138,3f98e8d8,64,64,1
levels/AU/AU_net.tex.xbx,139,25d79ed0,128,128,1
levels/AU/AU_net.tex.xbx,140,2c482440,32,32,1
levels/AU/AU_net.tex.xbx,141,047977a0,64,64,1
levels/AU/AU_net.tex.xbx,142,c70da1c0,64,64,1
levels/AU/AU_net.tex.xbx,143,55ca4c9c,64,64,1
levels/AU/AU_net.tex.xbx,144,67c56308,32,32,5
levels/AU/AU_net.tex.xbx,145,1b947e1c,128,64,1
levels/AU/AU_net.tex.xbx,146,57a15924,64,64,1
levels/AU/AU_net.tex.xbx,147,fed28c6c,128,64,1
levels/AU/AU_net.tex.xbx,148,9d628010,128,64,5
levels/AU/AU_net.tex.xbx,149,4d997008,64,64,1
levels/AU/AU_net.tex.xbx,150,78d95f08,64,64,1
levels/AU/AU_net.tex.xbx,151,8f6765f0,64,64,1
levels/AU/AU_net.tex.xbx,152,09163644,32,32,5
levels/AU/AU_net.tex.xbx,153,e72a2a8c,64,64,1
levels/AU/AU_net.tex.xbx,154,fbb7deb8,64,64,1
levels/AU/AU_net.tex.xbx,155,c43ee814,128,128,1
levels/AU/AU_net.tex.xbx,156,8316b314,128,64,1
levels/AU/AU_net.tex.xbx,157,50910ea8,64,64,1
levels/AU/AU_net.tex.xbx,158,2114de98,128,128,1
levels/AU/AU_net.tex.xbx,159,a0a3d4dc,64,64,1
levels/AU/AU_net.tex.xbx,160,2e0efcc0,64,128,5
levels/AU/AU_net.tex.xbx,161,2dd337b8,64,64,1
levels/AU/AU_net.tex.xbx,162,fc9c4984,64,64,1
levels/AU/AU_net.tex.xbx,163,a0f86014,64,64,1
levels/AU/AU_net.tex.xbx,164,3c611768,64,32,5
levels/AU/AU_net.tex.xbx,165,350b9d7c,64,128,5
levels/AU/AU_net.tex.xbx,166,4318822c,64,64,1
levels/AU/AU_net.tex.xbx,167,1fc2ae5c,64,128,1
levels/AU/AU_net.tex.xbx,168,8190497c,64,128,1
levels/AU/AU_net.tex.xbx,169,45ff12f8,64,128,1
levels/AU/AU_net.tex.xbx,170,d78c664c,64,64,1
levels/AU/AU_net.tex.xbx,171,49c19b50,64,64,1
levels/AU/AU_net.tex.xbx,172,c6863f4c,128,128,5
levels/AU/AU_net.tex.xbx,173,beb9f334,64,64,1
levels/AU/AU_net.tex.xbx,174,cfa160dc,128,32,1
levels/AU/AU_net.tex.xbx,175,cb4279a0,128,128,5
levels/AU/AU_net.tex.xbx,176,898e5e9c,16,16,1
levels/AU/AU_net.tex.xbx,177,413eab60,64,64,1
levels/AU/AU_net.tex.xbx,178,eb680478,128,128,1
levels/AU/AU_net.tex.xbx,179,0d544490,128,32,1
levels/AU/AU_net.tex.xbx,180,4bc324bc,128,128,5
levels/AU/AU_net.tex.xbx,181,668700b4,128,128,5
levels/AU/AU_net.tex.xbx,182,d59ef8a0,64,64,1
levels/AU/AU_net.tex.xbx,183,659c4c44,64,16,1
levels/AU/AU_net.tex.xbx,184,a0ece708,64,16,1
levels/AU/AU_net.tex.xbx,185,7afcc5f0,128,128,5
levels/AU/AU_net.tex.xbx,186,129dc260,128,64,1
levels/AU/AU_net.tex.xbx,187,0040da88,64,128,1
levels/AU/AU_net.tex.xbx,188,c784901c,64,128,1
levels/AU/AU_net.tex.xbx,189,4fd82038,128,128,1
levels/AU/AU_net.tex.xbx,190,6a888cd4,128,128,1
levels/AU/AU_net.tex.xbx,191,ef4a8cf8,128,128,1
levels/AU/AU_net.tex.xbx,192,04fdaa58,32,32,1
levels/AU/AU_net.tex.xbx,193,e4feeb9c,128,128,1
levels/AU/AU_net.tex.xbx,194,77f9b8bc,64,16,5
levels/AU/AU_net.tex.xbx,195,146abc00,128,64,1
levels/AU/AU_net.tex.xbx,196,ce0d1090,128,128,5
levels/AU/AU_net.tex.xbx,197,2420e684,64,64,1
levels/AU/AU_net.tex.xbx,198,e067b7e8,128,128,5
levels/AU/AU_net.tex.xbx,199,8dfbb140,64,64,1
levels/AU/AU_net.tex.xbx,200,b0f44204,128,128,1
levels/AU/AU_net.tex.xbx,201,295b88a0,64,64,1
levels/AU/AU_net.tex.xbx,202,366ca790,64,32,1
levels/AU/AU_net.tex.xbx,203,3c17e22c,64,64,1
levels/AU/AU_net.tex.xbx,204,557f679c,128,128,1
levels/AU/AU_net.tex.xbx,205,d8ad125c,64,64,5
levels/AU/AU_net.tex.xbx,206,989ab514,64,64,1
levels/AU/AU_net.tex.xbx,207,bfc402ac,64,64,5
levels/AU/AU_net.tex.xbx,208,c8d252c8,64,128,1
levels/AU/AU_net.tex.xbx,209,9139a11c,64,128,1
levels/AU/AU_net.tex.xbx,210,0d861144,64,64,1
levels/AU/AU_net.tex.xbx,211,3d47a6dc,64,64,1
levels/AU/AU_net.tex.xbx,212,77484a98,64,64,1
levels/AU/AU_net.tex.xbx,213,1bf87500,64,64,1
levels/AU/AU_net.tex.xbx,214,7283a068,128,64,1
levels/AU/AU_net.tex.xbx,215,43873e40,64,128,1
levels/AU/AU_net.tex.xbx,216,ac9d587c,32,16,1
levels/AU/AU_net.tex.xbx,217,973a6dd0,32,32,1
levels/AU/AU_net.tex.xbx,218,a3fde04c,32,64,1
levels/AU/AU_net.tex.xbx,219,df4c9560,32,32,1
levels/AU/AU_net.tex.xbx,220,837208e8,32,32,5
levels/AU/AU_net.tex.xbx,221,46315e7c,128,128,5
levels/AU/AU_net.tex.xbx,222,17c508c0,128,128,1
levels/AU/AU_net.tex.xbx,223,c4ab0d78,128,128,1
levels/AU/AU_net.tex.xbx,224,9abeab28,128,128,5
levels/AU/AU_net.tex.xbx,225,2d8c54c8,128,128,1
levels/AU/AU_net.tex.xbx,226,dd448bdc,128,128,5
levels/AU/AU_net.tex.xbx,227,a17aa30c,64,64,1
levels/AU/AU_net.tex.xbx,228,67a43b58,128,128,1
levels/AU/AU_net.tex.xbx,229,c0e48b6c,128,128,1
levels/AU/AU_net.tex.xbx,230,03b90944,64,64,5
levels/AU/AU_net.tex.xbx,231,e9b51278,64,64,1
levels/AU/AU_net.tex.xbx,232,4a2c6630,128,128,5
levels/AU/AU_net.tex.xbx,233,ccba8eec,128,128,1
levels/AU/AU_net.tex.xbx,234,9004ff74,128,128,1
levels/AU/AU_net.tex.xbx,235,075e5f00,64,64,5
levels/AU/AU_net.tex.xbx,236,15d3a744,64,64,5
levels/AU/AU_net.tex.xbx,237,8b62d288,128,32,5
levels/AU/AU_net.tex.xbx,238,301ac138,128,128,5
levels/AU/AU_net.tex.xbx,239,f64b4e10,64,64,5
levels/AU/AU_net.tex.xbx,240,efab24c4,64,64,5
levels/AU/AU_net.tex.xbx,241,3b356480,64,64,1
levels/AU/AU_net.tex.xbx,242,3eb8661c,32,32,5
levels/AU/AU_net.tex.xbx,243,ea431388,64,64,5
levels/AU/AU_net.tex.xbx,244,cf625fe8,128,64,5
levels/AU/AU_net.tex.xbx,245,ed9e9434,128,128,5
levels/AU/AU_net.tex.xbx,246,0de8cbe8,32,32,5
levels/AU/AU_net.tex.xbx,247,4dfaf194,128,128,1
levels/AU/AU_net.tex.xbx,248,dc859810,128,128,1
levels/AU/AU_net.tex.xbx,249,be90850c,128,128,5
levels/AU/AU_net.tex.xbx,250,5a0a0d7c,64,64,1
levels/AU/AU_net.tex.xbx,251,ec19b2a4,64,128,1
levels/AU/AU_net.tex.xbx,252,f94b367c,64,128,1
levels/AU/AU_net.tex.xbx,253,fe7864ac,64,64,1
levels/AU/AU_net.tex.xbx,254,de1c9dc8,64,128,1
levels/AU/AU_net.tex.xbx,255,ccdb0690,64,128,1
levels/AU/AU_net.tex.xbx,256,b365923c,64,128,1
levels/AU/AU_net.tex.xbx,257,2a93ea30,64,64,1
levels/AU/AU_net.tex.xbx,258,ba796178,64,64,1
levels/AU/AU_net.tex.xbx,259,19d2fca8,64,128,1
levels/AU/AU_net.tex.xbx,260,c2d911ac,128,128,1
levels/AU/AU_net.tex.xbx,261,4511242c,64,64,1
levels/AU/AU_net.tex.xbx,262,122bb064,64,128,1
levels/AU/AU_net.tex.xbx,263,b27533c0,64,64,1
levels/AU/AU_net.tex.xbx,264,96450440,64,64,1
levels/AU/AU_net.tex.xbx,265,d9fb7948,64,64,1
levels/AU/AU_net.tex.xbx,266,b0786884,128,128,1
levels/AU/AU_net.tex.xbx,267,e0d8e1e4,64,64,5
levels/AU/AU_net.tex.xbx,268,2dfeac00,128,128,1
levels/AU/AU_net.tex.xbx,269,5fbf4394,64,32,5
levels/AU/AU_net.tex.xbx,270,c1c48338,32,32,1
levels/AU/AU_net.tex.xbx,271,79c9cb00,64,64,1
levels/AU/AU_net.tex.xbx,272,f26e0bf8,128,64,1
levels/AU/AU_net.tex.xbx,273,90d58260,64,32,1
levels/AU/AU_net.tex.xbx,274,c4b9322c,128,16,1
levels/AU/AU_net.tex.xbx,275,d0a7fb94,64,64,1
levels/AU/AU_net.tex.xbx,276,de84c910,32,32,1
levels/AU/AU_net.tex.xbx,277,093b5c7c,32,32,1
levels/AU/AU_net.tex.xbx,278,9e2a8e7c,64,64,1
levels/AU/AU_net.tex.xbx,279,7ab38f90,32,32,1
levels/AU/AU_net.tex.xbx,280,c18023ac,32,32,5
levels/AU/AU_net.tex.xbx,281,bd0c4048,32,32,1
levels/AU/AU_net.tex.xbx,282,40924b6c,64,64,1
levels/AU/AU_net.tex.xbx,283,e0904fc8,32,64,1
levels/AU/AU_net.tex.xbx,284,18129188,128,128,5
levels/AU/AU_net.tex.xbx,285,00bf1a38,64,32,5
levels/AU/AU_net.tex.xbx,286,ac85a834,64,128,1
levels/AU/AU_net.tex.xbx,287,dab75c74,64,64,5
levels/AU/AU_net.tex.xbx,288,be66f424,32,32,1
levels/AU/AU_net.tex.xbx,289,16eeddd8,32,32,1
levels/AU/AU_net.tex.xbx,290,12f08334,128,128,1
levels/AU/AU_net.tex.xbx,291,4e894684,128,128,1
levels/AU/AU_net.tex.xbx,292,c0979474,128,128,1
levels/AU/AU_net.tex.xbx,293,76582bdc,64,64,5
levels/AU/AU_net.tex.xbx,294,5939ccdc,128,128,5
levels/AU/AU_net.tex.xbx,295,d7cdb784,128,128,5
levels/AU/AU_net.tex.xbx,296,9b722adc,64,128,5
levels/AU/AU_net.tex.xbx,297,dca81dec,128,128,1
levels/AU/AU_net.tex.xbx,298,d6a237a8,128,128,5
levels/AU/AU_net.tex.xbx,299,27127324,64,64,5
levels/AU/AU_net.tex.xbx,300,520cf230,64,64,1
levels/AU/AU_net.tex.xbx,301,ba9daaa0,64,128,5
levels/AU/AU_net.tex.xbx,302,98064d88,64,64,5
levels/AU/AU_net.tex.xbx,303,950df8e0,16,16,5
levels/AU/AU_net.tex.xbx,304,6c93ac1c,16,16,1
levels/AU/AU_net.tex.xbx,305,c815cbb8,64,64,5
levels/AU/AU_net.tex.xbx,306,fcbc470c,64,64,5
levels/AU/AU_net.tex.xbx,307,2fa39fb0,64,64,5
levels/AU/AU_net.tex.xbx,308,be1659f4,64,64,5
levels/AU/AU_net.tex.xbx,309,a39b77a8,64,128,1
levels/AU/AU_net.tex.xbx,310,5b6d3474,128,64,1
levels/AU/AU_net.tex.xbx,311,c6601c84,128,64,1
levels/AU/AU_net.tex.xbx,312,3f83f7d8,64,64,1
levels/AU/AU_net.tex.xbx,313,75255f3c,64,128,1
levels/AU/AU_net.tex.xbx,314,d94921e0,128,64,1
levels/AU/AU_net.tex.xbx,315,5bad8ae4,64,128,1
levels/AU/AU_net.tex.xbx,316,74244780,64,128,1
levels/AU/AU_net.tex.xbx,317,96ae0764,64,128,1
levels/AU/AU_net.tex.xbx,318,b03976f4,128,128,1
levels/AU/AU_net.tex.xbx,319,dc27169c,128,128,1
levels/AU/AU_net.tex.xbx,320,039785dc,64,128,5
levels/AU/AU_net.tex.xbx,321,6f9e23f8,64,64,1
levels/AU/AU_net.tex.xbx,322,0e4dd000,64,64,1
levels/AU/AU_net.tex.xbx,323,647e07c8,32,32,1
levels/AU/AU_net.tex.xbx,324,f6303190,32,64,1
levels/AU/AU_net.tex.xbx,325,9bbd2c08,64,64,5
levels/AU/AU_net.tex.xbx,326,247fca9c,128,128,1
levels/AU/AU_net.tex.xbx,327,52d9ade8,32,64,1
levels/AU/AU_net.tex.xbx,328,3231ada8,64,64,1
levels/AU/AU_net.tex.xbx,329,22bd9b94,64,64,5
levels/AU/AU_net.tex.xbx,330,3e1992e4,64,64,5
levels/AU/AU_net.tex.xbx,331,c493c1fc,64,64,1
levels/AU/AU_net.tex.xbx,332,a8ad4ba4,64,64,5
levels/AU/AU_net.tex.xbx,333,361e74a8,64,64,5
levels/AU/AU_net.tex.xbx,334,cc7e6098,64,64,1
levels/AU/AU_net.tex.xbx,335,b6181284,64,64,1
levels/AU/AU_net.tex.xbx,336,5b204fac,64,64,1
levels/AU/AU_net.tex.xbx,337,8e720f44,64,128,1
levels/AU/AU_net.tex.xbx,338,48b43288,64,64,1
levels/AU/AU_net.tex.xbx,339,bd29971c,64,64,5
levels/AU/AU_net.tex.xbx,340,eabc5194,128,64,1
levels/AU/AU_net.tex.xbx,341,ab0cefa0,64,128,1
levels/AU/AU_net.tex.xbx,342,533bef48,128,64,1
levels/AU/AU_net.tex.xbx,343,3e38c780,128,128,5
levels/AU/AU_net.tex.xbx,344,238242a8,128,128,5
levels/AU/AU_net.tex.xbx,345,1d7c5eec,128,128,5
levels/AU/AU_net.tex.xbx,346,38e0f8f8,128,128,1
levels/AU/AU_net.tex.xbx,347,0b5f685c,64,64,1
levels/AU/AU_net.tex.xbx,348,bea85780,128,128,5
levels/AU/AU_net.tex.xbx,349,5eb0a1d0,64,64,5
levels/AU/AU_net.tex.xbx,350,a91e26a0,64,64,5
levels/AU/AU_net.tex.xbx,351,1b835798,64,32,1
levels/AU/AU_net.tex.xbx,352,4bdefc44,32,32,5
levels/AU/AU_net.tex.xbx,353,305f5728,32,32,1
levels/AU/AU_net.tex.xbx,354,7e654fbc,128,64,1
levels/AU/AU_net.tex.xbx,355,acdaa9e8,64,32,1
levels/AU/AU_net.tex.xbx,356,5cc8a10c,32,32,1
levels/AU/AU_net.tex.xbx,357,6ca27574,64,64,1
levels/AU/AU_net.tex.xbx,358,c4bcb12c,64,64,5
levels/AU/AU_net.tex.xbx,359,274db244,64,64,5
levels/AU/AU_net.tex.xbx,360,bbc30400,64,32,5
levels/AU/AU_net.tex.xbx,361,18c8e208,64,64,1
levels/AU/AU_net.tex.xbx,362,e158e400,64,128,1
levels/AU/AU_net.tex.xbx,363,faefe258,32,32,1
levels/AU/AU_net.tex.xbx,364,28ec14cc,64,64,1
levels/AU/AU_net.tex.xbx,365,3c17a49c,64,64,1
levels/AU/AU_net.tex.xbx,366,e4c44544,64,64,1
levels/AU/AU_net.tex.xbx,367,9ad7cf4c,64,64,1
levels/AU/AU_net.tex.xbx,368,0b10a304,16,16,1
levels/AU/AU_net.tex.xbx,369,bc708cf0,32,32,1
levels/AU/AU_net.tex.xbx,370,e8550190,64,128,1
levels/AU/AU_net.tex.xbx,371,9d7414d0,128,64,1
levels/AU/AU_net.tex.xbx,372,9fd07148,128,128,1
levels/AU/AU_net.tex.xbx,373,fc1e4084,128,128,5
levels/AU/AU_net.tex.xbx,374,2d9105c0,128,64,5
levels/AU/AU_net.tex.xbx,375,a1a9c408,64,64,1
levels/AU/AU_net.tex.xbx,376,5470b760,64,64,5
levels/AU/AU_net.tex.xbx,377,a5fdfee4,64,64,5
levels/AU/AU_net.tex.xbx,378,23641d58,128,64,1
levels/AU/AU_net.tex.xbx,379,f5b42f34,128,64,1
levels/AU/AU_net.tex.xbx,380,3c570f3c,64,32,1
levels/AU/AU_net.tex.xbx,381,20678264,128,64,1
levels/AU/AU_net.tex.xbx,382,b0ccb768,128,128,1
levels/AU/AU_net.tex.xbx,383,5ab9fb18,64,128,5
levels/AU/AU_net.tex.xbx,384,dc2e93c0,64,64,5
levels/AU/AU_net.tex.xbx,385,c4351868,64,64,1
levels/AU/AU_net.tex.xbx,386,ca8c3658,64,64,1
levels/AU/AU_net.tex.xbx,387,42c10b74,64,64,1
levels/AU/AU_net.tex.xbx,388,5efe82ec,32,64,1
levels/AU/AU_net.tex.xbx,389,058a2cc4,64,64,5
levels/AU/AU_net.tex.xbx,390,f3ffcc80,64,64,1
levels/AU/AU_net.tex.xbx,391,0dd5d9b8,64,64,1
levels/AU/AU_net.tex.xbx,392,74088b48,64,64,1
levels/AU/AU_net.tex.xbx,393,892a5bfc,64,64,1
levels/AU/AU_net.tex.xbx,394,11e648c0,64,128,1
levels/AU/AU_net.tex.xbx,395,11338e38,64,128,1
levels/AU/AU_net.tex.xbx,396,a97115e0,32,32,5
levels/AU/AU_net.tex.xbx,397,66ace4b4,64,64,1
levels/AU/AU_net.tex.xbx,398,86b547dc,64,64,1
levels/AU/AU_net.tex.xbx,399,982a81c8,64,64,1
levels/AU/AU_net.tex.xbx,400,626b3dc4,64,64,1
levels/AU/AU_net.tex.xbx,401,7612ecd0,128,128,1
levels/AU/AU_net.tex.xbx,402,4d9dc008,128,128,5
levels/AU/AU_net.tex.xbx,403,dc10069c,128,128,5
levels/AU/AU_net.tex.xbx,404,bfae97c4,64,64,5
levels/AU/AU_net.tex.xbx,405,792b86c4,64,64,5
levels/AU/AU_net.tex.xbx,406,1c93fb9c,64,64,5
levels/AU/AU_net.tex.xbx,407,e806bb08,64,64,5
levels/AU/AU_net.tex.xbx,408,d7aa5428,16,16,2
levels/AU/AU_net.tex.xbx,409,4634f57c,16,16,5
levels/AU/AU_net.tex.xbx,410,498b7c24,16,16,5
levels/AU/AU_net.tex.xbx,411,d2a5d404,16,16,5
levels/AU/AU_net.tex.xbx,412,961a4a5c,16,16,5
levels/AU/AU_net.tex.xbx,413,390e3204,16,16,5
levels/AU/AU_net.tex.xbx,414,5530c05c,16,16,5
levels/AU/AU_net.tex.xbx,415,c9a30648,16,16,5
levels/AU/AU_net.tex.xbx,416,cd9b9740,16,16,5
levels/AU/AU_net.tex.xbx,417,2cb88640,16,16,5
levels/AU/AU_net.tex.xbx,418,7086fb48,16,16,5
levels/AU/AU_net.tex.xbx,419,a1f9bb5c,16,16,5
levels/AU/AU_net.tex.xbx,420,fe463304,16,16,5
levels/AU/AU_net.tex.xbx,421,0b48cdd8,16,16,5
levels/AU/AU_net.tex.xbx,422,67f83fb0,16,16,5
levels/AU/AU_net.tex.xbx,423,890f2bd8,16,16,5
levels/AU/AU_net.tex.xbx,424,0cb0b5b0,16,16,5
levels/AU/AU_net.tex.xbx,425,f83e03f4,16,16,5
levels/AU/AU_net.tex.xbx,426,94818a6c,16,16,5
levels/AU/AU_net.tex.xbx,427,e1588f6c,16,16,5
levels/AU/AU_net.tex.xbx,428,bd6602f4,16,16,5
levels/AU/AU_net.tex.xbx,429,6bf3c6b0,16,16,5
levels/AU/AU_net.tex.xbx,430,2fcb36d8,16,16,5
levels/AU/AU_net.tex.xbx,431,ac8882b8,16,16,5
levels/AU/AU_net.tex.xbx,432,b0360f90,16,16,5
levels/AU/AU_net.tex.xbx,433,5ec284b8,16,16,5
levels/AU/AU_net.tex.xbx,434,3b7df990,16,16,5
levels/AU/AU_net.tex.xbx,435,eff34d14,16,16,5
levels/AU/AU_net.tex.xbx,436,b34cc48c,16,16,5
levels/AU/AU_net.tex.xbx,437,06d8bf8c,16,16,5
levels/AU/AU_net.tex.xbx,438,8a684e14,16,16,5
levels/AU/AU_net.tex.xbx,439,7bdde890,16,16,5
levels/AU/AU_net.tex.xbx,440,c4ac6cc8,128,128,5
levels/AU/AU_net.tex.xbx,441,c814f4c0,64,64,5
levels/AU/AU_net.tex.xbx,442,482c7efc,128,128,5
levels/AU/AU_net.tex.xbx,443,4c130ea4,128,128,5
levels/AU/AU_net.tex.xbx,444,4107a8bc,128,64,5
levels/AU/AU_net.tex.xbx,445,4420a6d8,128,128,1
levels/AU/AU_net.tex.xbx,446,c1aa3168,64,64,1
levels/AU/AU_net.tex.xbx,447,d479d180,128,128,1
levels/AU/AU_net.tex.xbx,448,347abc24,64,128,1
levels/AU/AU_net.tex.xbx,449,24e1d55c,64,128,1
levels/AU/AU_net.tex.xbx,450,09b20b8c,128,32,1
levels/AU/AU_net.tex.xbx,451,6f0c1d0c,64,128,1
levels/AU/AU_net.tex.xbx,452,a3995938,128,64,1
levels/AU/AU_net.tex.xbx,453,c5900570,64,64,1
levels/AU/AU_net.tex.xbx,454,23af44e4,128,128,1
levels/AU/AU_net.tex.xbx,455,79adc194,64,64,5
levels/AU/AU_net.tex.xbx,456,dda70c20,128,128,1
levels/AU/AU_net.tex.xbx,457,9d9f6c58,64,64,5
levels/AU/AU_net.tex.xbx,458,f9109aa8,128,64,5
levels/AU/AU_net.tex.xbx,459,d0f40808,64,64,1
levels/AU/AU_net.tex.xbx,460,194ca3f8,128,64,5
levels/AU/AU_net.tex.xbx,461,019d95b8,64,64,1
levels/AU/AU_net.tex.xbx,462,8b569668,32,32,5
levels/AU/AU_net.tex.xbx,463,1d10e990,64,128,1
levels/AU/AU_net.tex.xbx,464,a0c1f6ec,64,64,5
levels/AU/AU_net.tex.xbx,465,f1f5cc14,32,32,1
levels/AU/AU_net.tex.xbx,466,2929f390,64,128,1
levels/AU/AU_net.tex.xbx,467,4c6560e8,64,64,1
levels/AU/AU_net.tex.xbx,468,7476dbb8,64,64,5
levels/AU/AU_net.tex.xbx,469,32f6e988,64,64,1
levels/AU/AU_net.tex.xbx,470,7e0ef2f0,32,32,1
levels/AU/AU_net.tex.xbx,471,6352bff0,32,32,1
levels/AU/AU_net.tex.xbx,472,fbf31178,32,32,1
levels/AU/AU_net.tex.xbx,473,22b0ad5c,32,32,1
levels/AU/AU_net.tex.xbx,474,a17b3950,64,128,1
levels/AU/AU_net.tex.xbx,475,35f0fd54,64,64,5
levels/AU/AU_net.tex.xbx,476,daaf7498,64,128,1
levels/AU/AU_net.tex.xbx,477,83c426d4,64,64,1
levels/AU/AU_net.tex.xbx,478,753662d0,64,64,1
levels/AU/AU_net.tex.xbx,479,b2df30e0,128,128,1
levels/AU/AU_net.tex.xbx,480,37493844,64,64,5
levels/AU/AU_net.tex.xbx,481,0270c648,64,64,2
levels/AU/AU_net.tex.xbx,482,9179e21c,64,128,5
levels/AU/AU_net.tex.xbx,483,58106170,64,64,1
levels/AU/AU_net.tex.xbx,484,35aa5e3c,64,128,1
levels/AU/AU_net.tex.xbx,485,4ca1c6b8,64,128,1
levels/AU/AU_net.tex.xbx,486,c9d56d54,128,64,5
levels/AU/AU_net.tex.xbx,487,810e51a4,128,64,5
levels/AU/AU_net.tex.xbx,488,597e7488,128,64,1
levels/AU/AU_net.tex.xbx,489,bf98a7c4,128,128,1
levels/AU/AU_net.tex.xbx,490,2d4211b0,32,64,1
levels/AU/AU_net.tex.xbx,491,50714ce0,64,64,1
levels/AU/AU_net.tex.xbx,492,d22243c8,64,128,1
levels/AU/AU_net.tex.xbx,493,3853a3c4,64,128,1
levels/AU/AU_net.tex.xbx,494,80cf1014,64,64,1
levels/AU/AU_net.tex.xbx,495,0f7ba6b0,64,64,1
levels/AU/AU_net.tex.xbx,496,8bc14404,128,128,5
levels/AU/AU_net.tex.xbx,497,e6abc924,64,64,5
levels/AU/AU_net.tex.xbx,498,411f3cd4,32,32,1
levels/AU/AU_net.tex.xbx,499,34b0d018,64,64,1
levels/AU/AU_net.tex.xbx,500,208960ac,64,64,1
levels/AU/AU_net.tex.xbx,501,a3016ef8,64,64,1
levels/AU/AU_net.tex.xbx,502,793bd6c4,64,64,1
levels/AU/AU_net.tex.xbx,503,f56a2b5c,64,64,5
levels/AU/AU_net.tex.xbx,504,8ccda134,16,32,5
levels/AU/AU_net.tex.xbx,505,c6ba7f30,32,32,5
levels/AU/AU_net.tex.xbx,506,ab226808,128,128,1
levels/AU/AU_net.tex.xbx,507,86851da8,64,64,1
levels/AU/AU_net.tex.xbx,508,98fe686c,32,64,5
levels/AU/AU_net.tex.xbx,509,fb8712fc,32,32,5
levels/AU/AU_net.tex.xbx,510,e1b72554,32,128,1
levels/AU/AU_net.tex.xbx,511,7aa8e904,64,64,5
levels/AU/AU_net.tex.xbx,512,f6efa394,64,32,5
levels/AU/AU_net.tex.xbx,513,c21a77bc,32,32,5
levels/AU/AU_net.tex.xbx,514,e88cf654,64,64,1
levels/AU/AU_net.tex.xbx,515,dcf0c6d0,32,32,5
levels/AU/AU_net.tex.xbx,516,d593f7a8,64,64,1
levels/AU/AU_net.tex.xbx,517,42b5b35c,32,32,5
levels/AU/AU_net.tex.xbx,518,34e0c900,64,64,1
levels/AU/AU_net.tex.xbx,519,6aa6a7d0,64,64,1
levels/AU/AU_net.tex.xbx,520,1c834b9c,64,64,1
levels/AU/AU_net.tex.xbx,521,b88ee794,64,128,5
levels/AU/AU_net.tex.xbx,522,9a85e440,32,32,1
levels/AU/AU_net.tex.xbx,523,46102504,32,32,1
levels/AU/AU_net.tex.xbx,524,4872ef44,128,64,1
levels/AU/AU_net.tex.xbx,525,3cf21c8c,64,64,1
levels/AU/AU_net.tex.xbx,526,b7c3f450,64,128,1
levels/AU/AU_net.tex.xbx,527,a00d7614,64,64,1
levels/AU/AU_net.tex.xbx,528,c867dcb8,64,64,5
levels/AU/AU_net.tex.xbx,529,fa4ce760,64,64,1
levels/AU/AU_net.tex.xbx,530,58cca514,64,64,1
levels/AU/AU_net.tex.xbx,531,f1a10b18,32,64,5
levels/AU/AU_net.tex.xbx,532,48312338,64,128,1
levels/AU/AU_net.tex.xbx,533,712aebec,64,32,1
levels/AU/AU_net.tex.xbx,534,50ba5c24,32,128,5
levels/AU/AU_net.tex.xbx,535,4ef5b0cc,64,128,1
levels/AU/AU_net.tex.xbx,536,be6ff6e0,16,16,1
levels/AU/AU_net.tex.xbx,537,a0681578,64,32,1
levels/AU/AU_net.tex.xbx,538,c3d688d0,32,32,5
levels/AU/AU_net.tex.xbx,539,9c47aa20,64,64,5
levels/AU/AU_net.tex.xbx,540,55ba1d1c,64,32,1
levels/AU/AU_net.tex.xbx,541,585af834,128,128,1
levels/AU/AU_net.tex.xbx,542,50339d24,64,64,1
levels/AU/AU_net.tex.xbx,543,5876b994,64,64,1
levels/AU/AU_net.tex.xbx,544,409f3944,32,16,5
levels/AU/AU_net.tex.xbx,545,a3d86614,64,16,5
levels/AU/AU_net.tex.xbx,546,3d22b3a8,128,32,1
levels/AU/AU_net.tex.xbx,547,3794080c,64,128,1
levels/AU/AU_net.tex.xbx,548,f88eee14,128,64,5
levels/AU/AU_net.tex.xbx,549,407a1c20,128,128,5
levels/AU/AU_net.tex.xbx,550,d19f1170,64,64,1
levels/AU/AU_net.tex.xbx,551,cd1f8018,64,64,1
levels/AU/AU_net.tex.xbx,552,208fcae4,64,64,1
levels/AU/AU_net.tex.xbx,553,0ead5308,64,128,1
levels/AU/AU_net.tex.xbx,554,98814f94,128,128,1
levels/AU/AU_net.tex.xbx,555,7c59ba28,64,64,1
levels/AU/AU_net.tex.xbx,556,bb232d6c,64,64,1
levels/AU/AU_net.tex.xbx,557,c5631f88,64,64,1
levels/AU/AU_net.tex.xbx,558,c8dd8e00,64,64,1
levels/AU/AU_net.tex.xbx,559,840eea10,64,16,1
levels/AU/AU_net.tex.xbx,560,3d67e844,64,64,1
levels/AU/AU_net.tex.xbx,561,b770f9a8,32,32,1
levels/AU/AU_net.tex.xbx,562,d44cc60c,64,64,1
levels/AU/AU_net.tex.xbx,563,fb895758,128,128,1
levels/AU/AU_net.tex.xbx,564,e2096640,64,64,1
levels/AU/AU_net.tex.xbx,565,f4bb28ec,64,32,1
levels/AU/AU_net.tex.xbx,566,78839974,128,128,1
levels/AU/AU_net.tex.xbx,567,46d0fd34,128,128,1
levels/AU/AU_net.tex.xbx,568,0648d058,64,64,1
levels/AU/AU_net.tex.xbx,569,c9d8def4,64,128,5
levels/AU/AU_net.tex.xbx,570,8e794324,128,64,1
levels/AU/AU_net.tex.xbx,571,00d7218c,128,128,5
levels/AU/AU_net.tex.xbx,572,5dc664f8,256,128,5
levels/AU/AU_net.tex.xbx,573,dffde480,64,64,5
levels/AU/AU_net.tex.xbx,574,56e780b0,32,32,5
levels/AU/AU_net.tex.xbx,575,1264e7b8,128,128,5
levels/AU/AU_net.tex.xbx,576,efe50c24,128,128,2
levels/AU/AU_net.tex.xbx,577,fc140fc0,128,128,1
levels/AU/AU_net.tex.xbx,578,0a89b684,128,128,1
levels/AU/AU_net.tex.xbx,579,27e3a764,64,64,1
levels/AU/AU_net.tex.xbx,580,fc48d18c,64,64,1
levels/AU/AU_net.tex.xbx,581,4200b59c,32,64,1
levels/AU/AU_net.tex.xbx,582,24804e98,128,64,5
levels/AU/AU_net.tex.xbx,583,a3d864b4,64,128,1
levels/AU/AU_net.tex.xbx,584,2c5ef498,64,128,1
levels/AU/AU_net.tex.xbx,585,6cf662a8,64,128,1
levels/AU/AU_net.tex.xbx,586,7c0a9fb0,32,64,5
levels/AU/AU_net.tex.xbx,587,621957ac,128,64,5
levels/AU/AU_net.tex.xbx,588,c025a438,64,64,1
levels/AU/AU_net.tex.xbx,589,783f32fc,64,64,5
levels/AU/AU_net.tex.xbx,590,a5e0507c,64,64,1
levels/AU/AU_net.tex.xbx,591,5544b690,16,64,1
levels/AU/AU_net.tex.xbx,592,04d25a8c,64,128,1
levels/AU/AU_net.tex.xbx,593,5ce10160,128,64,1
levels/AU/AU_net.tex.xbx,594,712f77c8,128,128,5
levels/AU/AU_net.tex.xbx,595,3c874184,128,128,5
levels/AU/AU_net.tex.xbx,596,f8095b54,64,64,1
levels/AU/AU_net.tex.xbx,597,aeb00a3c,128,128,1
levels/AU/AU_net.tex.xbx,598,a5798218,128,128,5
levels/AU/AU_net.tex.xbx,599,79ebc42c,128,128,5
levels/AU/AU_net.tex.xbx,600,05ffe6f0,128,64,1
levels/AU/AU_net.tex.xbx,601,cc13d3d8,128,16,1
levels/AU/AU_net.tex.xbx,602,7663217c,128,64,5
levels/AU/AU_net.tex.xbx,603,00d22f74,128,64,5
levels/AU/AU_net.tex.xbx,604,ed397da0,64,128,5
levels/AU/AU_net.tex.xbx,605,35733500,128,128,1
levels/AU/AU_net.tex.xbx,606,c5473f2c,128,64,5
levels/AU/AU_net.tex.xbx,607,bf37cae4,128,64,1
levels/AU/AU_net.tex.xbx,608,10d4f718,128,64,1
levels/AU/AU_net.tex.xbx,609,77f3cfe4,128,128,1
levels/AU/AU_net.tex.xbx,610,3c5e2c5c,64,64,1
levels/AU/AU_net.tex.xbx,611,e9eeec64,32,64,1
levels/AU/AU_net.tex.xbx,612,1e67e668,32,32,1
levels/AU/AU_net.tex.xbx,613,357c8ce0,8,64,5
levels/AU/AU_net.tex.xbx,614,58c41568,8,64,1
levels/AU/AU_net.tex.xbx,615,aeea6050,64,64,1
levels/AU/AU_net.tex.xbx,616,3b8ca8a0,64,128,1
levels/AU/AU_net.tex.xbx,617,3e45fa90,64,32,1
levels/AU/AU_net.tex.xbx,618,6946406c,64,128,1
levels/AU/AU_net.tex.xbx,619,9a5c07d4,128,64,1
levels/AU/AU_net.tex.xbx,620,24f9d1f4,32,64,1
levels/AU/AU_net.tex.xbx,621,43482d98,64,128,1
levels/AU/AU_net.tex.xbx,622,247fc194,64,64,5
levels/AU/AU_net.tex.xbx,623,f46d3738,64,64,1
levels/AU/AU_net.tex.xbx,624,5ac2b8b8,64,64,1
levels/AU/AU_net.tex.xbx,625,12841a38,64,64,5
levels/AU/AU_net.tex.xbx,626,576755b4,64,64,1
levels/AU/AU_net.tex.xbx,627,8bd9f0f0,64,64,1
levels/AU/AU_net.tex.xbx,628,945f5790,64,64,1
levels/AU/AU_net.tex.xbx,629,af6e9704,128,128,1
levels/AU/AU_net.tex.xbx,630,4014b834,128,64,1
levels/AU/AU_net.tex.xbx,631,70e17cf0,64,128,1
levels/AU/AU_net.tex.xbx,632,70d362cc,64,64,1
levels/AU/AU_net.tex.xbx,633,a24b0eb0,64,128,1
levels/AU/AU_net.tex.xbx,634,63f2a684,64,128,1
levels/AU/AU_net.tex.xbx,635,4c9a2b64,128,128,1
levels/AU/AU_net.tex.xbx,636,1d2c757c,64,128,1
levels/AU/AU_net.tex.xbx,637,5a280e1c,128,64,2
levels/AU/AU_net.tex.xbx,638,7e6c8e88,128,64,2
levels/AU_Sky/AU_Sky.tex.xbx,0,4f34e7bc,16,16,1
levels/AU_Sky/AU_Sky.tex.xbx,1,033c4b88,128,128,1
levels/AU_Sky/AU_Sky.tex.xbx,2,0eaefe1c,128,128,1
levels/AU_Sky/AU_Sky.tex.xbx,3,da27c700,128,128,1
levels/AU_Sky/AU_Sky.tex.xbx,4,9e83d200,128,128,1
levels/AU_Sky/AU_Sky_net.tex.xbx,0,4f34e7bc,16,16,1
levels/AU_Sky/AU_Sky_net.tex.xbx,1,033c4b88,128,128,1
levels/AU_Sky/AU_Sky_net.tex.xbx,2,0eaefe1c,128,128,1
levels/AU_Sky/AU_Sky_net.tex.xbx,3,da27c700,128,128,1
levels/AU_Sky/AU_Sky_net.tex.xbx,4,9e83d200,128,128,1
levels/BA/BA.tex.xbx,0,5552b098,32,32,1
levels/BA/BA.tex.xbx,1,6f9e23f8,64,64,1
levels/BA/BA.tex.xbx,2,0e4dd000,64,64,1
levels/BA/BA.tex.xbx,3,529bb218,128,128,1
levels/BA/BA.tex.xbx,4,34abe774,64,64,5
levels/BA/BA.tex.xbx,5,2de5f2d0,128,64,1
levels/BA/BA.tex.xbx,6,8c78eab8,64,64,1
levels/BA/BA.tex.xbx,7,c0743d3c,128,128,5
levels/BA/BA.tex.xbx,8,ab60c374,128,128,5
levels/BA/BA.tex.xbx,9,7e02e998,128,64,1
levels/BA/BA.tex.xbx,10,96f5d138,64,64,5
levels/BA/BA.tex.xbx,11,c480e5e8,128,64,5
levels/BA/BA.tex.xbx,12,8f621af8,128,128,5
levels/BA/BA.tex.xbx,13,76cbdab4,128,32,5
levels/BA/BA.tex.xbx,14,9ff69690,32,32,5
levels/BA/BA.tex.xbx,15,a1c79690,32,64,1
levels/BA/BA.tex.xbx,16,14877188,128,128,2
levels/BA/BA.tex.xbx,17,5dd30600,32,32,5
levels/BA/BA.tex.xbx,18,83259ea4,64,64,5
levels/BA/BA.tex.xbx,19,4e7ddb38,64,64,5
levels/BA/BA.tex.xbx,20,e8593500,128,32,5
levels/BA/BA.tex.xbx,21,cd4ee5ac,64,64,5
levels/BA/BA.tex.xbx,22,21c1a398,128,128,5
levels/BA/BA.tex.xbx,23,d291e8b4,64,64,5
levels/BA/BA.tex.xbx,24,23f60dc8,32,32,1
levels/BA/BA.tex.xbx,25,6087dae0,128,128,5
levels/BA/BA.tex.xbx,26,2cf63b2c,64,64,5
levels/BA/BA.tex.xbx,27,d363d348,128,64,5
levels/BA/BA.tex.xbx,28,69bc7958,128,128,5
levels/BA/BA.tex.xbx,29,83ce1518,64,64,5
levels/BA/BA.tex.xbx,30,4fb09b7c,128,128,5
levels/BA/BA.tex.xbx,31,1d7db7bc,128,64,5
levels/BA/BA.tex.xbx,32,948608c8,256,256,5
levels/BA/BA.tex.xbx,33,303df3f0,128,64,1
levels/BA/BA.tex.xbx,34,54cbaa30,64,64,5
levels/BA/BA.tex.xbx,35,a1c9e398,64,128,5
levels/BA/BA.tex.xbx,36,d034a0a0,128,128,5
levels/BA/BA.tex.xbx,37,d3ec5850,128,128,5
levels/BA/BA.tex.xbx,38,53f9e674,64,64,5
levels/BA/BA.tex.xbx,39,cb679800,128,128,1
levels/BA/BA.tex.xbx,40,20fc4208,128,128,1
levels/BA/BA.tex.xbx,41,e46facb0,64,128,5
levels/BA/BA.tex.xbx,42,e8322ec0,128,128,5
levels/BA/BA.tex.xbx,43,12dd0a88,256,32,1
levels/BA/BA.tex.xbx,44,8ea381a0,128,128,1
levels/BA/BA.tex.xbx,45,5a6f452c,256,128,5
levels/BA/BA.tex.xbx,46,ab7cd13c,64,64,1
levels/BA/BA.tex.xbx,47,a59658e8,64,64,5
levels/BA/BA.tex.xbx,48,994de81c,32,32,5
levels/BA/BA.tex.xbx,49,c25b542c,64,64,5
levels/BA/BA.tex.xbx,50,68037178,32,32,1
levels/BA/BA.tex.xbx,51,0d93a1f4,128,64,1
levels/BA/BA.tex.xbx,52,befebfc4,128,128,1
levels/BA/BA.tex.xbx,53,49b6cce4,32,64,1
levels/BA/BA.tex.xbx,54,1a2cdfb4,64,16,5
levels/BA/BA.tex.xbx,55,53340a40,128,128,1
levels/BA/BA.tex.xbx,56,285bc7dc,128,64,1
levels/BA/BA.tex.xbx,57,228b64f4,128,64,1
levels/BA/BA.tex.xbx,58,ca45d560,64,64,5
levels/BA/BA.tex.xbx,59,52da52ac,128,128,5
levels/BA/BA.tex.xbx,60,0e66dfb4,128,128,5
levels/BA/BA.tex.xbx,61,7879999c,128,32,5
levels/BA/BA.tex.xbx,62,9c814e68,64,32,5
levels/BA/BA.tex.xbx,63,9645ca90,32,32,1
levels/BA/BA.tex.xbx,64,680ee83c,128,16,5
levels/BA/BA.tex.xbx,65,3439c854,128,64,5
levels/BA/BA.tex.xbx,66,98c42500,64,128,1
levels/BA/BA.tex.xbx,67,e66f8234,128,128,1
levels/BA/BA.tex.xbx,68,00031428,128,64,1
levels/BA/BA.tex.xbx,69,25f1dec8,32,32,5
levels/BA/BA.tex.xbx,70,75a31e0c,128,128,5
levels/BA/BA.tex.xbx,71,0ef89ac4,64,64,5
levels/BA/BA.tex.xbx,72,1881a6f0,64,64,1
levels/BA/BA.tex.xbx,73,051de01c,64,16,5
levels/BA/BA.tex.xbx,74,5f8e699c,128,128,5
levels/BA/BA.tex.xbx,75,a6c7a690,128,64,5
levels/BA/BA.tex.xbx,76,5364d244,64,64,5
levels/BA/BA.tex.xbx,77,5b0a0170,128,64,5
levels/BA/BA.tex.xbx,78,b24ddd58,128,64,5
levels/BA/BA.tex.xbx,79,a480f588,64,128,1
levels/BA/BA.tex.xbx,80,072862ec,128,128,1
levels/BA/BA.tex.xbx,81,e6b98eb0,128,128,1
levels/BA/BA.tex.xbx,82,a151e804,32,32,1
levels/BA/BA.tex.xbx,83,e526d8a0,32,128,1
levels/BA/BA.tex.xbx,84,c2f57160,16,128,5
levels/BA/BA.tex.xbx,85,53d8fb10,32,16,5
levels/BA/BA.tex.xbx,86,d7c82638,64,16,5
levels/BA/BA.tex.xbx,87,be2f8b58,64,64,1
levels/BA/BA.tex.xbx,88,5571a950,64,64,1
levels/BA/BA.tex.xbx,89,154c3258,128,32,1
levels/BA/BA.tex.xbx,90,46a55c80,64,32,1
levels/BA/BA.tex.xbx,91,585af834,128,128,1
levels/BA/BA.tex.xbx,92,555cea04,64,64,1
levels/BA/BA.tex.xbx,93,dc09015c,64,64,1
levels/BA/BA.tex.xbx,94,ad5a093c,64,64,5
levels/BA/BA.tex.xbx,95,dff91ec4,128,64,1
levels/BA/BA.tex.xbx,96,f54667ec,128,64,1
levels/BA/BA.tex.xbx,97,01ecc65c,128,128,5
levels/BA/BA.tex.xbx,98,9b43c2fc,64,64,5
levels/BA/BA.tex.xbx,99,5e93fda8,128,32,5
levels/BA/BA.tex.xbx,100,527fffb4,64,64,1
levels/BA/BA.tex.xbx,101,83f546f0,128,64,1
levels/BA/BA.tex.xbx,102,40c18ae0,64,64,1
levels/BA/BA.tex.xbx,103,be01729c,64,64,1
levels/BA/BA.tex.xbx,104,c7317fbc,128,32,5
levels/BA/BA.tex.xbx,105,573bf6d8,64,64,1
levels/BA/BA.tex.xbx,106,a7dfd2a0,64,32,5
levels/BA/BA.tex.xbx,107,caf1e150,32,16,5
levels/BA/BA.tex.xbx,108,a7ddeef0,128,128,1
levels/BA/BA.tex.xbx,109,cbe2153c,64,64,5
levels/BA/BA.tex.xbx,110,f7bdb5d4,64,64,2
levels/BA/BA.tex.xbx,111,1af2c7b0,64,64,5
levels/BA/BA.tex.xbx,112,d1cf0c3c,32,256,1
levels/BA/BA.tex.xbx,113,34c25c90,128,64,5
levels/BA/BA.tex.xbx,114,b51c23d0,128,32,5
levels/BA/BA.tex.xbx,115,65c4daf0,128,64,5
levels/BA/BA.tex.xbx,116,8505d290,64,32,5
levels/BA/BA.tex.xbx,117,c66d554c,64,64,5
levels/BA/BA.tex.xbx,118,294722bc,64,64,5
levels/BA/BA.tex.xbx,119,b6236a58,32,32,1
levels/BA/BA.tex.xbx,120,414b22b8,64,128,2
levels/BA/BA.tex.xbx,121,a1ab998c,64,64,5
levels/BA/BA.tex.xbx,122,5110a708,128,128,1
levels/BA/BA.tex.xbx,123,87c85bb0,64,64,5
levels/BA/BA.tex.xbx,124,47d89588,64,64,5
levels/BA/BA.tex.xbx,125,4dade938,128,128,1
levels/BA/BA.tex.xbx,126,ef516404,64,64,5
levels/BA/BA.tex.xbx,127,e3083e64,128,32,1
levels/BA/BA.tex.xbx,128,05157874,32,32,1
levels/BA/BA.tex.xbx,129,3a101d2c,64,64,1
levels/BA/BA.tex.xbx,130,bcee3710,64,128,1
levels/BA/BA.tex.xbx,131,ff30a428,128,64,5
levels/BA/BA.tex.xbx,132,9b448430,32,8,5
levels/BA/BA.tex.xbx,133,e3463274,128,128,5
levels/BA/BA.tex.xbx,134,b2b21e10,64,64,1
levels/BA/BA.tex.xbx,135,17e50584,64,64,1
levels/BA/BA.tex.xbx,136,670859d8,128,128,1
levels/BA/BA.tex.xbx,137,cbedbe14,128,32,1
levels/BA/BA.tex.xbx,138,c3ca13f4,64,64,1
levels/BA/BA.tex.xbx,139,193ec218,64,64,5
levels/BA/BA.tex.xbx,140,9e38a92c,64,64,5
levels/BA/BA.tex.xbx,141,c0d688cc,64,64,5
levels/BA/BA.tex.xbx,142,067d2468,128,128,5
levels/BA/BA.tex.xbx,143,42b626f8,64,64,1
levels/BA/BA.tex.xbx,144,1c4f5380,32,32,2
levels/BA/BA.tex.xbx,145,349db238,64,64,5
levels/BA/BA.tex.xbx,146,1b5afef0,128,128,5
levels/BA/BA.tex.xbx,147,05009298,64,64,1
levels/BA/BA.tex.xbx,148,3e57babc,128,64,5
levels/BA/BA.tex.xbx,149,cf0877d4,64,64,5
levels/BA/BA.tex.xbx,150,1e16c0f4,128,128,5
levels/BA/BA.tex.xbx,151,2d2bfe6c,64,64,1
levels/BA/BA.tex.xbx,152,67601d20,128,128,5
levels/BA/BA.tex.xbx,153,3a09959c,32,32,1
levels/BA/BA.tex.xbx,154,d95c7cec,64,32,5
levels/BA/BA.tex.xbx,155,ab76f3e4,64,64,1
levels/BA/BA.tex.xbx,156,196f7138,128,128,5
levels/BA/BA.tex.xbx,157,9e6a6148,64,64,5
levels/BA/BA.tex.xbx,158,cc814474,64,32,5
levels/BA/BA.tex.xbx,159,738f4bdc,64,64,5
levels/BA/BA.tex.xbx,160,070ac738,32,64,1
levels/BA/BA.tex.xbx,161,05411594,128,64,1
levels/BA/BA.tex.xbx,162,ce3bf748,64,64,5
levels/BA/BA.tex.xbx,163,d984f894,32,16,5
levels/BA/BA.tex.xbx,164,d1b9d700,32,32,1
levels/BA/BA.tex.xbx,165,d9589b1c,32,32,5
levels/BA/BA.tex.xbx,166,575dc834,32,32,5
levels/BA/BA.tex.xbx,167,aad0bb50,64,64,2
levels/BA/BA.tex.xbx,168,fea5c3c0,64,64,5
levels/BA/BA.tex.xbx,169,a7e70c3c,32,64,5
levels/BA/BA.tex.xbx,170,8b486e28,32,64,5
levels/BA/BA.tex.xbx,171,92ea6e84,32,32,5
levels/BA/BA.tex.xbx,172,8ba6c200,64,64,5
levels/BA/BA.tex.xbx,173,3070eaac,64,64,1
levels/BA/BA.tex.xbx,174,780e7428,64,64,1
levels/BA/BA.tex.xbx,175,ec1beb10,64,128,5
levels/BA/BA.tex.xbx,176,269caac0,64,32,1
levels/BA/BA.tex.xbx,177,df572d20,128,128,1
levels/BA/BA.tex.xbx,178,37577148,64,32,5
levels/BA/BA.tex.xbx,179,1ea78dc4,64,128,1
levels/BA/BA.tex.xbx,180,9e651d38,64,128,1
levels/BA/BA.tex.xbx,181,0e5470b0,64,64,5
levels/BA/BA.tex.xbx,182,02ca18f4,64,64,5
levels/BA/BA.tex.xbx,183,5ff38c14,64,64,5
levels/BA/BA.tex.xbx,184,d13e1664,64,128,1
levels/BA/BA.tex.xbx,185,0c5db854,64,32,5
levels/BA/BA.tex.xbx,186,1cb362e0,64,128,1
levels/BA/BA.tex.xbx,187,d77a6c34,128,64,1
levels/BA/BA.tex.xbx,188,a6580ef0,64,64,5
levels/BA/BA.tex.xbx,189,38aa1438,64,128,5
levels/BA/BA.tex.xbx,190,b222313c,64,64,5
levels/BA/BA.tex.xbx,191,927dac6c,128,128,1
levels/BA/BA.tex.xbx,192,e312d8bc,32,128,1
levels/BA/BA.tex.xbx,193,197e8edc,64,64,5
levels/BA/BA.tex.xbx,194,ae963e28,128,32,1
levels/BA/BA.tex.xbx,195,1bfc8ddc,64,128,1
levels/BA/BA.tex.xbx,196,65c67050,128,64,5
levels/BA/BA.tex.xbx,197,0049d5f0,64,32,1
levels/BA/BA.tex.xbx,198,93e9e098,128,128,1
levels/BA/BA.tex.xbx,199,1c24891c,64,64,5
levels/BA/BA.tex.xbx,200,bd7f88c4,32,32,5
levels/BA/BA.tex.xbx,201,5746dd90,128,128,1
levels/BA/BA.tex.xbx,202,071c6da8,64,64,5
levels/BA/BA.tex.xbx,203,b71b7bc0,64,32,5
levels/BA/BA.tex.xbx,204,18feaa10,64,64,1
levels/BA/BA.tex.xbx,205,335889d8,64,64,5
levels/BA/BA.tex.xbx,206,276f4ed8,128,128,5
levels/BA/BA.tex.xbx,207,a7f1aac4,128,64,5
levels/BA/BA.tex.xbx,208,7ab763e0,16,16,2
levels/BA/BA.tex.xbx,209,672dac78,128,128,1
levels/BA/BA.tex.xbx,210,21103cd0,128,16,5
levels/BA/BA.tex.xbx,211,e4131dcc,16,64,1
levels/BA/BA.tex.xbx,212,999e6c60,64,16,1
levels/BA/BA.tex.xbx,213,f1313be4,32,32,5
levels/BA/BA.tex.xbx,214,0a78f40c,32,32,5
levels/BA/BA.tex.xbx,215,1f921510,32,64,1
levels/BA/BA.tex.xbx,216,03ce1e54,32,128,5
levels/BA/BA.tex.xbx,217,f55bd850,128,64,5
levels/BA/BA.tex.xbx,218,94c97f60,128,64,5
levels/BA/BA.tex.xbx,219,02e2fe28,128,128,1
levels/BA/BA.tex.xbx,220,67f0af4c,128,64,5
levels/BA/BA.tex.xbx,221,358bc778,64,64,5
levels/BA/BA.tex.xbx,222,abaafed4,128,32,5
levels/BA/BA.tex.xbx,223,5a353ad0,64,64,5
levels/BA/BA.tex.xbx,224,f2fb2b44,32,32,1
levels/BA/BA.tex.xbx,225,4db1ff04,64,64,5
levels/BA/BA.tex.xbx,226,38f73d6c,128,128,1
levels/BA/BA.tex.xbx,227,ed1925f4,64,64,1
levels/BA/BA.tex.xbx,228,a1046a34,32,32,1
levels/BA/BA.tex.xbx,229,d69fb544,64,64,1
levels/BA/BA.tex.xbx,230,02fb7ef0,128,64,5
levels/BA/BA.tex.xbx,231,66a26498,64,64,1
levels/BA/BA.tex.xbx,232,0293ddc4,8,8,1
levels/BA/BA.tex.xbx,233,c33060c0,8,8,1
levels/BA/BA.tex.xbx,234,fad8cddc,64,16,1
levels/BA/BA.tex.xbx,235,76e65484,32,16,1
levels/BA/BA.tex.xbx,236,1d6dde84,32,32,1
levels/BA/BA.tex.xbx,237,8f3e9770,64,64,1
levels/BA/BA.tex.xbx,238,12800618,64,64,5
levels/BA/BA.tex.xbx,239,8273a1c0,8,8,1
levels/BA/BA.tex.xbx,240,9f8ef0c8,8,8,1
levels/BA/BA.tex.xbx,241,79d26fdc,8,8,1
levels/BA/BA.tex.xbx,242,49ba1f00,128,32,5
levels/BA/BA.tex.xbx,243,e64b2bc8,16,16,1
levels/BA/BA.tex.xbx,244,382cabc8,16,64,5
levels/BA/BA.tex.xbx,245,e4f573a4,64,64,5
levels/BA/BA.tex.xbx,246,51efa9f0,64,32,5
levels/BA/BA.tex.xbx,247,6efcda34,64,64,5
levels/BA/BA.tex.xbx,248,16479244,64,128,1
levels/BA/BA.tex.xbx,249,a7065d88,64,128,1
levels/BA/BA.tex.xbx,250,8c5450e4,64,64,5
levels/BA/BA.tex.xbx,251,0386b6b8,128,128,1
levels/BA/BA.tex.xbx,252,7507776c,32,32,1
levels/BA/BA.tex.xbx,253,386e873c,32,64,2
levels/BA/BA.tex.xbx,254,51815828,32,64,2
levels/BA/BA.tex.xbx,255,9489b6d0,32,32,1
levels/BA/BA.tex.xbx,256,16aca700,16,32,2
levels/BA/BA.tex.xbx,257,42727678,32,32,1
levels/BA/BA.tex.xbx,258,1c8e5828,64,32,5
levels/BA/BA.tex.xbx,259,6623fb18,64,64,1
levels/BA/BA.tex.xbx,260,db293334,16,16,2
levels/BA/BA.tex.xbx,261,b796bb2c,32,32,1
levels/BA/BA.tex.xbx,262,e0f0f238,64,16,1
levels/BA/BA.tex.xbx,263,3a1e392c,32,32,1
levels/BA/BA.tex.xbx,264,fe0dc02c,64,64,1
levels/BA/BA.tex.xbx,265,a0f8e570,16,64,1
levels/BA/BA.tex.xbx,266,726ba434,16,32,5
levels/BA/BA.tex.xbx,267,e06fdeb4,64,32,5
levels/BA/BA.tex.xbx,268,299b8670,16,64,1
levels/BA/BA.tex.xbx,269,6c0cae60,16,1,1
levels/BA/BA.tex.xbx,270,906ce730,32,128,5
levels/BA/BA.tex.xbx,271,9f026088,64,128,5
levels/BA/BA.tex.xbx,272,2e132eb4,64,64,1
levels/BA/BA.tex.xbx,273,76a6e06c,16,64,5
levels/BA/BA.tex.xbx,274,b32a217c,32,32,5
levels/BA/BA.tex.xbx,275,54e4e09c,64,32,5
levels/BA/BA.tex.xbx,276,633d4ff0,32,32,1
levels/BA/BA.tex.xbx,277,ebb93f9c,16,16,1
levels/BA/BA.tex.xbx,278,b4319424,64,64,1
levels/BA/BA.tex.xbx,279,9ef5a56c,64,64,5
levels/BA/BA.tex.xbx,280,b0d6fd34,32,64,1
levels/BA/BA.tex.xbx,281,2a85fba4,64,32,1
levels/BA/BA.tex.xbx,282,98ce034c,64,32,5
levels/BA/BA.tex.xbx,283,2251b390,64,32,5
levels/BA/BA.tex.xbx,284,2bd9c660,64,128,1
levels/BA/BA.tex.xbx,285,9b7786bc,32,128,5
levels/BA/BA.tex.xbx,286,d63e7b8c,32,32,2
levels/BA/BA.tex.xbx,287,e33705c4,32,128,2
levels/BA/BA.tex.xbx,288,7842a564,64,64,5
levels/BA/BA.tex.xbx,289,c5d38170,32,64,5
levels/BA/BA.tex.xbx,290,d81b36ac,128,128,1
levels/BA/BA.tex.xbx,291,81024090,128,16,5
levels/BA/BA.tex.xbx,292,bf0c1074,32,32,5
levels/BA/BA.tex.xbx,293,e4cf1178,64,16,5
levels/BA/BA.tex.xbx,294,d945a338,64,64,5
levels/BA/BA.tex.xbx,295,e15c2128,32,32,5
levels/BA/BA.tex.xbx,296,af32280c,32,64,5
levels/BA/BA.tex.xbx,297,6ca1c11c,32,32,5
levels/BA/BA.tex.xbx,298,5d2c56b0,32,64,5
levels/BA/BA.tex.xbx,299,e9e6dd48,32,64,5
levels/BA/BA.tex.xbx,300,2866bd8c,64,32,5
levels/BA/BA.tex.xbx,301,7c9c1df0,16,64,5
levels/BA/BA.tex.xbx,302,0eb819dc,32,32,5
levels/BA/BA.tex.xbx,303,b5902844,32,64,5
levels/BA/BA.tex.xbx,304,e95725dc,32,64,5
levels/BA/BA.tex.xbx,305,b0dd700c,64,16,5
levels/BA/BA.tex.xbx,306,9ade2fe0,64,16,5
levels/BA/BA.tex.xbx,307,7df7be34,32,32,5
levels/BA/BA.tex.xbx,308,a6535734,32,32,5
levels/BA/BA.tex.xbx,309,0887ae68,32,32,5
levels/BA/BA.tex.xbx,310,9d176374,128,64,5
levels/BA/BA.tex.xbx,311,9be751e8,16,16,5
levels/BA/BA.tex.xbx,312,a3779ab4,32,16,5
levels/BA/BA.tex.xbx,313,3c099e14,32,16,5
levels/BA/BA.tex.xbx,314,750e37b4,64,32,5
levels/BA/BA.tex.xbx,315,45794dc8,32,16,5
levels/BA/BA.tex.xbx,316,5a614910,16,64,5
levels/BA/BA.tex.xbx,317,e1900fc8,32,32,5
levels/BA/BA.tex.xbx,318,100e4550,16,32,5
levels/BA/BA.tex.xbx,319,200540d8,32,32,5
levels/BA/BA.tex.xbx,320,c0be68e8,32,64,5
levels/BA/BA.tex.xbx,321,a8aeabb4,32,64,5
levels/BA/BA.tex.xbx,322,c027c940,32,16,5
levels/BA/BA.tex.xbx,323,ed60aa90,16,32,5
levels/BA/BA.tex.xbx,324,fd18d2fc,64,32,5
levels/BA/BA.tex.xbx,325,20206ac8,32,64,5
levels/BA/BA.tex.xbx,326,cf1e7508,64,32,5
levels/BA/BA.tex.xbx,327,4a83ec1c,64,64,5
levels/BA/BA.tex.xbx,328,3b62562c,32,64,5
levels/BA/BA.tex.xbx,329,cd878930,32,128,5
levels/BA/BA.tex.xbx,330,5bfe31ac,128,128,1
levels/BA/BA.tex.xbx,331,2e501654,128,128,1
levels/BA/BA.tex.xbx,332,41a03b88,128,128,1
levels/BA/BA.tex.xbx,333,6bc1f41c,32,32,5
levels/BA/BA.tex.xbx,334,5bdb14a8,128,128,1
levels/BA/BA.tex.xbx,335,cc9879b4,64,32,5
levels/BA/BA.tex.xbx,336,2e80de0c,32,128,5
levels/BA/BA.tex.xbx,337,7c503ddc,64,64,5
levels/BA/BA.tex.xbx,338,afefb878,128,64,1
levels/BA/BA.tex.xbx,339,ac7b0620,64,64,1
levels/BA/BA.tex.xbx,340,154dcb40,64,64,5
levels/BA/BA.tex.xbx,341,fd4bb704,32,64,1
levels/BA/BA.tex.xbx,342,05ea672c,64,128,1
levels/BA/BA.tex.xbx,343,f4601f18,64,32,1
levels/BA/BA.tex.xbx,344,1c93c430,64,64,1
levels/BA/BA.tex.xbx,345,4a43c0e4,32,32,5
levels/BA/BA.tex.xbx,346,c07c3b34,32,32,5
levels/BA/BA.tex.xbx,347,1e2f1208,128,128,1
levels/BA/BA.tex.xbx,348,68dae39c,128,128,5
levels/BA/BA.tex.xbx,349,35352ad0,64,64,5
levels/BA/BA.tex.xbx,350,b2522090,64,64,1
levels/BA/BA.tex.xbx,351,0de3d010,64,64,5
levels/BA/BA.tex.xbx,352,abe28624,64,128,1
levels/BA/BA.tex.xbx,353,cfa02488,64,64,1
levels/BA/BA.tex.xbx,354,81be60b0,32,32,2
levels/BA/BA.tex.xbx,355,8f777eec,64,64,5
levels/BA/BA.tex.xbx,356,4e83f014,32,32,5
levels/BA/BA.tex.xbx,357,78596430,64,16,1
levels/BA/BA.tex.xbx,358,62592df8,128,64,5
levels/BA/BA.tex.xbx,359,91e60998,64,64,5
levels/BA/BA.tex.xbx,360,e9693c00,128,32,1
levels/BA/BA.tex.xbx,361,7b5dd79c,128,64,1
levels/BA/BA.tex.xbx,362,10b94980,64,64,1
levels/BA/BA.tex.xbx,363,d77bdcf8,128,64,1
levels/BA/BA.tex.xbx,364,c89c1de8,128,256,1
levels/BA/BA.tex.xbx,365,f42ee260,64,32,5
levels/BA/BA.tex.xbx,366,429c2ee8,128,64,1
levels/BA/BA.tex.xbx,367,44e7e7b0,128,128,1
levels/BA/BA.tex.xbx,368,0aeca178,32,32,5
levels/BA/BA.tex.xbx,369,393ff2d0,128,128,5
levels/BA/BA.tex.xbx,370,f25815a0,64,128,5
levels/BA/BA.tex.xbx,371,b3eb0314,128,64,5
levels/BA/BA.tex.xbx,372,7c4d1338,128,128,1
levels/BA/BA.tex.xbx,373,4b0afb84,128,128,5
levels/BA/BA.tex.xbx,374,d876f2e8,16,64,5
levels/BA/BA.tex.xbx,375,9ce2c5a4,32,64,5
levels/BA/BA.tex.xbx,376,5c5d7f84,64,128,1
levels/BA/BA.tex.xbx,377,6afe4b54,128,128,1
levels/BA/BA.tex.xbx,378,94ef9648,16,32,1
levels/BA/BA.tex.xbx,379,94ea4834,32,16,5
levels/BA/BA.tex.xbx,380,7383a054,64,128,5
levels/BA/BA.tex.xbx,381,b31c469c,128,64,1
levels/BA/BA.tex.xbx,382,fd7d5b00,64,128,5
levels/BA/BA.tex.xbx,383,df77b734,64,128,5
levels/BA/BA.tex.xbx,384,eac4a530,64,16,1
levels/BA/BA.tex.xbx,385,dc62ee88,32,32,2
levels/BA/BA.tex.xbx,386,7fc18ce0,32,32,5
levels/BA/BA.tex.xbx,387,2928d274,64,64,1
levels/BA/BA.tex.xbx,388,5562b4ec,128,128,1
levels/BA/BA.tex.xbx,389,c8384004,128,64,1
levels/BA/BA.tex.xbx,390,96274a24,64,64,2
levels/BA/BA.tex.xbx,391,22a7d518,128,64,5
levels/BA/BA.tex.xbx,392,905a1944,64,32,1
levels/BA/BA.tex.xbx,393,e5fd197c,32,64,5
levels/BA/BA.tex.xbx,394,9bb6ce88,64,64,1
levels/BA/BA.tex.xbx,395,e6a42cfc,64,64,1
levels/BA/BA.tex.xbx,396,a0b0a7ac,64,16,5
levels/BA/BA.tex.xbx,397,310a890c,64,64,1
levels/BA/BA.tex.xbx,398,05502754,32,64,1
levels/BA/BA.tex.xbx,399,05b17a14,64,32,1
levels/BA/BA.tex.xbx,400,f4705b24,128,32,2
levels/BA/BA.tex.xbx,401,61e4f0fc,64,64,5
levels/BA/BA.tex.xbx,402,fb364b50,16,64,5
levels/BA/BA.tex.xbx,403,b5063fc0,32,32,5
levels/BA/BA.tex.xbx,404,23b33f90,128,128,5
levels/BA/BA.tex.xbx,405,d5408714,128,128,5
levels/BA/BA.tex.xbx,406,997e168c,64,64,5
levels/BA/BA.tex.xbx,407,ec56058c,64,64,5
levels/BA/BA.tex.xbx,408,70697c14,64,64,5
levels/BA/BA.tex.xbx,409,64f73a90,64,64,5
levels/BA/BA.tex.xbx,410,d7aa5428,16,16,2
levels/BA/BA.tex.xbx,411,4634f57c,16,16,5
levels/BA/BA.tex.xbx,412,498b7c24,16,16,5
levels/BA/BA.tex.xbx,413,d2a5d404,16,16,5
levels/BA/BA.tex.xbx,414,961a4a5c,16,16,5
levels/BA/BA.tex.xbx,415,390e3204,16,16,5
levels/BA/BA.tex.xbx,416,5530c05c,16,16,5
levels/BA/BA.tex.xbx,417,c9a30648,16,16,5
levels/BA/BA.tex.xbx,418,cd9b9740,16,16,5
levels/BA/BA.tex.xbx,419,2cb88640,16,16,5
levels/BA/BA.tex.xbx,420,7086fb48,16,16,5
levels/BA/BA.tex.xbx,421,a1f9bb5c,16,16,5
levels/BA/BA.tex.xbx,422,fe463304,16,16,5
levels/BA/BA.tex.xbx,423,0b48cdd8,16,16,5
levels/BA/BA.tex.xbx,424,67f83fb0,16,16,5
levels/BA/BA.tex.xbx,425,890f2bd8,16,16,5
levels/BA/BA.tex.xbx,426,0cb0b5b0,16,16,5
levels/BA/BA.tex.xbx,427,f83e03f4,16,16,5
levels/BA/BA.tex.xbx,428,94818a6c,16,16,5
levels/BA/BA.tex.xbx,429,e1588f6c,16,16,5
levels/BA/BA.tex.xbx,430,bd6602f4,16,16,5
levels/BA/BA.tex.xbx,431,6bf3c6b0,16,16,5
levels/BA/BA.tex.xbx,432,2fcb36d8,16,16,5
levels/BA/BA.tex.xbx,433,ac8882b8,16,16,5
levels/BA/BA.tex.xbx,434,b0360f90,16,16,5
levels/BA/BA.tex.xbx,435,5ec284b8,16,16,5
levels/BA/BA.tex.xbx,436,3b7df990,16,16,5
levels/BA/BA.tex.xbx,437,eff34d14,16,16,5
levels/BA/BA.tex.xbx,438,b34cc48c,16,16,5
levels/BA/BA.tex.xbx,439,06d8bf8c,16,16,5
levels/BA/BA.tex.xbx,440,8a684e14,16,16,5
levels/BA/BA.tex.xbx,441,7bdde890,16,16,5
levels/BA/BA.tex.xbx,442,20e273a4,128,128,5
levels/BA/BA.tex.xbx,443,81160108,64,64,2
levels/BA/BA.tex.xbx,444,55bf2dc4,64,64,1
levels/BA/BA.tex.xbx,445,0daa16a8,32,64,1
levels/BA/BA.tex.xbx,446,5dcaa8a8,32,32,1
levels/BA/BA.tex.xbx,447,6ca3c59c,32,32,1
levels/BA/BA.tex.xbx,448,f01b38c4,32,32,5
levels/BA/BA.tex.xbx,449,05e65d74,64,32,1
levels/BA/BA.tex.xbx,450,04ddded0,64,64,2
levels/BA/BA.tex.xbx,451,8ff25c90,64,32,1
levels/BA/BA.tex.xbx,452,c84bcb28,64,64,1
levels/BA/BA.tex.xbx,453,93af8690,64,64,1
levels/BA/BA.tex.xbx,454,16bda1fc,32,32,1
levels/BA/BA.tex.xbx,455,5f235efc,32,32,1
levels/BA/BA.tex.xbx,456,e60c3a9c,32,32,5
levels/BA/BA.tex.xbx,457,f3905124,32,32,5
levels/BA/BA.tex.xbx,458,772a7b6c,64,64,2
levels/BA/BA.tex.xbx,459,a7e4b6d0,64,64,2
levels/BA/BA.tex.xbx,460,3f6051c0,64,32,1
levels/BA/BA.tex.xbx,461,30b95de4,64,64,1
levels/BA/BA.tex.xbx,462,7280baec,32,32,1
levels/BA/BA.tex.xbx,463,a7461cbc,64,16,5
levels/BA/BA.tex.xbx,464,ceba2c78,64,64,5
levels/BA/BA.tex.xbx,465,12c4f3ec,32,128,5
levels/BA/BA.tex.xbx,466,9073b490,64,32,1
levels/BA/BA.tex.xbx,467,369c32b8,32,32,1
levels/BA/BA.tex.xbx,468,1f17e8a0,64,128,1
levels/BA/BA.tex.xbx,469,66e7dd88,64,64,1
levels/BA/BA.tex.xbx,470,4714c1ec,64,128,1
levels/BA/BA.tex.xbx,471,44da6ebc,32,16,1
levels/BA/BA.tex.xbx,472,19b31484,64,32,5
levels/BA/BA.tex.xbx,473,dbc6ca80,64,128,1
levels/BA/BA.tex.xbx,474,2a3d3f7c,32,128,5
levels/BA/BA.tex.xbx,475,166e71ec,32,32,1
levels/BA/BA.tex.xbx,476,ad81e58c,64,128,1
levels/BA/BA.tex.xbx,477,21f9e9d4,32,128,1
levels/BA/BA.tex.xbx,478,d8f4df90,64,128,1
levels/BA/BA.tex.xbx,479,4859b68c,64,128,1
levels/BA/BA.tex.xbx,480,44672714,64,128,1
levels/BA/BA.tex.xbx,481,70a1a688,64,64,1
levels/BA/BA.tex.xbx,482,fa76e200,128,64,5
levels/BA/BA.tex.xbx,483,ef2239c0,128,64,5
levels/BA/BA.tex.xbx,484,92371458,64,128,5
levels/BA/BA.tex.xbx,485,3407f314,128,64,1
levels/BA/BA.tex.xbx,486,43618df8,8,32,5
levels/BA/BA.tex.xbx,487,4175c140,128,64,1
levels/BA/BA.tex.xbx,488,97267da0,128,128,1
levels/BA/BA.tex.xbx,489,3dacfd7c,128,128,5
levels/BA/BA.tex.xbx,490,0ea70514,64,128,5
levels/BA/BA.tex.xbx,491,7dc59978,128,64,1
levels/BA/BA.tex.xbx,492,ff6be5c4,64,64,5
levels/BA/BA.tex.xbx,493,4f81fbf8,64,64,5
levels/BA/BA.tex.xbx,494,7b2eba1c,16,64,5
levels/BA/BA.tex.xbx,495,4551acb8,64,64,5
levels/BA/BA.tex.xbx,496,9249b518,128,64,1
levels/BA/BA.tex.xbx,497,53257160,64,64,1
levels/BA/BA.tex.xbx,498,9f7b8be4,128,64,5
levels/BA/BA.tex.xbx,499,ee285384,64,128,5
levels/BA/BA.tex.xbx,500,befb4e98,32,32,1
levels/BA/BA.tex.xbx,501,493d2ccc,64,128,5
levels/BA/BA.tex.xbx,502,8e69c138,64,64,5
levels/BA/BA.tex.xbx,503,76c91528,128,128,1
levels/BA/BA.tex.xbx,504,41d47508,64,64,1
levels/BA/BA.tex.xbx,505,a8b633f4,32,32,1
levels/BA/BA.tex.xbx,506,4c3470fc,128,128,1
levels/BA/BA.tex.xbx,507,4c407600,64,64,1
levels/BA/BA.tex.xbx,508,dddd4a74,128,128,1
levels/BA/BA.tex.xbx,509,23fb4898,64,128,1
levels/BA/BA.tex.xbx,510,faca898c,128,128,5
levels/BA/BA.tex.xbx,511,435f24a0,32,64,5
levels/BA/BA.tex.xbx,512,d7d5bf70,128,64,1
levels/BA/BA.tex.xbx,513,7ac15ccc,64,64,2
levels/BA/BA.tex.xbx,514,7618d898,128,128,5
levels/BA/BA.tex.xbx,515,efd2056c,64,64,5
levels/BA/BA.tex.xbx,516,91d164a4,64,64,1
levels/BA/BA.tex.xbx,517,764fa9f8,64,128,1
levels/BA/BA.tex.xbx,518,5feb8984,32,32,1
levels/BA/BA.tex.xbx,519,47946834,32,32,5
levels/BA/BA.tex.xbx,520,bb94495c,64,64,1
levels/BA/BA.tex.xbx,521,68937fd8,32,64,1
levels/BA/BA.tex.xbx,522,a9db4660,32,64,1
levels/BA/BA.tex.xbx,523,208ec3fc,32,16,5
levels/BA/BA.tex.xbx,524,b85dbf28,128,128,5
levels/BA/BA.tex.xbx,525,08ba13b0,128,128,1
levels/BA/BA.tex.xbx,526,1f3f6c90,16,128,5
levels/BA/BA.tex.xbx,527,437fe5b8,64,64,5
levels/BA/BA.tex.xbx,528,52750ef0,32,16,1
levels/BA/BA.tex.xbx,529,108e6b10,128,128,1
levels/BA/BA.tex.xbx,530,cb9fda5c,128,128,5
levels/BA/BA.tex.xbx,531,17122c48,64,128,5
levels/BA/BA.tex.xbx,532,a7a16404,64,64,5
levels/BA/BA.tex.xbx,533,f94c7598,64,64,5
levels/BA/BA.tex.xbx,534,4eac2b80,64,64,1
levels/BA/BA.tex.xbx,535,d314a370,64,64,1
levels/BA/BA.tex.xbx,536,fe2870d0,64,64,1
levels/BA/BA.tex.xbx,537,c8dc6ae0,64,64,5
levels/BA/BA.tex.xbx,538,a05b309c,128,128,5
levels/BA/BA.tex.xbx,539,7677afc0,32,64,1
levels/BA/BA.tex.xbx,540,9dca43c4,64,128,1
levels/BA/BA.tex.xbx,541,639b3178,64,32,5
levels/BA/BA.tex.xbx,542,911494c0,32,32,5
levels/BA/BA.tex.xbx,543,7e8becd0,128,128,5
levels/BA/BA.tex.xbx,544,f4468838,128,32,1
levels/BA/BA.tex.xbx,545,8a5c4774,16,128,5
levels/BA/BA.tex.xbx,546,59124870,128,32,5
levels/BA/BA.tex.xbx,547,168988ec,32,128,1
levels/BA/BA.tex.xbx,548,9df8b934,64,128,5
levels/BA/BA.tex.xbx,549,fbbcbc80,64,128,5
levels/BA/BA.tex.xbx,550,f1a5f3f8,32,64,1
levels/BA/BA.tex.xbx,551,55698cec,64,256,5
levels/BA/BA.tex.xbx,552,7d583b74,128,32,5
levels/BA/BA.tex.xbx,553,e60d0b4c,32,64,5
levels/BA/BA.tex.xbx,554,291703f0,64,256,5
levels/BA/BA.tex.xbx,555,d3c39d70,64,128,5
levels/BA/BA.tex.xbx,556,a591fa24,64,64,5
levels/BA/BA.tex.xbx,557,0e27ac94,128,128,1
levels/BA/BA.tex.xbx,558,4db96c40,64,64,1
levels/BA/BA.tex.xbx,559,a6aa38dc,64,128,1
levels/BA/BA.tex.xbx,560,78dd6970,128,128,1
levels/BA/BA.tex.xbx,561,f6480f78,64,128,1
levels/BA/BA.tex.xbx,562,e677edec,64,64,1
levels/BA/BA.tex.xbx,563,c5e06bfc,128,128,1
levels/BA/BA.tex.xbx,564,fdd18c98,64,128,1
levels/BA/BA.tex.xbx,565,7677fd50,64,32,5
levels/BA/BA.tex.xbx,566,521f90c8,128,128,1
levels/BA/BA.tex.xbx,567,d007ef58,64,64,1
levels/BA/BA.tex.xbx,568,333b67e8,64,64,1
levels/BA/BA.tex.xbx,569,720e5ac8,32,32,5
levels/BA/BA.tex.xbx,570,7d3ea4e8,128,128,5
levels/BA/BA.tex.xbx,571,0c5ef008,128,64,5
levels/BA/BA.tex.xbx,572,00929dc4,128,32,5
levels/BA/BA.tex.xbx,573,fd357810,64,128,5
levels/BA/BA.tex.xbx,574,71d143a8,64,32,5
levels/BA/BA.tex.xbx,575,5814ab48,32,128,5
levels/BA/BA.tex.xbx,576,8e97bba0,64,16,5
levels/BA/BA.tex.xbx,577,5bf1511c,128,64,5
levels/BA/BA.tex.xbx,578,e8646b04,64,64,5
levels/BA/BA.tex.xbx,579,84daf35c,64,64,5
levels/BA/BA.tex.xbx,580,c3816b70,4,16,2
levels/BA/BA.tex.xbx,581,0e5788c8,64,64,5
levels/BA/BA.tex.xbx,582,e47b2730,64,64,1
levels/BA/BA.tex.xbx,583,acabccb0,64,64,1
levels/BA/BA.tex.xbx,584,3528f10c,64,64,1
levels/BA/BA.tex.xbx,585,4264cbb4,128,128,5
levels/BA/BA.tex.xbx,586,fb1d7a4c,64,16,1
levels/BA/BA.tex.xbx,587,17e77818,32,128,1
levels/BA/BA.tex.xbx,588,2bd1302c,32,64,1
levels/BA/BA.tex.xbx,589,08cf3a90,128,128,1
levels/BA/BA.tex.xbx,590,a3eac6c4,64,32,5
levels/BA/BA.tex.xbx,591,8a049a04,32,64,2
levels/BA/BA.tex.xbx,592,e2701f0c,128,64,5
levels/BA/BA.tex.xbx,593,35e7f01c,64,64,5
levels/BA/BA.tex.xbx,594,b8d9f394,32,64,1
levels/BA/BA.tex.xbx,595,644c4610,32,32,1
levels/BA/BA.tex.xbx,596,b4e827e0,32,16,5
levels/BA/BA.tex.xbx,597,cf735b00,64,64,1
levels/BA/BA.tex.xbx,598,72d9d9c0,64,64,1
levels/BA/BA.tex.xbx,599,35acd440,64,64,2
levels/BA/BA.tex.xbx,600,135ccf20,64,128,1
levels/BA/BA.tex.xbx,601,7bd61f18,64,32,1
levels/BA/BA.tex.xbx,602,87003e48,64,64,1
levels/BA/BA.tex.xbx,603,da8e38c8,32,128,1
levels/BA/BA.tex.xbx,604,971c3b78,128,128,2
levels/BA/BA.tex.xbx,605,863fb73c,32,16,5
levels/BA/BA.tex.xbx,606,28040dd8,64,32,1
levels/BA/BA.tex.xbx,607,c351f564,128,64,1
levels/BA/BA.tex.xbx,608,1c2dd908,64,128,5
levels/BA/BA.tex.xbx,609,4ad3cd90,128,128,1
levels/BA/BA.tex.xbx,610,01ee4314,64,64,1
levels/BA/BA.tex.xbx,611,7c959ce8,64,128,1
levels/BA/BA.tex.xbx,612,5a4f3b24,64,64,5
levels/BA/BA.tex.xbx,613,351950e4,32,64,5
levels/BA/BA.tex.xbx,614,6c3b7fb0,64,64,1
levels/BA/BA.tex.xbx,615,76e67898,64,128,1
levels/BA/BA.tex.xbx,616,ebe54db4,128,64,5
levels/BA/BA.tex.xbx,617,1a5ae8f0,64,64,5
levels/BA/BA.tex.xbx,618,955594fc,64,64,5
levels/BA/BA.tex.xbx,619,304ba0a8,64,64,1
levels/BA/BA.tex.xbx,620,e70a7288,64,64,5
levels/BA/BA.tex.xbx,621,0b2b4644,32,32,5
levels/BA/BA.tex.xbx,622,805b2220,64,64,1
levels/BA/BA.tex.xbx,623,41f15564,64,32,1
levels/BA/BA.tex.xbx,624,86464c40,32,64,5
levels/BA/BA.tex.xbx,625,ab5d16e8,32,32,1
levels/BA/BA.tex.xbx,626,c8185e64,128,32,5
levels/BA/BA.tex.xbx,627,547fc4c0,64,64,5
levels/BA/BA.tex.xbx,628,221a07d8,32,32,1
levels/BA/BA.tex.xbx,629,f61d2264,128,128,1
levels/BA/BA.tex.xbx,630,7a75dd8c,64,64,5
levels/BA/BA.tex.xbx,631,0175f644,128,64,5
levels/BA/BA.tex.xbx,632,588f2374,16,32,5
levels/BA/BA.tex.xbx,633,d9b4ba50,64,64,5
levels/BA/BA.tex.xbx,634,8f569ee4,32,64,1
levels/BA/BA.tex.xbx,635,6daf06bc,32,32,5
levels/BA/BA.tex.xbx,636,ed349788,128,128,5
levels/BA/BA.tex.xbx,637,4b96b558,64,32,2
levels/BA/BA.tex.xbx,638,d7ac52b8,64,64,5
levels/BA/BA.tex.xbx,639,f1888c2c,32,64,1
levels/BA/BA.tex.xbx,640,d32ad6d8,128,128,1
levels/BA/BA.tex.xbx,641,4eda9fec,64,128,5
levels/BA/BA.tex.xbx,642,bf455720,128,128,2
levels/BA/BA.tex.xbx,643,f1755d78,128,64,1
levels/BA/BA.tex.xbx,644,83650b38,32,64,1
levels/BA/BA.tex.xbx,645,c83555f0,64,64,5
levels/BA/BA.tex.xbx,646,30e35364,16,64,1
levels/BA/BA.tex.xbx,647,f73802f0,32,16,5
levels/BA/BA.tex.xbx,648,3c7de764,64,64,5
levels/BA/BA.tex.xbx,649,b6591ea4,128,128,5
levels/BA/BA.tex.xbx,650,ceea0f54,128,64,5
levels/BA/BA.tex.xbx,651,48f16a94,128,64,5
levels/BA/BA.tex.xbx,652,67e65aa0,128,128,5
levels/BA/BA.tex.xbx,653,73690db4,128,32,5
levels/BA/BA.tex.xbx,654,e7035fe4,32,32,5
levels/BA/BA.tex.xbx,655,fb78a660,32,32,5
levels/BA/BA.tex.xbx,656,77c837e8,32,32,5
levels/BA/BA.tex.xbx,657,59e9f1ac,32,64,1
levels/BA/BA.tex.xbx,658,53f94a2c,64,64,2
levels/BA/BA.tex.xbx,659,c0d344a0,64,64,5
levels/BA/BA.tex.xbx,660,cf69df6c,32,32,5
levels/BA/BA.tex.xbx,661,5158c2a0,128,128,1
levels/BA/BA.tex.xbx,662,a1342cbc,64,32,5
levels/BA/BA.tex.xbx,663,c7e07658,32,64,5
levels/BA/BA.tex.xbx,664,6f311c60,128,64,5
levels/BA/BA.tex.xbx,665,2a1f3378,128,128,5
levels/BA/BA.tex.xbx,666,21c0cd98,64,128,5
levels/BA/BA.tex.xbx,667,1a0ee080,64,64,5
levels/BA/BA.tex.xbx,668,084580bc,128,64,5
levels/BA/BA.tex.xbx,669,ff21b5c8,64,32,5
levels/BA/BA.tex.xbx,670,96719f1c,128,64,1
levels/BA/BA.tex.xbx,671,0bce1418,64,128,1
levels/BA/BA.tex.xbx,672,c9496210,32,128,1
levels/BA/BA.tex.xbx,673,14207bec,128,64,5
levels/BA/BA.tex.xbx,674,818f9958,128,64,5
levels/BA/BA.tex.xbx,675,599bfa74,64,32,1
levels/BA/BA.tex.xbx,676,daf536a4,64,64,1
levels/BA/BA.tex.xbx,677,1942b280,64,64,1
levels/BA/BA.tex.xbx,678,82540e78,32,32,1
levels/BA/BA.tex.xbx,679,73fa81f0,32,64,1
levels/BA/BA.tex.xbx,680,89ee4e54,64,128,5
levels/BA/BA.tex.xbx,681,e380d3fc,32,32,1
levels/BA/BA.tex.xbx,682,407b735c,32,32,5
levels/BA/BA.tex.xbx,683,1af5035c,64,64,5
levels/BA/BA.tex.xbx,684,391861b4,32,32,5
levels/BA/BA.tex.xbx,685,531a5290,64,64,5
levels/BA/BA.tex.xbx,686,bccc6b9c,128,32,1
levels/BA/BA.tex.xbx,687,a67b1858,64,32,1
levels/BA/BA.tex.xbx,688,b37b564c,16,16,5
levels/BA/BA.tex.xbx,689,8b38fb34,64,64,5
levels/BA/BA.tex.xbx,690,a01a6fe0,32,64,5
levels/BA/BA.tex.xbx,691,5a650c50,32,64,1
levels/BA/BA.tex.xbx,692,c41d549c,32,64,1
levels/BA/BA.tex.xbx,693,1292a208,32,64,5
levels/BA/BA.tex.xbx,694,736bbb08,128,32,5
levels/BA/BA.tex.xbx,695,13697118,64,32,5
levels/BA/BA.tex.xbx,696,8cc7bdd8,64,64,5
levels/BA/BA.tex.xbx,697,9e3cf86c,64,64,5
levels/BA/BA.tex.xbx,698,17d3c340,64,32,5
levels/BA/BA.tex.xbx,699,bc6e702c,64,64,1
levels/BA/BA.tex.xbx,700,325ec700,128,128,5
levels/BA/BA.tex.xbx,701,cc8a2ac0,32,64,5
levels/BA/BA.tex.xbx,702,020289f4,64,256,5
levels/BA/BA.tex.xbx,703,29231c9c,64,128,5
levels/BA/BA.tex.xbx,704,f3fda724,64,32,1
levels/BA/BA.tex.xbx,705,41686cfc,128,64,1
levels/BA/BA.tex.xbx,706,99e5ccb0,64,16,1
levels/BA/BA.tex.xbx,707,f9da1e40,64,64,5
levels/BA/BA.tex.xbx,708,4851a01c,128,64,5
levels/BA/BA.tex.xbx,709,b76c3cf0,64,128,5
levels/BA/BA.tex.xbx,710,d4016c04,16,64,1
levels/BA/BA.tex.xbx,711,2ee00aec,64,64,5
levels/BA/BA.tex.xbx,712,a4d9c990,64,64,5
levels/BA/BA.tex.xbx,713,ae5f4c00,32,32,1
levels/BA/BA.tex.xbx,714,db39e588,32,128,5
levels/BA/BA.tex.xbx,715,a5f8cd64,128,128,5
levels/BA/BA.tex.xbx,716,5dbc94f8,64,128,5
levels/BA/BA.tex.xbx,717,c8a37a2c,64,128,5
levels/BA/BA.tex.xbx,718,ea81f020,128,128,5
levels/BA/BA.tex.xbx,719,88c7e2f8,32,64,5
levels/BA/BA.tex.xbx,720,5a3d964c,64,64,5
levels/BA/BA.tex.xbx,721,701788fc,64,32,1
levels/BA/BA.tex.xbx,722,09389ce4,128,64,5
levels/BA/BA.tex.xbx,723,e0402154,16,16,2
levels/BA/BA.tex.xbx,724,8d43c204,64,128,5
levels/BA/BA.tex.xbx,725,08c54bbc,128,128,5
levels/BA/BA.tex.xbx,726,cfc7bfd8,64,16,5
levels/BA/BA.tex.xbx,727,09a58298,128,128,1
levels/BA/BA.tex.xbx,728,a85d7e74,128,128,5
levels/BA/BA.tex.xbx,729,29e7d39c,128,64,1
levels/BA/BA.tex.xbx,730,53025c78,128,32,2
levels/BA/BA.tex.xbx,731,b951c854,128,128,1
levels/BA/BA.tex.xbx,732,83561524,128,32,5
levels/BA/BA.tex.xbx,733,6536d818,128,32,5
levels/BA/BA.tex.xbx,734,66d69380,32,32,1
levels/BA/BA.tex.xbx,735,b70a02c4,32,64,1
levels/BA/BA.tex.xbx,736,ff289d20,32,64,1
levels/BA/BA.tex.xbx,737,db558100,64,64,5
levels/BA/BA.tex.xbx,738,cdf5f038,32,128,1
levels/BA/BA.tex.xbx,739,337ee39c,64,32,1
levels/BA/BA.tex.xbx,740,446c8178,128,128,1
levels/BA/BA.tex.xbx,741,f5c9b3b4,64,128,1
levels/BA/BA.tex.xbx,742,55b17fbc,32,32,5
levels/BA/BA.tex.xbx,743,b831b588,64,32,5
levels/BA/BA.tex.xbx,744,109e6034,64,64,5
levels/BA/BA.tex.xbx,745,c59e40f0,64,64,5
levels/BA/BA.tex.xbx,746,94541654,128,64,1
levels/BA/BA.tex.xbx,747,3c951648,128,64,5
levels/BA/BA.tex.xbx,748,5f382670,128,128,5
levels/BA/BA.tex.xbx,749,788d1038,64,64,2
levels/BA/BA.tex.xbx,750,7fb96584,64,64,1
levels/BA/BA.tex.xbx,751,6123cfcc,128,64,5
levels/BA/BA.tex.xbx,752,62a33b44,32,64,5
levels/BA/BA.tex.xbx,753,9a8bd29c,64,32,1
levels/BA/BA.tex.xbx,754,54fe3de0,64,32,5
levels/BA/BA.tex.xbx,755,b0367fc8,64,32,5
levels/BA/BA.tex.xbx,756,d0a39634,128,64,1
levels/BA/BA.tex.xbx,757,3742996c,64,64,5
levels/BA/BA.tex.xbx,758,12c72c60,128,128,1
levels/BA/BA.tex.xbx,759,e754d9e4,128,128,1
levels/BA/BA.tex.xbx,760,3ed68f84,64,64,5
levels/BA/BA.tex.xbx,761,7b7e7cf4,128,64,5
levels/BA/BA.tex.xbx,762,d8d8ffa0,128,64,5
levels/BA/BA.tex.xbx,763,c6573064,64,64,5
levels/BA/BA.tex.xbx,764,e2cabdc4,64,64,5
levels/BA/BA.tex.xbx,765,7fdf7ac4,64,64,5
levels/BA/BA.tex.xbx,766,a98ee9b0,64,64,1
levels/BA/BA.tex.xbx,767,8ed3d104,128,128,1
levels/BA/BA.tex.xbx,768,78a840ac,32,32,5
levels/BA/BA.tex.xbx,769,9d4dfd30,32,32,5
levels/BA/BA.tex.xbx,770,b68ba62c,64,64,5
levels/BA/BA.tex.xbx,771,1b320268,64,64,5
levels/BA/BA.tex.xbx,772,be4c90e0,64,64,5
levels/BA/BA.tex.xbx,773,4ee7c53c,64,64,5
levels/BA/BA.tex.xbx,774,3a9f0134,128,128,5
levels/BA/BA.tex.xbx,775,778d8be0,64,64,5
levels/BA/BA.tex.xbx,776,358d988c,64,16,5
levels/BA/BA.tex.xbx,777,96d98020,64,64,1
levels/BA/BA.tex.xbx,778,5a7325f8,32,64,5
levels/BA/BA.tex.xbx,779,96e51d24,32,32,5
levels/BA/BA.tex.xbx,780,8a86dda4,128,128,1
levels/BA/BA.tex.xbx,781,ead682d8,128,128,1
levels/BA/BA.tex.xbx,782,72485388,64,64,5
levels/BA/BA.tex.xbx,783,0af92a88,128,128,1
levels/BA/BA.tex.xbx,784,198ebc60,128,32,1
levels/BA/BA.tex.xbx,785,292752e0,128,64,5
levels/BA/BA.tex.xbx,786,9b923a3c,128,128,1
levels/BA/BA.tex.xbx,787,f2f2a680,32,64,5
levels/BA/BA.tex.xbx,788,e589e75c,32,32,5
levels/BA/BA.tex.xbx,789,8ae657ac,32,64,2
levels/BA/BA.tex.xbx,790,1935b248,32,64,5
levels/BA/BA.tex.xbx,791,bbc355c0,128,32,5
levels/BA/BA.tex.xbx,792,30e0c408,128,128,5
levels/BA/BA.tex.xbx,793,cd46e380,64,32,5
levels/BA/BA.tex.xbx,794,ea292e10,64,32,1
levels/BA/BA.tex.xbx,795,fd1c41d4,128,64,5
levels/BA/BA.tex.xbx,796,6897dd08,64,64,1
levels/BA/BA.tex.xbx,797,d0348e38,64,16,1
levels/BA/BA.tex.xbx,798,a5b8edfc,128,64,5
levels/BA/BA.tex.xbx,799,26fc87e8,64,64,5
levels/BA/BA.tex.xbx,800,0896ed58,32,32,1
levels/BA/BA.tex.xbx,801,bc776370,128,64,5
levels/BA/BA.tex.xbx,802,58fe5878,32,32,1
levels/BA/BA.tex.xbx,803,6a3aadec,64,64,5
levels/BA/BA.tex.xbx,804,d5b5fb74,64,64,5
levels/BA/BA.tex.xbx,805,ff6cd5f8,64,64,1
levels/BA/BA.tex.xbx,806,206990f4,64,64,1
levels/BA/BA.tex.xbx,807,d9f255f4,64,64,1
levels/BA/BA.tex.xbx,808,7cd71d6c,64,64,1
levels/BA/BA.tex.xbx,809,ae6458d8,64,64,1
levels/BA/BA.tex.xbx,810,554d0814,64,64,1
levels/BA/BA.tex.xbx,811,d82f809c,64,64,1
levels/BA/BA.tex.xbx,812,09ba4608,64,64,1
levels/BA/BA.tex.xbx,813,6504b780,64,64,1
levels/BA/BA.tex.xbx,814,a0a5ac80,64,64,1
levels/BA/BA.tex.xbx,815,bc1a3508,64,64,1
levels/BA/BA.tex.xbx,816,30a4819c,64,64,1
levels/BA/BA.tex.xbx,817,351b0cc4,64,64,1
levels/BA/BA.tex.xbx,818,3fbc2368,64,16,5
levels/BA/BA.tex.xbx,819,a9398c38,128,64,5
levels/BA/BA.tex.xbx,820,50704f5c,64,64,5
levels/BA/BA.tex.xbx,821,5ae14c0c,64,128,5
levels/BA/BA.tex.xbx,822,c99b1d90,64,64,5
levels/BA/BA.tex.xbx,823,bc3d38d4,64,32,5
levels/BA/BA.tex.xbx,824,4a356094,32,64,1
levels/BA/BA.tex.xbx,825,55d9c314,64,64,5
levels/BA/BA.tex.xbx,826,dbdd0258,64,64,1
levels/BA/BA.tex.xbx,827,c2ec96d8,128,64,1
levels/BA/BA.tex.xbx,828,380e4770,128,64,1
levels/BA/BA.tex.xbx,829,3413a4a0,64,64,5
levels/BA/BA.tex.xbx,830,5b3d1430,64,64,5
levels/BA/BA.tex.xbx,831,a9b26274,64,64,2
levels/BA/BA.tex.xbx,832,4d9f7118,64,64,1
levels/BA/BA.tex.xbx,833,9f2cc52c,128,64,5
levels/BA/BA.tex.xbx,834,d9989db0,128,128,1
levels/BA/BA.tex.xbx,835,8d021024,64,64,5
levels/BA/BA.tex.xbx,836,2adea380,128,128,5
levels/BA/BA.tex.xbx,837,1f828d6c,64,64,1
levels/BA/BA.tex.xbx,838,9246d8f0,64,32,1
levels/BA/BA.tex.xbx,839,ad2838ec,64,128,1
levels/BA/BA.tex.xbx,840,7d5806f0,128,128,5
levels/BA/BA.tex.xbx,841,010dbcc4,128,32,5
levels/BA/BA.tex.xbx,842,1761f85c,128,64,1
levels/BA/BA.tex.xbx,843,727df404,128,128,1
levels/BA/BA.tex.xbx,844,a76df3e8,128,128,1
levels/BA/BA.tex.xbx,845,734bb804,64,64,5
levels/BA/BA.tex.xbx,846,87be1140,64,64,5
levels/BA/BA.tex.xbx,847,0b8c924c,32,32,5
levels/BA/BA.tex.xbx,848,02087180,32,64,5
levels/BA/BA.tex.xbx,849,db8d94e4,32,32,5
levels/BA/BA.tex.xbx,850,af93743c,64,64,5
levels/BA/BA.tex.xbx,851,5a6be72c,128,128,5
levels/BA/BA.tex.xbx,852,a1871068,128,128,5
levels/BA/BA.tex.xbx,853,23a5dc38,128,128,5
levels/BA/BA.tex.xbx,854,e0d16f44,64,32,1
levels/BA/BA_net.tex.xbx,0,5552b098,32,32,1
levels/BA/BA_net.tex.xbx,1,6f9e23f8,64,64,1
levels/BA/BA_net.tex.xbx,2,0e4dd000,64,64,1
levels/BA/BA_net.tex.xbx,3,529bb218,128,128,1
levels/BA/BA_net.tex.xbx,4,34abe774,64,64,5
levels/BA/BA_net.tex.xbx,5,2de5f2d0,128,64,1
levels/BA/BA_net.tex.xbx,6,8c78eab8,64,64,1
levels/BA/BA_net.tex.xbx,7,c0743d3c,128,128,5
levels/BA/BA_net.tex.xbx,8,ab60c374,128,128,5
levels/BA/BA_net.tex.xbx,9,7e02e998,128,64,1
levels/BA/BA_net.tex.xbx,10,96f5d138,64,64,5
levels/BA/BA_net.tex.xbx,11,c480e5e8,128,64,5
levels/BA/BA_net.tex.xbx,12,8f621af8,128,128,5
levels/BA/BA_net.tex.xbx,13,76cbdab4,128,32,5
levels/BA/BA_net.tex.xbx,14,9ff69690,32,32,5
levels/BA/BA_net.tex.xbx,15,a1c79690,32,64,1
levels/BA/BA_net.tex.xbx,16,14877188,128,128,2
levels/BA/BA_net.tex.xbx,17,5dd30600,32,32,5
levels/BA/BA_net.tex.xbx,18,83259ea4,64,64,5
levels/BA/BA_net.tex.xbx,19,4e7ddb38,64,64,5
levels/BA/BA_net.tex.xbx,20,e8593500,128,32,5
levels/BA/BA_net.tex.xbx,21,cd4ee5ac,64,64,5
levels/BA/BA_net.tex.xbx,22,21c1a398,128,128,5
levels/BA/BA_net.tex.xbx,23,d291e8b4,64,64,5
levels/BA/BA_net.tex.xbx,24,23f60dc8,32,32,1
levels/BA/BA_net.tex.xbx,25,6087dae0,128,128,5
levels/BA/BA_net.tex.xbx,26,2cf63b2c,64,64,5
levels/BA/BA_net.tex.xbx,27,d363d348,128,64,5
levels/BA/BA_net.tex.xbx,28,69bc7958,128,128,5
levels/BA/BA_net.tex.xbx,29,83ce1518,64,64,5
levels/BA/BA_net.tex.xbx,30,4fb09b7c,128,128,5
levels/BA/BA_net.tex.xbx,31,1d7db7bc,128,64,5
levels/BA/BA_net.tex.xbx,32,948608c8,256,256,5
levels/BA/BA_net.tex.xbx,33,303df3f0,128,64,1
levels/BA/BA_net.tex.xbx,34,54cbaa30,64,64,5
levels/BA/BA_net.tex.xbx,35,a1c9e398,64,128,5
levels/BA/BA_net.tex.xbx,36,d034a0a0,128,128,5
levels/BA/BA_net.tex.xbx,37,d3ec5850,128,128,5
levels/BA/BA_net.tex.xbx,38,53f9e674,64,64,5
levels/BA/BA_net.tex.xbx,39,cb679800,128,128,1
levels/BA/BA_net.tex.xbx,40,20fc4208,128,128,1
levels/BA/BA_net.tex.xbx,41,e46facb0,64,128,5
levels/BA/BA_net.tex.xbx,42,e8322ec0,128,128,5
levels/BA/BA_net.tex.xbx,43,12dd0a88,256,32,1
levels/BA/BA_net.tex.xbx,44,8ea381a0,128,128,1
levels/BA/BA_net.tex.xbx,45,5a6f452c,256,128,5
levels/BA/BA_net.tex.xbx,46,ab7cd13c,64,64,1
levels/BA/BA_net.tex.xbx,47,a59658e8,64,64,5
levels/BA/BA_net.tex.xbx,48,994de81c,32,32,5
levels/BA/BA_net.tex.xbx,49,c25b542c,64,64,5
levels/BA/BA_net.tex.xbx,50,68037178,32,32,1
levels/BA/BA_net.tex.xbx,51,0d93a1f4,128,64,1
levels/BA/BA_net.tex.xbx,52,befebfc4,128,128,1
levels/BA/BA_net.tex.xbx,53,49b6cce4,32,64,1
levels/BA/BA_net.tex.xbx,54,1a2cdfb4,64,16,5
levels/BA/BA_net.tex.xbx,55,53340a40,128,128,1
levels/BA/BA_net.tex.xbx,56,285bc7dc,128,64,1
levels/BA/BA_net.tex.xbx,57,228b64f4,128,64,1
levels/BA/BA_net.tex.xbx,58,ca45d560,64,64,5
levels/BA/BA_net.tex.xbx,59,52da52ac,128,128,5
levels/BA/BA_net.tex.xbx,60,0e66dfb4,128,128,5
levels/BA/BA_net.tex.xbx,61,7879999c,128,32,5
levels/BA/BA_net.tex.xbx,62,9c814e68,64,32,5
levels/BA/BA_net.tex.xbx,63,9645ca90,32,32,1
levels/BA/BA_net.tex.xbx,64,680ee83c,128,16,5
levels/BA/BA_net.tex.xbx,65,3439c854,128,64,5
levels/BA/BA_net.tex.xbx,66,98c42500,64,128,1
levels/BA/BA_net.tex.xbx,67,e66f8234,128,128,1
levels/BA/BA_net.tex.xbx,68,00031428,128,64,1
levels/BA/BA_net.tex.xbx,69,25f1dec8,32,32,5
levels/BA/BA_net.tex.xbx,70,75a31e0c,128,128,5
levels/BA/BA_net.tex.xbx,71,0ef89ac4,64,64,5
levels/BA/BA_net.tex.xbx,72,1881a6f0,64,64,1
levels/BA/BA_net.tex.xbx,73,051de01c,64,16,5
levels/BA/BA_net.tex.xbx,74,5f8e699c,128,128,5
levels/BA/BA_net.tex.xbx,75,a6c7a690,128,64,5
levels/BA/BA_net.tex.xbx,76,5364d244,64,64,5
levels/BA/BA_net.tex.xbx,77,5b0a0170,128,64,5
levels/BA/BA_net.tex.xbx,78,b24ddd58,128,64,5
levels/BA/BA_net.tex.xbx,79,a480f588,64,128,1
levels/BA/BA_net.tex.xbx,80,072862ec,128,128,1
levels/BA/BA_net.tex.xbx,81,e6b98eb0,128,128,1
levels/BA/BA_net.tex.xbx,82,a151e804,32,32,1
levels/BA/BA_net.tex.xbx,83,e526d8a0,32,128,1
levels/BA/BA_net.tex.xbx,84,c2f57160,16,128,5
levels/BA/BA_net.tex.xbx,85,53d8fb10,32,16,5
levels/BA/BA_net.tex.xbx,86,d7c82638,64,16,5
levels/BA/BA_net.tex.xbx,87,be2f8b58,64,64,1
levels/BA/BA_net.tex.xbx,88,5571a950,64,64,1
levels/BA/BA_net.tex.xbx,89,154c3258,128,32,1
levels/BA/BA_net.tex.xbx,90,46a55c80,64,32,1
levels/BA/BA_net.tex.xbx,91,585af834,128,128,1
levels/BA/BA_net.tex.xbx,92,555cea04,64,64,1
levels/BA/BA_net.tex.xbx,93,dc09015c,64,64,1
levels/BA/BA_net.tex.xbx,94,ad5a093c,64,64,5
levels/BA/BA_net.tex.xbx,95,dff91ec4,128,64,1
levels/BA/BA_net.tex.xbx,96,f54667ec,128,64,1
levels/BA/BA_net.tex.xbx,97,01ecc65c,128,128,5
levels/BA/BA_net.tex.xbx,98,9b43c2fc,64,64,5
levels/BA/BA_net.tex.xbx,99,5e93fda8,128,32,5
levels/BA/BA_net.tex.xbx,100,527fffb4,64,64,1
levels/BA/BA_net.tex.xbx,101,83f546f0,128,64,1
levels/BA/BA_net.tex.xbx,102,40c18ae0,64,64,1
levels/BA/BA_net.tex.xbx,103,be01729c,64,64,1
levels/BA/BA_net.tex.xbx,104,c7317fbc,128,32,5
levels/BA/BA_net.tex.xbx,105,573bf6d8,64,64,1
levels/BA/BA_net.tex.xbx,106,a7dfd2a0,64,32,5
levels/BA/BA_net.tex.xbx,107,caf1e150,32,16,5
levels/BA/BA_net.tex.xbx,108,a7ddeef0,128,128,1
levels/BA/BA_net.tex.xbx,109,cbe2153c,64,64,5
levels/BA/BA_net.tex.xbx,110,f7bdb5d4,64,64,2
levels/BA/BA_net.tex.xbx,111,1af2c7b0,64,64,5
levels/BA/BA_net.tex.xbx,112,d1cf0c3c,32,256,1
levels/BA/BA_net.tex.xbx,113,34c25c90,128,64,5
levels/BA/BA_net.tex.xbx,114,b51c23d0,128,32,5
levels/BA/BA_net.tex.xbx,115,65c4daf0,128,64,5
levels/BA/BA_net.tex.xbx,116,8505d290,64,32,5
levels/BA/BA_net.tex.xbx,117,c66d554c,64,64,5
levels/BA/BA_net.tex.xbx,118,294722bc,64,64,5
levels/BA/BA_net.tex.xbx,119,b6236a58,32,32,1
levels/BA/BA_net.tex.xbx,120,414b22b8,64,128,2
levels/BA/BA_net.tex.xbx,121,a1ab998c,64,64,5
levels/BA/BA_net.tex.xbx,122,5110a708,128,128,1
levels/BA/BA_net.tex.xbx,123,87c85bb0,64,64,5
levels/BA/BA_net.tex.xbx,124,47d89588,64,64,5
levels/BA/BA_net.tex.xbx,125,4dade938,128,128,1
levels/BA/BA_net.tex.xbx,126,ef516404,64,64,5
levels/BA/BA_net.tex.xbx,127,e3083e64,128,32,1
levels/BA/BA_net.tex.xbx,128,05157874,32,32,1
levels/BA/BA_net.tex.xbx,129,3a101d2c,64,64,1
levels/BA/BA_net.tex.xbx,130,bcee3710,64,128,1
levels/BA/BA_net.tex.xbx,131,ff30a428,128,64,5
levels/BA/BA_net.tex.xbx,132,9b448430,32,8,5
levels/BA/BA_net.tex.xbx,133,e3463274,128,128,5
levels/BA/BA_net.tex.xbx,134,b2b21e10,64,64,1
levels/BA/BA_net.tex.xbx,135,17e50584,64,64,1
levels/BA/BA_net.tex.xbx,136,670859d8,128,128,1
levels/BA/BA_net.tex.xbx,137,cbedbe14,128,32,1
levels/BA/BA_net.tex.xbx,138,c3ca13f4,64,64,1
levels/BA/BA_net.tex.xbx,139,193ec218,64,64,5
levels/BA/BA_net.tex.xbx,140,9e38a92c,64,64,5
levels/BA/BA_net.tex.xbx,141,c0d688cc,64,64,5
levels/BA/BA_net.tex.xbx,142,067d2468,128,128,5
levels/BA/BA_net.tex.xbx,143,42b626f8,64,64,1
levels/BA/BA_net.tex.xbx,144,1c4f5380,32,32,2
levels/BA/BA_net.tex.xbx,145,349db238,64,64,5
levels/BA/BA_net.tex.xbx,146,1b5afef0,128,128,5
levels/BA/BA_net.tex.xbx,147,05009298,64,64,1
levels/BA/BA_net.tex.xbx,148,3e57babc,128,64,5
levels/BA/BA_net.tex.xbx,149,cf0877d4,64,64,5
levels/BA/BA_net.tex.xbx,150,1e16c0f4,128,128,5
levels/BA/BA_net.tex.xbx,151,2d2bfe6c,64,64,1
levels/BA/BA_net.tex.xbx,152,67601d20,128,128,5
levels/BA/BA_net.tex.xbx,153,3a09959c,32,32,1
levels/BA/BA_net.tex.xbx,154,d95c7cec,64,32,5
levels/BA/BA_net.tex.xbx,155,ab76f3e4,64,64,1
levels/BA/BA_net.tex.xbx,156,196f7138,128,128,5
levels/BA/BA_net.tex.xbx,157,9e6a6148,64,64,5
levels/BA/BA_net.tex.xbx,158,cc814474,64,32,5
levels/BA/BA_net.tex.xbx,159,738f4bdc,64,64,5
levels/BA/BA_net.tex.xbx,160,070ac738,32,64,1
levels/BA/BA_net.tex.xbx,161,05411594,128,64,1
levels/BA/BA_net.tex.xbx,162,ce3bf748,64,64,5
levels/BA/BA_net.tex.xbx,163,d984f894,32,16,5
levels/BA/BA_net.tex.xbx,164,d1b9d700,32,32,1
levels/BA/BA_net.tex.xbx,165,d9589b1c,32,32,5
levels/BA/BA_net.tex.xbx,166,575dc834,32,32,5
levels/BA/BA_net.tex.xbx,167,aad0bb50,64,64,2
levels/BA/BA_net.tex.xbx,168,fea5c3c0,64,64,5
levels/BA/BA_net.tex.xbx,169,a7e70c3c,32,64,5
levels/BA/BA_net.tex.xbx,170,8b486e28,32,64,5
levels/BA/BA_net.tex.xbx,171,92ea6e84,32,32,5
levels/BA/BA_net.tex.xbx,172,8ba6c200,64,64,5
levels/BA/BA_net.tex.xbx,173,3070eaac,64,64,1
levels/BA/BA_net.tex.xbx,174,780e7428,64,64,1
levels/BA/BA_net.tex.xbx,175,ec1beb10,64,128,5
levels/BA/BA_net.tex.xbx,176,269caac0,64,32,1
levels/BA/BA_net.tex.xbx,177,df572d20,128,128,1
levels/BA/BA_net.tex.xbx,178,37577148,64,32,5
levels/BA/BA_net.tex.xbx,179,1ea78dc4,64,128,1
levels/BA/BA_net.tex.xbx,180,9e651d38,64,128,1
levels/BA/BA_net.tex.xbx,181,0e5470b0,64,64,5
levels/BA/BA_net.tex.xbx,182,02ca18f4,64,64,5
levels/BA/BA_net.tex.xbx,183,5ff38c14,64,64,5
levels/BA/BA_net.tex.xbx,184,d13e1664,64,128,1
levels/BA/BA_net.tex.xbx,185,0c5db854,64,32,5
levels/BA/BA_net.tex.xbx,186,1cb362e0,64,128,1
levels/BA/BA_net.tex.xbx,187,d77a6c34,128,64,1
levels/BA/BA_net.tex.xbx,188,a6580ef0,64,64,5
levels/BA/BA_net.tex.xbx,189,38aa1438,64,128,5
levels/BA/BA_net.tex.xbx,190,b222313c,64,64,5
levels/BA/BA_net.tex.xbx,191,927dac6c,128,128,1
levels/BA/BA_net.tex.xbx,192,e312d8bc,32,128,1
levels/BA/BA_net.tex.xbx,193,197e8edc,64,64,5
levels/BA/BA_net.tex.xbx,194,ae963e28,128,32,1
levels/BA/BA_net.tex.xbx,195,1bfc8ddc,64,128,1
levels/BA/BA_net.tex.xbx,196,65c67050,128,64,5
levels/BA/BA_net.tex.xbx,197,0049d5f0,64,32,1
levels/BA/BA_net.tex.xbx,198,93e9e098,128,128,1
levels/BA/BA_net.tex.xbx,199,1c24891c,64,64,5
levels/BA/BA_net.tex.xbx,200,bd7f88c4,32,32,5
levels/BA/BA_net.tex.xbx,201,5746dd90,128,128,1
levels/BA/BA_net.tex.xbx,202,071c6da8,64,64,5
levels/BA/BA_net.tex.xbx,203,b71b7bc0,64,32,5
levels/BA/BA_net.tex.xbx,204,18feaa10,64,64,1
levels/BA/BA_net.tex.xbx,205,335889d8,64,64,5
levels/BA/BA_net.tex.xbx,206,276f4ed8,128,128,5
levels/BA/BA_net.tex.xbx,207,a7f1aac4,128,64,5
levels/BA/BA_net.tex.xbx,208,7ab763e0,16,16,2
levels/BA/BA_net.tex.xbx,209,672dac78,128,128,1
levels/BA/BA_net.tex.xbx,210,21103cd0,128,16,5
levels/BA/BA_net.tex.xbx,211,e4131dcc,16,64,1
levels/BA/BA_net.tex.xbx,212,999e6c60,64,16,1
levels/BA/BA_net.tex.xbx,213,f1313be4,32,32,5
levels/BA/BA_net.tex.xbx,214,0a78f40c,32,32,5
levels/BA/BA_net.tex.xbx,215,1f921510,32,64,1
levels/BA/BA_net.tex.xbx,216,03ce1e54,32,128,5
levels/BA/BA_net.tex.xbx,217,f55bd850,128,64,5
levels/BA/BA_net.tex.xbx,218,94c97f60,128,64,5
levels/BA/BA_net.tex.xbx,219,02e2fe28,128,128,1
levels/BA/BA_net.tex.xbx,220,67f0af4c,128,64,5
levels/BA/BA_net.tex.xbx,221,358bc778,64,64,5
levels/BA/BA_net.tex.xbx,222,abaafed4,128,32,5
levels/BA/BA_net.tex.xbx,223,5a353ad0,64,64,5
levels/BA/BA_net.tex.xbx,224,f2fb2b44,32,32,1
levels/BA/BA_net.tex.xbx,225,4db1ff04,64,64,5
levels/BA/BA_net.tex.xbx,226,38f73d6c,128,128,1
levels/BA/BA_net.tex.xbx,227,ed1925f4,64,64,1
levels/BA/BA_net.tex.xbx,228,a1046a34,32,32,1
levels/BA/BA_net.tex.xbx,229,d69fb544,64,64,1
levels/BA/BA_net.tex.xbx,230,02fb7ef0,128,64,5
levels/BA/BA_net.tex.xbx,231,66a26498,64,64,1
levels/BA/BA_net.tex.xbx,232,0293ddc4,8,8,1
levels/BA/BA_net.tex.xbx,233,c33060c0,8,8,1
levels/BA/BA_net.tex.xbx,234,fad8cddc,64,16,1
levels/BA/BA_net.tex.xbx,235,76e65484,32,16,1
levels/BA/BA_net.tex.xbx,236,1d6dde84,32,32,1
levels/BA/BA_net.tex.xbx,237,8f3e9770,64,64,1
levels/BA/BA_net.tex.xbx,238,12800618,64,64,5
levels/BA/BA_net.tex.xbx,239,8273a1c0,8,8,1
levels/BA/BA_net.tex.xbx,240,9f8ef0c8,8,8,1
levels/BA/BA_net.tex.xbx,241,79d26fdc,8,8,1
levels/BA/BA_net.tex.xbx,242,49ba1f00,128,32,5
levels/BA/BA_net.tex.xbx,243,e64b2bc8,16,16,1
levels/BA/BA_net.tex.xbx,244,382cabc8,16,64,5
levels/BA/BA_net.tex.xbx,245,e4f573a4,64,64,5
levels/BA/BA_net.tex.xbx,246,51efa9f0,64,32,5
levels/BA/BA_net.tex.xbx,247,6efcda34,64,64,5
levels/BA/BA_net.tex.xbx,248,16479244,64,128,1
levels/BA/BA_net.tex.xbx,249,a7065d88,64,128,1
levels/BA/BA_net.tex.xbx,250,8c5450e4,64,64,5
levels/BA/BA_net.tex.xbx,251,0386b6b8,128,128,1
levels/BA/BA_net.tex.xbx,252,7507776c,32,32,1
levels/BA/BA_net.tex.xbx,253,386e873c,32,64,2
levels/BA/BA_net.tex.xbx,254,51815828,32,64,2
levels/BA/BA_net.tex.xbx,255,9489b6d0,32,32,1
levels/BA/BA_net.tex.xbx,256,16aca700,16,32,2
levels/BA/BA_net.tex.xbx,257,42727678,32,32,1
levels/BA/BA_net.tex.xbx,258,1c8e5828,64,32,5
levels/BA/BA_net.tex.xbx,259,6623fb18,64,64,1
levels/BA/BA_net.tex.xbx,260,db293334,16,16,2
levels/BA/BA_net.tex.xbx,261,b796bb2c,32,32,1
levels/BA/BA_net.tex.xbx,262,e0f0f238,64,16,1
levels/BA/BA_net.tex.xbx,263,3a1e392c,32,32,1
levels/BA/BA_net.tex.xbx,264,fe0dc02c,64,64,1
levels/BA/BA_net.tex.xbx,265,a0f8e570,16,64,1
levels/BA/BA_net.tex.xbx,266,726ba434,16,32,5
levels/BA/BA_net.tex.xbx,267,e06fdeb4,64,32,5
levels/BA/BA_net.tex.xbx,268,299b8670,16,64,1
levels/BA/BA_net.tex.xbx,269,6c0cae60,16,1,1
levels/BA/BA_net.tex.xbx,270,906ce730,32,128,5
levels/BA/BA_net.tex.xbx,271,9f026088,64,128,5
levels/BA/BA_net.tex.xbx,272,2e132eb4,64,64,1
levels/BA/BA_net.tex.xbx,273,76a6e06c,16,64,5
levels/BA/BA_net.tex.xbx,274,b32a217c,32,32,5
levels/BA/BA_net.tex.xbx,275,54e4e09c,64,32,5
levels/BA/BA_net.tex.xbx,276,633d4ff0,32,32,1
levels/BA/BA_net.tex.xbx,277,ebb93f9c,16,16,1
levels/BA/BA_net.tex.xbx,278,b4319424,64,64,1
levels/BA/BA_net.tex.xbx,279,9ef5a56c,64,64,5
levels/BA/BA_net.tex.xbx,280,b0d6fd34,32,64,1
levels/BA/BA_net.tex.xbx,281,2a85fba4,64,32,1
levels/BA/BA_net.tex.xbx,282,98ce034c,64,32,5
levels/BA/BA_net.tex.xbx,283,2251b390,64,32,5
levels/BA/BA_net.tex.xbx,284,2bd9c660,64,128,1
levels/BA/BA_net.tex.xbx,285,9b7786bc,32,128,5
levels/BA/BA_net.tex.xbx,286,d63e7b8c,32,32,2
levels/BA/BA_net.tex.xbx,287,e33705c4,32,128,2
levels/BA/BA_net.tex.xbx,288,7842a564,64,64,5
levels/BA/BA_net.tex.xbx,289,c5d38170,32,64,5
levels/BA/BA_net.tex.xbx,290,d81b36ac,128,128,1
levels/BA/BA_net.tex.xbx,291,81024090,128,16,5
levels/BA/BA_net.tex.xbx,292,bf0c1074,32,32,5
levels/BA/BA_net.tex.xbx,293,e4cf1178,64,16,5
levels/BA/BA_net.tex.xbx,294,d945a338,64,64,5
levels/BA/BA_net.tex.xbx,295,e15c2128,32,32,5
levels/BA/BA_net.tex.xbx,296,af32280c,32,64,5
levels/BA/BA_net.tex.xbx,297,6ca1c11c,32,32,5
levels/BA/BA_net.tex.xbx,298,5d2c56b0,32,64,5
levels/BA/BA_net.tex.xbx,299,e9e6dd48,32,64,5
levels/BA/BA_net.tex.xbx,300,2866bd8c,64,32,5
levels/BA/BA_net.tex.xbx,301,7c9c1df0,16,64,5
levels/BA/BA_net.tex.xbx,302,0eb819dc,32,32,5
levels/BA/BA_net.tex.xbx,303,b5902844,32,64,5
levels/BA/BA_net.tex.xbx,304,e95725dc,32,64,5
levels/BA/BA_net.tex.xbx,305,b0dd700c,64,16,5
levels/BA/BA_net.tex.xbx,306,9ade2fe0,64,16,5
levels/BA/BA_net.tex.xbx,307,7df7be34,32,32,5
levels/BA/BA_net.tex.xbx,308,a6535734,32,32,5
levels/BA/BA_net.tex.xbx,309,0887ae68,32,32,5
levels/BA/BA_net.tex.xbx,310,9d176374,128,64,5
levels/BA/BA_net.tex.xbx,311,9be751e8,16,16,5
levels/BA/BA_net.tex.xbx,312,a3779ab4,32,16,5
levels/BA/BA_net.tex.xbx,313,3c099e14,32,16,5
levels/BA/BA_net.tex.xbx,314,750e37b4,64,32,5
levels/BA/BA_net.tex.xbx,315,45794dc8,32,16,5
levels/BA/BA_net.tex.xbx,316,5a614910,16,64,5
levels/BA/BA_net.tex.xbx,317,e1900fc8,32,32,5
levels/BA/BA_net.tex.xbx,318,100e4550,16,32,5
levels/BA/BA_net.tex.xbx,319,200540d8,32,32,5
levels/BA/BA_net.tex.xbx,320,c0be68e8,32,64,5
levels/BA/BA_net.tex.xbx,321,a8aeabb4,32,64,5
levels/BA/BA_net.tex.xbx,322,c027c940,32,16,5
levels/BA/BA_net.tex.xbx,323,ed60aa90,16,32,5
levels/BA/BA_net.tex.xbx,324,fd18d2fc,64,32,5
levels/BA/BA_net.tex.xbx,325,20206ac8,32,64,5
levels/BA/BA_net.tex.xbx,326,cf1e7508,64,32,5
levels/BA/BA_net.tex.xbx,327,4a83ec1c,64,64,5
levels/BA/BA_net.tex.xbx,328,3b62562c,32,64,5
levels/BA/BA_net.tex.xbx,329,cd878930,32,128,5
levels/BA/BA_net.tex.xbx,330,5bfe31ac,128,128,1
levels/BA/BA_net.tex.xbx,331,2e501654,128,128,1
levels/BA/BA_net.tex.xbx,332,41a03b88,128,128,1
levels/BA/BA_net.tex.xbx,333,6bc1f41c,32,32,5
levels/BA/BA_net.tex.xbx,334,5bdb14a8,128,128,1
levels/BA/BA_net.tex.xbx,335,cc9879b4,64,32,5
levels/BA/BA_net.tex.xbx,336,2e80de0c,32,128,5
levels/BA/BA_net.tex.xbx,337,7c503ddc,64,64,5
levels/BA/BA_net.tex.xbx,338,afefb878,128,64,1
levels/BA/BA_net.tex.xbx,339,ac7b0620,64,64,1
levels/BA/BA_net.tex.xbx,340,154dcb40,64,64,5
levels/BA/BA_net.tex.xbx,341,fd4bb704,32,64,1
levels/BA/BA_net.tex.xbx,342,05ea672c,64,128,1
levels/BA/BA_net.tex.xbx,343,f4601f18,64,32,1
levels/BA/BA_net.tex.xbx,344,1c93c430,64,64,1
levels/BA/BA_net.tex.xbx,345,4a43c0e4,32,32,5
levels/BA/BA_net.tex.xbx,346,c07c3b34,32,32,5
levels/BA/BA_net.tex.xbx,347,1e2f1208,128,128,1
levels/BA/BA_net.tex.xbx,348,68dae39c,128,128,5
levels/BA/BA_net.tex.xbx,349,35352ad0,64,64,5
levels/BA/BA_net.tex.xbx,350,b2522090,64,64,1
levels/BA/BA_net.tex.xbx,351,0de3d010,64,64,5
levels/BA/BA_net.tex.xbx,352,abe28624,64,128,1
levels/BA/BA_net.tex.xbx,353,cfa02488,64,64,1
levels/BA/BA_net.tex.xbx,354,81be60b0,32,32,2
levels/BA/BA_net.tex.xbx,355,8f777eec,64,64,5
levels/BA/BA_net.tex.xbx,356,4e83f014,32,32,5
levels/BA/BA_net.tex.xbx,357,78596430,64,16,1
levels/BA/BA_net.tex.xbx,358,62592df8,128,64,5
levels/BA/BA_net.tex.xbx,359,91e60998,64,64,5
levels/BA/BA_net.tex.xbx,360,e9693c00,128,32,1
levels/BA/BA_net.tex.xbx,361,7b5dd79c,128,64,1
levels/BA/BA_net.tex.xbx,362,10b94980,64,64,1
levels/BA/BA_net.tex.xbx,363,d77bdcf8,128,64,1
levels/BA/BA_net.tex.xbx,364,c89c1de8,128,256,1
levels/BA/BA_net.tex.xbx,365,f42ee260,64,32,5
levels/BA/BA_net.tex.xbx,366,429c2ee8,128,64,1
levels/BA/BA_net.tex.xbx,367,44e7e7b0,128,128,1
levels/BA/BA_net.tex.xbx,368,0aeca178,32,32,5
levels/BA/BA_net.tex.xbx,369,393ff2d0,128,128,5
levels/BA/BA_net.tex.xbx,370,f25815a0,64,128,5
levels/BA/BA_net.tex.xbx,371,b3eb0314,128,64,5
levels/BA/BA_net.tex.xbx,372,7c4d1338,128,128,1
levels/BA/BA_net.tex.xbx,373,4b0afb84,128,128,5
levels/BA/BA_net.tex.xbx,374,d876f2e8,16,64,5
levels/BA/BA_net.tex.xbx,375,9ce2c5a4,32,64,5
levels/BA/BA_net.tex.xbx,376,5c5d7f84,64,128,1
levels/BA/BA_net.tex.xbx,377,6afe4b54,128,128,1
levels/BA/BA_net.tex.xbx,378,94ef9648,16,32,1
levels/BA/BA_net.tex.xbx,379,94ea4834,32,16,5
levels/BA/BA_net.tex.xbx,380,7383a054,64,128,5
levels/BA/BA_net.tex.xbx,381,b31c469c,128,64,1
levels/BA/BA_net.tex.xbx,382,fd7d5b00,64,128,5
levels/BA/BA_net.tex.xbx,383,df77b734,64,128,5
levels/BA/BA_net.tex.xbx,384,eac4a530,64,16,1
levels/BA/BA_net.tex.xbx,385,dc62ee88,32,32,2
levels/BA/BA_net.tex.xbx,386,7fc18ce0,32,32,5
levels/BA/BA_net.tex.xbx,387,2928d274,64,64,1
levels/BA/BA_net.tex.xbx,388,5562b4ec,128,128,1
levels/BA/BA_net.tex.xbx,389,c8384004,128,64,1
levels/BA/BA_net.tex.xbx,390,96274a24,64,64,2
levels/BA/BA_net.tex.xbx,391,22a7d518,128,64,5
levels/BA/BA_net.tex.xbx,392,905a1944,64,32,1
levels/BA/BA_net.tex.xbx,393,e5fd197c,32,64,5
levels/BA/BA_net.tex.xbx,394,9bb6ce88,64,64,1
levels/BA/BA_net.tex.xbx,395,e6a42cfc,64,64,1
levels/BA/BA_net.tex.xbx,396,a0b0a7ac,64,16,5
levels/BA/BA_net.tex.xbx,397,310a890c,64,64,1
levels/BA/BA_net.tex.xbx,398,05502754,32,64,1
levels/BA/BA_net.tex.xbx,399,05b17a14,64,32,1
levels/BA/BA_net.tex.xbx,400,f4705b24,128,32,2
levels/BA/BA_net.tex.xbx,401,61e4f0fc,64,64,5
levels/BA/BA_net.tex.xbx,402,fb364b50,16,64,5
levels/BA/BA_net.tex.xbx,403,b5063fc0,32,32,5
levels/BA/BA_net.tex.xbx,404,23b33f90,128,128,5
levels/BA/BA_net.tex.xbx,405,d5408714,128,128,5
levels/BA/BA_net.tex.xbx,406,997e168c,64,64,5
levels/BA/BA_net.tex.xbx,407,ec56058c,64,64,5
levels/BA/BA_net.tex.xbx,408,70697c14,64,64,5
levels/BA/BA_net.tex.xbx,409,64f73a90,64,64,5
levels/BA/BA_net.tex.xbx,410,d7aa5428,16,16,2
levels/BA/BA_net.tex.xbx,411,4634f57c,16,16,5
levels/BA/BA_net.tex.xbx,412,498b7c24,16,16,5
levels/BA/BA_net.tex.xbx,413,d2a5d404,16,16,5
levels/BA/BA_net.tex.xbx,414,961a4a5c,16,16,5
levels/BA/BA_net.tex.xbx,415,390e3204,16,16,5
levels/BA/BA_net.tex.xbx,416,5530c05c,16,16,5
levels/BA/BA_net.tex.xbx,417,c9a30648,16,16,5
levels/BA/BA_net.tex.xbx,418,cd9b9740,16,16,5
levels/BA/BA_net.tex.xbx,419,2cb88640,16,16,5
levels/BA/BA_net.tex.xbx,420,7086fb48,16,16,5
levels/BA/BA_net.tex.xbx,421,a1f9bb5c,16,16,5
levels/BA/BA_net.tex.xbx,422,fe463304,16,16,5
levels/BA/BA_net.tex.xbx,423,0b48cdd8,16,16,5
levels/BA/BA_net.tex.xbx,424,67f83fb0,16,16,5
levels/BA/BA_net.tex.xbx,425,890f2bd8,16,16,5
levels/BA/BA_net.tex.xbx,426,0cb0b5b0,16,16,5
levels/BA/BA_net.tex.xbx,427,f83e03f4,16,16,5
levels/BA/BA_net.tex.xbx,428,94818a6c,16,16,5
levels/BA/BA_net.tex.xbx,429,e1588f6c,16,16,5
levels/BA/BA_net.tex.xbx,430,bd6602f4,16,16,5
levels/BA/BA_net.tex.xbx,431,6bf3c6b0,16,16,5
levels/BA/BA_net.tex.xbx,432,2fcb36d8,16,16,5
levels/BA/BA_net.tex.xbx,433,ac8882b8,16,16,5
levels/BA/BA_net.tex.xbx,434,b0360f90,16,16,5
levels/BA/BA_net.tex.xbx,435,5ec284b8,16,16,5
levels/BA/BA_net.tex.xbx,436,3b7df990,16,16,5
levels/BA/BA_net.tex.xbx,437,eff34d14,16,16,5
levels/BA/BA_net.tex.xbx,438,b34cc48c,16,16,5
levels/BA/BA_net.tex.xbx,439,06d8bf8c,16,16,5
levels/BA/BA_net.tex.xbx,440,8a684e14,16,16,5
levels/BA/BA_net.tex.xbx,441,7bdde890,16,16,5
levels/BA/BA_net.tex.xbx,442,20e273a4,128,128,5
levels/BA/BA_net.tex.xbx,443,81160108,64,64,2
levels/BA/BA_net.tex.xbx,444,55bf2dc4,64,64,1
levels/BA/BA_net.tex.xbx,445,0daa16a8,32,64,1
levels/BA/BA_net.tex.xbx,446,5dcaa8a8,32,32,1
levels/BA/BA_net.tex.xbx,447,6ca3c59c,32,32,1
levels/BA/BA_net.tex.xbx,448,f01b38c4,32,32,5
levels/BA/BA_net.tex.xbx,449,05e65d74,64,32,1
levels/BA/BA_net.tex.xbx,450,04ddded0,64,64,2
levels/BA/BA_net.tex.xbx,451,8ff25c90,64,32,1
levels/BA/BA_net.tex.xbx,452,c84bcb28,64,64,1
levels/BA/BA_net.tex.xbx,453,93af8690,64,64,1
levels/BA/BA_net.tex.xbx,454,16bda1fc,32,32,1
levels/BA/BA_net.tex.xbx,455,5f235efc,32,32,1
levels/BA/BA_net.tex.xbx,456,e60c3a9c,32,32,5
levels/BA/BA_net.tex.xbx,457,f3905124,32,32,5
levels/BA/BA_net.tex.xbx,458,772a7b6c,64,64,2
levels/BA/BA_net.tex.xbx,459,a7e4b6d0,64,64,2
levels/BA/BA_net.tex.xbx,460,3f6051c0,64,32,1
levels/BA/BA_net.tex.xbx,461,30b95de4,64,64,1
levels/BA/BA_net.tex.xbx,462,7280baec,32,32,1
levels/BA/BA_net.tex.xbx,463,a7461cbc,64,16,5
levels/BA/BA_net.tex.xbx,464,ceba2c78,64,64,5
levels/BA/BA_net.tex.xbx,465,12c4f3ec,32,128,5
levels/BA/BA_net.tex.xbx,466,9073b490,64,32,1
levels/BA/BA_net.tex.xbx,467,369c32b8,32,32,1
levels/BA/BA_net.tex.xbx,468,1f17e8a0,64,128,1
levels/BA/BA_net.tex.xbx,469,66e7dd88,64,64,1
levels/BA/BA_net.tex.xbx,470,4714c1ec,64,128,1
levels/BA/BA_net.tex.xbx,471,44da6ebc,32,16,1
levels/BA/BA_net.tex.xbx,472,19b31484,64,32,5
levels/BA/BA_net.tex.xbx,473,dbc6ca80,64,128,1
levels/BA/BA_net.tex.xbx,474,2a3d3f7c,32,128,5
levels/BA/BA_net.tex.xbx,475,166e71ec,32,32,1
levels/BA/BA_net.tex.xbx,476,ad81e58c,64,128,1
levels/BA/BA_net.tex.xbx,477,21f9e9d4,32,128,1
levels/BA/BA_net.tex.xbx,478,d8f4df90,64,128,1
levels/BA/BA_net.tex.xbx,479,4859b68c,64,128,1
levels/BA/BA_net.tex.xbx,480,44672714,64,128,1
levels/BA/BA_net.tex.xbx,481,70a1a688,64,64,1
levels/BA/BA_net.tex.xbx,482,fa76e200,128,64,5
levels/BA/BA_net.tex.xbx,483,ef2239c0,128,64,5
levels/BA/BA_net.tex.xbx,484,92371458,64,128,5
levels/BA/BA_net.tex.xbx,485,3407f314,128,64,1
levels/BA/BA_net.tex.xbx,486,43618df8,8,32,5
levels/BA/BA_net.tex.xbx,487,4175c140,128,64,1
levels/BA/BA_net.tex.xbx,488,97267da0,128,128,1
levels/BA/BA_net.tex.xbx,489,3dacfd7c,128,128,5
levels/BA/BA_net.tex.xbx,490,0ea70514,64,128,5
levels/BA/BA_net.tex.xbx,491,7dc59978,128,64,1
levels/BA/BA_net.tex.xbx,492,ff6be5c4,64,64,5
levels/BA/BA_net.tex.xbx,493,4f81fbf8,64,64,5
levels/BA/BA_net.tex.xbx,494,7b2eba1c,16,64,5
levels/BA/BA_net.tex.xbx,495,4551acb8,64,64,5
levels/BA/BA_net.tex.xbx,496,9249b518,128,64,1
levels/BA/BA_net.tex.xbx,497,53257160,64,64,1
levels/BA/BA_net.tex.xbx,498,9f7b8be4,128,64,5
levels/BA/BA_net.tex.xbx,499,ee285384,64,128,5
levels/BA/BA_net.tex.xbx,500,befb4e98,32,32,1
levels/BA/BA_net.tex.xbx,501,493d2ccc,64,128,5
levels/BA/BA_net.tex.xbx,502,8e69c138,64,64,5
levels/BA/BA_net.tex.xbx,503,76c91528,128,128,1
levels/BA/BA_net.tex.xbx,504,41d47508,64,64,1
levels/BA/BA_net.tex.xbx,505,a8b633f4,32,32,1
levels/BA/BA_net.tex.xbx,506,4c3470fc,128,128,1
levels/BA/BA_net.tex.xbx,507,4c407600,64,64,1
levels/BA/BA_net.tex.xbx,508,dddd4a74,128,128,1
levels/BA/BA_net.tex.xbx,509,23fb4898,64,128,1
levels/BA/BA_net.tex.xbx,510,faca898c,128,128,5
levels/BA/BA_net.tex.xbx,511,435f24a0,32,64,5
levels/BA/BA_net.tex.xbx,512,d7d5bf70,128,64,1
levels/BA/BA_net.tex.xbx,513,7ac15ccc,64,64,2
levels/BA/BA_net.tex.xbx,514,7618d898,128,128,5
levels/BA/BA_net.tex.xbx,515,efd2056c,64,64,5
levels/BA/BA_net.tex.xbx,516,91d164a4,64,64,1
levels/BA/BA_net.tex.xbx,517,764fa9f8,64,128,1
levels/BA/BA_net.tex.xbx,518,5feb8984,32,32,1
levels/BA/BA_net.tex.xbx,519,47946834,32,32,5
levels/BA/BA_net.tex.xbx,520,bb94495c,64,64,1
levels/BA/BA_net.tex.xbx,521,68937fd8,32,64,1
levels/BA/BA_net.tex.xbx,522,a9db4660,32,64,1
levels/BA/BA_net.tex.xbx,523,208ec3fc,32,16,5
levels/BA/BA_net.tex.xbx,524,b85dbf28,128,128,5
levels/BA/BA_net.tex.xbx,525,08ba13b0,128,128,1
levels/BA/BA_net.tex.xbx,526,1f3f6c90,16,128,5
levels/BA/BA_net.tex.xbx,527,437fe5b8,64,64,5
levels/BA/BA_net.tex.xbx,528,52750ef0,32,16,1
levels/BA/BA_net.tex.xbx,529,108e6b10,128,128,1
levels/BA/BA_net.tex.xbx,530,cb9fda5c,128,128,5
levels/BA/BA_net.tex.xbx,531,17122c48,64,128,5
levels/BA/BA_net.tex.xbx,532,a7a16404,64,64,5
levels/BA/BA_net.tex.xbx,533,f94c7598,64,64,5
levels/BA/BA_net.tex.xbx,534,4eac2b80,64,64,1
levels/BA/BA_net.tex.xbx,535,d314a370,64,64,1
levels/BA/BA_net.tex.xbx,536,fe2870d0,64,64,1
levels/BA/BA_net.tex.xbx,537,c8dc6ae0,64,64,5
levels/BA/BA_net.tex.xbx,538,a05b309c,128,128,5
levels/BA/BA_net.tex.xbx,539,7677afc0,32,64,1
levels/BA/BA_net.tex.xbx,540,9dca43c4,64,128,1
levels/BA/BA_net.tex.xbx,541,639b3178,64,32,5
levels/BA/BA_net.tex.xbx,542,911494c0,32,32,5
levels/BA/BA_net.tex.xbx,543,7e8becd0,128,128,5
levels/BA/BA_net.tex.xbx,544,f4468838,128,32,1
levels/BA/BA_net.tex.xbx,545,8a5c4774,16,128,5
levels/BA/BA_net.tex.xbx,546,59124870,128,32,5
levels/BA/BA_net.tex.xbx,547,168988ec,32,128,1
levels/BA/BA_net.tex.xbx,548,9df8b934,64,128,5
levels/BA/BA_net.tex.xbx,549,fbbcbc80,64,128,5
levels/BA/BA_net.tex.xbx,550,f1a5f3f8,32,64,1
levels/BA/BA_net.tex.xbx,551,55698cec,64,256,5
levels/BA/BA_net.tex.xbx,552,7d583b74,128,32,5
levels/BA/BA_net.tex.xbx,553,e60d0b4c,32,64,5
levels/BA/BA_net.tex.xbx,554,291703f0,64,256,5
levels/BA/BA_net.tex.xbx,555,d3c39d70,64,128,5
levels/BA/BA_net.tex.xbx,556,a591fa24,64,64,5
levels/BA/BA_net.tex.xbx,557,0e27ac94,128,128,1
levels/BA/BA_net.tex.xbx,558,4db96c40,64,64,1
levels/BA/BA_net.tex.xbx,559,a6aa38dc,64,128,1
levels/BA/BA_net.tex.xbx,560,78dd6970,128,128,1
levels/BA/BA_net.tex.xbx,561,f6480f78,64,128,1
levels/BA/BA_net.tex.xbx,562,e677edec,64,64,1
levels/BA/BA_net.tex.xbx,563,c5e06bfc,128,128,1
levels/BA/BA_net.tex.xbx,564,fdd18c98,64,128,1
levels/BA/BA_net.tex.xbx,565,7677fd50,64,32,5
levels/BA/BA_net.tex.xbx,566,521f90c8,128,128,1
levels/BA/BA_net.tex.xbx,567,d007ef58,64,64,1
levels/BA/BA_net.tex.xbx,568,333b67e8,64,64,1
levels/BA/BA_net.tex.xbx,569,720e5ac8,32,32,5
levels/BA/BA_net.tex.xbx,570,7d3ea4e8,128,128,5
levels/BA/BA_net.tex.xbx,571,0c5ef008,128,64,5
levels/BA/BA_net.tex.xbx,572,00929dc4,128,32,5
levels/BA/BA_net.tex.xbx,573,fd357810,64,128,5
levels/BA/BA_net.tex.xbx,574,71d143a8,64,32,5
levels/BA/BA_net.tex.xbx,575,5814ab48,32,128,5
levels/BA/BA_net.tex.xbx,576,8e97bba0,64,16,5
levels/BA/BA_net.tex.xbx,577,5bf1511c,128,64,5
levels/BA/BA_net.tex.xbx,578,e8646b04,64,64,5
levels/BA/BA_net.tex.xbx,579,84daf35c,64,64,5
levels/BA/BA_net.tex.xbx,580,c3816b70,4,16,2
levels/BA/BA_net.tex.xbx,581,0e5788c8,64,64,5
levels/BA/BA_net.tex.xbx,582,e47b2730,64,64,1
levels/BA/BA_net.tex.xbx,583,acabccb0,64,64,1
levels/BA/BA_net.tex.xbx,584,3528f10c,64,64,1
levels/BA/BA_net.tex.xbx,585,4264cbb4,128,128,5
levels/BA/BA_net.tex.xbx,586,fb1d7a4c,64,16,1
levels/BA/BA_net.tex.xbx,587,17e77818,32,128,1
levels/BA/BA_net.tex.xbx,588,2bd1302c,32,64,1
levels/BA/BA_net.tex.xbx,589,08cf3a90,128,128,1
levels/BA/BA_net.tex.xbx,590,a3eac6c4,64,32,5
levels/BA/BA_net.tex.xbx,591,8a049a04,32,64,2
levels/BA/BA_net.tex.xbx,592,e2701f0c,128,64,5
levels/BA/BA_net.tex.xbx,593,35e7f01c,64,64,5
levels/BA/BA_net.tex.xbx,594,b8d9f394,32,64,1
levels/BA/BA_net.tex.xbx,595,644c4610,32,32,1
levels/BA/BA_net.tex.xbx,596,b4e827e0,32,16,5
levels/BA/BA_net.tex.xbx,597,cf735b00,64,64,1
levels/BA/BA_net.tex.xbx,598,72d9d9c0,64,64,1
levels/BA/BA_net.tex.xbx,599,35acd440,64,64,2
levels/BA/BA_net.tex.xbx,600,135ccf20,64,128,1
levels/BA/BA_net.tex.xbx,601,7bd61f18,64,32,1
levels/BA/BA_net.tex.xbx,602,87003e48,64,64,1
levels/BA/BA_net.tex.xbx,603,da8e38c8,32,128,1
levels/BA/BA_net.tex.xbx,604,971c3b78,128,128,2
levels/BA/BA_net.tex.xbx,605,863fb73c,32,16,5
levels/BA/BA_net.tex.xbx,606,28040dd8,64,32,1
levels/BA/BA_net.tex.xbx,607,c351f564,128,64,1
levels/BA/BA_net.tex.xbx,608,1c2dd908,64,128,5
levels/BA/BA_net.tex.xbx,609,4ad3cd90,128,128,1
levels/BA/BA_net.tex.xbx,610,01ee4314,64,64,1
levels/BA/BA_net.tex.xbx,611,7c959ce8,64,128,1
levels/BA/BA_net.tex.xbx,612,5a4f3b24,64,64,5
levels/BA/BA_net.tex.xbx,613,351950e4,32,64,5
levels/BA/BA_net.tex.xbx,614,6c3b7fb0,64,64,1
levels/BA/BA_net.tex.xbx,615,76e67898,64,128,1
levels/BA/BA_net.tex.xbx,616,ebe54db4,128,64,5
levels/BA/BA_net.tex.xbx,617,1a5ae8f0,64,64,5
levels/BA/BA_net.tex.xbx,618,955594fc,64,64,5
levels/BA/BA_net.tex.xbx,619,304ba0a8,64,64,1
levels/BA/BA_net.tex.xbx,620,e70a7288,64,64,5
levels/BA/BA_net.tex.xbx,621,0b2b4644,32,32,5
levels/BA/BA_net.tex.xbx,622,805b2220,64,64,1
levels/BA/BA_net.tex.xbx,623,41f15564,64,32,1
levels/BA/BA_net.tex.xbx,624,86464c40,32,64,5
levels/BA/BA_net.tex.xbx,625,ab5d16e8,32,32,1
levels/BA/BA_net.tex.xbx,626,c8185e64,128,32,5
levels/BA/BA_net.tex.xbx,627,547fc4c0,64,64,5
levels/BA/BA_net.tex.xbx,628,221a07d8,32,32,1
levels/BA/BA_net.tex.xbx,629,f61d2264,128,128,1
levels/BA/BA_net.tex.xbx,630,7a75dd8c,64,64,5
levels/BA/BA_net.tex.xbx,631,0175f644,128,64,5
levels/BA/BA_net.tex.xbx,632,588f2374,16,32,5
levels/BA/BA_net.tex.xbx,633,d9b4ba50,64,64,5
levels/BA/BA_net.tex.xbx,634,8f569ee4,32,64,1
levels/BA/BA_net.tex.xbx,635,6daf06bc,32,32,5
levels/BA/BA_net.tex.xbx,636,ed349788,128,128,5
levels/BA/BA_net.tex.xbx,637,4b96b558,64,32,2
levels/BA/BA_net.tex.xbx,638,d7ac52b8,64,64,5
levels/BA/BA_net.tex.xbx,639,f1888c2c,32,64,1
levels/BA/BA_net.tex.xbx,640,d32ad6d8,128,128,1
levels/BA/BA_net.tex.xbx,641,4eda9fec,64,128,5
levels/BA/BA_net.tex.xbx,642,bf455720,128,128,2
levels/BA/BA_net.tex.xbx,643,f1755d78,128,64,1
levels/BA/BA_net.tex.xbx,644,83650b38,32,64,1
levels/BA/BA_net.tex.xbx,645,c83555f0,64,64,5
levels/BA/BA_net.tex.xbx,646,30e35364,16,64,1
levels/BA/BA_net.tex.xbx,647,f73802f0,32,16,5
levels/BA/BA_net.tex.xbx,648,3c7de764,64,64,5
levels/BA/BA_net.tex.xbx,649,b6591ea4,128,128,5
levels/BA/BA_net.tex.xbx,650,ceea0f54,128,64,5
levels/BA/BA_net.tex.xbx,651,48f16a94,128,64,5
levels/BA/BA_net.tex.xbx,652,67e65aa0,128,128,5
levels/BA/BA_net.tex.xbx,653,73690db4,128,32,5
levels/BA/BA_net.tex.xbx,654,e7035fe4,32,32,5
levels/BA/BA_net.tex.xbx,655,fb78a660,32,32,5
levels/BA/BA_net.tex.xbx,656,77c837e8,32,32,5
levels/BA/BA_net.tex.xbx,657,59e9f1ac,32,64,1
levels/BA/BA_net.tex.xbx,658,53f94a2c,64,64,2
levels/BA/BA_net.tex.xbx,659,c0d344a0,64,64,5
levels/BA/BA_net.tex.xbx,660,cf69df6c,32,32,5
levels/BA/BA_net.tex.xbx,661,5158c2a0,128,128,1
levels/BA/BA_net.tex.xbx,662,a1342cbc,64,32,5
levels/BA/BA_net.tex.xbx,663,c7e07658,32,64,5
levels/BA/BA_net.tex.xbx,664,6f311c60,128,64,5
levels/BA/BA_net.tex.xbx,665,2a1f3378,128,128,5
levels/BA/BA_net.tex.xbx,666,21c0cd98,64,128,5
levels/BA/BA_net.tex.xbx,667,1a0ee080,64,64,5
levels/BA/BA_net.tex.xbx,668,084580bc,128,64,5
levels/BA/BA_net.tex.xbx,669,ff21b5c8,64,32,5
levels/BA/BA_net.tex.xbx,670,96719f1c,128,64,1
levels/BA/BA_net.tex.xbx,671,0bce1418,64,128,1
levels/BA/BA_net.tex.xbx,672,c9496210,32,128,1
levels/BA/BA_net.tex.xbx,673,14207bec,128,64,5
levels/BA/BA_net.tex.xbx,674,818f9958,128,64,5
levels/BA/BA_net.tex.xbx,675,599bfa74,64,32,1
levels/BA/BA_net.tex.xbx,676,daf536a4,64,64,1
levels/BA/BA_net.tex.xbx,677,1942b280,64,64,1
levels/BA/BA_net.tex.xbx,678,82540e78,32,32,1
levels/BA/BA_net.tex.xbx,679,73fa81f0,32,64,1
levels/BA/BA_net.tex.xbx,680,89ee4e54,64,128,5
levels/BA/BA_net.tex.xbx,681,e380d3fc,32,32,1
levels/BA/BA_net.tex.xbx,682,407b735c,32,32,5
levels/BA/BA_net.tex.xbx,683,1af5035c,64,64,5
levels/BA/BA_net.tex.xbx,684,391861b4,32,32,5
levels/BA/BA_net.tex.xbx,685,531a5290,64,64,5
levels/BA/BA_net.tex.xbx,686,bccc6b9c,128,32,1
levels/BA/BA_net.tex.xbx,687,a67b1858,64,32,1
levels/BA/BA_net.tex.xbx,688,b37b564c,16,16,5
levels/BA/BA_net.tex.xbx,689,8b38fb34,64,64,5
levels/BA/BA_net.tex.xbx,690,a01a6fe0,32,64,5
levels/BA/BA_net.tex.xbx,691,5a650c50,32,64,1
levels/BA/BA_net.tex.xbx,692,c41d549c,32,64,1
levels/BA/BA_net.tex.xbx,693,1292a208,32,64,5
levels/BA/BA_net.tex.xbx,694,736bbb08,128,32,5
levels/BA/BA_net.tex.xbx,695,13697118,64,32,5
levels/BA/BA_net.tex.xbx,696,8cc7bdd8,64,64,5
levels/BA/BA_net.tex.xbx,697,9e3cf86c,64,64,5
levels/BA/BA_net.tex.xbx,698,17d3c340,64,32,5
levels/BA/BA_net.tex.xbx,699,bc6e702c,64,64,1
levels/BA/BA_net.tex.xbx,700,325ec700,128,128,5
levels/BA/BA_net.tex.xbx,701,cc8a2ac0,32,64,5
levels/BA/BA_net.tex.xbx,702,020289f4,64,256,5
levels/BA/BA_net.tex.xbx,703,29231c9c,64,128,5
levels/BA/BA_net.tex.xbx,704,f3fda724,64,32,1
levels/BA/BA_net.tex.xbx,705,41686cfc,128,64,1
levels/BA/BA_net.tex.xbx,706,99e5ccb0,64,16,1
levels/BA/BA_net.tex.xbx,707,f9da1e40,64,64,5
levels/BA/BA_net.tex.xbx,708,4851a01c,128,64,5
levels/BA/BA_net.tex.xbx,709,b76c3cf0,64,128,5
levels/BA/BA_net.tex.xbx,710,d4016c04,16,64,1
levels/BA/BA_net.tex.xbx,711,2ee00aec,64,64,5
levels/BA/BA_net.tex.xbx,712,a4d9c990,64,64,5
levels/BA/BA_net.tex.xbx,713,ae5f4c00,32,32,1
levels/BA/BA_net.tex.xbx,714,db39e588,32,128,5
levels/BA/BA_net.tex.xbx,715,a5f8cd64,128,128,5
levels/BA/BA_net.tex.xbx,716,5dbc94f8,64,128,5
levels/BA/BA_net.tex.xbx,717,c8a37a2c,64,128,5
levels/BA/BA_net.tex.xbx,718,ea81f020,128,128,5
levels/BA/BA_net.tex.xbx,719,88c7e2f8,32,64,5
levels/BA/BA_net.tex.xbx,720,5a3d964c,64,64,5
levels/BA/BA_net.tex.xbx,721,701788fc,64,32,1
levels/BA/BA_net.tex.xbx,722,09389ce4,128,64,5
levels/BA/BA_net.tex.xbx,723,e0402154,16,16,2
levels/BA/BA_net.tex.xbx,724,8d43c204,64,128,5
levels/BA/BA_net.tex.xbx,725,08c54bbc,128,128,5
levels/BA/BA_net.tex.xbx,726,cfc7bfd8,64,16,5
levels/BA/BA_net.tex.xbx,727,09a58298,128,128,1
levels/BA/BA_net.tex.xbx,728,a85d7e74,128,128,5
levels/BA/BA_net.tex.xbx,729,29e7d39c,128,64,1
levels/BA/BA_net.tex.xbx,730,53025c78,128,32,2
levels/BA/BA_net.tex.xbx,731,b951c854,128,128,1
levels/BA/BA_net.tex.xbx,732,83561524,128,32,5
levels/BA/BA_net.tex.xbx,733,6536d818,128,32,5
levels/BA/BA_net.tex.xbx,734,66d69380,32,32,1
levels/BA/BA_net.tex.xbx,735,b70a02c4,32,64,1
levels/BA/BA_net.tex.xbx,736,ff289d20,32,64,1
levels/BA/BA_net.tex.xbx,737,db558100,64,64,5
levels/BA/BA_net.tex.xbx,738,cdf5f038,32,128,1
levels/BA/BA_net.tex.xbx,739,337ee39c,64,32,1
levels/BA/BA_net.tex.xbx,740,446c8178,128,128,1
levels/BA/BA_net.tex.xbx,741,f5c9b3b4,64,128,1
levels/BA/BA_net.tex.xbx,742,55b17fbc,32,32,5
levels/BA/BA_net.tex.xbx,743,b831b588,64,32,5
levels/BA/BA_net.tex.xbx,744,109e6034,64,64,5
levels/BA/BA_net.tex.xbx,745,c59e40f0,64,64,5
levels/BA/BA_net.tex.xbx,746,94541654,128,64,1
levels/BA/BA_net.tex.xbx,747,3c951648,128,64,5
levels/BA/BA_net.tex.xbx,748,5f382670,128,128,5
levels/BA/BA_net.tex.xbx,749,788d1038,64,64,2
levels/BA/BA_net.tex.xbx,750,7fb96584,64,64,1
levels/BA/BA_net.tex.xbx,751,6123cfcc,128,64,5
levels/BA/BA_net.tex.xbx,752,62a33b44,32,64,5
levels/BA/BA_net.tex.xbx,753,9a8bd29c,64,32,1
levels/BA/BA_net.tex.xbx,754,54fe3de0,64,32,5
levels/BA/BA_net.tex.xbx,755,b0367fc8,64,32,5
levels/BA/BA_net.tex.xbx,756,d0a39634,128,64,1
levels/BA/BA_net.tex.xbx,757,3742996c,64,64,5
levels/BA/BA_net.tex.xbx,758,12c72c60,128,128,1
levels/BA/BA_net.tex.xbx,759,e754d9e4,128,128,1
levels/BA/BA_net.tex.xbx,760,3ed68f84,64,64,5
levels/BA/BA_net.tex.xbx,761,7b7e7cf4,128,64,5
levels/BA/BA_net.tex.xbx,762,d8d8ffa0,128,64,5
levels/BA/BA_net.tex.xbx,763,c6573064,64,64,5
levels/BA/BA_net.tex.xbx,764,e2cabdc4,64,64,5
levels/BA/BA_net.tex.xbx,765,7fdf7ac4,64,64,5
levels/BA/BA_net.tex.xbx,766,a98ee9b0,64,64,1
levels/BA/BA_net.tex.xbx,767,8ed3d104,128,128,1
levels/BA/BA_net.tex.xbx,768,78a840ac,32,32,5
levels/BA/BA_net.tex.xbx,769,9d4dfd30,32,32,5
levels/BA/BA_net.tex.xbx,770,b68ba62c,64,64,5
levels/BA/BA_net.tex.xbx,771,1b320268,64,64,5
levels/BA/BA_net.tex.xbx,772,be4c90e0,64,64,5
levels/BA/BA_net.tex.xbx,773,4ee7c53c,64,64,5
levels/BA/BA_net.tex.xbx,774,3a9f0134,128,128,5
levels/BA/BA_net.tex.xbx,775,778d8be0,64,64,5
levels/BA/BA_net.tex.xbx,776,358d988c,64,16,5
levels/BA/BA_net.tex.xbx,777,96d98020,64,64,1
levels/BA/BA_net.tex.xbx,778,5a7325f8,32,64,5
levels/BA/BA_net.tex.xbx,779,96e51d24,32,32,5
levels/BA/BA_net.tex.xbx,780,8a86dda4,128,128,1
levels/BA/BA_net.tex.xbx,781,ead682d8,128,128,1
levels/BA/BA_net.tex.xbx,782,72485388,64,64,5
levels/BA/BA_net.tex.xbx,783,0af92a88,128,128,1
levels/BA/BA_net.tex.xbx,784,198ebc60,128,32,1
levels/BA/BA_net.tex.xbx,785,292752e0,128,64,5
levels/BA/BA_net.tex.xbx,786,9b923a3c,128,128,1
levels/BA/BA_net.tex.xbx,787,f2f2a680,32,64,5
levels/BA/BA_net.tex.xbx,788,e589e75c,32,32,5
levels/BA/BA_net.tex.xbx,789,8ae657ac,32,64,2
levels/BA/BA_net.tex.xbx,790,1935b248,32,64,5
levels/BA/BA_net.tex.xbx,791,bbc355c0,128,32,5
levels/BA/BA_net.tex.xbx,792,30e0c408,128,128,5
levels/BA/BA_net.tex.xbx,793,cd46e380,64,32,5
levels/BA/BA_net.tex.xbx,794,ea292e10,64,32,1
levels/BA/BA_net.tex.xbx,795,fd1c41d4,128,64,5
levels/BA/BA_net.tex.xbx,796,6897dd08,64,64,1
levels/BA/BA_net.tex.xbx,797,d0348e38,64,16,1
levels/BA/BA_net.tex.xbx,798,a5b8edfc,128,64,5
levels/BA/BA_net.tex.xbx,799,26fc87e8,64,64,5
levels/BA/BA_net.tex.xbx,800,0896ed58,32,32,1
levels/BA/BA_net.tex.xbx,801,bc776370,128,64,5
levels/BA/BA_net.tex.xbx,802,58fe5878,32,32,1
levels/BA/BA_net.tex.xbx,803,6a3aadec,64,64,5
levels/BA/BA_net.tex.xbx,804,d5b5fb74,64,64,5
levels/BA/BA_net.tex.xbx,805,ff6cd5f8,64,64,1
levels/BA/BA_net.tex.xbx,806,206990f4,64,64,1
levels/BA/BA_net.tex.xbx,807,d9f255f4,64,64,1
levels/BA/BA_net.tex.xbx,808,7cd71d6c,64,64,1
levels/BA/BA_net.tex.xbx,809,ae6458d8,64,64,1
levels/BA/BA_net.tex.xbx,810,554d0814,64,64,1
levels/BA/BA_net.tex.xbx,811,d82f809c,64,64,1
levels/BA/BA_net.tex.xbx,812,09ba4608,64,64,1
levels/BA/BA_net.tex.xbx,813,6504b780,64,64,1
levels/BA/BA_net.tex.xbx,814,a0a5ac80,64,64,1
levels/BA/BA_net.tex.xbx,815,bc1a3508,64,64,1
levels/BA/BA_net.tex.xbx,816,30a4819c,64,64,1
levels/BA/BA_net.tex.xbx,817,351b0cc4,64,64,1
levels/BA/BA_net.tex.xbx,818,3fbc2368,64,16,5
levels/BA/BA_net.tex.xbx,819,a9398c38,128,64,5
levels/BA/BA_net.tex.xbx,820,50704f5c,64,64,5
levels/BA/BA_net.tex.xbx,821,5ae14c0c,64,128,5
levels/BA/BA_net.tex.xbx,822,c99b1d90,64,64,5
levels/BA/BA_net.tex.xbx,823,bc3d38d4,64,32,5
levels/BA/BA_net.tex.xbx,824,4a356094,32,64,1
levels/BA/BA_net.tex.xbx,825,55d9c314,64,64,5
levels/BA/BA_net.tex.xbx,826,dbdd0258,64,64,1
levels/BA/BA_net.tex.xbx,827,c2ec96d8,128,64,1
levels/BA/BA_net.tex.xbx,828,380e4770,128,64,1
levels/BA/BA_net.tex.xbx,829,3413a4a0,64,64,5
levels/BA/BA_net.tex.xbx,830,5b3d1430,64,64,5
levels/BA/BA_net.tex.xbx,831,a9b26274,64,64,2
levels/BA/BA_net.tex.xbx,832,4d9f7118,64,64,1
levels/BA/BA_net.tex.xbx,833,9f2cc52c,128,64,5
levels/BA/BA_net.tex.xbx,834,d9989db0,128,128,1
levels/BA/BA_net.tex.xbx,835,8d021024,64,64,5
levels/BA/BA_net.tex.xbx,836,2adea380,128,128,5
levels/BA/BA_net.tex.xbx,837,1f828d6c,64,64,1
levels/BA/BA_net.tex.xbx,838,9246d8f0,64,32,1
levels/BA/BA_net.tex.xbx,839,ad2838ec,64,128,1
levels/BA/BA_net.tex.xbx,840,7d5806f0,128,128,5
levels/BA/BA_net.tex.xbx,841,010dbcc4,128,32,5
levels/BA/BA_net.tex.xbx,842,1761f85c,128,64,1
levels/BA/BA_net.tex.xbx,843,727df404,128,128,1
levels/BA/BA_net.tex.xbx,844,a76df3e8,128,128,1
levels/BA/BA_net.tex.xbx,845,734bb804,64,64,5
levels/BA/BA_net.tex.xbx,846,87be1140,64,64,5
levels/BA/BA_net.tex.xbx,847,0b8c924c,32,32,5
levels/BA/BA_net.tex.xbx,848,02087180,32,64,5
levels/BA/BA_net.tex.xbx,849,db8d94e4,32,32,5
levels/BA/BA_net.tex.xbx,850,af93743c,64,64,5
levels/BA/BA_net.tex.xbx,851,5a6be72c,128,128,5
levels/BA/BA_net.tex.xbx,852,a1871068,128,128,5
levels/BA/BA_net.tex.xbx,853,23a5dc38,128,128,5
levels/BA/BA_net.tex.xbx,854,e0d16f44,64,32,1
levels/BA_Sky/BA_Sky.tex.xbx,0,2a6ab188,128,128,1
levels/BA_Sky/BA_Sky.tex.xbx,1,dceaec88,128,128,1
levels/BA_Sky/BA_Sky.tex.xbx,2,b44be644,128,128,1
levels/BA_Sky/BA_Sky.tex.xbx,3,45d62000,128,128,1
levels/BA_Sky/BA_Sky_net.tex.xbx,0,2a6ab188,128,128,1
levels/BA_Sky/BA_Sky_net.tex.xbx,1,dceaec88,128,128,1
levels/BA_Sky/BA_Sky_net.tex.xbx,2,b44be644,128,128,1
levels/BA_Sky/BA_Sky_net.tex.xbx,3,45d62000,128,128,1
levels/BE_Sky/BE_Sky.tex.xbx,0,eb94e12c,128,128,1
levels/BE_Sky/BE_Sky.tex.xbx,1,1a1fa518,128,128,1
levels/BE_Sky/BE_Sky.tex.xbx,2,4ea9ac34,128,128,1
levels/BE_Sky/BE_Sky.tex.xbx,3,a72a7134,128,128,1
levels/BE_Sky/BE_Sky.tex.xbx,4,a702e808,32,32,1
levels/BE_Sky/BE_Sky_net.tex.xbx,0,eb94e12c,128,128,1
levels/BE_Sky/BE_Sky_net.tex.xbx,1,1a1fa518,128,128,1
levels/BE_Sky/BE_Sky_net.tex.xbx,2,4ea9ac34,128,128,1
levels/BE_Sky/BE_Sky_net.tex.xbx,3,a72a7134,128,128,1
levels/BE_Sky/BE_Sky_net.tex.xbx,4,a702e808,32,32,1
levels/BO/BO.tex.xbx,0,242f95e4,128,128,1
levels/BO/BO.tex.xbx,1,ed748d8c,128,64,1
levels/BO/BO.tex.xbx,2,4d91ed84,128,64,1
levels/BO/BO.tex.xbx,3,a9c482f0,128,128,5
levels/BO/BO.tex.xbx,4,e5fbfa98,128,128,5
levels/BO/BO.tex.xbx,5,1d1e0680,64,64,1
levels/BO/BO.tex.xbx,6,207ce610,128,128,5
levels/BO/BO.tex.xbx,7,caa9e6a8,128,128,1
levels/BO/BO.tex.xbx,8,49028ca4,128,64,1
levels/BO/BO.tex.xbx,9,ea841248,64,32,1
levels/BO/BO.tex.xbx,10,c15c02f0,64,64,1
levels/BO/BO.tex.xbx,11,6e62b944,64,64,1
levels/BO/BO.tex.xbx,12,17356770,64,64,1
levels/BO/BO.tex.xbx,13,efc739d0,64,128,5
levels/BO/BO.tex.xbx,14,2c309860,64,128,5
levels/BO/BO.tex.xbx,15,7ce079a4,128,64,5
levels/BO/BO.tex.xbx,16,15642db4,128,64,1
levels/BO/BO.tex.xbx,17,da286520,128,128,1
levels/BO/BO.tex.xbx,18,1bbc1e74,128,128,1
levels/BO/BO.tex.xbx,19,0c8c2ea0,128,64,5
levels/BO/BO.tex.xbx,20,ddfb0db0,128,128,5
levels/BO/BO.tex.xbx,21,2d5b6c24,128,128,5
levels/BO/BO.tex.xbx,22,1abf9d70,64,64,5
levels/BO/BO.tex.xbx,23,4d3e1834,64,64,1
levels/BO/BO.tex.xbx,24,1520da68,128,128,1
levels/BO/BO.tex.xbx,25,02b2db70,32,32,1
levels/BO/BO.tex.xbx,26,bd8e6568,64,64,1
levels/BO/BO.tex.xbx,27,64f41d1c,128,128,1
levels/BO/BO.tex.xbx,28,9f321b68,32,32,5
levels/BO/BO.tex.xbx,29,2906f268,32,64,5
levels/BO/BO.tex.xbx,30,b23f4680,32,64,5
levels/BO/BO.tex.xbx,31,d7844ee4,128,64,5
levels/BO/BO.tex.xbx,32,dc59ab4c,64,64,5
levels/BO/BO.tex.xbx,33,ea52dd88,32,32,5
levels/BO/BO.tex.xbx,34,1dabab18,32,32,5
levels/BO/BO.tex.xbx,35,3d328f14,64,64,5
levels/BO/BO.tex.xbx,36,45fbfaa8,128,128,5
levels/BO/BO.tex.xbx,37,4b657cac,32,64,1
levels/BO/BO.tex.xbx,38,e297958c,64,64,1
levels/BO/BO.tex.xbx,39,20302194,128,128,1
levels/BO/BO.tex.xbx,40,cded09c8,128,32,1
levels/BO/BO.tex.xbx,41,f7726324,128,128,5
levels/BO/BO.tex.xbx,42,0ec2f690,32,64,1
levels/BO/BO.tex.xbx,43,54ac4954,128,64,1
levels/BO/BO.tex.xbx,44,a500a5ec,128,128,1
levels/BO/BO.tex.xbx,45,a696e0f4,64,64,1
levels/BO/BO.tex.xbx,46,93d40b14,32,32,5
levels/BO/BO.tex.xbx,47,c0895970,64,64,1
levels/BO/BO.tex.xbx,48,353a4f20,64,64,1
levels/BO/BO.tex.xbx,49,3084df28,64,64,1
levels/BO/BO.tex.xbx,50,7970a308,64,64,5
levels/BO/BO.tex.xbx,51,fec7defc,128,128,1
levels/BO/BO.tex.xbx,52,6203c980,128,128,1
levels/BO/BO.tex.xbx,53,b30ce208,128,128,5
levels/BO/BO.tex.xbx,54,8a8f5640,128,128,1
levels/BO/BO.tex.xbx,55,b0762fc4,128,32,5
levels/BO/BO.tex.xbx,56,ad04f638,128,128,1
levels/BO/BO.tex.xbx,57,16a3a148,16,16,1
levels/BO/BO.tex.xbx,58,074d5fcc,64,64,1
levels/BO/BO.tex.xbx,59,fc5c89e0,32,64,5
levels/BO/BO.tex.xbx,60,c537c090,128,128,5
levels/BO/BO.tex.xbx,61,6b4686f4,64,64,5
levels/BO/BO.tex.xbx,62,d8c17358,64,128,1
levels/BO/BO.tex.xbx,63,76d432b0,64,128,5
levels/BO/BO.tex.xbx,64,f36bbad8,64,64,5
levels/BO/BO.tex.xbx,65,e44b37fc,128,128,1
levels/BO/BO.tex.xbx,66,7dc156fc,64,32,1
levels/BO/BO.tex.xbx,67,f24d14bc,64,32,5
levels/BO/BO.tex.xbx,68,14c74e88,64,64,1
levels/BO/BO.tex.xbx,69,74de18c0,64,64,1
levels/BO/BO.tex.xbx,70,fb20241c,16,16,5
levels/BO/BO.tex.xbx,71,ed062cc0,128,64,5
levels/BO/BO.tex.xbx,72,97342270,128,16,5
levels/BO/BO.tex.xbx,73,21de8174,64,16,5
levels/BO/BO.tex.xbx,74,c11b2470,32,32,1
levels/BO/BO.tex.xbx,75,f1d7ce74,64,128,5
levels/BO/BO.tex.xbx,76,fa714770,64,64,5
levels/BO/BO.tex.xbx,77,f7959cfc,32,64,1
levels/BO/BO.tex.xbx,78,53dbffac,64,64,5
levels/BO/BO.tex.xbx,79,19c0c144,128,64,1
levels/BO/BO.tex.xbx,80,7e87c18c,64,64,1
levels/BO/BO.tex.xbx,81,e7b09130,128,128,1
levels/BO/BO.tex.xbx,82,903dd7f8,64,64,1
levels/BO/BO.tex.xbx,83,8ea46484,64,128,1
levels/BO/BO.tex.xbx,84,6a85651c,128,128,1
levels/BO/BO.tex.xbx,85,c01f7898,32,128,5
levels/BO/BO.tex.xbx,86,4899c0c8,32,64,1
levels/BO/BO.tex.xbx,87,91d397c0,64,128,5
levels/BO/BO.tex.xbx,88,0ec6c308,32,64,1
levels/BO/BO.tex.xbx,89,a7134794,64,32,5
levels/BO/BO.tex.xbx,90,3d4a8b30,128,128,5
levels/BO/BO.tex.xbx,91,11a1f430,128,128,1
levels/BO/BO.tex.xbx,92,374573f8,128,128,1
levels/BO/BO.tex.xbx,93,17226f08,128,64,1
levels/BO/BO.tex.xbx,94,ff25a24c,128,128,1
levels/BO/BO.tex.xbx,95,9fcbec24,64,64,5
levels/BO/BO.tex.xbx,96,a4daee9c,128,64,5
levels/BO/BO.tex.xbx,97,7ac835f0,64,128,5
levels/BO/BO.tex.xbx,98,e2ef2fb4,64,64,5
levels/BO/BO.tex.xbx,99,3ca9d314,128,128,5
levels/BO/BO.tex.xbx,100,cf0eda20,128,128,5
levels/BO/BO.tex.xbx,101,f41de0d4,128,64,1
levels/BO/BO.tex.xbx,102,92f83a80,128,128,5
levels/BO/BO.tex.xbx,103,d84a4224,64,64,1
levels/BO/BO.tex.xbx,104,27196580,64,64,1
levels/BO/BO.tex.xbx,105,9a23573c,128,128,5
levels/BO/BO.tex.xbx,106,59bbceb0,32,32,1
levels/BO/BO.tex.xbx,107,e77af76c,16,16,5
levels/BO/BO.tex.xbx,108,ab466af4,32,32,5
levels/BO/BO.tex.xbx,109,8e5b026c,16,16,5
levels/BO/BO.tex.xbx,110,7b532cd0,128,128,1
levels/BO/BO.tex.xbx,111,5b70fe9c,128,128,5
levels/BO/BO.tex.xbx,112,71d904e0,128,16,5
levels/BO/BO.tex.xbx,113,9c158300,64,64,1
levels/BO/BO.tex.xbx,114,633fc288,64,64,5
levels/BO/BO.tex.xbx,115,7ba30ea0,64,64,5
levels/BO/BO.tex.xbx,116,0877c214,32,32,5
levels/BO/BO.tex.xbx,117,17c24c30,128,64,2
levels/BO/BO.tex.xbx,118,fda6da7c,64,32,5
levels/BO/BO.tex.xbx,119,5599f304,16,32,1
levels/BO/BO.tex.xbx,120,11a77b5c,32,16,1
levels/BO/BO.tex.xbx,121,810c4640,32,32,1
levels/BO/BO.tex.xbx,122,21466028,32,32,1
levels/BO/BO.tex.xbx,123,3770f658,64,32,5
levels/BO/BO.tex.xbx,124,1f626fdc,64,64,5
levels/BO/BO.tex.xbx,125,5d080e24,16,16,5
levels/BO/BO.tex.xbx,126,adbdf1a8,16,16,1
levels/BO/BO.tex.xbx,127,8768e54c,32,32,1
levels/BO/BO.tex.xbx,128,91f79908,64,128,1
levels/BO/BO.tex.xbx,129,8d319b78,64,64,1
levels/BO/BO.tex.xbx,130,ebc79ec0,128,128,5
levels/BO/BO.tex.xbx,131,0e46b5d8,64,32,1
levels/BO/BO.tex.xbx,132,b13487d8,64,128,1
levels/BO/BO.tex.xbx,133,c57a11f0,64,128,1
levels/BO/BO.tex.xbx,134,892a336c,128,128,1
levels/BO/BO.tex.xbx,135,3caa2e6c,128,128,1
levels/BO/BO.tex.xbx,136,3e3b5808,128,128,1
levels/BO/BO.tex.xbx,137,afb36b80,128,128,5
levels/BO/BO.tex.xbx,138,0a8ec270,128,128,1
levels/BO/BO.tex.xbx,139,52d86034,64,64,5
levels/BO/BO.tex.xbx,140,fd0379b8,128,128,5
levels/BO/BO.tex.xbx,141,87371c78,64,64,1
levels/BO/BO.tex.xbx,142,f4b24d30,128,64,1
levels/BO/BO.tex.xbx,143,09dea510,32,128,1
levels/BO/BO.tex.xbx,144,4bc58408,128,128,1
levels/BO/BO.tex.xbx,145,3d14df7c,128,128,1
levels/BO/BO.tex.xbx,146,684b6d4c,128,64,1
levels/BO/BO.tex.xbx,147,f69e5398,128,128,1
levels/BO/BO.tex.xbx,148,562ed8c4,32,8,1
levels/BO/BO.tex.xbx,149,1a12659c,128,64,1
levels/BO/BO.tex.xbx,150,bb1ceec4,64,16,5
levels/BO/BO.tex.xbx,151,ee0af744,128,64,1
levels/BO/BO.tex.xbx,152,fb62b300,128,128,1
levels/BO/BO.tex.xbx,153,f98d95a0,64,64,5
levels/BO/BO.tex.xbx,154,a26a41bc,32,128,1
levels/BO/BO.tex.xbx,155,9799f528,128,128,1
levels/BO/BO.tex.xbx,156,fe5bc4b8,128,128,5
levels/BO/BO.tex.xbx,157,fa180a30,32,64,1
levels/BO/BO.tex.xbx,158,fa518620,128,128,1
levels/BO/BO.tex.xbx,159,e4b21b78,64,64,1
levels/BO/BO.tex.xbx,160,96c6b63c,128,128,1
levels/BO/BO.tex.xbx,161,3d5e801c,64,128,1
levels/BO/BO.tex.xbx,162,35200c30,128,64,1
levels/BO/BO.tex.xbx,163,05821568,128,128,5
levels/BO/BO.tex.xbx,164,ea364a58,128,128,1
levels/BO/BO.tex.xbx,165,e0e1c508,32,32,5
levels/BO/BO.tex.xbx,166,0f5b8b8c,64,64,5
levels/BO/BO.tex.xbx,167,8459dd54,64,64,5
levels/BO/BO.tex.xbx,168,87683d8c,128,128,1
levels/BO/BO.tex.xbx,169,92a66dec,128,64,5
levels/BO/BO.tex.xbx,170,df20f33c,128,128,1
levels/BO/BO.tex.xbx,171,1a39039c,128,64,5
levels/BO/BO.tex.xbx,172,b43eb024,128,128,1
levels/BO/BO.tex.xbx,173,15209a80,128,128,1
levels/BO/BO.tex.xbx,174,0e2198c8,128,128,5
levels/BO/BO.tex.xbx,175,d6f6761c,32,32,1
levels/BO/BO.tex.xbx,176,8ba73a1c,128,16,5
levels/BO/BO.tex.xbx,177,4837ba28,128,128,1
levels/BO/BO.tex.xbx,178,70c79ca8,128,32,5
levels/BO/BO.tex.xbx,179,b3d61af4,64,128,1
levels/BO/BO.tex.xbx,180,4d9e31fc,32,16,1
levels/BO/BO.tex.xbx,181,8af383ec,32,64,5
levels/BO/BO.tex.xbx,182,ef68a76c,16,16,1
levels/BO/BO.tex.xbx,183,01834b70,128,64,5
levels/BO/BO.tex.xbx,184,a52240e0,128,128,5
levels/BO/BO.tex.xbx,185,8c6a0794,32,32,1
levels/BO/BO.tex.xbx,186,60f74210,32,32,1
levels/BO/BO.tex.xbx,187,7182f654,16,64,5
levels/BO/BO.tex.xbx,188,243e2cd8,64,64,1
levels/BO/BO.tex.xbx,189,956474f8,64,64,5
levels/BO/BO.tex.xbx,190,ed3e82b8,32,16,5
levels/BO/BO.tex.xbx,191,8017fb24,16,32,5
levels/BO/BO.tex.xbx,192,8a12a310,32,32,5
levels/BO/BO.tex.xbx,193,a94561b4,128,128,1
levels/BO/BO.tex.xbx,194,952b06e4,64,32,1
levels/BO/BO.tex.xbx,195,147ed8f8,64,64,5
levels/BO/BO.tex.xbx,196,bb188d94,32,64,1
levels/BO/BO.tex.xbx,197,b6a8140c,32,32,1
levels/BO/BO.tex.xbx,198,26a2ec10,64,64,5
levels/BO/BO.tex.xbx,199,5734ff88,128,64,1
levels/BO/BO.tex.xbx,200,064cfa74,128,16,5
levels/BO/BO.tex.xbx,201,e1636f0c,128,32,5
levels/BO/BO.tex.xbx,202,7b8f900c,128,128,1
levels/BO/BO.tex.xbx,203,52cf23ec,128,128,5
levels/BO/BO.tex.xbx,204,727a5488,16,128,1
levels/BO/BO.tex.xbx,205,ebcaade8,128,128,1
levels/BO/BO.tex.xbx,206,20878c5c,128,32,5
levels/BO/BO.tex.xbx,207,5074cb04,64,128,5
levels/BO/BO.tex.xbx,208,0da3356c,128,128,1
levels/BO/BO.tex.xbx,209,f2d193c0,32,32,5
levels/BO/BO.tex.xbx,210,6c835f08,128,128,1
levels/BO/BO.tex.xbx,211,083db268,64,128,5
levels/BO/BO.tex.xbx,212,46656e44,32,128,5
levels/BO/BO.tex.xbx,213,9af00800,64,32,1
levels/BO/BO.tex.xbx,214,b4a50004,128,128,1
levels/BO/BO.tex.xbx,215,41ce55f4,64,64,1
levels/BO/BO.tex.xbx,216,1450a408,128,32,5
levels/BO/BO.tex.xbx,217,ef024850,64,16,5
levels/BO/BO.tex.xbx,218,e94c4e20,16,32,5
levels/BO/BO.tex.xbx,219,dadac7f0,64,64,1
levels/BO/BO.tex.xbx,220,4f656eb4,64,64,1
levels/BO/BO.tex.xbx,221,a1644fb0,64,32,5
levels/BO/BO.tex.xbx,222,21875680,16,32,5
levels/BO/BO.tex.xbx,223,dc515024,128,64,1
levels/BO/BO.tex.xbx,224,b89b2f58,64,64,5
levels/BO/BO.tex.xbx,225,f1aedab0,128,64,1
levels/BO/BO.tex.xbx,226,ce80305c,16,32,5
levels/BO/BO.tex.xbx,227,ae81ee64,64,64,1
levels/BO/BO.tex.xbx,228,3bd786f0,64,32,5
levels/BO/BO.tex.xbx,229,d4d925a8,64,64,5
levels/BO/BO.tex.xbx,230,db999340,64,64,1
levels/BO/BO.tex.xbx,231,d0be9f34,64,64,5
levels/BO/BO.tex.xbx,232,a188efac,64,32,5
levels/BO/BO.tex.xbx,233,dae74b5c,128,64,1
levels/BO/BO.tex.xbx,234,a23ce9fc,64,64,1
levels/BO/BO.tex.xbx,235,623fb7a0,128,128,5
levels/BO/BO.tex.xbx,236,1b987a60,64,32,1
levels/BO/BO.tex.xbx,237,6e87ab94,128,128,1
levels/BO/BO.tex.xbx,238,7d66c464,128,128,5
levels/BO/BO.tex.xbx,239,6ec37f60,128,128,5
levels/BO/BO.tex.xbx,240,57a8f3e8,128,32,1
levels/BO/BO.tex.xbx,241,f27cf2e8,32,64,1
levels/BO/BO.tex.xbx,242,4f65b800,32,32,1
levels/BO/BO.tex.xbx,243,7bcf3cd4,64,128,1
levels/BO/BO.tex.xbx,244,ad5cfcd0,64,32,1
levels/BO/BO.tex.xbx,245,86851da8,64,64,1
levels/BO/BO.tex.xbx,246,95686918,32,128,1
levels/BO/BO.tex.xbx,247,551d18fc,128,128,1
levels/BO/BO.tex.xbx,248,b9c5ff34,128,128,1
levels/BO/BO.tex.xbx,249,05afc79c,64,64,5
levels/BO/BO.tex.xbx,250,2c60e154,64,32,5
levels/BO/BO.tex.xbx,251,04873078,64,64,1
levels/BO/BO.tex.xbx,252,c7e1f2f0,128,128,5
levels/BO/BO.tex.xbx,253,2a1c3a48,64,64,1
levels/BO/BO.tex.xbx,254,29b09434,64,64,5
levels/BO/BO.tex.xbx,255,585af834,128,128,1
levels/BO/BO.tex.xbx,256,bf3f9bbc,64,32,5
levels/BO/BO.tex.xbx,257,bd960488,128,64,5
levels/BO/BO.tex.xbx,258,0ad3fa4c,128,128,1
levels/BO/BO.tex.xbx,259,dffdec30,128,128,1
levels/BO/BO.tex.xbx,260,5e898414,64,32,1
levels/BO/BO.tex.xbx,261,7cdee1a8,32,32,5
levels/BO/BO.tex.xbx,262,f5658d68,32,32,5
levels/BO/BO.tex.xbx,263,b9f9d304,64,64,1
levels/BO/BO.tex.xbx,264,d4e8cf88,32,32,5
levels/BO/BO.tex.xbx,265,997e8d64,128,128,1
levels/BO/BO.tex.xbx,266,538a2298,64,64,1
levels/BO/BO.tex.xbx,267,28a828d0,16,16,1
levels/BO/BO.tex.xbx,268,6d18b578,32,32,5
levels/BO/BO.tex.xbx,269,ef6878ec,128,32,5
levels/BO/BO.tex.xbx,270,a45f0ba8,32,32,1
levels/BO/BO.tex.xbx,271,7c7dc558,64,16,5
levels/BO/BO.tex.xbx,272,ea27765c,128,32,5
levels/BO/BO.tex.xbx,273,84743180,128,128,5
levels/BO/BO.tex.xbx,274,dfcac008,128,64,5
levels/BO/BO.tex.xbx,275,0e55069c,128,128,5
levels/BO/BO.tex.xbx,276,3f869f10,32,64,1
levels/BO/BO.tex.xbx,277,1e9ed1c8,64,64,5
levels/BO/BO.tex.xbx,278,fd8126a8,64,64,5
levels/BO/BO.tex.xbx,279,773bdf40,128,64,1
levels/BO/BO.tex.xbx,280,62ca94c0,128,128,5
levels/BO/BO.tex.xbx,281,7dcb48dc,64,64,5
levels/BO/BO.tex.xbx,282,6cb00ea0,64,64,5
levels/BO/BO.tex.xbx,283,7ae7593c,128,128,1
levels/BO/BO.tex.xbx,284,438b726c,64,64,5
levels/BO/BO.tex.xbx,285,4bc2be04,64,32,5
levels/BO/BO.tex.xbx,286,815e6c38,64,64,5
levels/BO/BO.tex.xbx,287,66b20738,32,32,5
levels/BO/BO.tex.xbx,288,2ae5af20,32,32,5
levels/BO/BO.tex.xbx,289,c67208a4,16,64,1
levels/BO/BO.tex.xbx,290,08090488,32,32,5
levels/BO/BO.tex.xbx,291,1e7a8858,32,64,1
levels/BO/BO.tex.xbx,292,d175743c,32,32,1
levels/BO/BO.tex.xbx,293,56119ac0,64,128,5
levels/BO/BO.tex.xbx,294,94ab68bc,32,32,5
levels/BO/BO.tex.xbx,295,48700268,32,32,5
levels/BO/BO.tex.xbx,296,271e45bc,64,128,1
levels/BO/BO.tex.xbx,297,0ec9e298,64,128,1
levels/BO/BO.tex.xbx,298,181fea1c,64,64,5
levels/BO/BO.tex.xbx,299,962cb128,64,64,5
levels/BO/BO.tex.xbx,300,2f7f5ccc,32,32,1
levels/BO/BO.tex.xbx,301,4a3a2504,64,64,5
levels/BO/BO.tex.xbx,302,a550c410,32,128,1
levels/BO/BO.tex.xbx,303,2d7b8c0c,64,32,5
levels/BO/BO.tex.xbx,304,30c30594,64,64,5
levels/BO/BO.tex.xbx,305,233a0f38,128,128,1
levels/BO/BO.tex.xbx,306,e271d438,32,64,1
levels/BO/BO.tex.xbx,307,4354f640,32,32,1
levels/BO/BO.tex.xbx,308,8b42efa8,32,32,1
levels/BO/BO.tex.xbx,309,3af897ec,64,32,5
levels/BO/BO.tex.xbx,310,adf8da94,128,128,5
levels/BO/BO.tex.xbx,311,cc04f86c,128,128,1
levels/BO/BO.tex.xbx,312,7b26c5b8,128,128,1
levels/BO/BO.tex.xbx,313,1ad52758,64,64,1
levels/BO/BO.tex.xbx,314,c2a424d8,128,128,5
levels/BO/BO.tex.xbx,315,673e84f8,32,32,1
levels/BO/BO.tex.xbx,316,ff8e8478,16,64,5
levels/BO/BO.tex.xbx,317,2b1c31cc,128,64,5
levels/BO/BO.tex.xbx,318,bf3b0a40,128,64,5
levels/BO/BO.tex.xbx,319,864f5e10,64,64,1
levels/BO/BO.tex.xbx,320,5adcab94,64,128,1
levels/BO/BO.tex.xbx,321,b9feb060,64,64,5
levels/BO/BO.tex.xbx,322,50175368,128,32,5
levels/BO/BO.tex.xbx,323,279f7f64,128,64,5
levels/BO/BO.tex.xbx,324,4421ee3c,64,64,1
levels/BO/BO.tex.xbx,325,b5944868,32,32,5
levels/BO/BO.tex.xbx,326,b92cb9e0,64,128,1
levels/BO/BO.tex.xbx,327,605c90c8,128,64,1
levels/BO/BO.tex.xbx,328,2b58a280,64,64,1
levels/BO/BO.tex.xbx,329,834617a0,64,32,5
levels/BO/BO.tex.xbx,330,c1634ab8,32,32,5
levels/BO/BO.tex.xbx,331,4fe90e48,64,64,1
levels/BO/BO.tex.xbx,332,8181f958,32,32,5
levels/BO/BO.tex.xbx,333,d52948e0,64,64,1
levels/BO/BO.tex.xbx,334,bd204238,64,64,5
levels/BO/BO.tex.xbx,335,b0109e24,64,128,1
levels/BO/BO.tex.xbx,336,20ba8858,64,128,5
levels/BO/BO.tex.xbx,337,faef57dc,32,32,1
levels/BO/BO.tex.xbx,338,2c9402a4,32,32,1
levels/BO/BO.tex.xbx,339,08adbc1c,128,64,5
levels/BO/BO.tex.xbx,340,b44f7300,32,32,2
levels/BO/BO.tex.xbx,341,aff0fe88,64,128,5
levels/BO/BO.tex.xbx,342,e5846b80,32,32,1
levels/BO/BO.tex.xbx,343,da118400,32,32,1
levels/BO/BO.tex.xbx,344,81bbe208,32,64,5
levels/BO/BO.tex.xbx,345,6d49949c,16,16,1
levels/BO/BO.tex.xbx,346,a4a13080,128,16,5
levels/BO/BO.tex.xbx,347,c89fa108,64,32,5
levels/BO/BO.tex.xbx,348,4d801290,64,64,1
levels/BO/BO.tex.xbx,349,1bf74d30,32,32,1
levels/BO/BO.tex.xbx,350,b98277cc,128,128,5
levels/BO/BO.tex.xbx,351,e0d8393c,128,64,1
levels/BO/BO.tex.xbx,352,ee377390,128,128,5
levels/BO/BO.tex.xbx,353,10ad8614,64,64,1
levels/BO/BO.tex.xbx,354,bc6ae34c,128,128,1
levels/BO/BO.tex.xbx,355,00d371ac,128,64,1
levels/BO/BO.tex.xbx,356,cb51543c,32,64,1
levels/BO/BO.tex.xbx,357,dd5e5c4c,64,64,1
levels/BO/BO.tex.xbx,358,b3be5664,128,128,1
levels/BO/BO.tex.xbx,359,4fc04950,32,64,1
levels/BO/BO.tex.xbx,360,9e4dad54,32,32,1
levels/BO/BO.tex.xbx,361,11daac20,32,32,1
levels/BO/BO.tex.xbx,362,8d6386d0,64,64,1
levels/BO/BO.tex.xbx,363,93e0df10,64,64,1
levels/BO/BO.tex.xbx,364,9b094bf0,64,64,1
levels/BO/BO.tex.xbx,365,411f3cd4,32,32,1
levels/BO/BO.tex.xbx,366,1a439bf8,64,64,1
levels/BO/BO.tex.xbx,367,fd980ddc,64,64,1
levels/BO/BO.tex.xbx,368,aa6fcf3c,128,32,1
levels/BO/BO.tex.xbx,369,c4ebfe6c,32,32,1
levels/BO/BO.tex.xbx,370,c9538ff4,32,64,1
levels/BO/BO.tex.xbx,371,eb10f5ac,32,128,1
levels/BO/BO.tex.xbx,372,c09cb168,32,16,1
levels/BO/BO.tex.xbx,373,fbf3fc2c,16,16,1
levels/BO/BO.tex.xbx,374,407c5310,64,128,1
levels/BO/BO.tex.xbx,375,2c27153c,64,32,1
levels/BO/BO.tex.xbx,376,12c14f58,64,64,1
levels/BO/BO.tex.xbx,377,893c43a0,64,64,1
levels/BO/BO.tex.xbx,378,bda7f4c4,64,64,5
levels/BO/BO.tex.xbx,379,759d1c0c,128,128,1
levels/BO/BO.tex.xbx,380,11f78734,128,128,1
levels/BO/BO.tex.xbx,381,e42cdb78,64,64,1
levels/BO/BO.tex.xbx,382,2afce064,64,64,1
levels/BO/BO.tex.xbx,383,6d49d2f4,128,128,1
levels/BO/BO.tex.xbx,384,2015bff4,64,64,5
levels/BO/BO.tex.xbx,385,af01c46c,32,64,5
levels/BO/BO.tex.xbx,386,06bd9624,128,128,1
levels/BO/BO.tex.xbx,387,b48af9b0,128,128,1
levels/BO/BO.tex.xbx,388,c68e2e94,32,32,5
levels/BO/BO.tex.xbx,389,20d9c9f4,32,64,5
levels/BO/BO.tex.xbx,390,d0f77120,32,64,5
levels/BO/BO.tex.xbx,391,22bfcc40,64,128,1
levels/BO/BO.tex.xbx,392,35ea70b0,64,128,1
levels/BO/BO.tex.xbx,393,141f0ab0,128,128,1
levels/BO/BO.tex.xbx,394,a82d4f78,16,32,5
levels/BO/BO.tex.xbx,395,28d74fe4,128,128,1
levels/BO/BO.tex.xbx,396,6203e708,128,128,1
levels/BO/BO.tex.xbx,397,a22a7900,32,64,5
levels/BO/BO.tex.xbx,398,66ab6800,128,64,5
levels/BO/BO.tex.xbx,399,9076a974,16,128,5
levels/BO/BO.tex.xbx,400,e595280c,16,32,5
levels/BO/BO.tex.xbx,401,3b84ad50,32,32,5
levels/BO/BO.tex.xbx,402,71b5871c,128,128,5
levels/BO/BO.tex.xbx,403,46554a00,128,32,1
levels/BO/BO.tex.xbx,404,226bc388,64,64,5
levels/BO/BO.tex.xbx,405,3c5d611c,64,64,1
levels/BO/BO.tex.xbx,406,32806f4c,64,64,1
levels/BO/BO.tex.xbx,407,c70b09f8,64,64,1
levels/BO/BO.tex.xbx,408,17e509c4,64,64,1
levels/BO/BO.tex.xbx,409,edde4dec,64,64,1
levels/BO/BO.tex.xbx,410,0fa0a81c,64,128,5
levels/BO/BO.tex.xbx,411,d24de288,32,64,1
levels/BO/BO.tex.xbx,412,1747a7fc,32,32,1
levels/BO/BO.tex.xbx,413,f3dc2f2c,128,128,1
levels/BO/BO.tex.xbx,414,e3a752b4,64,64,1
levels/BO/BO.tex.xbx,415,1f92c238,64,64,5
levels/BO/BO.tex.xbx,416,708c87c4,32,32,1
levels/BO/BO.tex.xbx,417,524d1174,64,64,5
levels/BO/BO.tex.xbx,418,a6d77530,64,64,5
levels/BO/BO.tex.xbx,419,cae7e858,64,32,5
levels/BO/BO.tex.xbx,420,372a17f8,64,64,5
levels/BO/BO.tex.xbx,421,53d202a8,64,32,5
levels/BO/BO.tex.xbx,422,ad9143ec,64,32,5
levels/BO/BO.tex.xbx,423,830349c4,16,16,5
levels/BO/BO.tex.xbx,424,0cc938ec,128,128,5
levels/BO/BO.tex.xbx,425,152f25fc,32,32,5
levels/BO/BO.tex.xbx,426,470d93ac,64,64,5
levels/BO/BO.tex.xbx,427,b220cfa8,64,64,5
levels/BO/BO.tex.xbx,428,c4809844,128,128,1
levels/BO/BO.tex.xbx,429,f3263648,64,64,1
levels/BO/BO.tex.xbx,430,5e95f734,32,32,5
levels/BO/BO.tex.xbx,431,a913df60,128,128,1
levels/BO/BO.tex.xbx,432,89459274,128,64,1
levels/BO/BO.tex.xbx,433,ab9d6a98,64,64,5
levels/BO/BO.tex.xbx,434,8f6aa908,128,64,1
levels/BO/BO.tex.xbx,435,ab0878e8,64,128,1
levels/BO/BO.tex.xbx,436,20ec9274,128,128,5
levels/BO/BO.tex.xbx,437,3a521bf0,64,128,1
levels/BO/BO.tex.xbx,438,ea871294,128,128,1
levels/BO/BO.tex.xbx,439,fea003b0,64,16,5
levels/BO/BO.tex.xbx,440,c7d2a8a0,64,64,1
levels/BO/BO.tex.xbx,441,b3fea54c,128,64,1
levels/BO/BO.tex.xbx,442,671f3f00,64,64,5
levels/BO/BO.tex.xbx,443,62501d30,64,128,1
levels/BO/BO.tex.xbx,444,9a240a5c,64,64,1
levels/BO/BO.tex.xbx,445,6cd7a1a4,64,32,1
levels/BO/BO.tex.xbx,446,ceba7ff4,32,32,1
levels/BO/BO.tex.xbx,447,c9663af8,32,32,1
levels/BO/BO.tex.xbx,448,45b11620,64,64,1
levels/BO/BO.tex.xbx,449,ba3dcde8,64,64,1
levels/BO/BO.tex.xbx,450,7255ecf0,64,64,1
levels/BO/BO.tex.xbx,451,340cc078,64,64,1
levels/BO/BO.tex.xbx,452,982be5a4,128,128,1
levels/BO/BO.tex.xbx,453,fb8712fc,32,32,5
levels/BO/BO.tex.xbx,454,bc89ad9c,32,32,1
levels/BO/BO.tex.xbx,455,6c72c4cc,64,32,5
levels/BO/BO.tex.xbx,456,70482190,64,64,1
levels/BO/BO.tex.xbx,457,ec63e57c,64,64,5
levels/BO/BO.tex.xbx,458,42a25678,128,128,1
levels/BO/BO.tex.xbx,459,069038d8,32,32,5
levels/BO/BO.tex.xbx,460,629fb430,64,64,1
levels/BO/BO.tex.xbx,461,e0317ea4,64,64,1
levels/BO/BO.tex.xbx,462,a256ab5c,32,32,5
levels/BO/BO.tex.xbx,463,8e99bc48,64,64,1
levels/BO/BO.tex.xbx,464,f833c744,64,64,5
levels/BO/BO.tex.xbx,465,efbc052c,128,64,5
levels/BO/BO.tex.xbx,466,ddcf83d8,128,32,1
levels/BO/BO.tex.xbx,467,35542f5c,32,128,5
levels/BO/BO.tex.xbx,468,30978864,128,128,1
levels/BO/BO.tex.xbx,469,573160b8,64,32,5
levels/BO/BO.tex.xbx,470,1795f3d4,64,64,5
levels/BO/BO.tex.xbx,471,e70b9c0c,32,32,5
levels/BO/BO.tex.xbx,472,04602948,64,64,1
levels/BO/BO.tex.xbx,473,1cfd7bc8,128,64,5
levels/BO/BO.tex.xbx,474,2cc8658c,64,64,5
levels/BO/BO.tex.xbx,475,c15313b8,64,64,5
levels/BO/BO.tex.xbx,476,639aea28,128,64,2
levels/BO/BO.tex.xbx,477,55ba1d1c,64,32,1
levels/BO/BO.tex.xbx,478,5571a950,64,64,1
levels/BO/BO.tex.xbx,479,5876b994,64,64,1
levels/BO/BO.tex.xbx,480,4d8dc440,32,16,5
levels/BO/BO.tex.xbx,481,a3d86614,64,16,5
levels/BO/BO.tex.xbx,482,dd29a858,128,32,1
levels/BO/BO.tex.xbx,483,8771df28,128,128,1
levels/BO/BO.tex.xbx,484,b3d94478,128,64,1
levels/BO/BO.tex.xbx,485,5ced4cb0,64,64,1
levels/BO/BO.tex.xbx,486,b319f05c,64,64,1
levels/BO/BO.tex.xbx,487,c9430fec,64,64,1
levels/BO/BO.tex.xbx,488,26b5cef0,16,64,1
levels/BO/BO.tex.xbx,489,ee504264,64,128,1
levels/BO/BO.tex.xbx,490,730beba4,128,16,1
levels/BO/BO.tex.xbx,491,c02d7af0,64,64,1
levels/BO/BO.tex.xbx,492,2ea2bbb4,64,64,5
levels/BO/BO.tex.xbx,493,ce98e474,128,128,1
levels/BO/BO.tex.xbx,494,3e7e4b1c,128,16,1
levels/BO/BO.tex.xbx,495,bb1f7e64,32,32,1
levels/BO/BO.tex.xbx,496,07287550,64,128,1
levels/BO/BO.tex.xbx,497,4ec16998,128,64,5
levels/BO/BO.tex.xbx,498,e0c53e00,64,64,1
levels/BO/BO.tex.xbx,499,5da1c4cc,32,32,5
levels/BO/BO.tex.xbx,500,5545bac8,64,128,1
levels/BO/BO.tex.xbx,501,38f5b9e4,64,64,1
levels/BO/BO.tex.xbx,502,aa680c60,64,128,1
levels/BO/BO.tex.xbx,503,344943bc,64,128,5
levels/BO/BO.tex.xbx,504,96a52394,128,128,5
levels/BO/BO.tex.xbx,505,871e0de0,64,64,5
levels/BO/BO.tex.xbx,506,b5063fc0,32,32,5
levels/BO/BO.tex.xbx,507,a2ffcb1c,16,32,5
levels/BO/BO.tex.xbx,508,bbc4e89c,64,64,5
levels/BO/BO.tex.xbx,509,dfd769f8,64,64,5
levels/BO/BO.tex.xbx,510,7aa8e904,64,64,5
levels/BO/BO.tex.xbx,511,c538fdcc,32,16,5
levels/BO/BO.tex.xbx,512,e5e70bd0,128,128,1
levels/BO/BO.tex.xbx,513,145cbdd4,128,128,1
levels/BO/BO.tex.xbx,514,72df0554,32,32,1
levels/BO/BO.tex.xbx,515,f761784c,32,64,5
levels/BO/BO.tex.xbx,516,b91f88c0,128,128,1
levels/BO/BO.tex.xbx,517,1850ffe0,128,128,5
levels/BO/BO.tex.xbx,518,3921a8a4,128,128,1
levels/BO/BO.tex.xbx,519,71b7437c,64,64,5
levels/BO/BO.tex.xbx,520,f70862c0,32,32,5
levels/BO/BO.tex.xbx,521,00e65bec,64,64,5
levels/BO/BO.tex.xbx,522,32e64bd4,32,32,1
levels/BO/BO.tex.xbx,523,e99b30b8,64,64,2
levels/BO/BO.tex.xbx,524,328c949c,64,64,5
levels/BO/BO.tex.xbx,525,4be0de68,128,128,5
levels/BO/BO.tex.xbx,526,30765818,64,32,5
levels/BO/BO.tex.xbx,527,145bc2f8,128,128,1
levels/BO/BO.tex.xbx,528,97bd57ac,64,128,5
levels/BO/BO.tex.xbx,529,fe0273a4,128,128,1
levels/BO/BO.tex.xbx,530,36f10d98,32,32,1
levels/BO/BO.tex.xbx,531,21c33cfc,128,16,5
levels/BO/BO.tex.xbx,532,478366e8,128,128,1
levels/BO/BO.tex.xbx,533,fea7c1ec,128,64,1
levels/BO/BO.tex.xbx,534,a6c527c4,128,64,5
levels/BO/BO.tex.xbx,535,f645c900,16,64,1
levels/BO/BO.tex.xbx,536,dde9b374,64,64,1
levels/BO/BO.tex.xbx,537,4c5c5330,32,64,1
levels/BO/BO.tex.xbx,538,a9411f58,32,32,1
levels/BO/BO.tex.xbx,539,edff8e30,32,64,1
levels/BO/BO.tex.xbx,540,50e4de58,32,64,1
levels/BO/BO.tex.xbx,541,a393dafc,32,64,1
levels/BO/BO.tex.xbx,542,ae8c0efc,64,128,1
levels/BO/BO.tex.xbx,543,10200e24,32,16,5
levels/BO/BO.tex.xbx,544,d46c553c,32,64,5
levels/BO/BO.tex.xbx,545,ba8a4510,32,64,1
levels/BO/BO.tex.xbx,546,7887dfb8,128,32,1
levels/BO/BO.tex.xbx,547,50c96a90,32,32,5
levels/BO/BO.tex.xbx,548,f6da18f0,128,128,5
levels/BO/BO.tex.xbx,549,bc427c64,16,64,5
levels/BO/BO.tex.xbx,550,d7fef13c,32,64,5
levels/BO/BO.tex.xbx,551,fc4e9748,64,64,1
levels/BO/BO.tex.xbx,552,f3f41410,64,64,1
levels/BO/BO.tex.xbx,553,09504c3c,64,64,5
levels/BO/BO.tex.xbx,554,8db88aec,64,64,1
levels/BO/BO.tex.xbx,555,4d194e5c,64,64,1
levels/BO/BO.tex.xbx,556,b9d2b458,32,32,1
levels/BO/BO.tex.xbx,557,13728494,64,64,5
levels/BO/BO.tex.xbx,558,0d078034,16,16,1
levels/BO/BO.tex.xbx,559,bde42df8,64,32,5
levels/BO/BO.tex.xbx,560,1cb9506c,128,128,1
levels/BO/BO.tex.xbx,561,2ff11738,32,32,5
levels/BO/BO.tex.xbx,562,d7a583dc,64,128,1
levels/BO/BO.tex.xbx,563,9cb419bc,64,64,5
levels/BO/BO.tex.xbx,564,5575d7bc,32,128,1
levels/BO/BO.tex.xbx,565,af345c94,64,64,5
levels/BO/BO.tex.xbx,566,c2f1204c,64,32,5
levels/BO/BO.tex.xbx,567,d71a4434,128,64,1
levels/BO/BO.tex.xbx,568,378d582c,64,64,5
levels/BO/BO.tex.xbx,569,966dbc18,64,64,5
levels/BO/BO.tex.xbx,570,4c54a100,32,64,5
levels/BO/BO.tex.xbx,571,f41bec88,32,32,1
levels/BO/BO.tex.xbx,572,4eba90e8,128,128,1
levels/BO/BO.tex.xbx,573,c3fb58e4,128,128,1
levels/BO/BO.tex.xbx,574,443aaf14,128,128,1
levels/BO/BO.tex.xbx,575,b7d8baec,128,128,1
levels/BO/BO.tex.xbx,576,6bf2b53c,32,32,1
levels/BO/BO.tex.xbx,577,3f0eac90,16,64,2
levels/BO/BO.tex.xbx,578,6a52d60c,128,16,5
levels/BO/BO.tex.xbx,579,c5c491ec,64,32,1
levels/BO/BO.tex.xbx,580,5267225c,128,128,5
levels/BO/BO.tex.xbx,581,5b2948a4,128,128,5
levels/BO/BO.tex.xbx,582,4b223cbc,64,64,1
levels/BO/BO.tex.xbx,583,8a49a958,16,16,1
levels/BO/BO.tex.xbx,584,474c7d04,128,32,5
levels/BO/BO.tex.xbx,585,ad6b3544,128,32,5
levels/BO/BO.tex.xbx,586,62966b00,32,32,5
levels/BO/BO.tex.xbx,587,ad97a7d0,128,64,1
levels/BO/BO.tex.xbx,588,6c4acfb4,64,64,5
levels/BO/BO.tex.xbx,589,1b8766a4,32,32,5
levels/BO/BO.tex.xbx,590,80825d9c,32,32,5
levels/BO/BO.tex.xbx,591,615ca314,32,32,1
levels/BO/BO.tex.xbx,592,fce31a8c,64,32,5
levels/BO/BO.tex.xbx,593,e30895d0,64,64,5
levels/BO/BO.tex.xbx,594,4d1f6eec,64,64,5
levels/BO/BO.tex.xbx,595,616154e8,64,128,5
levels/BO/BO.tex.xbx,596,8621be5c,128,64,5
levels/BO/BO.tex.xbx,597,2d470908,64,64,5
levels/BO/BO.tex.xbx,598,7c6983c0,32,64,5
levels/BO/BO.tex.xbx,599,796c1c94,64,64,5
levels/BO/BO.tex.xbx,600,22c1d344,128,64,5
levels/BO/BO.tex.xbx,601,63823be0,128,64,5
levels/BO/BO.tex.xbx,602,130c6e00,64,16,5
levels/BO/BO.tex.xbx,603,e799c844,32,32,1
levels/BO/BO.tex.xbx,604,4cb12f1c,64,64,5
levels/BO/BO.tex.xbx,605,0d934e54,32,64,1
levels/BO/BO.tex.xbx,606,5da79d98,128,128,5
levels/BO/BO.tex.xbx,607,424a1270,128,64,1
levels/BO/BO.tex.xbx,608,2b78f348,64,32,5
levels/BO/BO.tex.xbx,609,44e59510,64,32,1
levels/BO/BO.tex.xbx,610,271bfc68,32,32,5
levels/BO/BO.tex.xbx,611,f899eeac,32,16,1
levels/BO/BO.tex.xbx,612,135b4988,32,32,1
levels/BO/BO.tex.xbx,613,e1b72554,32,128,1
levels/BO/BO.tex.xbx,614,7de605e0,64,64,1
levels/BO/BO.tex.xbx,615,8a171a30,128,128,5
levels/BO/BO.tex.xbx,616,699e33e8,32,32,5
levels/BO/BO.tex.xbx,617,f3aefbe4,128,128,5
levels/BO/BO.tex.xbx,618,781085bc,128,64,5
levels/BO/BO.tex.xbx,619,7778ef80,16,128,1
levels/BO/BO.tex.xbx,620,e73db89c,32,32,1
levels/BO/BO.tex.xbx,621,6c333860,128,32,1
levels/BO/BO.tex.xbx,622,fbc87e08,32,64,1
levels/BO/BO.tex.xbx,623,d09396bc,128,128,1
levels/BO/BO.tex.xbx,624,280dc9e8,128,64,5
levels/BO/BO.tex.xbx,625,0521ba60,32,64,5
levels/BO/BO.tex.xbx,626,e2a86744,32,16,1
levels/BO/BO.tex.xbx,627,21487b70,16,32,5
levels/BO/BO.tex.xbx,628,ebd66c54,128,128,5
levels/BO/BO.tex.xbx,629,b176d454,64,64,5
levels/BO/BO.tex.xbx,630,b87e805c,32,32,1
levels/BO/BO.tex.xbx,631,0e709a74,128,32,5
levels/BO/BO.tex.xbx,632,b80131e4,64,64,5
levels/BO/BO.tex.xbx,633,b78b58ec,128,64,5
levels/BO/BO.tex.xbx,634,320191cc,64,64,1
levels/BO/BO.tex.xbx,635,2483c7e4,32,16,1
levels/BO/BO.tex.xbx,636,96668330,32,32,5
levels/BO/BO.tex.xbx,637,2aa8cca8,128,64,5
levels/BO/BO.tex.xbx,638,a4666654,128,128,5
levels/BO/BO.tex.xbx,639,d0a5402c,128,128,1
levels/BO/BO.tex.xbx,640,625c84b8,128,32,5
levels/BO/BO.tex.xbx,641,404619e4,128,128,1
levels/BO/BO.tex.xbx,642,5aff594c,64,64,5
levels/BO/BO.tex.xbx,643,744a5804,32,32,5
levels/BO/BO.tex.xbx,644,26f4398c,64,128,1
levels/BO/BO.tex.xbx,645,df34626c,64,64,5
levels/BO/BO.tex.xbx,646,a4d6ff44,128,128,5
levels/BO/BO.tex.xbx,647,af0a56ac,64,128,5
levels/BO/BO.tex.xbx,648,7228b1a4,64,64,5
levels/BO/BO.tex.xbx,649,134bd004,16,32,5
levels/BO/BO.tex.xbx,650,22ac509c,64,64,5
levels/BO/BO.tex.xbx,651,0107c6fc,32,64,5
levels/BO/BO.tex.xbx,652,d7f6f4ec,64,64,5
levels/BO/BO.tex.xbx,653,b13f1dac,32,32,1
levels/BO/BO.tex.xbx,654,0561ff4c,64,64,1
levels/BO/BO.tex.xbx,655,0324bff0,64,32,5
levels/BO/BO.tex.xbx,656,21e52520,64,16,5
levels/BO/BO.tex.xbx,657,ea690670,64,64,5
levels/BO/BO.tex.xbx,658,b0769f9c,32,64,5
levels/BO/BO.tex.xbx,659,9a0218e8,64,32,1
levels/BO/BO.tex.xbx,660,33adfa2c,64,64,1
levels/BO/BO.tex.xbx,661,cff8d07c,64,64,5
levels/BO/BO.tex.xbx,662,f40e681c,32,16,5
levels/BO/BO.tex.xbx,663,ca7b1b34,128,64,5
levels/BO/BO.tex.xbx,664,f56a2b5c,64,64,5
levels/BO/BO.tex.xbx,665,be6735a0,32,64,5
levels/BO/BO.tex.xbx,666,1f559e4c,32,32,5
levels/BO/BO.tex.xbx,667,98fe686c,32,64,5
levels/BO/BO.tex.xbx,668,651d44c8,128,32,5
levels/BO/BO.tex.xbx,669,3b1fe554,128,128,5
levels/BO/BO.tex.xbx,670,b6254608,32,32,5
levels/BO/BO.tex.xbx,671,7ae9b25c,32,32,2
levels/BO/BO.tex.xbx,672,c7548690,64,32,5
levels/BO/BO.tex.xbx,673,30a4e674,64,64,5
levels/BO/BO.tex.xbx,674,ef36e254,32,64,2
levels/BO/BO.tex.xbx,675,aa668ef0,32,64,2
levels/BO/BO.tex.xbx,676,48b4c628,64,64,5
levels/BO/BO.tex.xbx,677,4083c78c,32,32,5
levels/BO/BO.tex.xbx,678,2b73172c,32,32,5
levels/BO/BO.tex.xbx,679,b7ce05fc,64,32,5
levels/BO/BO.tex.xbx,680,314727e8,64,64,5
levels/BO/BO.tex.xbx,681,1166d31c,64,32,5
levels/BO/BO.tex.xbx,682,8bc14404,128,128,5
levels/BO/BO.tex.xbx,683,e6abc924,64,64,5
levels/BO/BO.tex.xbx,684,b727b730,128,64,5
levels/BO/BO.tex.xbx,685,8c980854,128,128,1
levels/BO/BO.tex.xbx,686,d3a5d54c,128,64,5
levels/BO/BO.tex.xbx,687,0c707424,128,64,1
levels/BO/BO.tex.xbx,688,9a6c5f28,128,64,1
levels/BO/BO.tex.xbx,689,f6801d24,64,64,5
levels/BO/BO.tex.xbx,690,a5a1a96c,128,64,1
levels/BO/BO.tex.xbx,691,8e721c68,128,128,1
levels/BO/BO.tex.xbx,692,98928878,128,64,1
levels/BO/BO.tex.xbx,693,5bf1511c,128,64,5
levels/BO/BO.tex.xbx,694,58e233cc,64,64,1
levels/BO/BO.tex.xbx,695,b1422ecc,64,64,1
levels/BO/BO.tex.xbx,696,b5fdbed4,64,64,1
levels/BO/BO.tex.xbx,697,2172fad0,64,64,1
levels/BO/BO.tex.xbx,698,9dd28028,128,64,1
levels/BO/BO.tex.xbx,699,e264dfa4,128,64,1
levels/BO/BO.tex.xbx,700,a5464060,128,128,1
levels/BO/BO.tex.xbx,701,d9d0c83c,128,128,1
levels/BO/BO.tex.xbx,702,28c791f4,64,32,1
levels/BO/BO.tex.xbx,703,56eca598,128,64,1
levels/BO/BO.tex.xbx,704,833029e4,128,128,1
levels/BO/BO.tex.xbx,705,cf90eedc,128,128,1
levels/BO/BO.tex.xbx,706,fb9b55e8,128,128,1
levels/BO/BO.tex.xbx,707,41039ac8,128,128,1
levels/BO/BO.tex.xbx,708,5dbc22c0,128,128,1
levels/BO/BO.tex.xbx,709,c87753ac,128,64,1
levels/BO/BO.tex.xbx,710,791977e8,128,128,1
levels/BO/BO.tex.xbx,711,e710b3bc,128,128,1
levels/BO/BO.tex.xbx,712,77a5dc60,128,128,1
levels/BO/BO.tex.xbx,713,1ca5e660,128,128,1
levels/BO/BO.tex.xbx,714,0f4c50fc,64,64,5
levels/BO/BO.tex.xbx,715,3e551c18,32,64,5
levels/BO/BO.tex.xbx,716,16cdee78,128,64,5
levels/BO/BO.tex.xbx,717,9bef52c8,64,64,5
levels/BO/BO.tex.xbx,718,4ba596a0,128,128,1
levels/BO/BO.tex.xbx,719,972fe2a4,16,32,1
levels/BO/BO.tex.xbx,720,06aa9cc8,128,128,5
levels/BO/BO.tex.xbx,721,6273dc44,64,128,5
levels/BO/BO.tex.xbx,722,8087e1f4,128,32,1
levels/BO/BO.tex.xbx,723,659cff74,128,64,5
levels/BO/BO.tex.xbx,724,73c4fb34,32,32,5
levels/BO/BO.tex.xbx,725,8fb65f24,128,32,5
levels/BO/BO.tex.xbx,726,b7f15020,128,128,1
levels/BO/BO.tex.xbx,727,7682e3b4,64,128,5
levels/BO/BO.tex.xbx,728,f23c6eac,32,32,1
levels/BO/BO.tex.xbx,729,c36dde48,64,16,1
levels/BO/BO.tex.xbx,730,d8de1614,16,32,1
levels/BO/BO.tex.xbx,731,aff8acc4,128,128,5
levels/BO/BO.tex.xbx,732,9ca48c18,64,64,5
levels/BO/BO.tex.xbx,733,e8c44648,128,128,5
levels/BO/BO.tex.xbx,734,ff804f00,64,64,1
levels/BO/BO.tex.xbx,735,384d4d54,128,128,5
levels/BO/BO.tex.xbx,736,c622c608,128,128,1
levels/BO/BO.tex.xbx,737,f607052c,128,32,5
levels/BO/BO.tex.xbx,738,f8e1e3c4,128,64,1
levels/BO/BO.tex.xbx,739,f03d97a8,128,128,1
levels/BO/BO.tex.xbx,740,9f022bb0,64,128,1
levels/BO/BO.tex.xbx,741,2fc7546c,64,128,1
levels/BO/BO.tex.xbx,742,fb3ca1d8,128,128,5
levels/BO/BO.tex.xbx,743,59e10e44,128,128,1
levels/BO/BO.tex.xbx,744,a413f298,32,32,1
levels/BO/BO.tex.xbx,745,329e46ac,64,128,5
levels/BO/BO.tex.xbx,746,5e2cb5a8,32,64,5
levels/BO/BO.tex.xbx,747,06f87ff0,128,128,1
levels/BO/BO.tex.xbx,748,db82c6b4,32,64,1
levels/BO/BO.tex.xbx,749,f22091f0,32,64,5
levels/BO/BO.tex.xbx,750,90ce28b8,32,32,1
levels/BO/BO.tex.xbx,751,d0d9115c,64,64,1
levels/BO/BO.tex.xbx,752,d1f1a694,128,128,1
levels/BO/BO.tex.xbx,753,3addc058,128,128,1
levels/BO/BO.tex.xbx,754,8a9424c0,64,64,5
levels/BO/BO.tex.xbx,755,d7aa5428,16,16,2
levels/BO/BO.tex.xbx,756,4634f57c,16,16,5
levels/BO/BO.tex.xbx,757,498b7c24,16,16,5
levels/BO/BO.tex.xbx,758,d2a5d404,16,16,5
levels/BO/BO.tex.xbx,759,961a4a5c,16,16,5
levels/BO/BO.tex.xbx,760,390e3204,16,16,5
levels/BO/BO.tex.xbx,761,5530c05c,16,16,5
levels/BO/BO.tex.xbx,762,c9a30648,16,16,5
levels/BO/BO.tex.xbx,763,cd9b9740,16,16,5
levels/BO/BO.tex.xbx,764,2cb88640,16,16,5
levels/BO/BO.tex.xbx,765,7086fb48,16,16,5
levels/BO/BO.tex.xbx,766,a1f9bb5c,16,16,5
levels/BO/BO.tex.xbx,767,fe463304,16,16,5
levels/BO/BO.tex.xbx,768,0b48cdd8,16,16,5
levels/BO/BO.tex.xbx,769,67f83fb0,16,16,5
levels/BO/BO.tex.xbx,770,890f2bd8,16,16,5
levels/BO/BO.tex.xbx,771,0cb0b5b0,16,16,5
levels/BO/BO.tex.xbx,772,f83e03f4,16,16,5
levels/BO/BO.tex.xbx,773,94818a6c,16,16,5
levels/BO/BO.tex.xbx,774,e1588f6c,16,16,5
levels/BO/BO.tex.xbx,775,bd6602f4,16,16,5
levels/BO/BO.tex.xbx,776,6bf3c6b0,16,16,5
levels/BO/BO.tex.xbx,777,2fcb36d8,16,16,5
levels/BO/BO.tex.xbx,778,ac8882b8,16,16,5
levels/BO/BO.tex.xbx,779,b0360f90,16,16,5
levels/BO/BO.tex.xbx,780,5ec284b8,16,16,5
levels/BO/BO.tex.xbx,781,3b7df990,16,16,5
levels/BO/BO.tex.xbx,782,eff34d14,16,16,5
levels/BO/BO.tex.xbx,783,b34cc48c,16,16,5
levels/BO/BO.tex.xbx,784,06d8bf8c,16,16,5
levels/BO/BO.tex.xbx,785,8a684e14,16,16,5
levels/BO/BO.tex.xbx,786,7bdde890,16,16,5
levels/BO/BO.tex.xbx,787,623fec00,128,32,5
levels/BO/BO_net.tex.xbx,0,242f95e4,128,128,1
levels/BO/BO_net.tex.xbx,1,ed748d8c,128,64,1
levels/BO/BO_net.tex.xbx,2,4d91ed84,128,64,1
levels/BO/BO_net.tex.xbx,3,a9c482f0,128,128,5
levels/BO/BO_net.tex.xbx,4,e5fbfa98,128,128,5
levels/BO/BO_net.tex.xbx,5,1d1e0680,64,64,1
levels/BO/BO_net.tex.xbx,6,207ce610,128,128,5
levels/BO/BO_net.tex.xbx,7,caa9e6a8,128,128,1
levels/BO/BO_net.tex.xbx,8,49028ca4,128,64,1
levels/BO/BO_net.tex.xbx,9,ea841248,64,32,1
levels/BO/BO_net.tex.xbx,10,c15c02f0,64,64,1
levels/BO/BO_net.tex.xbx,11,6e62b944,64,64,1
levels/BO/BO_net.tex.xbx,12,17356770,64,64,1
levels/BO/BO_net.tex.xbx,13,efc739d0,64,128,5
levels/BO/BO_net.tex.xbx,14,2c309860,64,128,5
levels/BO/BO_net.tex.xbx,15,7ce079a4,128,64,5
levels/BO/BO_net.tex.xbx,16,15642db4,128,64,1
levels/BO/BO_net.tex.xbx,17,da286520,128,128,1
levels/BO/BO_net.tex.xbx,18,1bbc1e74,128,128,1
levels/BO/BO_net.tex.xbx,19,0c8c2ea0,128,64,5
levels/BO/BO_net.tex.xbx,20,ddfb0db0,128,128,5
levels/BO/BO_net.tex.xbx,21,2d5b6c24,128,128,5
levels/BO/BO_net.tex.xbx,22,1abf9d70,64,64,5
levels/BO/BO_net.tex.xbx,23,4d3e1834,64,64,1
levels/BO/BO_net.tex.xbx,24,1520da68,128,128,1
levels/BO/BO_net.tex.xbx,25,02b2db70,32,32,1
levels/BO/BO_net.tex.xbx,26,bd8e6568,64,64,1
levels/BO/BO_net.tex.xbx,27,64f41d1c,128,128,1
levels/BO/BO_net.tex.xbx,28,9f321b68,32,32,5
levels/BO/BO_net.tex.xbx,29,2906f268,32,64,5
levels/BO/BO_net.tex.xbx,30,b23f4680,32,64,5
levels/BO/BO_net.tex.xbx,31,d7844ee4,128,64,5
levels/BO/BO_net.tex.xbx,32,dc59ab4c,64,64,5
levels/BO/BO_net.tex.xbx,33,ea52dd88,32,32,5
levels/BO/BO_net.tex.xbx,34,1dabab18,32,32,5
levels/BO/BO_net.tex.xbx,35,3d328f14,64,64,5
levels/BO/BO_net.tex.xbx,36,45fbfaa8,128,128,5
levels/BO/BO_net.tex.xbx,37,4b657cac,32,64,1
levels/BO/BO_net.tex.xbx,38,e297958c,64,64,1
levels/BO/BO_net.tex.xbx,39,20302194,128,128,1
levels/BO/BO_net.tex.xbx,40,cded09c8,128,32,1
levels/BO/BO_net.tex.xbx,41,f7726324,128,128,5
levels/BO/BO_net.tex.xbx,42,0ec2f690,32,64,1
levels/BO/BO_net.tex.xbx,43,54ac4954,128,64,1
levels/BO/BO_net.tex.xbx,44,a500a5ec,128,128,1
levels/BO/BO_net.tex.xbx,45,a696e0f4,64,64,1
levels/BO/BO_net.tex.xbx,46,93d40b14,32,32,5
levels/BO/BO_net.tex.xbx,47,c0895970,64,64,1
levels/BO/BO_net.tex.xbx,48,353a4f20,64,64,1
levels/BO/BO_net.tex.xbx,49,3084df28,64,64,1
levels/BO/BO_net.tex.xbx,50,7970a308,64,64,5
levels/BO/BO_net.tex.xbx,51,fec7defc,128,128,1
levels/BO/BO_net.tex.xbx,52,6203c980,128,128,1
levels/BO/BO_net.tex.xbx,53,b30ce208,128,128,5
levels/BO/BO_net.tex.xbx,54,8a8f5640,128,128,1
levels/BO/BO_net.tex.xbx,55,b0762fc4,128,32,5
levels/BO/BO_net.tex.xbx,56,ad04f638,128,128,1
levels/BO/BO_net.tex.xbx,57,16a3a148,16,16,1
levels/BO/BO_net.tex.xbx,58,074d5fcc,64,64,1
levels/BO/BO_net.tex.xbx,59,fc5c89e0,32,64,5
levels/BO/BO_net.tex.xbx,60,c537c090,128,128,5
levels/BO/BO_net.tex.xbx,61,6b4686f4,64,64,5
levels/BO/BO_net.tex.xbx,62,d8c17358,64,128,1
levels/BO/BO_net.tex.xbx,63,76d432b0,64,128,5
levels/BO/BO_net.tex.xbx,64,f36bbad8,64,64,5
levels/BO/BO_net.tex.xbx,65,e44b37fc,128,128,1
levels/BO/BO_net.tex.xbx,66,7dc156fc,64,32,1
levels/BO/BO_net.tex.xbx,67,f24d14bc,64,32,5
levels/BO/BO_net.tex.xbx,68,14c74e88,64,64,1
levels/BO/BO_net.tex.xbx,69,74de18c0,64,64,1
levels/BO/BO_net.tex.xbx,70,fb20241c,16,16,5
levels/BO/BO_net.tex.xbx,71,ed062cc0,128,64,5
levels/BO/BO_net.tex.xbx,72,97342270,128,16,5
levels/BO/BO_net.tex.xbx,73,21de8174,64,16,5
levels/BO/BO_net.tex.xbx,74,c11b2470,32,32,1
levels/BO/BO_net.tex.xbx,75,f1d7ce74,64,128,5
levels/BO/BO_net.tex.xbx,76,fa714770,64,64,5
levels/BO/BO_net.tex.xbx,77,f7959cfc,32,64,1
levels/BO/BO_net.tex.xbx,78,53dbffac,64,64,5
levels/BO/BO_net.tex.xbx,79,19c0c144,128,64,1
levels/BO/BO_net.tex.xbx,80,7e87c18c,64,64,1
levels/BO/BO_net.tex.xbx,81,e7b09130,128,128,1
levels/BO/BO_net.tex.xbx,82,903dd7f8,64,64,1
levels/BO/BO_net.tex.xbx,83,8ea46484,64,128,1
levels/BO/BO_net.tex.xbx,84,6a85651c,128,128,1
levels/BO/BO_net.tex.xbx,85,c01f7898,32,128,5
levels/BO/BO_net.tex.xbx,86,4899c0c8,32,64,1
levels/BO/BO_net.tex.xbx,87,91d397c0,64,128,5
levels/BO/BO_net.tex.xbx,88,0ec6c308,32,64,1
levels/BO/BO_net.tex.xbx,89,a7134794,64,32,5
levels/BO/BO_net.tex.xbx,90,3d4a8b30,128,128,5
levels/BO/BO_net.tex.xbx,91,11a1f430,128,128,1
levels/BO/BO_net.tex.xbx,92,374573f8,128,128,1
levels/BO/BO_net.tex.xbx,93,17226f08,128,64,1
levels/BO/BO_net.tex.xbx,94,ff25a24c,128,128,1
levels/BO/BO_net.tex.xbx,95,9fcbec24,64,64,5
levels/BO/BO_net.tex.xbx,96,a4daee9c,128,64,5
levels/BO/BO_net.tex.xbx,97,7ac835f0,64,128,5
levels/BO/BO_net.tex.xbx,98,e2ef2fb4,64,64,5
levels/BO/BO_net.tex.xbx,99,3ca9d314,128,128,5
levels/BO/BO_net.tex.xbx,100,cf0eda20,128,128,5
levels/BO/BO_net.tex.xbx,101,f41de0d4,128,64,1
levels/BO/BO_net.tex.xbx,102,92f83a80,128,128,5
levels/BO/BO_net.tex.xbx,103,d84a4224,64,64,1
levels/BO/BO_net.tex.xbx,104,27196580,64,64,1
levels/BO/BO_net.tex.xbx,105,9a23573c,128,128,5
levels/BO/BO_net.tex.xbx,106,59bbceb0,32,32,1
levels/BO/BO_net.tex.xbx,107,e77af76c,16,16,5
levels/BO/BO_net.tex.xbx,108,ab466af4,32,32,5
levels/BO/BO_net.tex.xbx,109,8e5b026c,16,16,5
levels/BO/BO_net.tex.xbx,110,7b532cd0,128,128,1
levels/BO/BO_net.tex.xbx,111,5b70fe9c,128,128,5
levels/BO/BO_net.tex.xbx,112,71d904e0,128,16,5
levels/BO/BO_net.tex.xbx,113,9c158300,64,64,1
levels/BO/BO_net.tex.xbx,114,633fc288,64,64,5
levels/BO/BO_net.tex.xbx,115,7ba30ea0,64,64,5
levels/BO/BO_net.tex.xbx,116,0877c214,32,32,5
levels/BO/BO_net.tex.xbx,117,17c24c30,128,64,2
levels/BO/BO_net.tex.xbx,118,fda6da7c,64,32,5
levels/BO/BO_net.tex.xbx,119,5599f304,16,32,1
levels/BO/BO_net.tex.xbx,120,11a77b5c,32,16,1
levels/BO/BO_net.tex.xbx,121,810c4640,32,32,1
levels/BO/BO_net.tex.xbx,122,21466028,32,32,1
levels/BO/BO_net.tex.xbx,123,3770f658,64,32,5
levels/BO/BO_net.tex.xbx,124,1f626fdc,64,64,5
levels/BO/BO_net.tex.xbx,125,5d080e24,16,16,5
levels/BO/BO_net.tex.xbx,126,adbdf1a8,16,16,1
levels/BO/BO_net.tex.xbx,127,8768e54c,32,32,1
levels/BO/BO_net.tex.xbx,128,91f79908,64,128,1
levels/BO/BO_net.tex.xbx,129,8d319b78,64,64,1
levels/BO/BO_net.tex.xbx,130,ebc79ec0,128,128,5
levels/BO/BO_net.tex.xbx,131,0e46b5d8,64,32,1
levels/BO/BO_net.tex.xbx,132,b13487d8,64,128,1
levels/BO/BO_net.tex.xbx,133,c57a11f0,64,128,1
levels/BO/BO_net.tex.xbx,134,892a336c,128,128,1
levels/BO/BO_net.tex.xbx,135,3caa2e6c,128,128,1
levels/BO/BO_net.tex.xbx,136,3e3b5808,128,128,1
levels/BO/BO_net.tex.xbx,137,afb36b80,128,128,5
levels/BO/BO_net.tex.xbx,138,0a8ec270,128,128,1
levels/BO/BO_net.tex.xbx,139,52d86034,64,64,5
levels/BO/BO_net.tex.xbx,140,fd0379b8,128,128,5
levels/BO/BO_net.tex.xbx,141,87371c78,64,64,1
levels/BO/BO_net.tex.xbx,142,f4b24d30,128,64,1
levels/BO/BO_net.tex.xbx,143,09dea510,32,128,1
levels/BO/BO_net.tex.xbx,144,4bc58408,128,128,1
levels/BO/BO_net.tex.xbx,145,3d14df7c,128,128,1
levels/BO/BO_net.tex.xbx,146,684b6d4c,128,64,1
levels/BO/BO_net.tex.xbx,147,f69e5398,128,128,1
levels/BO/BO_net.tex.xbx,148,562ed8c4,32,8,1
levels/BO/BO_net.tex.xbx,149,1a12659c,128,64,1
levels/BO/BO_net.tex.xbx,150,bb1ceec4,64,16,5
levels/BO/BO_net.tex.xbx,151,ee0af744,128,64,1
levels/BO/BO_net.tex.xbx,152,fb62b300,128,128,1
levels/BO/BO_net.tex.xbx,153,f98d95a0,64,64,5
levels/BO/BO_net.tex.xbx,154,a26a41bc,32,128,1
levels/BO/BO_net.tex.xbx,155,9799f528,128,128,1
levels/BO/BO_net.tex.xbx,156,fe5bc4b8,128,128,5
levels/BO/BO_net.tex.xbx,157,fa180a30,32,64,1
levels/BO/BO_net.tex.xbx,158,fa518620,128,128,1
levels/BO/BO_net.tex.xbx,159,e4b21b78,64,64,1
levels/BO/BO_net.tex.xbx,160,96c6b63c,128,128,1
levels/BO/BO_net.tex.xbx,161,3d5e801c,64,128,1
levels/BO/BO_net.tex.xbx,162,35200c30,128,64,1
levels/BO/BO_net.tex.xbx,163,05821568,128,128,5
levels/BO/BO_net.tex.xbx,164,ea364a58,128,128,1
levels/BO/BO_net.tex.xbx,165,e0e1c508,32,32,5
levels/BO/BO_net.tex.xbx,166,0f5b8b8c,64,64,5
levels/BO/BO_net.tex.xbx,167,8459dd54,64,64,5
levels/BO/BO_net.tex.xbx,168,87683d8c,128,128,1
levels/BO/BO_net.tex.xbx,169,92a66dec,128,64,5
levels/BO/BO_net.tex.xbx,170,df20f33c,128,128,1
levels/BO/BO_net.tex.xbx,171,1a39039c,128,64,5
levels/BO/BO_net.tex.xbx,172,b43eb024,128,128,1
levels/BO/BO_net.tex.xbx,173,15209a80,128,128,1
levels/BO/BO_net.tex.xbx,174,0e2198c8,128,128,5
levels/BO/BO_net.tex.xbx,175,d6f6761c,32,32,1
levels/BO/BO_net.tex.xbx,176,8ba73a1c,128,16,5
levels/BO/BO_net.tex.xbx,177,4837ba28,128,128,1
levels/BO/BO_net.tex.xbx,178,70c79ca8,128,32,5
levels/BO/BO_net.tex.xbx,179,b3d61af4,64,128,1
levels/BO/BO_net.tex.xbx,180,4d9e31fc,32,16,1
levels/BO/BO_net.tex.xbx,181,8af383ec,32,64,5
levels/BO/BO_net.tex.xbx,182,ef68a76c,16,16,1
levels/BO/BO_net.tex.xbx,183,01834b70,128,64,5
levels/BO/BO_net.tex.xbx,184,a52240e0,128,128,5
levels/BO/BO_net.tex.xbx,185,8c6a0794,32,32,1
levels/BO/BO_net.tex.xbx,186,60f74210,32,32,1
levels/BO/BO_net.tex.xbx,187,7182f654,16,64,5
levels/BO/BO_net.tex.xbx,188,243e2cd8,64,64,1
levels/BO/BO_net.tex.xbx,189,956474f8,64,64,5
levels/BO/BO_net.tex.xbx,190,ed3e82b8,32,16,5
levels/BO/BO_net.tex.xbx,191,8017fb24,16,32,5
levels/BO/BO_net.tex.xbx,192,8a12a310,32,32,5
levels/BO/BO_net.tex.xbx,193,a94561b4,128,128,1
levels/BO/BO_net.tex.xbx,194,952b06e4,64,32,1
levels/BO/BO_net.tex.xbx,195,147ed8f8,64,64,5
levels/BO/BO_net.tex.xbx,196,bb188d94,32,64,1
levels/BO/BO_net.tex.xbx,197,b6a8140c,32,32,1
levels/BO/BO_net.tex.xbx,198,26a2ec10,64,64,5
levels/BO/BO_net.tex.xbx,199,5734ff88,128,64,1
levels/BO/BO_net.tex.xbx,200,064cfa74,128,16,5
levels/BO/BO_net.tex.xbx,201,e1636f0c,128,32,5
levels/BO/BO_net.tex.xbx,202,7b8f900c,128,128,1
levels/BO/BO_net.tex.xbx,203,52cf23ec,128,128,5
levels/BO/BO_net.tex.xbx,204,727a5488,16,128,1
levels/BO/BO_net.tex.xbx,205,ebcaade8,128,128,1
levels/BO/BO_net.tex.xbx,206,20878c5c,128,32,5
levels/BO/BO_net.tex.xbx,207,5074cb04,64,128,5
levels/BO/BO_net.tex.xbx,208,0da3356c,128,128,1
levels/BO/BO_net.tex.xbx,209,f2d193c0,32,32,5
levels/BO/BO_net.tex.xbx,210,6c835f08,128,128,1
levels/BO/BO_net.tex.xbx,211,083db268,64,128,5
levels/BO/BO_net.tex.xbx,212,46656e44,32,128,5
levels/BO/BO_net.tex.xbx,213,9af00800,64,32,1
levels/BO/BO_net.tex.xbx,214,b4a50004,128,128,1
levels/BO/BO_net.tex.xbx,215,41ce55f4,64,64,1
levels/BO/BO_net.tex.xbx,216,1450a408,128,32,5
levels/BO/BO_net.tex.xbx,217,ef024850,64,16,5
levels/BO/BO_net.tex.xbx,218,e94c4e20,16,32,5
levels/BO/BO_net.tex.xbx,219,dadac7f0,64,64,1
levels/BO/BO_net.tex.xbx,220,4f656eb4,64,64,1
levels/BO/BO_net.tex.xbx,221,a1644fb0,64,32,5
levels/BO/BO_net.tex.xbx,222,21875680,16,32,5
levels/BO/BO_net.tex.xbx,223,dc515024,128,64,1
levels/BO/BO_net.tex.xbx,224,b89b2f58,64,64,5
levels/BO/BO_net.tex.xbx,225,f1aedab0,128,64,1
levels/BO/BO_net.tex.xbx,226,ce80305c,16,32,5
levels/BO/BO_net.tex.xbx,227,ae81ee64,64,64,1
levels/BO/BO_net.tex.xbx,228,3bd786f0,64,32,5
levels/BO/BO_net.tex.xbx,229,d4d925a8,64,64,5
levels/BO/BO_net.tex.xbx,230,db999340,64,64,1
levels/BO/BO_net.tex.xbx,231,d0be9f34,64,64,5
levels/BO/BO_net.tex.xbx,232,a188efac,64,32,5
levels/BO/BO_net.tex.xbx,233,dae74b5c,128,64,1
levels/BO/BO_net.tex.xbx,234,a23ce9fc,64,64,1
levels/BO/BO_net.tex.xbx,235,623fb7a0,128,128,5
levels/BO/BO_net.tex.xbx,236,1b987a60,64,32,1
levels/BO/BO_net.tex.xbx,237,6e87ab94,128,128,1
levels/BO/BO_net.tex.xbx,238,7d66c464,128,128,5
levels/BO/BO_net.tex.xbx,239,6ec37f60,128,128,5
levels/BO/BO_net.tex.xbx,240,57a8f3e8,128,32,1
levels/BO/BO_net.tex.xbx,241,f27cf2e8,32,64,1
levels/BO/BO_net.tex.xbx,242,4f65b800,32,32,1
levels/BO/BO_net.tex.xbx,243,7bcf3cd4,64,128,1
levels/BO/BO_net.tex.xbx,244,ad5cfcd0,64,32,1
levels/BO/BO_net.tex.xbx,245,86851da8,64,64,1
levels/BO/BO_net.tex.xbx,246,95686918,32,128,1
levels/BO/BO_net.tex.xbx,247,551d18fc,128,128,1
levels/BO/BO_net.tex.xbx,248,b9c5ff34,128,128,1
levels/BO/BO_net.tex.xbx,249,05afc79c,64,64,5
levels/BO/BO_net.tex.xbx,250,2c60e154,64,32,5
levels/BO/BO_net.tex.xbx,251,04873078,64,64,1
levels/BO/BO_net.tex.xbx,252,c7e1f2f0,128,128,5
levels/BO/BO_net.tex.xbx,253,2a1c3a48,64,64,1
levels/BO/BO_net.tex.xbx,254,29b09434,64,64,5
levels/BO/BO_net.tex.xbx,255,585af834,128,128,1
levels/BO/BO_net.tex.xbx,256,bf3f9bbc,64,32,5
levels/BO/BO_net.tex.xbx,257,bd960488,128,64,5
levels/BO/BO_net.tex.xbx,258,0ad3fa4c,128,128,1
levels/BO/BO_net.tex.xbx,259,dffdec30,128,128,1
levels/BO/BO_net.tex.xbx,260,5e898414,64,32,1
levels/BO/BO_net.tex.xbx,261,7cdee1a8,32,32,5
levels/BO/BO_net.tex.xbx,262,f5658d68,32,32,5
levels/BO/BO_net.tex.xbx,263,b9f9d304,64,64,1
levels/BO/BO_net.tex.xbx,264,d4e8cf88,32,32,5
levels/BO/BO_net.tex.xbx,265,997e8d64,128,128,1
levels/BO/BO_net.tex.xbx,266,538a2298,64,64,1
levels/BO/BO_net.tex.xbx,267,28a828d0,16,16,1
levels/BO/BO_net.tex.xbx,268,6d18b578,32,32,5
levels/BO/BO_net.tex.xbx,269,ef6878ec,128,32,5
levels/BO/BO_net.tex.xbx,270,a45f0ba8,32,32,1
levels/BO/BO_net.tex.xbx,271,7c7dc558,64,16,5
levels/BO/BO_net.tex.xbx,272,ea27765c,128,32,5
levels/BO/BO_net.tex.xbx,273,84743180,128,128,5
levels/BO/BO_net.tex.xbx,274,dfcac008,128,64,5
levels/BO/BO_net.tex.xbx,275,0e55069c,128,128,5
levels/BO/BO_net.tex.xbx,276,3f869f10,32,64,1
levels/BO/BO_net.tex.xbx,277,1e9ed1c8,64,64,5
levels/BO/BO_net.tex.xbx,278,fd8126a8,64,64,5
levels/BO/BO_net.tex.xbx,279,773bdf40,128,64,1
levels/BO/BO_net.tex.xbx,280,62ca94c0,128,128,5
levels/BO/BO_net.tex.xbx,281,7dcb48dc,64,64,5
levels/BO/BO_net.tex.xbx,282,6cb00ea0,64,64,5
levels/BO/BO_net.tex.xbx,283,7ae7593c,128,128,1
levels/BO/BO_net.tex.xbx,284,438b726c,64,64,5
levels/BO/BO_net.tex.xbx,285,4bc2be04,64,32,5
levels/BO/BO_net.tex.xbx,286,815e6c38,64,64,5
levels/BO/BO_net.tex.xbx,287,66b20738,32,32,5
levels/BO/BO_net.tex.xbx,288,2ae5af20,32,32,5
levels/BO/BO_net.tex.xbx,289,c67208a4,16,64,1
levels/BO/BO_net.tex.xbx,290,08090488,32,32,5
levels/BO/BO_net.tex.xbx,291,1e7a8858,32,64,1
levels/BO/BO_net.tex.xbx,292,d175743c,32,32,1
levels/BO/BO_net.tex.xbx,293,56119ac0,64,128,5
levels/BO/BO_net.tex.xbx,294,94ab68bc,32,32,5
levels/BO/BO_net.tex.xbx,295,48700268,32,32,5
levels/BO/BO_net.tex.xbx,296,271e45bc,64,128,1
levels/BO/BO_net.tex.xbx,297,0ec9e298,64,128,1
levels/BO/BO_net.tex.xbx,298,181fea1c,64,64,5
levels/BO/BO_net.tex.xbx,299,962cb128,64,64,5
levels/BO/BO_net.tex.xbx,300,2f7f5ccc,32,32,1
levels/BO/BO_net.tex.xbx,301,4a3a2504,64,64,5
levels/BO/BO_net.tex.xbx,302,a550c410,32,128,1
levels/BO/BO_net.tex.xbx,303,2d7b8c0c,64,32,5
levels/BO/BO_net.tex.xbx,304,30c30594,64,64,5
levels/BO/BO_net.tex.xbx,305,233a0f38,128,128,1
levels/BO/BO_net.tex.xbx,306,e271d438,32,64,1
levels/BO/BO_net.tex.xbx,307,4354f640,32,32,1
levels/BO/BO_net.tex.xbx,308,8b42efa8,32,32,1
levels/BO/BO_net.tex.xbx,309,3af897ec,64,32,5
levels/BO/BO_net.tex.xbx,310,adf8da94,128,128,5
levels/BO/BO_net.tex.xbx,311,cc04f86c,128,128,1
levels/BO/BO_net.tex.xbx,312,7b26c5b8,128,128,1
levels/BO/BO_net.tex.xbx,313,1ad52758,64,64,1
levels/BO/BO_net.tex.xbx,314,c2a424d8,128,128,5
levels/BO/BO_net.tex.xbx,315,673e84f8,32,32,1
levels/BO/BO_net.tex.xbx,316,ff8e8478,16,64,5
levels/BO/BO_net.tex.xbx,317,2b1c31cc,128,64,5
levels/BO/BO_net.tex.xbx,318,bf3b0a40,128,64,5
levels/BO/BO_net.tex.xbx,319,864f5e10,64,64,1
levels/BO/BO_net.tex.xbx,320,5adcab94,64,128,1
levels/BO/BO_net.tex.xbx,321,b9feb060,64,64,5
levels/BO/BO_net.tex.xbx,322,50175368,128,32,5
levels/BO/BO_net.tex.xbx,323,279f7f64,128,64,5
levels/BO/BO_net.tex.xbx,324,4421ee3c,64,64,1
levels/BO/BO_net.tex.xbx,325,b5944868,32,32,5
levels/BO/BO_net.tex.xbx,326,b92cb9e0,64,128,1
levels/BO/BO_net.tex.xbx,327,605c90c8,128,64,1
levels/BO/BO_net.tex.xbx,328,2b58a280,64,64,1
levels/BO/BO_net.tex.xbx,329,834617a0,64,32,5
levels/BO/BO_net.tex.xbx,330,c1634ab8,32,32,5
levels/BO/BO_net.tex.xbx,331,4fe90e48,64,64,1
levels/BO/BO_net.tex.xbx,332,8181f958,32,32,5
levels/BO/BO_net.tex.xbx,333,d52948e0,64,64,1
levels/BO/BO_net.tex.xbx,334,bd204238,64,64,5
levels/BO/BO_net.tex.xbx,335,b0109e24,64,128,1
levels/BO/BO_net.tex.xbx,336,20ba8858,64,128,5
levels/BO/BO_net.tex.xbx,337,faef57dc,32,32,1
levels/BO/BO_net.tex.xbx,338,2c9402a4,32,32,1
levels/BO/BO_net.tex.xbx,339,08adbc1c,128,64,5
levels/BO/BO_net.tex.xbx,340,b44f7300,32,32,2
levels/BO/BO_net.tex.xbx,341,aff0fe88,64,128,5
levels/BO/BO_net.tex.xbx,342,e5846b80,32,32,1
levels/BO/BO_net.tex.xbx,343,da118400,32,32,1
levels/BO/BO_net.tex.xbx,344,81bbe208,32,64,5
levels/BO/BO_net.tex.xbx,345,6d49949c,16,16,1
levels/BO/BO_net.tex.xbx,346,a4a13080,128,16,5
levels/BO/BO_net.tex.xbx,347,c89fa108,64,32,5
levels/BO/BO_net.tex.xbx,348,4d801290,64,64,1
levels/BO/BO_net.tex.xbx,349,1bf74d30,32,32,1
levels/BO/BO_net.tex.xbx,350,b98277cc,128,128,5
levels/BO/BO_net.tex.xbx,351,e0d8393c,128,64,1
levels/BO/BO_net.tex.xbx,352,ee377390,128,128,5
levels/BO/BO_net.tex.xbx,353,10ad8614,64,64,1
levels/BO/BO_net.tex.xbx,354,bc6ae34c,128,128,1
levels/BO/BO_net.tex.xbx,355,00d371ac,128,64,1
levels/BO/BO_net.tex.xbx,356,cb51543c,32,64,1
levels/BO/BO_net.tex.xbx,357,dd5e5c4c,64,64,1
levels/BO/BO_net.tex.xbx,358,b3be5664,128,128,1
levels/BO/BO_net.tex.xbx,359,4fc04950,32,64,1
levels/BO/BO_net.tex.xbx,360,9e4dad54,32,32,1
levels/BO/BO_net.tex.xbx,361,11daac20,32,32,1
levels/BO/BO_net.tex.xbx,362,8d6386d0,64,64,1
levels/BO/BO_net.tex.xbx,363,93e0df10,64,64,1
levels/BO/BO_net.tex.xbx,364,9b094bf0,64,64,1
levels/BO/BO_net.tex.xbx,365,411f3cd4,32,32,1
levels/BO/BO_net.tex.xbx,366,1a439bf8,64,64,1
levels/BO/BO_net.tex.xbx,367,fd980ddc,64,64,1
levels/BO/BO_net.tex.xbx,368,aa6fcf3c,128,32,1
levels/BO/BO_net.tex.xbx,369,c4ebfe6c,32,32,1
levels/BO/BO_net.tex.xbx,370,c9538ff4,32,64,1
levels/BO/BO_net.tex.xbx,371,eb10f5ac,32,128,1
levels/BO/BO_net.tex.xbx,372,c09cb168,32,16,1
levels/BO/BO_net.tex.xbx,373,fbf3fc2c,16,16,1
levels/BO/BO_net.tex.xbx,374,407c5310,64,128,1
levels/BO/BO_net.tex.xbx,375,2c27153c,64,32,1
levels/BO/BO_net.tex.xbx,376,12c14f58,64,64,1
levels/BO/BO_net.tex.xbx,377,893c43a0,64,64,1
levels/BO/BO_net.tex.xbx,378,bda7f4c4,64,64,5
levels/BO/BO_net.tex.xbx,379,759d1c0c,128,128,1
levels/BO/BO_net.tex.xbx,380,11f78734,128,128,1
levels/BO/BO_net.tex.xbx,381,e42cdb78,64,64,1
levels/BO/BO_net.tex.xbx,382,2afce064,64,64,1
levels/BO/BO_net.tex.xbx,383,6d49d2f4,128,128,1
levels/BO/BO_net.tex.xbx,384,2015bff4,64,64,5
levels/BO/BO_net.tex.xbx,385,af01c46c,32,64,5
levels/BO/BO_net.tex.xbx,386,06bd9624,128,128,1
levels/BO/BO_net.tex.xbx,387,b48af9b0,128,128,1
levels/BO/BO_net.tex.xbx,388,c68e2e94,32,32,5
levels/BO/BO_net.tex.xbx,389,20d9c9f4,32,64,5
levels/BO/BO_net.tex.xbx,390,d0f77120,32,64,5
levels/BO/BO_net.tex.xbx,391,22bfcc40,64,128,1
levels/BO/BO_net.tex.xbx,392,35ea70b0,64,128,1
levels/BO/BO_net.tex.xbx,393,141f0ab0,128,128,1
levels/BO/BO_net.tex.xbx,394,a82d4f78,16,32,5
levels/BO/BO_net.tex.xbx,395,28d74fe4,128,128,1
levels/BO/BO_net.tex.xbx,396,6203e708,128,128,1
levels/BO/BO_net.tex.xbx,397,a22a7900,32,64,5
levels/BO/BO_net.tex.xbx,398,66ab6800,128,64,5
levels/BO/BO_net.tex.xbx,399,9076a974,16,128,5
levels/BO/BO_net.tex.xbx,400,e595280c,16,32,5
levels/BO/BO_net.tex.xbx,401,3b84ad50,32,32,5
levels/BO/BO_net.tex.xbx,402,71b5871c,128,128,5
levels/BO/BO_net.tex.xbx,403,46554a00,128,32,1
levels/BO/BO_net.tex.xbx,404,226bc388,64,64,5
levels/BO/BO_net.tex.xbx,405,3c5d611c,64,64,1
levels/BO/BO_net.tex.xbx,406,32806f4c,64,64,1
levels/BO/BO_net.tex.xbx,407,c70b09f8,64,64,1
levels/BO/BO_net.tex.xbx,408,17e509c4,64,64,1
levels/BO/BO_net.tex.xbx,409,edde4dec,64,64,1
levels/BO/BO_net.tex.xbx,410,0fa0a81c,64,128,5
levels/BO/BO_net.tex.xbx,411,d24de288,32,64,1
levels/BO/BO_net.tex.xbx,412,1747a7fc,32,32,1
levels/BO/BO_net.tex.xbx,413,f3dc2f2c,128,128,1
levels/BO/BO_net.tex.xbx,414,e3a752b4,64,64,1
levels/BO/BO_net.tex.xbx,415,1f92c238,64,64,5
levels/BO/BO_net.tex.xbx,416,708c87c4,32,32,1
levels/BO/BO_net.tex.xbx,417,524d1174,64,64,5
levels/BO/BO_net.tex.xbx,418,a6d77530,64,64,5
levels/BO/BO_net.tex.xbx,419,cae7e858,64,32,5
levels/BO/BO_net.tex.xbx,420,372a17f8,64,64,5
levels/BO/BO_net.tex.xbx,421,53d202a8,64,32,5
levels/BO/BO_net.tex.xbx,422,ad9143ec,64,32,5
levels/BO/BO_net.tex.xbx,423,830349c4,16,16,5
levels/BO/BO_net.tex.xbx,424,0cc938ec,128,128,5
levels/BO/BO_net.tex.xbx,425,152f25fc,32,32,5
levels/BO/BO_net.tex.xbx,426,470d93ac,64,64,5
levels/BO/BO_net.tex.xbx,427,b220cfa8,64,64,5
levels/BO/BO_net.tex.xbx,428,c4809844,128,128,1
levels/BO/BO_net.tex.xbx,429,f3263648,64,64,1
levels/BO/BO_net.tex.xbx,430,5e95f734,32,32,5
levels/BO/BO_net.tex.xbx,431,a913df60,128,128,1
levels/BO/BO_net.tex.xbx,432,89459274,128,64,1
levels/BO/BO_net.tex.xbx,433,ab9d6a98,64,64,5
levels/BO/BO_net.tex.xbx,434,8f6aa908,128,64,1
levels/BO/BO_net.tex.xbx,435,ab0878e8,64,128,1
levels/BO/BO_net.tex.xbx,436,20ec9274,128,128,5
levels/BO/BO_net.tex.xbx,437,3a521bf0,64,128,1
levels/BO/BO_net.tex.xbx,438,ea871294,128,128,1
levels/BO/BO_net.tex.xbx,439,fea003b0,64,16,5
levels/BO/BO_net.tex.xbx,440,c7d2a8a0,64,64,1
levels/BO/BO_net.tex.xbx,441,b3fea54c,128,64,1
levels/BO/BO_net.tex.xbx,442,671f3f00,64,64,5
levels/BO/BO_net.tex.xbx,443,62501d30,64,128,1
levels/BO/BO_net.tex.xbx,444,9a240a5c,64,64,1
levels/BO/BO_net.tex.xbx,445,6cd7a1a4,64,32,1
levels/BO/BO_net.tex.xbx,446,ceba7ff4,32,32,1
levels/BO/BO_net.tex.xbx,447,c9663af8,32,32,1
levels/BO/BO_net.tex.xbx,448,45b11620,64,64,1
levels/BO/BO_net.tex.xbx,449,ba3dcde8,64,64,1
levels/BO/BO_net.tex.xbx,450,7255ecf0,64,64,1
levels/BO/BO_net.tex.xbx,451,340cc078,64,64,1
levels/BO/BO_net.tex.xbx,452,982be5a4,128,128,1
levels/BO/BO_net.tex.xbx,453,fb8712fc,32,32,5
levels/BO/BO_net.tex.xbx,454,bc89ad9c,32,32,1
levels/BO/BO_net.tex.xbx,455,6c72c4cc,64,32,5
levels/BO/BO_net.tex.xbx,456,70482190,64,64,1
levels/BO/BO_net.tex.xbx,457,ec63e57c,64,64,5
levels/BO/BO_net.tex.xbx,458,42a25678,128,128,1
levels/BO/BO_net.tex.xbx,459,069038d8,32,32,5
levels/BO/BO_net.tex.xbx,460,629fb430,64,64,1
levels/BO/BO_net.tex.xbx,461,e0317ea4,64,64,1
levels/BO/BO_net.tex.xbx,462,a256ab5c,32,32,5
levels/BO/BO_net.tex.xbx,463,8e99bc48,64,64,1
levels/BO/BO_net.tex.xbx,464,f833c744,64,64,5
levels/BO/BO_net.tex.xbx,465,efbc052c,128,64,5
levels/BO/BO_net.tex.xbx,466,ddcf83d8,128,32,1
levels/BO/BO_net.tex.xbx,467,35542f5c,32,128,5
levels/BO/BO_net.tex.xbx,468,30978864,128,128,1
levels/BO/BO_net.tex.xbx,469,573160b8,64,32,5
levels/BO/BO_net.tex.xbx,470,1795f3d4,64,64,5
levels/BO/BO_net.tex.xbx,471,e70b9c0c,32,32,5
levels/BO/BO_net.tex.xbx,472,04602948,64,64,1
levels/BO/BO_net.tex.xbx,473,1cfd7bc8,128,64,5
levels/BO/BO_net.tex.xbx,474,2cc8658c,64,64,5
levels/BO/BO_net.tex.xbx,475,c15313b8,64,64,5
levels/BO/BO_net.tex.xbx,476,639aea28,128,64,2
levels/BO/BO_net.tex.xbx,477,55ba1d1c,64,32,1
levels/BO/BO_net.tex.xbx,478,5571a950,64,64,1
levels/BO/BO_net.tex.xbx,479,5876b994,64,64,1
levels/BO/BO_net.tex.xbx,480,4d8dc440,32,16,5
levels/BO/BO_net.tex.xbx,481,a3d86614,64,16,5
levels/BO/BO_net.tex.xbx,482,dd29a858,128,32,1
levels/BO/BO_net.tex.xbx,483,8771df28,128,128,1
levels/BO/BO_net.tex.xbx,484,b3d94478,128,64,1
levels/BO/BO_net.tex.xbx,485,5ced4cb0,64,64,1
levels/BO/BO_net.tex.xbx,486,b319f05c,64,64,1
levels/BO/BO_net.tex.xbx,487,c9430fec,64,64,1
levels/BO/BO_net.tex.xbx,488,26b5cef0,16,64,1
levels/BO/BO_net.tex.xbx,489,ee504264,64,128,1
levels/BO/BO_net.tex.xbx,490,730beba4,128,16,1
levels/BO/BO_net.tex.xbx,491,c02d7af0,64,64,1
levels/BO/BO_net.tex.xbx,492,2ea2bbb4,64,64,5
levels/BO/BO_net.tex.xbx,493,ce98e474,128,128,1
levels/BO/BO_net.tex.xbx,494,3e7e4b1c,128,16,1
levels/BO/BO_net.tex.xbx,495,bb1f7e64,32,32,1
levels/BO/BO_net.tex.xbx,496,07287550,64,128,1
levels/BO/BO_net.tex.xbx,497,4ec16998,128,64,5
levels/BO/BO_net.tex.xbx,498,e0c53e00,64,64,1
levels/BO/BO_net.tex.xbx,499,5da1c4cc,32,32,5
levels/BO/BO_net.tex.xbx,500,5545bac8,64,128,1
levels/BO/BO_net.tex.xbx,501,38f5b9e4,64,64,1
levels/BO/BO_net.tex.xbx,502,aa680c60,64,128,1
levels/BO/BO_net.tex.xbx,503,344943bc,64,128,5
levels/BO/BO_net.tex.xbx,504,96a52394,128,128,5
levels/BO/BO_net.tex.xbx,505,871e0de0,64,64,5
levels/BO/BO_net.tex.xbx,506,b5063fc0,32,32,5
levels/BO/BO_net.tex.xbx,507,a2ffcb1c,16,32,5
levels/BO/BO_net.tex.xbx,508,bbc4e89c,64,64,5
levels/BO/BO_net.tex.xbx,509,dfd769f8,64,64,5
levels/BO/BO_net.tex.xbx,510,7aa8e904,64,64,5
levels/BO/BO_net.tex.xbx,511,c538fdcc,32,16,5
levels/BO/BO_net.tex.xbx,512,e5e70bd0,128,128,1
levels/BO/BO_net.tex.xbx,513,145cbdd4,128,128,1
levels/BO/BO_net.tex.xbx,514,72df0554,32,32,1
levels/BO/BO_net.tex.xbx,515,f761784c,32,64,5
levels/BO/BO_net.tex.xbx,516,b91f88c0,128,128,1
levels/BO/BO_net.tex.xbx,517,1850ffe0,128,128,5
levels/BO/BO_net.tex.xbx,518,3921a8a4,128,128,1
levels/BO/BO_net.tex.xbx,519,71b7437c,64,64,5
levels/BO/BO_net.tex.xbx,520,f70862c0,32,32,5
levels/BO/BO_net.tex.xbx,521,00e65bec,64,64,5
levels/BO/BO_net.tex.xbx,522,32e64bd4,32,32,1
levels/BO/BO_net.tex.xbx,523,e99b30b8,64,64,2
levels/BO/BO_net.tex.xbx,524,328c949c,64,64,5
levels/BO/BO_net.tex.xbx,525,4be0de68,128,128,5
levels/BO/BO_net.tex.xbx,526,30765818,64,32,5
levels/BO/BO_net.tex.xbx,527,145bc2f8,128,128,1
levels/BO/BO_net.tex.xbx,528,97bd57ac,64,128,5
levels/BO/BO_net.tex.xbx,529,fe0273a4,128,128,1
levels/BO/BO_net.tex.xbx,530,36f10d98,32,32,1
levels/BO/BO_net.tex.xbx,531,21c33cfc,128,16,5
levels/BO/BO_net.tex.xbx,532,478366e8,128,128,1
levels/BO/BO_net.tex.xbx,533,fea7c1ec,128,64,1
levels/BO/BO_net.tex.xbx,534,a6c527c4,128,64,5
levels/BO/BO_net.tex.xbx,535,f645c900,16,64,1
levels/BO/BO_net.tex.xbx,536,dde9b374,64,64,1
levels/BO/BO_net.tex.xbx,537,4c5c5330,32,64,1
levels/BO/BO_net.tex.xbx,538,a9411f58,32,32,1
levels/BO/BO_net.tex.xbx,539,edff8e30,32,64,1
levels/BO/BO_net.tex.xbx,540,50e4de58,32,64,1
levels/BO/BO_net.tex.xbx,541,a393dafc,32,64,1
levels/BO/BO_net.tex.xbx,542,ae8c0efc,64,128,1
levels/BO/BO_net.tex.xbx,543,10200e24,32,16,5
levels/BO/BO_net.tex.xbx,544,d46c553c,32,64,5
levels/BO/BO_net.tex.xbx,545,ba8a4510,32,64,1
levels/BO/BO_net.tex.xbx,546,7887dfb8,128,32,1
levels/BO/BO_net.tex.xbx,547,50c96a90,32,32,5
levels/BO/BO_net.tex.xbx,548,f6da18f0,128,128,5
levels/BO/BO_net.tex.xbx,549,bc427c64,16,64,5
levels/BO/BO_net.tex.xbx,550,d7fef13c,32,64,5
levels/BO/BO_net.tex.xbx,551,fc4e9748,64,64,1
levels/BO/BO_net.tex.xbx,552,f3f41410,64,64,1
levels/BO/BO_net.tex.xbx,553,09504c3c,64,64,5
levels/BO/BO_net.tex.xbx,554,8db88aec,64,64,1
levels/BO/BO_net.tex.xbx,555,4d194e5c,64,64,1
levels/BO/BO_net.tex.xbx,556,b9d2b458,32,32,1
levels/BO/BO_net.tex.xbx,557,13728494,64,64,5
levels/BO/BO_net.tex.xbx,558,0d078034,16,16,1
levels/BO/BO_net.tex.xbx,559,bde42df8,64,32,5
levels/BO/BO_net.tex.xbx,560,1cb9506c,128,128,1
levels/BO/BO_net.tex.xbx,561,2ff11738,32,32,5
levels/BO/BO_net.tex.xbx,562,d7a583dc,64,128,1
levels/BO/BO_net.tex.xbx,563,9cb419bc,64,64,5
levels/BO/BO_net.tex.xbx,564,5575d7bc,32,128,1
levels/BO/BO_net.tex.xbx,565,af345c94,64,64,5
levels/BO/BO_net.tex.xbx,566,c2f1204c,64,32,5
levels/BO/BO_net.tex.xbx,567,d71a4434,128,64,1
levels/BO/BO_net.tex.xbx,568,378d582c,64,64,5
levels/BO/BO_net.tex.xbx,569,966dbc18,64,64,5
levels/BO/BO_net.tex.xbx,570,4c54a100,32,64,5
levels/BO/BO_net.tex.xbx,571,f41bec88,32,32,1
levels/BO/BO_net.tex.xbx,572,4eba90e8,128,128,1
levels/BO/BO_net.tex.xbx,573,c3fb58e4,128,128,1
levels/BO/BO_net.tex.xbx,574,443aaf14,128,128,1
levels/BO/BO_net.tex.xbx,575,b7d8baec,128,128,1
levels/BO/BO_net.tex.xbx,576,6bf2b53c,32,32,1
levels/BO/BO_net.tex.xbx,577,3f0eac90,16,64,2
levels/BO/BO_net.tex.xbx,578,6a52d60c,128,16,5
levels/BO/BO_net.tex.xbx,579,c5c491ec,64,32,1
levels/BO/BO_net.tex.xbx,580,5267225c,128,128,5
levels/BO/BO_net.tex.xbx,581,5b2948a4,128,128,5
levels/BO/BO_net.tex.xbx,582,4b223cbc,64,64,1
levels/BO/BO_net.tex.xbx,583,8a49a958,16,16,1
levels/BO/BO_net.tex.xbx,584,474c7d04,128,32,5
levels/BO/BO_net.tex.xbx,585,ad6b3544,128,32,5
levels/BO/BO_net.tex.xbx,586,62966b00,32,32,5
levels/BO/BO_net.tex.xbx,587,ad97a7d0,128,64,1
levels/BO/BO_net.tex.xbx,588,6c4acfb4,64,64,5
levels/BO/BO_net.tex.xbx,589,1b8766a4,32,32,5
levels/BO/BO_net.tex.xbx,590,80825d9c,32,32,5
levels/BO/BO_net.tex.xbx,591,615ca314,32,32,1
levels/BO/BO_net.tex.xbx,592,fce31a8c,64,32,5
levels/BO/BO_net.tex.xbx,593,e30895d0,64,64,5
levels/BO/BO_net.tex.xbx,594,4d1f6eec,64,64,5
levels/BO/BO_net.tex.xbx,595,616154e8,64,128,5
levels/BO/BO_net.tex.xbx,596,8621be5c,128,64,5
levels/BO/BO_net.tex.xbx,597,2d470908,64,64,5
levels/BO/BO_net.tex.xbx,598,7c6983c0,32,64,5
levels/BO/BO_net.tex.xbx,599,796c1c94,64,64,5
levels/BO/BO_net.tex.xbx,600,22c1d344,128,64,5
levels/BO/BO_net.tex.xbx,601,63823be0,128,64,5
levels/BO/BO_net.tex.xbx,602,130c6e00,64,16,5
levels/BO/BO_net.tex.xbx,603,e799c844,32,32,1
levels/BO/BO_net.tex.xbx,604,4cb12f1c,64,64,5
levels/BO/BO_net.tex.xbx,605,0d934e54,32,64,1
levels/BO/BO_net.tex.xbx,606,5da79d98,128,128,5
levels/BO/BO_net.tex.xbx,607,424a1270,128,64,1
levels/BO/BO_net.tex.xbx,608,2b78f348,64,32,5
levels/BO/BO_net.tex.xbx,609,44e59510,64,32,1
levels/BO/BO_net.tex.xbx,610,271bfc68,32,32,5
levels/BO/BO_net.tex.xbx,611,f899eeac,32,16,1
levels/BO/BO_net.tex.xbx,612,135b4988,32,32,1
levels/BO/BO_net.tex.xbx,613,e1b72554,32,128,1
levels/BO/BO_net.tex.xbx,614,7de605e0,64,64,1
levels/BO/BO_net.tex.xbx,615,8a171a30,128,128,5
levels/BO/BO_net.tex.xbx,616,699e33e8,32,32,5
levels/BO/BO_net.tex.xbx,617,f3aefbe4,128,128,5
levels/BO/BO_net.tex.xbx,618,781085bc,128,64,5
levels/BO/BO_net.tex.xbx,619,7778ef80,16,128,1
levels/BO/BO_net.tex.xbx,620,e73db89c,32,32,1
levels/BO/BO_net.tex.xbx,621,6c333860,128,32,1
levels/BO/BO_net.tex.xbx,622,fbc87e08,32,64,1
levels/BO/BO_net.tex.xbx,623,d09396bc,128,128,1
levels/BO/BO_net.tex.xbx,624,280dc9e8,128,64,5
levels/BO/BO_net.tex.xbx,625,0521ba60,32,64,5
levels/BO/BO_net.tex.xbx,626,e2a86744,32,16,1
levels/BO/BO_net.tex.xbx,627,21487b70,16,32,5
levels/BO/BO_net.tex.xbx,628,ebd66c54,128,128,5
levels/BO/BO_net.tex.xbx,629,b176d454,64,64,5
levels/BO/BO_net.tex.xbx,630,b87e805c,32,32,1
levels/BO/BO_net.tex.xbx,631,0e709a74,128,32,5
levels/BO/BO_net.tex.xbx,632,b80131e4,64,64,5
levels/BO/BO_net.tex.xbx,633,b78b58ec,128,64,5
levels/BO/BO_net.tex.xbx,634,320191cc,64,64,1
levels/BO/BO_net.tex.xbx,635,2483c7e4,32,16,1
levels/BO/BO_net.tex.xbx,636,96668330,32,32,5
levels/BO/BO_net.tex.xbx,637,2aa8cca8,128,64,5
levels/BO/BO_net.tex.xbx,638,a4666654,128,128,5
levels/BO/BO_net.tex.xbx,639,d0a5402c,128,128,1
levels/BO/BO_net.tex.xbx,640,625c84b8,128,32,5
levels/BO/BO_net.tex.xbx,641,404619e4,128,128,1
levels/BO/BO_net.tex.xbx,642,5aff594c,64,64,5
levels/BO/BO_net.tex.xbx,643,744a5804,32,32,5
levels/BO/BO_net.tex.xbx,644,26f4398c,64,128,1
levels/BO/BO_net.tex.xbx,645,df34626c,64,64,5
levels/BO/BO_net.tex.xbx,646,a4d6ff44,128,128,5
levels/BO/BO_net.tex.xbx,647,af0a56ac,64,128,5
levels/BO/BO_net.tex.xbx,648,7228b1a4,64,64,5
levels/BO/BO_net.tex.xbx,649,134bd004,16,32,5
levels/BO/BO_net.tex.xbx,650,22ac509c,64,64,5
levels/BO/BO_net.tex.xbx,651,0107c6fc,32,64,5
levels/BO/BO_net.tex.xbx,652,d7f6f4ec,64,64,5
levels/BO/BO_net.tex.xbx,653,b13f1dac,32,32,1
levels/BO/BO_net.tex.xbx,654,0561ff4c,64,64,1
levels/BO/BO_net.tex.xbx,655,0324bff0,64,32,5
levels/BO/BO_net.tex.xbx,656,21e52520,64,16,5
levels/BO/BO_net.tex.xbx,657,ea690670,64,64,5
levels/BO/BO_net.tex.xbx,658,b0769f9c,32,64,5
levels/BO/BO_net.tex.xbx,659,9a0218e8,64,32,1
levels/BO/BO_net.tex.xbx,660,33adfa2c,64,64,1
levels/BO/BO_net.tex.xbx,661,cff8d07c,64,64,5
levels/BO/BO_net.tex.xbx,662,f40e681c,32,16,5
levels/BO/BO_net.tex.xbx,663,ca7b1b34,128,64,5
levels/BO/BO_net.tex.xbx,664,f56a2b5c,64,64,5
levels/BO/BO_net.tex.xbx,665,be6735a0,32,64,5
levels/BO/BO_net.tex.xbx,666,1f559e4c,32,32,5
levels/BO/BO_net.tex.xbx,667,98fe686c,32,64,5
levels/BO/BO_net.tex.xbx,668,651d44c8,128,32,5
levels/BO/BO_net.tex.xbx,669,3b1fe554,128,128,5
levels/BO/BO_net.tex.xbx,670,b6254608,32,32,5
levels/BO/BO_net.tex.xbx,671,7ae9b25c,32,32,2
levels/BO/BO_net.tex.xbx,672,c7548690,64,32,5
levels/BO/BO_net.tex.xbx,673,30a4e674,64,64,5
levels/BO/BO_net.tex.xbx,674,ef36e254,32,64,2
levels/BO/BO_net.tex.xbx,675,aa668ef0,32,64,2
levels/BO/BO_net.tex.xbx,676,48b4c628,64,64,5
levels/BO/BO_net.tex.xbx,677,4083c78c,32,32,5
levels/BO/BO_net.tex.xbx,678,2b73172c,32,32,5
levels/BO/BO_net.tex.xbx,679,b7ce05fc,64,32,5
levels/BO/BO_net.tex.xbx,680,314727e8,64,64,5
levels/BO/BO_net.tex.xbx,681,1166d31c,64,32,5
levels/BO/BO_net.tex.xbx,682,8bc14404,128,128,5
levels/BO/BO_net.tex.xbx,683,e6abc924,64,64,5
levels/BO/BO_net.tex.xbx,684,b727b730,128,64,5
levels/BO/BO_net.tex.xbx,685,8c980854,128,128,1
levels/BO/BO_net.tex.xbx,686,d3a5d54c,128,64,5
levels/BO/BO_net.tex.xbx,687,0c707424,128,64,1
levels/BO/BO_net.tex.xbx,688,9a6c5f28,128,64,1
levels/BO/BO_net.tex.xbx,689,f6801d24,64,64,5
levels/BO/BO_net.tex.xbx,690,a5a1a96c,128,64,1
levels/BO/BO_net.tex.xbx,691,8e721c68,128,128,1
levels/BO/BO_net.tex.xbx,692,98928878,128,64,1
levels/BO/BO_net.tex.xbx,693,5bf1511c,128,64,5
levels/BO/BO_net.tex.xbx,694,58e233cc,64,64,1
levels/BO/BO_net.tex.xbx,695,b1422ecc,64,64,1
levels/BO/BO_net.tex.xbx,696,b5fdbed4,64,64,1
levels/BO/BO_net.tex.xbx,697,2172fad0,64,64,1
levels/BO/BO_net.tex.xbx,698,9dd28028,128,64,1
levels/BO/BO_net.tex.xbx,699,e264dfa4,128,64,1
levels/BO/BO_net.tex.xbx,700,a5464060,128,128,1
levels/BO/BO_net.tex.xbx,701,d9d0c83c,128,128,1
levels/BO/BO_net.tex.xbx,702,28c791f4,64,32,1
levels/BO/BO_net.tex.xbx,703,56eca598,128,64,1
levels/BO/BO_net.tex.xbx,704,833029e4,128,128,1
levels/BO/BO_net.tex.xbx,705,cf90eedc,128,128,1
levels/BO/BO_net.tex.xbx,706,fb9b55e8,128,128,1
levels/BO/BO_net.tex.xbx,707,41039ac8,128,128,1
levels/BO/BO_net.tex.xbx,708,5dbc22c0,128,128,1
levels/BO/BO_net.tex.xbx,709,c87753ac,128,64,1
levels/BO/BO_net.tex.xbx,710,791977e8,128,128,1
levels/BO/BO_net.tex.xbx,711,e710b3bc,128,128,1
levels/BO/BO_net.tex.xbx,712,77a5dc60,128,128,1
levels/BO/BO_net.tex.xbx,713,1ca5e660,128,128,1
levels/BO/BO_net.tex.xbx,714,0f4c50fc,64,64,5
levels/BO/BO_net.tex.xbx,715,3e551c18,32,64,5
levels/BO/BO_net.tex.xbx,716,16cdee78,128,64,5
levels/BO/BO_net.tex.xbx,717,9bef52c8,64,64,5
levels/BO/BO_net.tex.xbx,718,4ba596a0,128,128,1
levels/BO/BO_net.tex.xbx,719,972fe2a4,16,32,1
levels/BO/BO_net.tex.xbx,720,06aa9cc8,128,128,5
levels/BO/BO_net.tex.xbx,721,6273dc44,64,128,5
levels/BO/BO_net.tex.xbx,722,8087e1f4,128,32,1
levels/BO/BO_net.tex.xbx,723,659cff74,128,64,5
levels/BO/BO_net.tex.xbx,724,73c4fb34,32,32,5
levels/BO/BO_net.tex.xbx,725,8fb65f24,128,32,5
levels/BO/BO_net.tex.xbx,726,b7f15020,128,128,1
levels/BO/BO_net.tex.xbx,727,7682e3b4,64,128,5
levels/BO/BO_net.tex.xbx,728,f23c6eac,32,32,1
levels/BO/BO_net.tex.xbx,729,c36dde48,64,16,1
levels/BO/BO_net.tex.xbx,730,d8de1614,16,32,1
levels/BO/BO_net.tex.xbx,731,aff8acc4,128,128,5
levels/BO/BO_net.tex.xbx,732,9ca48c18,64,64,5
levels/BO/BO_net.tex.xbx,733,e8c44648,128,128,5
levels/BO/BO_net.tex.xbx,734,ff804f00,64,64,1
levels/BO/BO_net.tex.xbx,735,384d4d54,128,128,5
levels/BO/BO_net.tex.xbx,736,c622c608,128,128,1
levels/BO/BO_net.tex.xbx,737,f607052c,128,32,5
levels/BO/BO_net.tex.xbx,738,f8e1e3c4,128,64,1
levels/BO/BO_net.tex.xbx,739,f03d97a8,128,128,1
levels/BO/BO_net.tex.xbx,740,9f022bb0,64,128,1
levels/BO/BO_net.tex.xbx,741,2fc7546c,64,128,1
levels/BO/BO_net.tex.xbx,742,fb3ca1d8,128,128,5
levels/BO/BO_net.tex.xbx,743,59e10e44,128,128,1
levels/BO/BO_net.tex.xbx,744,a413f298,32,32,1
levels/BO/BO_net.tex.xbx,745,329e46ac,64,128,5
levels/BO/BO_net.tex.xbx,746,5e2cb5a8,32,64,5
levels/BO/BO_net.tex.xbx,747,06f87ff0,128,128,1
levels/BO/BO_net.tex.xbx,748,db82c6b4,32,64,1
levels/BO/BO_net.tex.xbx,749,f22091f0,32,64,5
levels/BO/BO_net.tex.xbx,750,90ce28b8,32,32,1
levels/BO/BO_net.tex.xbx,751,d0d9115c,64,64,1
levels/BO/BO_net.tex.xbx,752,d1f1a694,128,128,1
levels/BO/BO_net.tex.xbx,753,3addc058,128,128,1
levels/BO/BO_net.tex.xbx,754,8a9424c0,64,64,5
levels/BO/BO_net.tex.xbx,755,d7aa5428,16,16,2
levels/BO/BO_net.tex.xbx,756,4634f57c,16,16,5
levels/BO/BO_net.tex.xbx,757,498b7c24,16,16,5
levels/BO/BO_net.tex.xbx,758,d2a5d404,16,16,5
levels/BO/BO_net.tex.xbx,759,961a4a5c,16,16,5
levels/BO/BO_net.tex.xbx,760,390e3204,16,16,5
levels/BO/BO_net.tex.xbx,761,5530c05c,16,16,5
levels/BO/BO_net.tex.xbx,762,c9a30648,16,16,5
levels/BO/BO_net.tex.xbx,763,cd9b9740,16,16,5
levels/BO/BO_net.tex.xbx,764,2cb88640,16,16,5
levels/BO/BO_net.tex.xbx,765,7086fb48,16,16,5
levels/BO/BO_net.tex.xbx,766,a1f9bb5c,16,16,5
levels/BO/BO_net.tex.xbx,767,fe463304,16,16,5
levels/BO/BO_net.tex.xbx,768,0b48cdd8,16,16,5
levels/BO/BO_net.tex.xbx,769,67f83fb0,16,16,5
levels/BO/BO_net.tex.xbx,770,890f2bd8,16,16,5
levels/BO/BO_net.tex.xbx,771,0cb0b5b0,16,16,5
levels/BO/BO_net.tex.xbx,772,f83e03f4,16,16,5
levels/BO/BO_net.tex.xbx,773,94818a6c,16,16,5
levels/BO/BO_net.tex.xbx,774,e1588f6c,16,16,5
levels/BO/BO_net.tex.xbx,775,bd6602f4,16,16,5
levels/BO/BO_net.tex.xbx,776,6bf3c6b0,16,16,5
levels/BO/BO_net.tex.xbx,777,2fcb36d8,16,16,5
levels/BO/BO_net.tex.xbx,778,ac8882b8,16,16,5
levels/BO/BO_net.tex.xbx,779,b0360f90,16,16,5
levels/BO/BO_net.tex.xbx,780,5ec284b8,16,16,5
levels/BO/BO_net.tex.xbx,781,3b7df990,16,16,5
levels/BO/BO_net.tex.xbx,782,eff34d14,16,16,5
levels/BO/BO_net.tex.xbx,783,b34cc48c,16,16,5
levels/BO/BO_net.tex.xbx,784,06d8bf8c,16,16,5
levels/BO/BO_net.tex.xbx,785,8a684e14,16,16,5
levels/BO/BO_net.tex.xbx,786,7bdde890,16,16,5
levels/BO/BO_net.tex.xbx,787,623fec00,128,32,5
levels/BO_Sky/BO_Sky.tex.xbx,0,31095520,128,128,1
levels/BO_Sky/BO_Sky.tex.xbx,1,f41637a0,128,128,1
levels/BO_Sky/BO_Sky.tex.xbx,2,430e1420,128,128,1
levels/BO_Sky/BO_Sky.tex.xbx,3,7e11f6a0,128,128,1
levels/BO_Sky/BO_Sky_net.tex.xbx,0,31095520,128,128,1
levels/BO_Sky/BO_Sky_net.tex.xbx,1,f41637a0,128,128,1
levels/BO_Sky/BO_Sky_net.tex.xbx,2,430e1420,128,128,1
levels/BO_Sky/BO_Sky_net.tex.xbx,3,7e11f6a0,128,128,1
levels/CA/ca.tex.xbx,0,91e200cc,64,16,1
levels/CA/ca.tex.xbx,1,7322328c,64,16,1
levels/CA/ca.tex.xbx,2,065de9fc,32,128,1
levels/CA/ca.tex.xbx,3,71b7fc10,64,16,1
levels/CA/ca.tex.xbx,4,28c4d700,128,128,1
levels/CA/ca.tex.xbx,5,feb5d280,64,64,1
levels/CA/ca.tex.xbx,6,01de8eec,8,32,1
levels/CA/ca.tex.xbx,7,646f0a1c,128,128,1
levels/CA/ca.tex.xbx,8,99c3c3c8,128,128,1
levels/CA/ca.tex.xbx,9,821b9d04,128,128,1
levels/CA/ca.tex.xbx,10,23e73ab8,64,128,1
levels/CA/ca.tex.xbx,11,015a2800,64,64,1
levels/CA/ca.tex.xbx,12,96b7a078,64,64,2
levels/CA/ca.tex.xbx,13,4bf040b4,64,64,1
levels/CA/ca.tex.xbx,14,45ca2594,64,64,1
levels/CA/ca.tex.xbx,15,2d99284c,64,64,1
levels/CA/ca.tex.xbx,16,a908ace0,64,64,1
levels/CA/ca.tex.xbx,17,49220940,64,64,1
levels/CA/ca.tex.xbx,18,d9933e5c,64,64,1
levels/CA/ca.tex.xbx,19,20c73d5c,64,64,1
levels/CA/ca.tex.xbx,20,bdacb004,64,64,1
levels/CA/ca.tex.xbx,21,77e465dc,64,64,1
levels/CA/ca.tex.xbx,22,93a3fa04,64,64,5
levels/CA/ca.tex.xbx,23,d89cb4b8,64,64,5
levels/CA/ca.tex.xbx,24,8b1f873c,128,128,1
levels/CA/ca.tex.xbx,25,f8c1e8c0,128,128,1
levels/CA/ca.tex.xbx,26,fa516f7c,128,128,1
levels/CA/ca.tex.xbx,27,74a6cfcc,64,64,1
levels/CA/ca.tex.xbx,28,c95e3da8,64,64,1
levels/CA/ca.tex.xbx,29,0e509214,128,128,1
levels/CA/ca.tex.xbx,30,2ef30c0c,32,128,1
levels/CA/ca.tex.xbx,31,d9aa7e90,64,32,1
levels/CA/ca.tex.xbx,32,e5ff42b8,64,32,1
levels/CA/ca.tex.xbx,33,679fa98c,64,32,1
levels/CA/ca.tex.xbx,34,b0a8b558,128,128,1
levels/CA/ca.tex.xbx,35,d1476a4c,128,128,1
levels/CA/ca.tex.xbx,36,8c3dc770,128,128,1
levels/CA/ca.tex.xbx,37,ac7c0d20,128,128,5
levels/CA/ca.tex.xbx,38,416c3f50,128,128,1
levels/CA/ca.tex.xbx,39,3c1b13ec,128,128,1
levels/CA/ca.tex.xbx,40,fa072d74,64,32,1
levels/CA/ca.tex.xbx,41,2e94d930,128,32,1
levels/CA/ca.tex.xbx,42,c0eee52c,128,128,1
levels/CA/ca.tex.xbx,43,6de9d340,128,128,1
levels/CA/ca.tex.xbx,44,dc515d34,128,128,1
levels/CA/ca.tex.xbx,45,527c9118,128,128,1
levels/CA/ca.tex.xbx,46,4663f430,64,64,1
levels/CA/ca.tex.xbx,47,a49856c4,64,64,5
levels/CA/ca.tex.xbx,48,6dfd6adc,64,64,1
levels/CA/ca.tex.xbx,49,036a95c4,128,128,1
levels/CA/ca.tex.xbx,50,d574fe8c,64,64,1
levels/CA/ca.tex.xbx,51,e1315838,128,128,5
levels/CA/ca.tex.xbx,52,3663a358,128,128,1
levels/CA/ca.tex.xbx,53,d0e84a18,128,128,1
levels/CA/ca.tex.xbx,54,0cc6b714,64,64,5
levels/CA/ca.tex.xbx,55,a6b04b00,32,64,5
levels/CA/ca.tex.xbx,56,5fe528b4,64,64,1
levels/CA/ca.tex.xbx,57,d63c9e2c,64,64,5
levels/CA/ca.tex.xbx,58,4b8f5808,64,64,5
levels/CA/ca.tex.xbx,59,e6239c38,128,32,1
levels/CA/ca.tex.xbx,60,37965a0c,128,64,1
levels/CA/ca.tex.xbx,61,a65a23c8,128,128,1
levels/CA/ca.tex.xbx,62,a99b2610,128,32,1
levels/CA/ca.tex.xbx,63,0f3ef710,128,32,1
levels/CA/ca.tex.xbx,64,867296bc,64,64,1
levels/CA/ca.tex.xbx,65,ce302c80,64,64,1
levels/CA/ca.tex.xbx,66,61291630,64,64,1
levels/CA/ca.tex.xbx,67,854a8760,64,64,1
levels/CA/ca.tex.xbx,68,dfccfb44,64,64,1
levels/CA/ca.tex.xbx,69,ce18cc54,128,64,5
levels/CA/ca.tex.xbx,70,2768e408,16,64,1
levels/CA/ca.tex.xbx,71,d2dba29c,32,32,5
levels/CA/ca.tex.xbx,72,349b08dc,64,64,1
levels/CA/ca.tex.xbx,73,a028c0c8,64,16,1
levels/CA/ca.tex.xbx,74,2200ffa4,64,64,1
levels/CA/ca.tex.xbx,75,d52904a4,64,64,1
levels/CA/ca.tex.xbx,76,b9806974,16,32,1
levels/CA/ca.tex.xbx,77,11fb0de4,64,64,5
levels/CA/ca.tex.xbx,78,95f6cad0,128,128,5
levels/CA/ca.tex.xbx,79,b0b4c7b0,64,64,5
levels/CA/ca.tex.xbx,80,3db77578,64,32,5
levels/CA/ca.tex.xbx,81,6b2a2d38,128,64,1
levels/CA/ca.tex.xbx,82,f3c271ac,64,64,1
levels/CA/ca.tex.xbx,83,a08fa188,16,64,1
levels/CA/ca.tex.xbx,84,2ea2f54c,16,64,1
levels/CA/ca.tex.xbx,85,4c04e81c,16,64,1
levels/CA/ca.tex.xbx,86,8702f04c,16,64,1
levels/CA/ca.tex.xbx,87,6c992f64,64,32,1
levels/CA/ca.tex.xbx,88,7634b6a8,128,64,1
levels/CA/ca.tex.xbx,89,40469984,128,32,1
levels/CA/ca.tex.xbx,90,ad47c1bc,64,64,1
levels/CA/ca.tex.xbx,91,25f8c3fc,128,128,5
levels/CA/ca.tex.xbx,92,d5cf455c,128,32,1
levels/CA/ca.tex.xbx,93,e607ab6c,64,64,1
levels/CA/ca.tex.xbx,94,64542c80,128,128,1
levels/CA/ca.tex.xbx,95,32ccea90,64,64,2
levels/CA/ca.tex.xbx,96,f8b36158,64,64,1
levels/CA/ca.tex.xbx,97,0c5a2228,64,64,2
levels/CA/ca.tex.xbx,98,51729c58,64,64,1
levels/CA/ca.tex.xbx,99,638b6978,64,64,1
levels/CA/ca.tex.xbx,100,3fb3f4d0,64,64,1
levels/CA/ca.tex.xbx,101,34f03e90,32,32,2
levels/CA/ca.tex.xbx,102,f5eefd58,128,128,1
levels/CA/ca.tex.xbx,103,6057cfb0,128,128,2
levels/CA/ca.tex.xbx,104,7ebeef60,32,32,1
levels/CA/ca.tex.xbx,105,371b2a60,64,64,1
levels/CA/ca.tex.xbx,106,39a9813c,64,64,1
levels/CA/ca.tex.xbx,107,fe6541b4,128,128,1
levels/CA/ca.tex.xbx,108,edb7c4b8,64,128,1
levels/CA/ca.tex.xbx,109,6bd69688,128,128,1
levels/CA/ca.tex.xbx,110,e5007974,64,64,1
levels/CA/ca.tex.xbx,111,20a38a74,64,64,1
levels/CA/ca.tex.xbx,112,8d1ed8c0,128,128,5
levels/CA/ca.tex.xbx,113,0e701f14,64,64,1
levels/CA/ca.tex.xbx,114,1a0062e8,128,64,1
levels/CA/ca.tex.xbx,115,aa1655bc,64,64,1
levels/CA/ca.tex.xbx,116,bcc0939c,64,64,1
levels/CA/ca.tex.xbx,117,a83a7988,64,64,1
levels/CA/ca.tex.xbx,118,9e162f18,128,64,1
levels/CA/ca.tex.xbx,119,89454554,64,64,1
levels/CA/ca.tex.xbx,120,ae51bc24,128,64,1
levels/CA/ca.tex.xbx,121,4400fb9c,64,64,1
levels/CA/ca.tex.xbx,122,ce4d2cf8,128,128,5
levels/CA/ca.tex.xbx,123,fee3ea80,128,128,5
levels/CA/ca.tex.xbx,124,27a5ad2c,16,32,1
levels/CA/ca.tex.xbx,125,d3305918,128,64,1
levels/CA/ca.tex.xbx,126,0d6820a4,128,128,1
levels/CA/ca.tex.xbx,127,3227b554,64,64,1
levels/CA/ca.tex.xbx,128,1d9025d0,128,128,1
levels/CA/ca.tex.xbx,129,cf05e3d4,128,128,1
levels/CA/ca.tex.xbx,130,169b43bc,128,64,1
levels/CA/ca.tex.xbx,131,86960c60,128,32,1
levels/CA/ca.tex.xbx,132,e5fc3f64,32,32,1
levels/CA/ca.tex.xbx,133,6ed5c110,16,64,5
levels/CA/ca.tex.xbx,134,57989970,16,32,1
levels/CA/ca.tex.xbx,135,318d7b74,128,128,1
levels/CA/ca.tex.xbx,136,e4805c68,64,64,1
levels/CA/ca.tex.xbx,137,a302bb30,32,128,1
levels/CA/ca.tex.xbx,138,bc8bc168,32,16,1
levels/CA/ca.tex.xbx,139,ef44bd74,64,64,1
levels/CA/ca.tex.xbx,140,3acf0930,64,64,1
levels/CA/ca.tex.xbx,141,7b30bea0,128,128,1
levels/CA/ca.tex.xbx,142,46b887fc,128,128,1
levels/CA/ca.tex.xbx,143,b3fa34ec,64,64,1
levels/CA/ca.tex.xbx,144,1f0e33a8,128,128,1
levels/CA/ca.tex.xbx,145,83b4d888,128,128,1
levels/CA/ca.tex.xbx,146,f39b92fc,128,128,1
levels/CA/ca.tex.xbx,147,bbf9bfa0,128,128,1
levels/CA/ca.tex.xbx,148,bea7ca50,16,64,1
levels/CA/ca.tex.xbx,149,6a1d7c54,8,64,1
levels/CA/ca.tex.xbx,150,3b84757c,32,32,5
levels/CA/ca.tex.xbx,151,1abcd95c,128,128,5
levels/CA/ca.tex.xbx,152,57036904,128,128,5
levels/CA/ca.tex.xbx,153,d1dc51e4,64,64,1
levels/CA/ca.tex.xbx,154,cc9e8aa0,64,64,5
levels/CA/ca.tex.xbx,155,64bd6f28,64,64,1
levels/CA/ca.tex.xbx,156,f1d83404,128,128,5
levels/CA/ca.tex.xbx,157,6de8aa5c,128,128,5
levels/CA/ca.tex.xbx,158,7f735c48,128,128,5
levels/CA/ca.tex.xbx,159,a191cd40,128,128,1
levels/CA/ca.tex.xbx,160,bb906708,128,128,5
levels/CA/ca.tex.xbx,161,aab8d500,64,64,1
levels/CA/ca.tex.xbx,162,efe46fdc,32,32,5
levels/CA/ca.tex.xbx,163,05381798,64,64,1
levels/CA/ca.tex.xbx,164,e94b8938,128,32,5
levels/CA/ca.tex.xbx,165,862063cc,128,64,5
levels/CA/ca.tex.xbx,166,de7a331c,128,64,5
levels/CA/ca.tex.xbx,167,55493534,128,128,5
levels/CA/ca.tex.xbx,168,a550c410,32,128,1
levels/CA/ca.tex.xbx,169,2d7b8c0c,64,32,5
levels/CA/ca.tex.xbx,170,30c30594,64,64,5
levels/CA/ca.tex.xbx,171,538a2298,64,64,1
levels/CA/ca.tex.xbx,172,30ac48c4,128,128,5
levels/CA/ca.tex.xbx,173,be23a540,128,32,5
levels/CA/ca.tex.xbx,174,a8579150,16,16,5
levels/CA/ca.tex.xbx,175,4856f494,128,64,1
levels/CA/ca.tex.xbx,176,092b48c0,128,64,1
levels/CA/ca.tex.xbx,177,f338d3c4,128,128,5
levels/CA/ca.tex.xbx,178,74666c98,128,128,1
levels/CA/ca.tex.xbx,179,b5b76690,128,128,1
levels/CA/ca.tex.xbx,180,a1c51f58,64,64,5
levels/CA/ca.tex.xbx,181,6fc6dc18,32,32,1
levels/CA/ca.tex.xbx,182,37b5aed0,64,128,1
levels/CA/ca.tex.xbx,183,d313053c,32,32,1
levels/CA/ca.tex.xbx,184,5f1de600,128,32,1
levels/CA/ca.tex.xbx,185,eacafae8,128,128,5
levels/CA/ca.tex.xbx,186,442d2014,128,64,5
levels/CA/ca.tex.xbx,187,281b2b44,128,128,1
levels/CA/ca.tex.xbx,188,a7c282c8,128,64,1
levels/CA/ca.tex.xbx,189,8733b3fc,128,64,5
levels/CA/ca.tex.xbx,190,1eab2580,64,128,5
levels/CA/ca.tex.xbx,191,165b2774,128,64,1
levels/CA/ca.tex.xbx,192,7a139c08,128,128,5
levels/CA/ca.tex.xbx,193,db3c5d4c,64,64,1
levels/CA/ca.tex.xbx,194,8791d4cc,32,32,1
levels/CA/ca.tex.xbx,195,ba4a1d48,64,64,1
levels/CA/ca.tex.xbx,196,5d960c64,128,64,1
levels/CA/ca.tex.xbx,197,157ecacc,64,64,1
levels/CA/ca.tex.xbx,198,2e40edd4,128,128,5
levels/CA/ca.tex.xbx,199,3f45f758,64,64,1
levels/CA/ca.tex.xbx,200,e4f1cc08,128,128,1
levels/CA/ca.tex.xbx,201,cf12c324,128,128,1
levels/CA/ca.tex.xbx,202,cebade84,128,128,5
levels/CA/ca.tex.xbx,203,bde1efe4,128,128,2
levels/CA/ca.tex.xbx,204,c6329d48,128,128,5
levels/CA/ca.tex.xbx,205,77fce0b4,128,128,1
levels/CA/ca.tex.xbx,206,0e215e84,32,32,1
levels/CA/ca.tex.xbx,207,f1439e08,128,128,1
levels/CA/ca_net.tex.xbx,0,91e200cc,64,16,1
levels/CA/ca_net.tex.xbx,1,7322328c,64,16,1
levels/CA/ca_net.tex.xbx,2,065de9fc,32,128,1
levels/CA/ca_net.tex.xbx,3,71b7fc10,64,16,1
levels/CA/ca_net.tex.xbx,4,28c4d700,128,128,1
levels/CA/ca_net.tex.xbx,5,feb5d280,64,64,1
levels/CA/ca_net.tex.xbx,6,01de8eec,8,32,1
levels/CA/ca_net.tex.xbx,7,646f0a1c,128,128,1
levels/CA/ca_net.tex.xbx,8,99c3c3c8,128,128,1
levels/CA/ca_net.tex.xbx,9,821b9d04,128,128,1
levels/CA/ca_net.tex.xbx,10,23e73ab8,64,128,1
levels/CA/ca_net.tex.xbx,11,015a2800,64,64,1
levels/CA/ca_net.tex.xbx,12,96b7a078,64,64,2
levels/CA/ca_net.tex.xbx,13,4bf040b4,64,64,1
levels/CA/ca_net.tex.xbx,14,45ca2594,64,64,1
levels/CA/ca_net.tex.xbx,15,2d99284c,64,64,1
levels/CA/ca_net.tex.xbx,16,a908ace0,64,64,1
levels/CA/ca_net.tex.xbx,17,49220940,64,64,1
levels/CA/ca_net.tex.xbx,18,d9933e5c,64,64,1
levels/CA/ca_net.tex.xbx,19,20c73d5c,64,64,1
levels/CA/ca_net.tex.xbx,20,bdacb004,64,64,1
levels/CA/ca_net.tex.xbx,21,77e465dc,64,64,1
levels/CA/ca_net.tex.xbx,22,93a3fa04,64,64,5
levels/CA/ca_net.tex.xbx,23,d89cb4b8,64,64,5
levels/CA/ca_net.tex.xbx,24,8b1f873c,128,128,1
levels/CA/ca_net.tex.xbx,25,f8c1e8c0,128,128,1
levels/CA/ca_net.tex.xbx,26,fa516f7c,128,128,1
levels/CA/ca_net.tex.xbx,27,74a6cfcc,64,64,1
levels/CA/ca_net.tex.xbx,28,c95e3da8,64,64,1
levels/CA/ca_net.tex.xbx,29,0e509214,128,128,1
levels/CA/ca_net.tex.xbx,30,2ef30c0c,32,128,1
levels/CA/ca_net.tex.xbx,31,d9aa7e90,64,32,1
levels/CA/ca_net.tex.xbx,32,e5ff42b8,64,32,1
levels/CA/ca_net.tex.xbx,33,679fa98c,64,32,1
levels/CA/ca_net.tex.xbx,34,b0a8b558,128,128,1
levels/CA/ca_net.tex.xbx,35,d1476a4c,128,128,1
levels/CA/ca_net.tex.xbx,36,8c3dc770,128,128,1
levels/CA/ca_net.tex.xbx,37,ac7c0d20,128,128,5
levels/CA/ca_net.tex.xbx,38,416c3f50,128,128,1
levels/CA/ca_net.tex.xbx,39,3c1b13ec,128,128,1
levels/CA/ca_net.tex.xbx,40,fa072d74,64,32,1
levels/CA/ca_net.tex.xbx,41,2e94d930,128,32,1
levels/CA/ca_net.tex.xbx,42,c0eee52c,128,128,1
levels/CA/ca_net.tex.xbx,43,6de9d340,128,128,1
levels/CA/ca_net.tex.xbx,44,dc515d34,128,128,1
levels/CA/ca_net.tex.xbx,45,527c9118,128,128,1
levels/CA/ca_net.tex.xbx,46,4663f430,64,64,1
levels/CA/ca_net.tex.xbx,47,a49856c4,64,64,5
levels/CA/ca_net.tex.xbx,48,6dfd6adc,64,64,1
levels/CA/ca_net.tex.xbx,49,036a95c4,128,128,1
levels/CA/ca_net.tex.xbx,50,d574fe8c,64,64,1
levels/CA/ca_net.tex.xbx,51,e1315838,128,128,5
levels/CA/ca_net.tex.xbx,52,3663a358,128,128,1
levels/CA/ca_net.tex.xbx,53,d0e84a18,128,128,1
levels/CA/ca_net.tex.xbx,54,0cc6b714,64,64,5
levels/CA/ca_net.tex.xbx,55,a6b04b00,32,64,5
levels/CA/ca_net.tex.xbx,56,5fe528b4,64,64,1
levels/CA/ca_net.tex.xbx,57,d63c9e2c,64,64,5
levels/CA/ca_net.tex.xbx,58,4b8f5808,64,64,5
levels/CA/ca_net.tex.xbx,59,e6239c38,128,32,1
levels/CA/ca_net.tex.xbx,60,37965a0c,128,64,1
levels/CA/ca_net.tex.xbx,61,a65a23c8,128,128,1
levels/CA/ca_net.tex.xbx,62,a99b2610,128,32,1
levels/CA/ca_net.tex.xbx,63,0f3ef710,128,32,1
levels/CA/ca_net.tex.xbx,64,867296bc,64,64,1
levels/CA/ca_net.tex.xbx,65,ce302c80,64,64,1
levels/CA/ca_net.tex.xbx,66,61291630,64,64,1
levels/CA/ca_net.tex.xbx,67,854a8760,64,64,1
levels/CA/ca_net.tex.xbx,68,dfccfb44,64,64,1
levels/CA/ca_net.tex.xbx,69,ce18cc54,128,64,5
levels/CA/ca_net.tex.xbx,70,2768e408,16,64,1
levels/CA/ca_net.tex.xbx,71,d2dba29c,32,32,5
levels/CA/ca_net.tex.xbx,72,349b08dc,64,64,1
levels/CA/ca_net.tex.xbx,73,a028c0c8,64,16,1
levels/CA/ca_net.tex.xbx,74,2200ffa4,64,64,1
levels/CA/ca_net.tex.xbx,75,d52904a4,64,64,1
levels/CA/ca_net.tex.xbx,76,b9806974,16,32,1
levels/CA/ca_net.tex.xbx,77,11fb0de4,64,64,5
levels/CA/ca_net.tex.xbx,78,95f6cad0,128,128,5
levels/CA/ca_net.tex.xbx,79,b0b4c7b0,64,64,5
levels/CA/ca_net.tex.xbx,80,3db77578,64,32,5
levels/CA/ca_net.tex.xbx,81,6b2a2d38,128,64,1
levels/CA/ca_net.tex.xbx,82,f3c271ac,64,64,1
levels/CA/ca_net.tex.xbx,83,a08fa188,16,64,1
levels/CA/ca_net.tex.xbx,84,2ea2f54c,16,64,1
levels/CA/ca_net.tex.xbx,85,4c04e81c,16,64,1
levels/CA/ca_net.tex.xbx,86,8702f04c,16,64,1
levels/CA/ca_net.tex.xbx,87,6c992f64,64,32,1
levels/CA/ca_net.tex.xbx,88,7634b6a8,128,64,1
levels/CA/ca_net.tex.xbx,89,40469984,128,32,1
levels/CA/ca_net.tex.xbx,90,ad47c1bc,64,64,1
levels/CA/ca_net.tex.xbx,91,25f8c3fc,128,128,5
levels/CA/ca_net.tex.xbx,92,d5cf455c,128,32,1
levels/CA/ca_net.tex.xbx,93,e607ab6c,64,64,1
levels/CA/ca_net.tex.xbx,94,64542c80,128,128,1
levels/CA/ca_net.tex.xbx,95,32ccea90,64,64,2
levels/CA/ca_net.tex.xbx,96,f8b36158,64,64,1
levels/CA/ca_net.tex.xbx,97,0c5a2228,64,64,2
levels/CA/ca_net.tex.xbx,98,51729c58,64,64,1
levels/CA/ca_net.tex.xbx,99,638b6978,64,64,1
levels/CA/ca_net.tex.xbx,100,3fb3f4d0,64,64,1
levels/CA/ca_net.tex.xbx,101,34f03e90,32,32,2
levels/CA/ca_net.tex.xbx,102,f5eefd58,128,128,1
levels/CA/ca_net.tex.xbx,103,6057cfb0,128,128,2
levels/CA/ca_net.tex.xbx,104,7ebeef60,32,32,1
levels/CA/ca_net.tex.xbx,105,371b2a60,64,64,1
levels/CA/ca_net.tex.xbx,106,39a9813c,64,64,1
levels/CA/ca_net.tex.xbx,107,fe6541b4,128,128,1
levels/CA/ca_net.tex.xbx,108,edb7c4b8,64,128,1
levels/CA/ca_net.tex.xbx,109,6bd69688,128,128,1
levels/CA/ca_net.tex.xbx,110,e5007974,64,64,1
levels/CA/ca_net.tex.xbx,111,20a38a74,64,64,1
levels/CA/ca_net.tex.xbx,112,8d1ed8c0,128,128,5
levels/CA/ca_net.tex.xbx,113,0e701f14,64,64,1
levels/CA/ca_net.tex.xbx,114,1a0062e8,128,64,1
levels/CA/ca_net.tex.xbx,115,aa1655bc,64,64,1
levels/CA/ca_net.tex.xbx,116,bcc0939c,64,64,1
levels/CA/ca_net.tex.xbx,117,a83a7988,64,64,1
levels/CA/ca_net.tex.xbx,118,9e162f18,128,64,1
levels/CA/ca_net.tex.xbx,119,89454554,64,64,1
levels/CA/ca_net.tex.xbx,120,ae51bc24,128,64,1
levels/CA/ca_net.tex.xbx,121,4400fb9c,64,64,1
levels/CA/ca_net.tex.xbx,122,ce4d2cf8,128,128,5
levels/CA/ca_net.tex.xbx,123,fee3ea80,128,128,5
levels/CA/ca_net.tex.xbx,124,27a5ad2c,16,32,1
levels/CA/ca_net.tex.xbx,125,d3305918,128,64,1
levels/CA/ca_net.tex.xbx,126,0d6820a4,128,128,1
levels/CA/ca_net.tex.xbx,127,3227b554,64,64,1
levels/CA/ca_net.tex.xbx,128,1d9025d0,128,128,1
levels/CA/ca_net.tex.xbx,129,cf05e3d4,128,128,1
levels/CA/ca_net.tex.xbx,130,169b43bc,128,64,1
levels/CA/ca_net.tex.xbx,131,86960c60,128,32,1
levels/CA/ca_net.tex.xbx,132,e5fc3f64,32,32,1
levels/CA/ca_net.tex.xbx,133,6ed5c110,16,64,5
levels/CA/ca_net.tex.xbx,134,57989970,16,32,1
levels/CA/ca_net.tex.xbx,135,318d7b74,128,128,1
levels/CA/ca_net.tex.xbx,136,e4805c68,64,64,1
levels/CA/ca_net.tex.xbx,137,a302bb30,32,128,1
levels/CA/ca_net.tex.xbx,138,bc8bc168,32,16,1
levels/CA/ca_net.tex.xbx,139,ef44bd74,64,64,1
levels/CA/ca_net.tex.xbx,140,3acf0930,64,64,1
levels/CA/ca_net.tex.xbx,141,7b30bea0,128,128,1
levels/CA/ca_net.tex.xbx,142,46b887fc,128,128,1
levels/CA/ca_net.tex.xbx,143,b3fa34ec,64,64,1
levels/CA/ca_net.tex.xbx,144,1f0e33a8,128,128,1
levels/CA/ca_net.tex.xbx,145,83b4d888,128,128,1
levels/CA/ca_net.tex.xbx,146,f39b92fc,128,128,1
levels/CA/ca_net.tex.xbx,147,bbf9bfa0,128,128,1
levels/CA/ca_net.tex.xbx,148,bea7ca50,16,64,1
levels/CA/ca_net.tex.xbx,149,6a1d7c54,8,64,1
levels/CA/ca_net.tex.xbx,150,3b84757c,32,32,5
levels/CA/ca_net.tex.xbx,151,1abcd95c,128,128,5
levels/CA/ca_net.tex.xbx,152,57036904,128,128,5
levels/CA/ca_net.tex.xbx,153,d1dc51e4,64,64,1
levels/CA/ca_net.tex.xbx,154,cc9e8aa0,64,64,5
levels/CA/ca_net.tex.xbx,155,64bd6f28,64,64,1
levels/CA/ca_net.tex.xbx,156,f1d83404,128,128,5
levels/CA/ca_net.tex.xbx,157,6de8aa5c,128,128,5
levels/CA/ca_net.tex.xbx,158,7f735c48,128,128,5
levels/CA/ca_net.tex.xbx,159,a191cd40,128,128,1
levels/CA/ca_net.tex.xbx,160,bb906708,128,128,5
levels/CA/ca_net.tex.xbx,161,aab8d500,64,64,1
levels/CA/ca_net.tex.xbx,162,efe46fdc,32,32,5
levels/CA/ca_net.tex.xbx,163,05381798,64,64,1
levels/CA/ca_net.tex.xbx,164,e94b8938,128,32,5
levels/CA/ca_net.tex.xbx,165,862063cc,128,64,5
levels/CA/ca_net.tex.xbx,166,de7a331c,128,64,5
levels/CA/ca_net.tex.xbx,167,55493534,128,128,5
levels/CA/ca_net.tex.xbx,168,a550c410,32,128,1
levels/CA/ca_net.tex.xbx,169,2d7b8c0c,64,32,5
levels/CA/ca_net.tex.xbx,170,30c30594,64,64,5
levels/CA/ca_net.tex.xbx,171,538a2298,64,64,1
levels/CA/ca_net.tex.xbx,172,30ac48c4,128,128,5
levels/CA/ca_net.tex.xbx,173,be23a540,128,32,5
levels/CA/ca_net.tex.xbx,174,a8579150,16,16,5
levels/CA/ca_net.tex.xbx,175,4856f494,128,64,1
levels/CA/ca_net.tex.xbx,176,092b48c0,128,64,1
levels/CA/ca_net.tex.xbx,177,f338d3c4,128,128,5
levels/CA/ca_net.tex.xbx,178,74666c98,128,128,1
levels/CA/ca_net.tex.xbx,179,b5b76690,128,128,1
levels/CA/ca_net.tex.xbx,180,a1c51f58,64,64,5
levels/CA/ca_net.tex.xbx,181,6fc6dc18,32,32,1
levels/CA/ca_net.tex.xbx,182,37b5aed0,64,128,1
levels/CA/ca_net.tex.xbx,183,d313053c,32,32,1
levels/CA/ca_net.tex.xbx,184,5f1de600,128,32,1
levels/CA/ca_net.tex.xbx,185,eacafae8,128,128,5
levels/CA/ca_net.tex.xbx,186,442d2014,128,64,5
levels/CA/ca_net.tex.xbx,187,281b2b44,128,128,1
levels/CA/ca_net.tex.xbx,188,a7c282c8,128,64,1
levels/CA/ca_net.tex.xbx,189,8733b3fc,128,64,5
levels/CA/ca_net.tex.xbx,190,1eab2580,64,128,5
levels/CA/ca_net.tex.xbx,191,165b2774,128,64,1
levels/CA/ca_net.tex.xbx,192,7a139c08,128,128,5
levels/CA/ca_net.tex.xbx,193,db3c5d4c,64,64,1
levels/CA/ca_net.tex.xbx,194,8791d4cc,32,32,1
levels/CA/ca_net.tex.xbx,195,ba4a1d48,64,64,1
levels/CA/ca_net.tex.xbx,196,5d960c64,128,64,1
levels/CA/ca_net.tex.xbx,197,157ecacc,64,64,1
levels/CA/ca_net.tex.xbx,198,2e40edd4,128,128,5
levels/CA/ca_net.tex.xbx,199,3f45f758,64,64,1
levels/CA/ca_net.tex.xbx,200,e4f1cc08,128,128,1
levels/CA/ca_net.tex.xbx,201,cf12c324,128,128,1
levels/CA/ca_net.tex.xbx,202,cebade84,128,128,5
levels/CA/ca_net.tex.xbx,203,bde1efe4,128,128,2
levels/CA/ca_net.tex.xbx,204,c6329d48,128,128,5
levels/CA/ca_net.tex.xbx,205,77fce0b4,128,128,1
levels/CA/ca_net.tex.xbx,206,0e215e84,32,32,1
levels/CA/ca_net.tex.xbx,207,f1439e08,128,128,1
levels/CA_Sky/CA_Sky.tex.xbx,0,31095520,128,128,1
levels/CA_Sky/CA_Sky.tex.xbx,1,f41637a0,128,128,1
levels/CA_Sky/CA_Sky.tex.xbx,2,430e1420,128,128,1
levels/CA_Sky/CA_Sky.tex.xbx,3,7e11f6a0,128,128,1
levels/CA_Sky/CA_Sky_net.tex.xbx,0,31095520,128,128,1
levels/CA_Sky/CA_Sky_net.tex.xbx,1,f41637a0,128,128,1
levels/CA_Sky/CA_Sky_net.tex.xbx,2,430e1420,128,128,1
levels/CA_Sky/CA_Sky_net.tex.xbx,3,7e11f6a0,128,128,1
levels/DJ/DJ.tex.xbx,0,d7aa36e4,128,64,5
levels/DJ/DJ.tex.xbx,1,a6483604,128,64,5
levels/DJ/DJ.tex.xbx,2,4e1ae824,128,128,5
levels/DJ/DJ.tex.xbx,3,512f6348,128,64,1
levels/DJ/DJ.tex.xbx,4,ec9af5d8,128,128,1
levels/DJ/DJ.tex.xbx,5,702467b0,128,128,1
levels/DJ/DJ.tex.xbx,6,7c420660,128,128,1
levels/DJ/DJ.tex.xbx,7,78428efc,128,128,1
levels/DJ/DJ.tex.xbx,8,8f3ec834,64,128,1
levels/DJ/DJ.tex.xbx,9,5d75ad1c,128,128,1
levels/DJ/DJ.tex.xbx,10,0d3db1cc,128,128,1
levels/DJ/DJ.tex.xbx,11,a5ab848c,64,32,1
levels/DJ/DJ.tex.xbx,12,82e4fa88,128,128,1
levels/DJ/DJ.tex.xbx,13,0a502f44,128,128,1
levels/DJ/DJ.tex.xbx,14,2b603e44,128,128,1
levels/DJ/DJ.tex.xbx,15,444c5700,128,128,1
levels/DJ/DJ.tex.xbx,16,379f78f8,128,128,1
levels/DJ/DJ.tex.xbx,17,42a41bd4,128,128,1
levels/DJ/DJ.tex.xbx,18,eadcacec,128,128,1
levels/DJ/DJ.tex.xbx,19,d489fa50,128,128,1
levels/DJ/DJ.tex.xbx,20,e1679b88,128,128,1
levels/DJ/DJ.tex.xbx,21,5ab7f118,128,128,1
levels/DJ/DJ.tex.xbx,22,1c520c58,128,128,5
levels/DJ/DJ.tex.xbx,23,97d3e2a8,64,32,1
levels/DJ/DJ.tex.xbx,24,7d74ffe4,16,16,5
levels/DJ/DJ.tex.xbx,25,85d82200,128,128,1
levels/DJ/DJ.tex.xbx,26,51626444,128,128,1
levels/DJ/DJ.tex.xbx,27,4016c0cc,128,128,1
levels/DJ/DJ.tex.xbx,28,78dfda38,128,128,1
levels/DJ/DJ.tex.xbx,29,c6cbec64,128,128,1
levels/DJ/DJ.tex.xbx,30,36671568,128,128,1
levels/DJ/DJ.tex.xbx,31,0cdcee1c,128,128,1
levels/DJ/DJ.tex.xbx,32,ba7d2f1c,128,128,1
levels/DJ/DJ.tex.xbx,33,d8ee3090,128,128,1
levels/DJ/DJ.tex.xbx,34,6d2fead4,128,128,1
levels/DJ/DJ.tex.xbx,35,64ec5668,128,128,5
levels/DJ/DJ.tex.xbx,36,5ba950d4,128,64,1
levels/DJ/DJ.tex.xbx,37,9c71e9bc,128,128,1
levels/DJ/DJ.tex.xbx,38,b6b582f8,128,128,1
levels/DJ/DJ.tex.xbx,39,5d576b28,32,128,5
levels/DJ/DJ.tex.xbx,40,b5c19f44,128,128,1
levels/DJ/DJ.tex.xbx,41,020fb164,128,128,1
levels/DJ/DJ.tex.xbx,42,26c88564,32,32,1
levels/DJ/DJ.tex.xbx,43,92e13188,128,128,1
levels/DJ/DJ.tex.xbx,44,78d1593c,128,128,1
levels/DJ/DJ.tex.xbx,45,3276d2dc,128,128,1
levels/DJ/DJ.tex.xbx,46,3d290d88,128,128,5
levels/DJ/DJ.tex.xbx,47,9ce50480,64,64,1
levels/DJ/DJ.tex.xbx,48,704455c8,64,64,2
levels/DJ/DJ.tex.xbx,49,667890a8,16,16,1
levels/DJ/DJ.tex.xbx,50,58c7c260,128,128,1
levels/DJ/DJ.tex.xbx,51,1eda8700,256,64,1
levels/DJ/DJ.tex.xbx,52,5726436c,64,64,2
levels/DJ/DJ.tex.xbx,53,4b4f8e78,128,128,1
levels/DJ/DJ.tex.xbx,54,9ae2f054,64,128,5
levels/DJ/DJ.tex.xbx,55,53b59480,128,128,1
levels/DJ/DJ.tex.xbx,56,68bfedd0,128,128,5
levels/DJ/DJ.tex.xbx,57,dec05b6c,128,128,1
levels/DJ/DJ.tex.xbx,58,5ca8c54c,128,128,1
levels/DJ/DJ.tex.xbx,59,d1a48578,128,64,5
levels/DJ/DJ.tex.xbx,60,8e6fbf1c,128,64,5
levels/DJ/DJ.tex.xbx,61,ab843444,128,128,1
levels/DJ/DJ.tex.xbx,62,4f428eac,128,128,1
levels/DJ/DJ.tex.xbx,63,cd1bf8d0,128,64,1
levels/DJ/DJ.tex.xbx,64,fa1c7960,64,128,5
levels/DJ/DJ.tex.xbx,65,e88ecce4,64,128,2
levels/DJ/DJ.tex.xbx,66,84b144bc,64,64,5
levels/DJ/DJ.tex.xbx,67,47314988,64,32,1
levels/DJ/DJ.tex.xbx,68,df71c2f0,128,128,5
levels/DJ/DJ.tex.xbx,69,c3cd3a98,128,64,1
levels/DJ/DJ.tex.xbx,70,e73abe1c,128,64,1
levels/DJ/DJ.tex.xbx,71,768d2998,128,64,1
levels/DJ/DJ.tex.xbx,72,a8178fac,128,128,1
levels/DJ/DJ.tex.xbx,73,24017478,128,64,5
levels/DJ/DJ.tex.xbx,74,59f99200,64,64,1
levels/DJ/DJ.tex.xbx,75,b8ef0188,128,128,1
levels/DJ/DJ.tex.xbx,76,26fb2b18,128,128,1
levels/DJ/DJ.tex.xbx,77,4344b670,128,128,1
levels/DJ/DJ.tex.xbx,78,35c50b88,64,64,1
levels/DJ/DJ.tex.xbx,79,4afc03b4,128,128,5
levels/DJ/DJ.tex.xbx,80,ce9d42cc,128,128,1
levels/DJ/DJ.tex.xbx,81,3fbaa6fc,128,128,1
levels/DJ/DJ.tex.xbx,82,fb0989fc,128,128,1
levels/DJ/DJ.tex.xbx,83,02ad66dc,32,32,5
levels/DJ/DJ.tex.xbx,84,b9180d4c,128,128,1
levels/DJ/DJ.tex.xbx,85,d3b4b530,128,128,1
levels/DJ/DJ.tex.xbx,86,3f275174,64,128,1
levels/DJ/DJ.tex.xbx,87,818e0e6c,128,128,1
levels/DJ/DJ.tex.xbx,88,fcad360c,64,64,1
levels/DJ/DJ.tex.xbx,89,228e37d0,64,64,1
levels/DJ/DJ.tex.xbx,90,9d324bd4,128,64,5
levels/DJ/DJ.tex.xbx,91,1ab2b7f0,128,128,1
levels/DJ/DJ.tex.xbx,92,b4517000,128,128,1
levels/DJ/DJ.tex.xbx,93,b95ef03c,128,64,5
levels/DJ/DJ.tex.xbx,94,dde18164,128,128,5
levels/DJ/DJ.tex.xbx,95,00f6f13c,128,64,1
levels/DJ/DJ.tex.xbx,96,12694568,128,64,1
levels/DJ/DJ.tex.xbx,97,8dd7bce0,128,64,5
levels/DJ/DJ.tex.xbx,98,5f3faf68,64,128,1
levels/DJ/DJ.tex.xbx,99,7d607c58,128,128,5
levels/DJ/DJ.tex.xbx,100,e0e0f130,128,128,5
levels/DJ/DJ.tex.xbx,101,3d4bc25c,64,64,5
levels/DJ/DJ.tex.xbx,102,59931610,128,128,1
levels/DJ/DJ.tex.xbx,103,355a82a0,128,128,1
levels/DJ/DJ.tex.xbx,104,03803ee0,256,64,5
levels/DJ/DJ.tex.xbx,105,f56b4574,64,128,1
levels/DJ/DJ.tex.xbx,106,92a1bad4,128,64,1
levels/DJ/DJ.tex.xbx,107,ec27feb4,128,64,1
levels/DJ/DJ.tex.xbx,108,83cc8170,128,128,1
levels/DJ/DJ.tex.xbx,109,dff05f58,128,128,1
levels/DJ/DJ_net.tex.xbx,0,d7aa36e4,128,64,5
levels/DJ/DJ_net.tex.xbx,1,a6483604,128,64,5
levels/DJ/DJ_net.tex.xbx,2,4e1ae824,128,128,5
levels/DJ/DJ_net.tex.xbx,3,512f6348,128,64,1
levels/DJ/DJ_net.tex.xbx,4,ec9af5d8,128,128,1
levels/DJ/DJ_net.tex.xbx,5,702467b0,128,128,1
levels/DJ/DJ_net.tex.xbx,6,7c420660,128,128,1
levels/DJ/DJ_net.tex.xbx,7,78428efc,128,128,1
levels/DJ/DJ_net.tex.xbx,8,8f3ec834,64,128,1
levels/DJ/DJ_net.tex.xbx,9,5d75ad1c,128,128,1
levels/DJ/DJ_net.tex.xbx,10,0d3db1cc,128,128,1
levels/DJ/DJ_net.tex.xbx,11,a5ab848c,64,32,1
levels/DJ/DJ_net.tex.xbx,12,82e4fa88,128,128,1
levels/DJ/DJ_net.tex.xbx,13,0a502f44,128,128,1
levels/DJ/DJ_net.tex.xbx,14,2b603e44,128,128,1
levels/DJ/DJ_net.tex.xbx,15,444c5700,128,128,1
levels/DJ/DJ_net.tex.xbx,16,379f78f8,128,128,1
levels/DJ/DJ_net.tex.xbx,17,42a41bd4,128,128,1
levels/DJ/DJ_net.tex.xbx,18,eadcacec,128,128,1
levels/DJ/DJ_net.tex.xbx,19,d489fa50,128,128,1
levels/DJ/DJ_net.tex.xbx,20,e1679b88,128,128,1
levels/DJ/DJ_net.tex.xbx,21,5ab7f118,128,128,1
levels/DJ/DJ_net.tex.xbx,22,1c520c58,128,128,5
levels/DJ/DJ_net.tex.xbx,23,97d3e2a8,64,32,1
levels/DJ/DJ_net.tex.xbx,24,7d74ffe4,16,16,5
levels/DJ/DJ_net.tex.xbx,25,85d82200,128,128,1
levels/DJ/DJ_net.tex.xbx,26,51626444,128,128,1
levels/DJ/DJ_net.tex.xbx,27,4016c0cc,128,128,1
levels/DJ/DJ_net.tex.xbx,28,78dfda38,128,128,1
levels/DJ/DJ_net.tex.xbx,29,c6cbec64,128,128,1
levels/DJ/DJ_net.tex.xbx,30,36671568,128,128,1
levels/DJ/DJ_net.tex.xbx,31,0cdcee1c,128,128,1
levels/DJ/DJ_net.tex.xbx,32,ba7d2f1c,128,128,1
levels/DJ/DJ_net.tex.xbx,33,d8ee3090,128,128,1
levels/DJ/DJ_net.tex.xbx,34,6d2fead4,128,128,1
levels/DJ/DJ_net.tex.xbx,35,64ec5668,128,128,5
levels/DJ/DJ_net.tex.xbx,36,5ba950d4,128,64,1
levels/DJ/DJ_net.tex.xbx,37,9c71e9bc,128,128,1
levels/DJ/DJ_net.tex.xbx,38,b6b582f8,128,128,1
levels/DJ/DJ_net.tex.xbx,39,5d576b28,32,128,5
levels/DJ/DJ_net.tex.xbx,40,b5c19f44,128,128,1
levels/DJ/DJ_net.tex.xbx,41,020fb164,128,128,1
levels/DJ/DJ_net.tex.xbx,42,26c88564,32,32,1
levels/DJ/DJ_net.tex.xbx,43,92e13188,128,128,1
levels/DJ/DJ_net.tex.xbx,44,78d1593c,128,128,1
levels/DJ/DJ_net.tex.xbx,45,3276d2dc,128,128,1
levels/DJ/DJ_net.tex.xbx,46,3d290d88,128,128,5
levels/DJ/DJ_net.tex.xbx,47,9ce50480,64,64,1
levels/DJ/DJ_net.tex.xbx,48,704455c8,64,64,2
levels/DJ/DJ_net.tex.xbx,49,667890a8,16,16,1
levels/DJ/DJ_net.tex.xbx,50,58c7c260,128,128,1
levels/DJ/DJ_net.tex.xbx,51,1eda8700,256,64,1
levels/DJ/DJ_net.tex.xbx,52,5726436c,64,64,2
levels/DJ/DJ_net.tex.xbx,53,4b4f8e78,128,128,1
levels/DJ/DJ_net.tex.xbx,54,9ae2f054,64,128,5
levels/DJ/DJ_net.tex.xbx,55,53b59480,128,128,1
levels/DJ/DJ_net.tex.xbx,56,68bfedd0,128,128,5
levels/DJ/DJ_net.tex.xbx,57,dec05b6c,128,128,1
levels/DJ/DJ_net.tex.xbx,58,5ca8c54c,128,128,1
levels/DJ/DJ_net.tex.xbx,59,d1a48578,128,64,5
levels/DJ/DJ_net.tex.xbx,60,8e6fbf1c,128,64,5
levels/DJ/DJ_net.tex.xbx,61,ab843444,128,128,1
levels/DJ/DJ_net.tex.xbx,62,4f428eac,128,128,1
levels/DJ/DJ_net.tex.xbx,63,cd1bf8d0,128,64,1
levels/DJ/DJ_net.tex.xbx,64,fa1c7960,64,128,5
levels/DJ/DJ_net.tex.xbx,65,e88ecce4,64,128,2
levels/DJ/DJ_net.tex.xbx,66,84b144bc,64,64,5
levels/DJ/DJ_net.tex.xbx,67,47314988,64,32,1
levels/DJ/DJ_net.tex.xbx,68,df71c2f0,128,128,5
levels/DJ/DJ_net.tex.xbx,69,c3cd3a98,128,64,1
levels/DJ/DJ_net.tex.xbx,70,e73abe1c,128,64,1
levels/DJ/DJ_net.tex.xbx,71,768d2998,128,64,1
levels/DJ/DJ_net.tex.xbx,72,a8178fac,128,128,1
levels/DJ/DJ_net.tex.xbx,73,24017478,128,64,5
levels/DJ/DJ_net.tex.xbx,74,59f99200,64,64,1
levels/DJ/DJ_net.tex.xbx,75,b8ef0188,128,128,1
levels/DJ/DJ_net.tex.xbx,76,26fb2b18,128,128,1
levels/DJ/DJ_net.tex.xbx,77,4344b670,128,128,1
levels/DJ/DJ_net.tex.xbx,78,35c50b88,64,64,1
levels/DJ/DJ_net.tex.xbx,79,4afc03b4,128,128,5
levels/DJ/DJ_net.tex.xbx,80,ce9d42cc,128,128,1
levels/DJ/DJ_net.tex.xbx,81,3fbaa6fc,128,128,1
levels/DJ/DJ_net.tex.xbx,82,fb0989fc,128,128,1
levels/DJ/DJ_net.tex.xbx,83,02ad66dc,32,32,5
levels/DJ/DJ_net.tex.xbx,84,b9180d4c,128,128,1
levels/DJ/DJ_net.tex.xbx,85,d3b4b530,128,128,1
levels/DJ/DJ_net.tex.xbx,86,3f275174,64,128,1
levels/DJ/DJ_net.tex.xbx,87,818e0e6c,128,128,1
levels/DJ/DJ_net.tex.xbx,88,fcad360c,64,64,1
levels/DJ/DJ_net.tex.xbx,89,228e37d0,64,64,1
levels/DJ/DJ_net.tex.xbx,90,9d324bd4,128,64,5
levels/DJ/DJ_net.tex.xbx,91,1ab2b7f0,128,128,1
levels/DJ/DJ_net.tex.xbx,92,b4517000,128,128,1
levels/DJ/DJ_net.tex.xbx,93,b95ef03c,128,64,5
levels/DJ/DJ_net.tex.xbx,94,dde18164,128,128,5
levels/DJ/DJ_net.tex.xbx,95,00f6f13c,128,64,1
levels/DJ/DJ_net.tex.xbx,96,12694568,128,64,1
levels/DJ/DJ_net.tex.xbx,97,8dd7bce0,128,64,5
levels/DJ/DJ_net.tex.xbx,98,5f3faf68,64,128,1
levels/DJ/DJ_net.tex.xbx,99,7d607c58,128,128,5
levels/DJ/DJ_net.tex.xbx,100,e0e0f130,128,128,5
levels/DJ/DJ_net.tex.xbx,101,3d4bc25c,64,64,5
levels/DJ/DJ_net.tex.xbx,102,59931610,128,128,1
levels/DJ/DJ_net.tex.xbx,103,355a82a0,128,128,1
levels/DJ/DJ_net.tex.xbx,104,03803ee0,256,64,5
levels/DJ/DJ_net.tex.xbx,105,f56b4574,64,128,1
levels/DJ/DJ_net.tex.xbx,106,92a1bad4,128,64,1
levels/DJ/DJ_net.tex.xbx,107,ec27feb4,128,64,1
levels/DJ/DJ_net.tex.xbx,108,83cc8170,128,128,1
levels/DJ/DJ_net.tex.xbx,109,dff05f58,128,128,1
levels/DJ_Sky/DJ_Sky.tex.xbx,0,4fc5def0,32,32,1
levels/DJ_Sky/DJ_Sky.tex.xbx,1,494bfec8,128,128,5
levels/DJ_Sky/DJ_Sky_net.tex.xbx,0,4fc5def0,32,32,1
levels/DJ_Sky/DJ_Sky_net.tex.xbx,1,494bfec8,128,128,5
levels/LA/LA.tex.xbx,0,798a2870,128,128,1
levels/LA/LA.tex.xbx,1,019c6a68,32,32,1
levels/LA/LA.tex.xbx,2,0d93f4c4,64,64,1
levels/LA/LA.tex.xbx,3,9efa3a6c,16,16,1
levels/LA/LA.tex.xbx,4,c24c585c,128,128,1
levels/LA/LA.tex.xbx,5,60130c20,128,128,1
levels/LA/LA.tex.xbx,6,8ae9ee3c,128,128,1
levels/LA/LA.tex.xbx,7,00a3b5ec,128,128,1
levels/LA/LA.tex.xbx,8,6fb5ef00,128,128,1
levels/LA/LA.tex.xbx,9,2ca48058,128,128,1
levels/LA/LA.tex.xbx,10,7a60e584,128,128,1
levels/LA/LA.tex.xbx,11,78892c8c,128,128,1
levels/LA/LA.tex.xbx,12,7bfa1d68,128,128,1
levels/LA/LA.tex.xbx,13,aeab46c4,128,128,1
levels/LA/LA.tex.xbx,14,f839f20c,64,64,1
levels/LA/LA.tex.xbx,15,bec1f9bc,64,64,1
levels/LA/LA.tex.xbx,16,f812f3b8,64,64,5
levels/LA/LA.tex.xbx,17,1f648d24,128,128,5
levels/LA/LA.tex.xbx,18,d0cd342c,128,128,2
levels/LA/LA.tex.xbx,19,e61856f4,64,64,5
levels/LA/LA.tex.xbx,20,11aef3f0,64,64,1
levels/LA/LA.tex.xbx,21,2bf39758,128,128,1
levels/LA/LA.tex.xbx,22,07ce8954,128,128,1
levels/LA/LA.tex.xbx,23,12c2da7c,128,128,5
levels/LA/LA.tex.xbx,24,c205d274,128,128,1
levels/LA/LA.tex.xbx,25,c49a1798,64,64,1
levels/LA/LA.tex.xbx,26,200e0ae8,128,128,1
levels/LA/LA.tex.xbx,27,e38a5df4,64,64,1
levels/LA/LA.tex.xbx,28,9eb5f260,64,64,1
levels/LA/LA.tex.xbx,29,09f540b8,64,64,1
levels/LA/LA.tex.xbx,30,426bde0c,64,64,1
levels/LA/LA.tex.xbx,31,dc684ccc,32,32,1
levels/LA/LA.tex.xbx,32,e09bb7ac,16,64,1
levels/LA/LA.tex.xbx,33,4cff5860,64,16,1
levels/LA/LA.tex.xbx,34,83b91d08,64,16,5
levels/LA/LA.tex.xbx,35,2afaebc4,128,128,1
levels/LA/LA.tex.xbx,36,b792a998,128,128,1
levels/LA/LA.tex.xbx,37,6b40d624,128,128,1
levels/LA/LA.tex.xbx,38,b25ebb08,128,128,1
levels/LA/LA.tex.xbx,39,e85f0cb8,64,64,1
levels/LA/LA.tex.xbx,40,fb055974,128,64,1
levels/LA/LA.tex.xbx,41,48b77f88,64,64,1
levels/LA/LA.tex.xbx,42,e2ac157c,64,64,5
levels/LA/LA.tex.xbx,43,63963da4,64,64,1
levels/LA/LA.tex.xbx,44,0e781a38,64,64,1
levels/LA/LA.tex.xbx,45,c10601e8,128,128,2
levels/LA/LA.tex.xbx,46,a7ab2534,128,128,5
levels/LA/LA.tex.xbx,47,34022f08,128,128,2
levels/LA/LA.tex.xbx,48,8358eab8,64,64,1
levels/LA/LA.tex.xbx,49,c8e1a8d4,64,128,2
levels/LA/LA.tex.xbx,50,f4f4a01c,128,128,1
levels/LA/LA.tex.xbx,51,8c14059c,64,64,1
levels/LA/LA.tex.xbx,52,34aaa490,64,64,1
levels/LA/LA.tex.xbx,53,10a05930,128,64,5
levels/LA/LA.tex.xbx,54,f60bf374,64,64,1
levels/LA/LA.tex.xbx,55,839aecd0,128,128,1
levels/LA/LA.tex.xbx,56,f8eb6300,64,32,1
levels/LA/LA.tex.xbx,57,40f47ab4,16,16,1
levels/LA/LA.tex.xbx,58,eb2d0a58,64,64,1
levels/LA/LA.tex.xbx,59,ac5866e4,64,64,1
levels/LA/LA.tex.xbx,60,1612820c,64,64,1
levels/LA/LA.tex.xbx,61,352ce7fc,64,64,1
levels/LA/LA.tex.xbx,62,d7d5c090,64,32,1
levels/LA/LA.tex.xbx,63,13a59bcc,64,64,1
levels/LA/LA.tex.xbx,64,1e482aa4,32,64,1
levels/LA/LA.tex.xbx,65,d33156e4,64,64,5
levels/LA/LA.tex.xbx,66,5cd42170,64,64,1
levels/LA/LA.tex.xbx,67,c0eb3744,16,16,1
levels/LA/LA.tex.xbx,68,8af5b8cc,32,32,1
levels/LA/LA.tex.xbx,69,776c7684,32,32,1
levels/LA/LA.tex.xbx,70,98b714d8,32,32,1
levels/LA/LA.tex.xbx,71,3aa5f32c,32,32,1
levels/LA/LA.tex.xbx,72,eb5d4874,64,128,1
levels/LA/LA.tex.xbx,73,49f8ee30,32,32,1
levels/LA/LA.tex.xbx,74,7eb0211c,128,64,1
levels/LA/LA.tex.xbx,75,44fd59c4,64,128,5
levels/LA/LA.tex.xbx,76,4c456874,32,32,1
levels/LA/LA.tex.xbx,77,121831ac,64,64,1
levels/LA/LA.tex.xbx,78,940abb38,32,32,1
levels/LA/LA.tex.xbx,79,8f22e30c,64,64,1
levels/LA/LA.tex.xbx,80,657ffb0c,32,64,1
levels/LA/LA.tex.xbx,81,fa6867fc,32,32,1
levels/LA/LA.tex.xbx,82,69ad5418,32,32,5
levels/LA/LA.tex.xbx,83,70183e44,32,32,1
levels/LA/LA.tex.xbx,84,c6816388,32,32,1
levels/LA/LA.tex.xbx,85,5dada338,64,64,1
levels/LA/LA.tex.xbx,86,782d108c,64,32,1
levels/LA/LA.tex.xbx,87,8ca2b8b8,64,64,1
levels/LA/LA.tex.xbx,88,0eb67028,32,32,1
levels/LA/LA.tex.xbx,89,aaf36694,32,32,1
levels/LA/LA.tex.xbx,90,e2da11ec,32,32,1
levels/LA/LA.tex.xbx,91,f4c5b5a8,16,16,1
levels/LA/LA.tex.xbx,92,39409514,64,16,1
levels/LA/LA.tex.xbx,93,37ef17b4,64,64,1
levels/LA/LA.tex.xbx,94,97fce834,16,64,1
levels/LA/LA.tex.xbx,95,56aad748,64,64,5
levels/LA/LA.tex.xbx,96,c8817388,32,32,5
levels/LA/LA.tex.xbx,97,83891f04,16,16,1
levels/LA/LA.tex.xbx,98,caf19b84,64,64,2
levels/LA/LA.tex.xbx,99,0613a020,32,64,2
levels/LA/LA.tex.xbx,100,b9c4366c,64,64,1
levels/LA/LA.tex.xbx,101,07fde82c,32,128,1
levels/LA/LA.tex.xbx,102,4c2ee27c,64,64,1
levels/LA/LA.tex.xbx,103,b54ebcc0,64,64,1
levels/LA/LA.tex.xbx,104,8206f0f0,64,64,1
levels/LA/LA.tex.xbx,105,05f12148,64,64,1
levels/LA/LA.tex.xbx,106,701a82c4,32,32,5
levels/LA/LA.tex.xbx,107,38baac08,32,32,5
levels/LA/LA.tex.xbx,108,beb81090,32,32,5
levels/LA/LA.tex.xbx,109,0b61a514,32,32,5
levels/LA/LA.tex.xbx,110,a1a54680,32,32,5
levels/LA/LA.tex.xbx,111,6a427614,32,32,5
levels/LA/LA.tex.xbx,112,dfdbea2c,64,32,5
levels/LA/LA.tex.xbx,113,a46e46bc,64,64,1
levels/LA/LA.tex.xbx,114,d48cbef0,64,64,1
levels/LA/LA.tex.xbx,115,0e7dac18,64,64,1
levels/LA/LA.tex.xbx,116,8e7dbf00,128,64,1
levels/LA/LA.tex.xbx,117,df4da54c,64,64,1
levels/LA/LA.tex.xbx,118,28431f60,64,32,1
levels/LA/LA.tex.xbx,119,8265bba4,64,64,5
levels/LA/LA.tex.xbx,120,0dd863f8,64,128,5
levels/LA/LA.tex.xbx,121,6039f130,64,64,1
levels/LA/LA.tex.xbx,122,88401ffc,32,32,1
levels/LA/LA.tex.xbx,123,3c5796b8,64,32,5
levels/LA/LA.tex.xbx,124,36f7e3a4,16,64,5
levels/LA/LA.tex.xbx,125,dd26be20,16,16,1
levels/LA/LA.tex.xbx,126,92604fd8,32,32,1
levels/LA/LA.tex.xbx,127,edb17574,16,16,1
levels/LA/LA.tex.xbx,128,aa32780c,16,16,1
levels/LA/LA.tex.xbx,129,20a992fc,32,32,1
levels/LA/LA.tex.xbx,130,058bbd34,128,64,1
levels/LA/LA.tex.xbx,131,4197817c,128,128,5
levels/LA/LA.tex.xbx,132,763a2f5c,64,128,5
levels/LA/LA.tex.xbx,133,a598ebe4,32,32,1
levels/LA/LA.tex.xbx,134,fcd40a68,32,64,5
levels/LA/LA.tex.xbx,135,22a58e18,32,32,1
levels/LA/LA.tex.xbx,136,0cbc1158,32,32,5
levels/LA/LA.tex.xbx,137,99de2c44,32,32,5
levels/LA/LA.tex.xbx,138,1f37d8c0,64,32,5
levels/LA/LA.tex.xbx,139,9b9e87ec,128,128,1
levels/LA/LA.tex.xbx,140,e3615098,32,64,1
levels/LA/LA.tex.xbx,141,6d6753fc,64,32,1
levels/LA/LA.tex.xbx,142,1948d29c,64,64,1
levels/LA/LA.tex.xbx,143,b41d744c,64,64,1
levels/LA/LA.tex.xbx,144,160d0b5c,64,64,1
levels/LA/LA.tex.xbx,145,d6b26920,128,128,1
levels/LA/LA.tex.xbx,146,7c240568,64,64,1
levels/LA/LA.tex.xbx,147,503fd810,64,64,1
levels/LA/LA.tex.xbx,148,b785e2f4,16,16,1
levels/LA/LA.tex.xbx,149,35a3d508,128,32,1
levels/LA/LA.tex.xbx,150,4e2ce730,32,16,5
levels/LA/LA.tex.xbx,151,c7c0a608,128,128,1
levels/LA/LA.tex.xbx,152,748463fc,64,32,5
levels/LA/LA.tex.xbx,153,a19a2eb8,16,64,2
levels/LA/LA.tex.xbx,154,58f43810,8,64,1
levels/LA/LA.tex.xbx,155,9f3fe09c,64,64,1
levels/LA/LA.tex.xbx,156,536b0280,128,64,1
levels/LA/LA.tex.xbx,157,4be89890,64,64,1
levels/LA/LA.tex.xbx,158,44b7c42c,32,64,1
levels/LA/LA.tex.xbx,159,a4f998ac,64,256,2
levels/LA/LA.tex.xbx,160,6a29a578,64,128,5
levels/LA/LA.tex.xbx,161,af2f4fd4,64,64,1
levels/LA/LA.tex.xbx,162,8f104550,64,32,5
levels/LA/LA.tex.xbx,163,edad48b4,64,64,1
levels/LA/LA.tex.xbx,164,86653c10,64,64,1
levels/LA/LA.tex.xbx,165,b21b9674,128,32,1
levels/LA/LA.tex.xbx,166,2ef3b294,32,32,5
levels/LA/LA.tex.xbx,167,7ffb9948,128,64,1
levels/LA/LA.tex.xbx,168,bd9bcc24,32,32,1
levels/LA/LA.tex.xbx,169,417c4740,64,32,5
levels/LA/LA.tex.xbx,170,aec16f24,32,32,1
levels/LA/LA.tex.xbx,171,fd5c0408,32,64,1
levels/LA/LA.tex.xbx,172,91505da4,128,128,5
levels/LA/LA.tex.xbx,173,b5ede740,64,64,1
levels/LA/LA.tex.xbx,174,cb634f14,32,32,1
levels/LA/LA.tex.xbx,175,046960b0,128,128,1
levels/LA/LA.tex.xbx,176,f52956ec,32,32,1
levels/LA/LA.tex.xbx,177,1ef3eaa0,128,128,1
levels/LA/LA.tex.xbx,178,731f5ef0,64,64,5
levels/LA/LA.tex.xbx,179,47686e5c,64,64,1
levels/LA/LA.tex.xbx,180,10dadbd0,64,64,2
levels/LA/LA.tex.xbx,181,06aa8f38,64,64,1
levels/LA/LA.tex.xbx,182,ad3e3c64,128,128,1
levels/LA/LA.tex.xbx,183,367a0710,64,64,1
levels/LA/LA.tex.xbx,184,671be520,32,32,1
levels/LA/LA.tex.xbx,185,b18567f4,64,64,1
levels/LA/LA.tex.xbx,186,7c6f2748,64,64,1
levels/LA/LA.tex.xbx,187,edc84b60,32,64,1
levels/LA/LA.tex.xbx,188,c36758d8,128,128,1
levels/LA/LA.tex.xbx,189,3cbaac2c,128,128,1
levels/LA/LA.tex.xbx,190,1aa16b2c,128,128,1
levels/LA/LA.tex.xbx,191,ca6b61e0,128,128,1
levels/LA/LA.tex.xbx,192,dce23afc,128,128,1
levels/LA/LA.tex.xbx,193,1efedc50,64,64,1
levels/LA/LA.tex.xbx,194,17a0e624,32,32,1
levels/LA/LA.tex.xbx,195,3ec33fd8,128,32,5
levels/LA/LA.tex.xbx,196,ab28ae98,64,64,1
levels/LA/LA.tex.xbx,197,1942993c,32,64,5
levels/LA/LA.tex.xbx,198,15637e14,64,128,1
levels/LA/LA.tex.xbx,199,e4d29fe0,64,64,1
levels/LA/LA.tex.xbx,200,f36171cc,32,32,1
levels/LA/LA.tex.xbx,201,9db017b0,32,32,1
levels/LA/LA.tex.xbx,202,bd2d4cdc,128,128,1
levels/LA/LA.tex.xbx,203,26771a7c,64,64,5
levels/LA/LA.tex.xbx,204,79b0cb38,128,128,1
levels/LA/LA.tex.xbx,205,333c4354,64,64,1
levels/LA/LA.tex.xbx,206,1fb3f4fc,32,32,1
levels/LA/LA.tex.xbx,207,ce3e41a8,32,32,1
levels/LA/LA.tex.xbx,208,33af97fc,16,16,5
levels/LA/LA.tex.xbx,209,c75bde8c,64,16,1
levels/LA/LA.tex.xbx,210,e1e20808,16,64,1
levels/LA/LA.tex.xbx,211,22679efc,64,64,1
levels/LA/LA.tex.xbx,212,8b8ecd28,64,64,1
levels/LA/LA.tex.xbx,213,7a012c7c,64,64,1
levels/LA/LA.tex.xbx,214,e618780c,64,64,5
levels/LA/LA.tex.xbx,215,2a0d5de0,64,64,1
levels/LA/LA.tex.xbx,216,d46631c4,64,64,1
levels/LA/LA.tex.xbx,217,bbb3c460,64,64,1
levels/LA/LA.tex.xbx,218,a71aa480,64,64,1
levels/LA/LA.tex.xbx,219,dd1297b8,128,128,1
levels/LA/LA.tex.xbx,220,619d43a0,128,128,5
levels/LA/LA.tex.xbx,221,0fb2627c,128,64,5
levels/LA/LA.tex.xbx,222,55000c8c,32,32,1
levels/LA/LA.tex.xbx,223,559d673c,16,64,1
levels/LA/LA.tex.xbx,224,ad53f28c,32,32,1
levels/LA/LA.tex.xbx,225,2dee9914,64,128,1
levels/LA/LA.tex.xbx,226,c7bffe9c,64,64,1
levels/LA/LA.tex.xbx,227,9ee57168,64,64,5
levels/LA/LA.tex.xbx,228,acf18204,64,32,1
levels/LA/LA.tex.xbx,229,5a4b64c8,32,64,1
levels/LA/LA.tex.xbx,230,49d9216c,64,64,5
levels/LA/LA.tex.xbx,231,d8e55168,64,64,1
levels/LA/LA.tex.xbx,232,839ddd6c,128,64,1
levels/LA/LA.tex.xbx,233,50fad9ec,128,128,5
levels/LA/LA.tex.xbx,234,80c4e590,64,32,1
levels/LA/LA.tex.xbx,235,976cc9b0,64,64,1
levels/LA/LA.tex.xbx,236,ddca2b9c,128,128,1
levels/LA/LA.tex.xbx,237,d9e047d0,128,128,1
levels/LA/LA.tex.xbx,238,0e890acc,128,128,1
levels/LA/LA.tex.xbx,239,2b6d81d4,128,128,1
levels/LA/LA.tex.xbx,240,b5deb678,128,128,1
levels/LA/LA.tex.xbx,241,16b090a0,128,128,1
levels/LA/LA.tex.xbx,242,8069844c,128,128,1
levels/LA/LA.tex.xbx,243,bc9d2fb4,64,64,5
levels/LA/LA.tex.xbx,244,d260dae4,256,256,5
levels/LA/LA.tex.xbx,245,43cdba24,64,32,1
levels/LA/LA.tex.xbx,246,cf42fc20,32,32,1
levels/LA/LA.tex.xbx,247,05493cd0,32,32,1
levels/LA/LA.tex.xbx,248,94751a70,32,32,1
levels/LA/LA.tex.xbx,249,365a9534,64,64,1
levels/LA/LA.tex.xbx,250,627362d0,64,64,1
levels/LA/LA.tex.xbx,251,09850eec,16,16,1
levels/LA/LA.tex.xbx,252,70727ba4,64,32,1
levels/LA/LA.tex.xbx,253,5b5022bc,64,32,1
levels/LA/LA.tex.xbx,254,a7e455a8,32,32,1
levels/LA/LA.tex.xbx,255,2eeff50c,32,32,1
levels/LA/LA.tex.xbx,256,e24144a8,32,32,1
levels/LA/LA.tex.xbx,257,c4c0df48,32,32,1
levels/LA/LA.tex.xbx,258,5dac9f74,32,32,1
levels/LA/LA.tex.xbx,259,433b5d68,64,64,1
levels/LA/LA.tex.xbx,260,da4e2c40,64,32,5
levels/LA/LA.tex.xbx,261,4edbcd04,32,32,5
levels/LA/LA.tex.xbx,262,364b275c,32,64,1
levels/LA/LA.tex.xbx,263,171d7000,32,64,1
levels/LA/LA.tex.xbx,264,7e9115a0,64,64,1
levels/LA/LA.tex.xbx,265,b6490f88,32,64,1
levels/LA/LA.tex.xbx,266,c07a9138,64,64,1
levels/LA/LA.tex.xbx,267,1731f554,32,32,2
levels/LA/LA.tex.xbx,268,974ffba8,32,32,2
levels/LA/LA.tex.xbx,269,ea0825dc,32,32,1
levels/LA/LA.tex.xbx,270,d689a8e8,64,64,2
levels/LA/LA.tex.xbx,271,6aee0db0,64,64,1
levels/LA/LA.tex.xbx,272,dc37aeb4,64,64,5
levels/LA/LA.tex.xbx,273,1ae31fac,128,128,5
levels/LA/LA.tex.xbx,274,765d8eb4,128,128,5
levels/LA/LA.tex.xbx,275,e58de0dc,128,128,5
levels/LA/LA.tex.xbx,276,89326d84,128,128,5
levels/LA/LA.tex.xbx,277,78811028,64,64,1
levels/LA/LA.tex.xbx,278,6181e018,32,32,5
levels/LA/LA.tex.xbx,279,0bc58dcc,64,32,5
levels/LA/LA.tex.xbx,280,295050fc,64,64,5
levels/LA/LA.tex.xbx,281,334e3e20,128,128,1
levels/LA/LA.tex.xbx,282,bb7f097c,128,128,1
levels/LA/LA.tex.xbx,283,6ff1b028,32,32,1
levels/LA/LA.tex.xbx,284,3a7b1f34,64,64,1
levels/LA/LA.tex.xbx,285,35c58f2c,64,64,2
levels/LA/LA.tex.xbx,286,03dcbbcc,64,64,1
levels/LA/LA.tex.xbx,287,25158b5c,32,32,1
levels/LA/LA.tex.xbx,288,078f0a8c,64,128,5
levels/LA/LA.tex.xbx,289,3ecf4804,32,32,5
levels/LA/LA.tex.xbx,290,f1b75978,128,64,2
levels/LA/LA.tex.xbx,291,c6e432b4,128,128,2
levels/LA/LA.tex.xbx,292,347e5288,64,32,2
levels/LA/LA.tex.xbx,293,2f297a20,32,32,1
levels/LA/LA.tex.xbx,294,57e934d4,64,64,1
levels/LA/LA.tex.xbx,295,410c5948,64,128,1
levels/LA/LA.tex.xbx,296,97d44348,32,32,1
levels/LA/LA.tex.xbx,297,0af97b04,64,32,1
levels/LA/LA.tex.xbx,298,017e78d4,128,128,1
levels/LA/LA.tex.xbx,299,8662da1c,32,32,1
levels/LA/LA.tex.xbx,300,c791e9e4,32,32,1
levels/LA/LA.tex.xbx,301,c1c1a7c4,64,64,5
levels/LA/LA.tex.xbx,302,fb238908,64,64,5
levels/LA/LA.tex.xbx,303,64a64b9c,64,64,2
levels/LA/LA.tex.xbx,304,7154ca8c,64,64,5
levels/LA/LA.tex.xbx,305,d7f60490,64,64,5
levels/LA/LA.tex.xbx,306,297da1e4,128,128,5
levels/LA/LA.tex.xbx,307,42215e08,64,16,5
levels/LA/LA.tex.xbx,308,14926430,64,64,1
levels/LA/LA.tex.xbx,309,02091548,64,64,5
levels/LA/LA.tex.xbx,310,3a641804,64,64,1
levels/LA/LA.tex.xbx,311,78fa631c,32,32,1
levels/LA/LA.tex.xbx,312,9b44f0ec,32,32,1
levels/LA/LA.tex.xbx,313,7d5c40d0,64,64,1
levels/LA/LA.tex.xbx,314,676fea7c,64,64,1
levels/LA/LA.tex.xbx,315,a5f6d7f4,64,64,1
levels/LA/LA.tex.xbx,316,59ff418c,128,128,5
levels/LA/LA.tex.xbx,317,42ed5ad4,32,64,1
levels/LA/LA.tex.xbx,318,fe9f2658,64,128,1
levels/LA/LA.tex.xbx,319,78312cf8,8,64,2
levels/LA/LA.tex.xbx,320,d38a2570,64,64,5
levels/LA/LA.tex.xbx,321,491a9910,64,128,5
levels/LA/LA.tex.xbx,322,2c7ba19c,32,32,1
levels/LA/LA.tex.xbx,323,f01769e4,32,32,1
levels/LA/LA.tex.xbx,324,85792b38,32,32,1
levels/LA/LA.tex.xbx,325,eba54d48,64,64,1
levels/LA/LA.tex.xbx,326,a57bca24,64,64,1
levels/LA/LA.tex.xbx,327,508266e4,64,64,1
levels/LA/LA.tex.xbx,328,c1f81f60,32,32,1
levels/LA/LA.tex.xbx,329,568132a8,64,32,5
levels/LA/LA.tex.xbx,330,6fb467b4,32,32,5
levels/LA/LA.tex.xbx,331,430c4488,64,32,1
levels/LA/LA.tex.xbx,332,50a4f01c,64,64,1
levels/LA/LA.tex.xbx,333,7dd98c6c,128,128,2
levels/LA/LA.tex.xbx,334,2517e434,64,64,5
levels/LA/LA.tex.xbx,335,d04102bc,64,64,1
levels/LA/LA.tex.xbx,336,d9e3388c,32,32,1
levels/LA/LA.tex.xbx,337,c1ec85b8,32,32,2
levels/LA/LA.tex.xbx,338,fa75b56c,128,64,1
levels/LA/LA.tex.xbx,339,1158396c,64,32,5
levels/LA/LA.tex.xbx,340,b3d1ee34,128,128,5
levels/LA/LA.tex.xbx,341,db34e70c,64,64,1
levels/LA/LA.tex.xbx,342,d8e2ade4,64,32,1
levels/LA/LA.tex.xbx,343,09d4ecd8,128,128,1
levels/LA/LA.tex.xbx,344,5e0222e8,64,64,1
levels/LA/LA.tex.xbx,345,b55c1fbc,64,32,1
levels/LA/LA.tex.xbx,346,01beaf60,64,64,5
levels/LA/LA.tex.xbx,347,88fddbd0,128,128,5
levels/LA/LA.tex.xbx,348,2b4646c4,64,64,5
levels/LA/LA_net.tex.xbx,0,798a2870,128,128,1
levels/LA/LA_net.tex.xbx,1,019c6a68,32,32,1
levels/LA/LA_net.tex.xbx,2,0d93f4c4,64,64,1
levels/LA/LA_net.tex.xbx,3,9efa3a6c,16,16,1
levels/LA/LA_net.tex.xbx,4,c24c585c,128,128,1
levels/LA/LA_net.tex.xbx,5,60130c20,128,128,1
levels/LA/LA_net.tex.xbx,6,8ae9ee3c,128,128,1
levels/LA/LA_net.tex.xbx,7,00a3b5ec,128,128,1
levels/LA/LA_net.tex.xbx,8,6fb5ef00,128,128,1
levels/LA/LA_net.tex.xbx,9,2ca48058,128,128,1
levels/LA/LA_net.tex.xbx,10,7a60e584,128,128,1
levels/LA/LA_net.tex.xbx,11,78892c8c,128,128,1
levels/LA/LA_net.tex.xbx,12,7bfa1d68,128,128,1
levels/LA/LA_net.tex.xbx,13,aeab46c4,128,128,1
levels/LA/LA_net.tex.xbx,14,f839f20c,64,64,1
levels/LA/LA_net.tex.xbx,15,bec1f9bc,64,64,1
levels/LA/LA_net.tex.xbx,16,f812f3b8,64,64,5
levels/LA/LA_net.tex.xbx,17,1f648d24,128,128,5
levels/LA/LA_net.tex.xbx,18,d0cd342c,128,128,2
levels/LA/LA_net.tex.xbx,19,e61856f4,64,64,5
levels/LA/LA_net.tex.xbx,20,11aef3f0,64,64,1
levels/LA/LA_net.tex.xbx,21,2bf39758,128,128,1
levels/LA/LA_net.tex.xbx,22,07ce8954,128,128,1
levels/LA/LA_net.tex.xbx,23,12c2da7c,128,128,5
levels/LA/LA_net.tex.xbx,24,c205d274,128,128,1
levels/LA/LA_net.tex.xbx,25,c49a1798,64,64,1
levels/LA/LA_net.tex.xbx,26,200e0ae8,128,128,1
levels/LA/LA_net.tex.xbx,27,e38a5df4,64,64,1
levels/LA/LA_net.tex.xbx,28,9eb5f260,64,64,1
levels/LA/LA_net.tex.xbx,29,09f540b8,64,64,1
levels/LA/LA_net.tex.xbx,30,426bde0c,64,64,1
levels/LA/LA_net.tex.xbx,31,dc684ccc,32,32,1
levels/LA/LA_net.tex.xbx,32,e09bb7ac,16,64,1
levels/LA/LA_net.tex.xbx,33,4cff5860,64,16,1
levels/LA/LA_net.tex.xbx,34,83b91d08,64,16,5
levels/LA/LA_net.tex.xbx,35,2afaebc4,128,128,1
levels/LA/LA_net.tex.xbx,36,b792a998,128,128,1
levels/LA/LA_net.tex.xbx,37,6b40d624,128,128,1
levels/LA/LA_net.tex.xbx,38,b25ebb08,128,128,1
levels/LA/LA_net.tex.xbx,39,e85f0cb8,64,64,1
levels/LA/LA_net.tex.xbx,40,fb055974,128,64,1
levels/LA/LA_net.tex.xbx,41,48b77f88,64,64,1
levels/LA/LA_net.tex.xbx,42,e2ac157c,64,64,5
levels/LA/LA_net.tex.xbx,43,63963da4,64,64,1
levels/LA/LA_net.tex.xbx,44,0e781a38,64,64,1
levels/LA/LA_net.tex.xbx,45,c10601e8,128,128,2
levels/LA/LA_net.tex.xbx,46,a7ab2534,128,128,5
levels/LA/LA_net.tex.xbx,47,34022f08,128,128,2
levels/LA/LA_net.tex.xbx,48,8358eab8,64,64,1
levels/LA/LA_net.tex.xbx,49,c8e1a8d4,64,128,2
levels/LA/LA_net.tex.xbx,50,f4f4a01c,128,128,1
levels/LA/LA_net.tex.xbx,51,8c14059c,64,64,1
levels/LA/LA_net.tex.xbx,52,34aaa490,64,64,1
levels/LA/LA_net.tex.xbx,53,10a05930,128,64,5
levels/LA/LA_net.tex.xbx,54,f60bf374,64,64,1
levels/LA/LA_net.tex.xbx,55,839aecd0,128,128,1
levels/LA/LA_net.tex.xbx,56,f8eb6300,64,32,1
levels/LA/LA_net.tex.xbx,57,40f47ab4,16,16,1
levels/LA/LA_net.tex.xbx,58,eb2d0a58,64,64,1
levels/LA/LA_net.tex.xbx,59,ac5866e4,64,64,1
levels/LA/LA_net.tex.xbx,60,1612820c,64,64,1
levels/LA/LA_net.tex.xbx,61,352ce7fc,64,64,1
levels/LA/LA_net.tex.xbx,62,d7d5c090,64,32,1
levels/LA/LA_net.tex.xbx,63,13a59bcc,64,64,1
levels/LA/LA_net.tex.xbx,64,1e482aa4,32,64,1
levels/LA/LA_net.tex.xbx,65,d33156e4,64,64,5
levels/LA/LA_net.tex.xbx,66,5cd42170,64,64,1
levels/LA/LA_net.tex.xbx,67,c0eb3744,16,16,1
levels/LA/LA_net.tex.xbx,68,8af5b8cc,32,32,1
levels/LA/LA_net.tex.xbx,69,776c7684,32,32,1
levels/LA/LA_net.tex.xbx,70,98b714d8,32,32,1
levels/LA/LA_net.tex.xbx,71,3aa5f32c,32,32,1
levels/LA/LA_net.tex.xbx,72,eb5d4874,64,128,1
levels/LA/LA_net.tex.xbx,73,49f8ee30,32,32,1
levels/LA/LA_net.tex.xbx,74,7eb0211c,128,64,1
levels/LA/LA_net.tex.xbx,75,44fd59c4,64,128,5
levels/LA/LA_net.tex.xbx,76,4c456874,32,32,1
levels/LA/LA_net.tex.xbx,77,121831ac,64,64,1
levels/LA/LA_net.tex.xbx,78,940abb38,32,32,1
levels/LA/LA_net.tex.xbx,79,8f22e30c,64,64,1
levels/LA/LA_net.tex.xbx,80,657ffb0c,32,64,1
levels/LA/LA_net.tex.xbx,81,fa6867fc,32,32,1
levels/LA/LA_net.tex.xbx,82,69ad5418,32,32,5
levels/LA/LA_net.tex.xbx,83,70183e44,32,32,1
levels/LA/LA_net.tex.xbx,84,c6816388,32,32,1
levels/LA/LA_net.tex.xbx,85,5dada338,64,64,1
levels/LA/LA_net.tex.xbx,86,782d108c,64,32,1
levels/LA/LA_net.tex.xbx,87,8ca2b8b8,64,64,1
levels/LA/LA_net.tex.xbx,88,0eb67028,32,32,1
levels/LA/LA_net.tex.xbx,89,aaf36694,32,32,1
levels/LA/LA_net.tex.xbx,90,e2da11ec,32,32,1
levels/LA/LA_net.tex.xbx,91,f4c5b5a8,16,16,1
levels/LA/LA_net.tex.xbx,92,39409514,64,16,1
levels/LA/LA_net.tex.xbx,93,37ef17b4,64,64,1
levels/LA/LA_net.tex.xbx,94,97fce834,16,64,1
levels/LA/LA_net.tex.xbx,95,56aad748,64,64,5
levels/LA/LA_net.tex.xbx,96,c8817388,32,32,5
levels/LA/LA_net.tex.xbx,97,83891f04,16,16,1
levels/LA/LA_net.tex.xbx,98,caf19b84,64,64,2
levels/LA/LA_net.tex.xbx,99,0613a020,32,64,2
levels/LA/LA_net.tex.xbx,100,b9c4366c,64,64,1
levels/LA/LA_net.tex.xbx,101,07fde82c,32,128,1
levels/LA/LA_net.tex.xbx,102,4c2ee27c,64,64,1
levels/LA/LA_net.tex.xbx,103,b54ebcc0,64,64,1
levels/LA/LA_net.tex.xbx,104,8206f0f0,64,64,1
levels/LA/LA_net.tex.xbx,105,05f12148,64,64,1
levels/LA/LA_net.tex.xbx,106,701a82c4,32,32,5
levels/LA/LA_net.tex.xbx,107,38baac08,32,32,5
levels/LA/LA_net.tex.xbx,108,beb81090,32,32,5
levels/LA/LA_net.tex.xbx,109,0b61a514,32,32,5
levels/LA/LA_net.tex.xbx,110,a1a54680,32,32,5
levels/LA/LA_net.tex.xbx,111,6a427614,32,32,5
levels/LA/LA_net.tex.xbx,112,dfdbea2c,64,32,5
levels/LA/LA_net.tex.xbx,113,a46e46bc,64,64,1
levels/LA/LA_net.tex.xbx,114,d48cbef0,64,64,1
levels/LA/LA_net.tex.xbx,115,0e7dac18,64,64,1
levels/LA/LA_net.tex.xbx,116,8e7dbf00,128,64,1
levels/LA/LA_net.tex.xbx,117,df4da54c,64,64,1
levels/LA/LA_net.tex.xbx,118,28431f60,64,32,1
levels/LA/LA_net.tex.xbx,119,8265bba4,64,64,5
levels/LA/LA_net.tex.xbx,120,0dd863f8,64,128,5
levels/LA/LA_net.tex.xbx,121,6039f130,64,64,1
levels/LA/LA_net.tex.xbx,122,88401ffc,32,32,1
levels/LA/LA_net.tex.xbx,123,3c5796b8,64,32,5
levels/LA/LA_net.tex.xbx,124,36f7e3a4,16,64,5
levels/LA/LA_net.tex.xbx,125,dd26be20,16,16,1
levels/LA/LA_net.tex.xbx,126,92604fd8,32,32,1
levels/LA/LA_net.tex.xbx,127,edb17574,16,16,1
levels/LA/LA_net.tex.xbx,128,aa32780c,16,16,1
levels/LA/LA_net.tex.xbx,129,20a992fc,32,32,1
levels/LA/LA_net.tex.xbx,130,058bbd34,128,64,1
levels/LA/LA_net.tex.xbx,131,4197817c,128,128,5
levels/LA/LA_net.tex.xbx,132,763a2f5c,64,128,5
levels/LA/LA_net.tex.xbx,133,a598ebe4,32,32,1
levels/LA/LA_net.tex.xbx,134,fcd40a68,32,64,5
levels/LA/LA_net.tex.xbx,135,22a58e18,32,32,1
levels/LA/LA_net.tex.xbx,136,0cbc1158,32,32,5
levels/LA/LA_net.tex.xbx,137,99de2c44,32,32,5
levels/LA/LA_net.tex.xbx,138,1f37d8c0,64,32,5
levels/LA/LA_net.tex.xbx,139,9b9e87ec,128,128,1
levels/LA/LA_net.tex.xbx,140,e3615098,32,64,1
levels/LA/LA_net.tex.xbx,141,6d6753fc,64,32,1
levels/LA/LA_net.tex.xbx,142,1948d29c,64,64,1
levels/LA/LA_net.tex.xbx,143,b41d744c,64,64,1
levels/LA/LA_net.tex.xbx,144,160d0b5c,64,64,1
levels/LA/LA_net.tex.xbx,145,d6b26920,128,128,1
levels/LA/LA_net.tex.xbx,146,7c240568,64,64,1
levels/LA/LA_net.tex.xbx,147,503fd810,64,64,1
levels/LA/LA_net.tex.xbx,148,b785e2f4,16,16,1
levels/LA/LA_net.tex.xbx,149,35a3d508,128,32,1
levels/LA/LA_net.tex.xbx,150,4e2ce730,32,16,5
levels/LA/LA_net.tex.xbx,151,c7c0a608,128,128,1
levels/LA/LA_net.tex.xbx,152,748463fc,64,32,5
levels/LA/LA_net.tex.xbx,153,a19a2eb8,16,64,2
levels/LA/LA_net.tex.xbx,154,58f43810,8,64,1
levels/LA/LA_net.tex.xbx,155,9f3fe09c,64,64,1
levels/LA/LA_net.tex.xbx,156,536b0280,128,64,1
levels/LA/LA_net.tex.xbx,157,4be89890,64,64,1
levels/LA/LA_net.tex.xbx,158,44b7c42c,32,64,1
levels/LA/LA_net.tex.xbx,159,a4f998ac,64,256,2
levels/LA/LA_net.tex.xbx,160,6a29a578,64,128,5
levels/LA/LA_net.tex.xbx,161,af2f4fd4,64,64,1
levels/LA/LA_net.tex.xbx,162,8f104550,64,32,5
levels/LA/LA_net.tex.xbx,163,edad48b4,64,64,1
levels/LA/LA_net.tex.xbx,164,86653c10,64,64,1
levels/LA/LA_net.tex.xbx,165,b21b9674,128,32,1
levels/LA/LA_net.tex.xbx,166,2ef3b294,32,32,5
levels/LA/LA_net.tex.xbx,167,7ffb9948,128,64,1
levels/LA/LA_net.tex.xbx,168,bd9bcc24,32,32,1
levels/LA/LA_net.tex.xbx,169,417c4740,64,32,5
levels/LA/LA_net.tex.xbx,170,aec16f24,32,32,1
levels/LA/LA_net.tex.xbx,171,fd5c0408,32,64,1
levels/LA/LA_net.tex.xbx,172,91505da4,128,128,5
levels/LA/LA_net.tex.xbx,173,b5ede740,64,64,1
levels/LA/LA_net.tex.xbx,174,cb634f14,32,32,1
levels/LA/LA_net.tex.xbx,175,046960b0,128,128,1
levels/LA/LA_net.tex.xbx,176,f52956ec,32,32,1
levels/LA/LA_net.tex.xbx,177,1ef3eaa0,128,128,1
levels/LA/LA_net.tex.xbx,178,731f5ef0,64,64,5
levels/LA/LA_net.tex.xbx,179,47686e5c,64,64,1
levels/LA/LA_net.tex.xbx,180,10dadbd0,64,64,2
levels/LA/LA_net.tex.xbx,181,06aa8f38,64,64,1
levels/LA/LA_net.tex.xbx,182,ad3e3c64,128,128,1
levels/LA/LA_net.tex.xbx,183,367a0710,64,64,1
levels/LA/LA_net.tex.xbx,184,671be520,32,32,1
levels/LA/LA_net.tex.xbx,185,b18567f4,64,64,1
levels/LA/LA_net.tex.xbx,186,7c6f2748,64,64,1
levels/LA/LA_net.tex.xbx,187,edc84b60,32,64,1
levels/LA/LA_net.tex.xbx,188,c36758d8,128,128,1
levels/LA/LA_net.tex.xbx,189,3cbaac2c,128,128,1
levels/LA/LA_net.tex.xbx,190,1aa16b2c,128,128,1
levels/LA/LA_net.tex.xbx,191,ca6b61e0,128,128,1
levels/LA/LA_net.tex.xbx,192,dce23afc,128,128,1
levels/LA/LA_net.tex.xbx,193,1efedc50,64,64,1
levels/LA/LA_net.tex.xbx,194,17a0e624,32,32,1
levels/LA/LA_net.tex.xbx,195,3ec33fd8,128,32,5
levels/LA/LA_net.tex.xbx,196,ab28ae98,64,64,1
levels/LA/LA_net.tex.xbx,197,1942993c,32,64,5
levels/LA/LA_net.tex.xbx,198,15637e14,64,128,1
levels/LA/LA_net.tex.xbx,199,e4d29fe0,64,64,1
levels/LA/LA_net.tex.xbx,200,f36171cc,32,32,1
levels/LA/LA_net.tex.xbx,201,9db017b0,32,32,1
levels/LA/LA_net.tex.xbx,202,bd2d4cdc,128,128,1
levels/LA/LA_net.tex.xbx,203,26771a7c,64,64,5
levels/LA/LA_net.tex.xbx,204,79b0cb38,128,128,1
levels/LA/LA_net.tex.xbx,205,333c4354,64,64,1
levels/LA/LA_net.tex.xbx,206,1fb3f4fc,32,32,1
levels/LA/LA_net.tex.xbx,207,ce3e41a8,32,32,1
levels/LA/LA_net.tex.xbx,208,33af97fc,16,16,5
levels/LA/LA_net.tex.xbx,209,c75bde8c,64,16,1
levels/LA/LA_net.tex.xbx,210,e1e20808,16,64,1
levels/LA/LA_net.tex.xbx,211,22679efc,64,64,1
levels/LA/LA_net.tex.xbx,212,8b8ecd28,64,64,1
levels/LA/LA_net.tex.xbx,213,7a012c7c,64,64,1
levels/LA/LA_net.tex.xbx,214,e618780c,64,64,5
levels/LA/LA_net.tex.xbx,215,2a0d5de0,64,64,1
levels/LA/LA_net.tex.xbx,216,d46631c4,64,64,1
levels/LA/LA_net.tex.xbx,217,bbb3c460,64,64,1
levels/LA/LA_net.tex.xbx,218,a71aa480,64,64,1
levels/LA/LA_net.tex.xbx,219,dd1297b8,128,128,1
levels/LA/LA_net.tex.xbx,220,619d43a0,128,128,5
levels/LA/LA_net.tex.xbx,221,0fb2627c,128,64,5
levels/LA/LA_net.tex.xbx,222,55000c8c,32,32,1
levels/LA/LA_net.tex.xbx,223,559d673c,16,64,1
levels/LA/LA_net.tex.xbx,224,ad53f28c,32,32,1
levels/LA/LA_net.tex.xbx,225,2dee9914,64,128,1
levels/LA/LA_net.tex.xbx,226,c7bffe9c,64,64,1
levels/LA/LA_net.tex.xbx,227,9ee57168,64,64,5
levels/LA/LA_net.tex.xbx,228,acf18204,64,32,1
levels/LA/LA_net.tex.xbx,229,5a4b64c8,32,64,1
levels/LA/LA_net.tex.xbx,230,49d9216c,64,64,5
levels/LA/LA_net.tex.xbx,231,d8e55168,64,64,1
levels/LA/LA_net.tex.xbx,232,839ddd6c,128,64,1
levels/LA/LA_net.tex.xbx,233,50fad9ec,128,128,5
levels/LA/LA_net.tex.xbx,234,80c4e590,64,32,1
levels/LA/LA_net.tex.xbx,235,976cc9b0,64,64,1
levels/LA/LA_net.tex.xbx,236,ddca2b9c,128,128,1
levels/LA/LA_net.tex.xbx,237,d9e047d0,128,128,1
levels/LA/LA_net.tex.xbx,238,0e890acc,128,128,1
levels/LA/LA_net.tex.xbx,239,2b6d81d4,128,128,1
levels/LA/LA_net.tex.xbx,240,b5deb678,128,128,1
levels/LA/LA_net.tex.xbx,241,16b090a0,128,128,1
levels/LA/LA_net.tex.xbx,242,8069844c,128,128,1
levels/LA/LA_net.tex.xbx,243,bc9d2fb4,64,64,5
levels/LA/LA_net.tex.xbx,244,d260dae4,256,256,5
levels/LA/LA_net.tex.xbx,245,43cdba24,64,32,1
levels/LA/LA_net.tex.xbx,246,cf42fc20,32,32,1
levels/LA/LA_net.tex.xbx,247,05493cd0,32,32,1
levels/LA/LA_net.tex.xbx,248,94751a70,32,32,1
levels/LA/LA_net.tex.xbx,249,365a9534,64,64,1
levels/LA/LA_net.tex.xbx,250,627362d0,64,64,1
levels/LA/LA_net.tex.xbx,251,09850eec,16,16,1
levels/LA/LA_net.tex.xbx,252,70727ba4,64,32,1
levels/LA/LA_net.tex.xbx,253,5b5022bc,64,32,1
levels/LA/LA_net.tex.xbx,254,a7e455a8,32,32,1
levels/LA/LA_net.tex.xbx,255,2eeff50c,32,32,1
levels/LA/LA_net.tex.xbx,256,e24144a8,32,32,1
levels/LA/LA_net.tex.xbx,257,c4c0df48,32,32,1
levels/LA/LA_net.tex.xbx,258,5dac9f74,32,32,1
levels/LA/LA_net.tex.xbx,259,433b5d68,64,64,1
levels/LA/LA_net.tex.xbx,260,da4e2c40,64,32,5
levels/LA/LA_net.tex.xbx,261,4edbcd04,32,32,5
levels/LA/LA_net.tex.xbx,262,364b275c,32,64,1
levels/LA/LA_net.tex.xbx,263,171d7000,32,64,1
levels/LA/LA_net.tex.xbx,264,7e9115a0,64,64,1
levels/LA/LA_net.tex.xbx,265,b6490f88,32,64,1
levels/LA/LA_net.tex.xbx,266,c07a9138,64,64,1
levels/LA/LA_net.tex.xbx,267,1731f554,32,32,2
levels/LA/LA_net.tex.xbx,268,974ffba8,32,32,2
levels/LA/LA_net.tex.xbx,269,ea0825dc,32,32,1
levels/LA/LA_net.tex.xbx,270,d689a8e8,64,64,2
levels/LA/LA_net.tex.xbx,271,6aee0db0,64,64,1
levels/LA/LA_net.tex.xbx,272,dc37aeb4,64,64,5
levels/LA/LA_net.tex.xbx,273,1ae31fac,128,128,5
levels/LA/LA_net.tex.xbx,274,765d8eb4,128,128,5
levels/LA/LA_net.tex.xbx,275,e58de0dc,128,128,5
levels/LA/LA_net.tex.xbx,276,89326d84,128,128,5
levels/LA/LA_net.tex.xbx,277,78811028,64,64,1
levels/LA/LA_net.tex.xbx,278,6181e018,32,32,5
levels/LA/LA_net.tex.xbx,279,0bc58dcc,64,32,5
levels/LA/LA_net.tex.xbx,280,295050fc,64,64,5
levels/LA/LA_net.tex.xbx,281,334e3e20,128,128,1
levels/LA/LA_net.tex.xbx,282,bb7f097c,128,128,1
levels/LA/LA_net.tex.xbx,283,6ff1b028,32,32,1
levels/LA/LA_net.tex.xbx,284,3a7b1f34,64,64,1
levels/LA/LA_net.tex.xbx,285,35c58f2c,64,64,2
levels/LA/LA_net.tex.xbx,286,03dcbbcc,64,64,1
levels/LA/LA_net.tex.xbx,287,25158b5c,32,32,1
levels/LA/LA_net.tex.xbx,288,078f0a8c,64,128,5
levels/LA/LA_net.tex.xbx,289,3ecf4804,32,32,5
levels/LA/LA_net.tex.xbx,290,f1b75978,128,64,2
levels/LA/LA_net.tex.xbx,291,c6e432b4,128,128,2
levels/LA/LA_net.tex.xbx,292,347e5288,64,32,2
levels/LA/LA_net.tex.xbx,293,2f297a20,32,32,1
levels/LA/LA_net.tex.xbx,294,57e934d4,64,64,1
levels/LA/LA_net.tex.xbx,295,410c5948,64,128,1
levels/LA/LA_net.tex.xbx,296,97d44348,32,32,1
levels/LA/LA_net.tex.xbx,297,0af97b04,64,32,1
levels/LA/LA_net.tex.xbx,298,017e78d4,128,128,1
levels/LA/LA_net.tex.xbx,299,8662da1c,32,32,1
levels/LA/LA_net.tex.xbx,300,c791e9e4,32,32,1
levels/LA/LA_net.tex.xbx,301,c1c1a7c4,64,64,5
levels/LA/LA_net.tex.xbx,302,fb238908,64,64,5
levels/LA/LA_net.tex.xbx,303,64a64b9c,64,64,2
levels/LA/LA_net.tex.xbx,304,7154ca8c,64,64,5
levels/LA/LA_net.tex.xbx,305,d7f60490,64,64,5
levels/LA/LA_net.tex.xbx,306,297da1e4,128,128,5
levels/LA/LA_net.tex.xbx,307,42215e08,64,16,5
levels/LA/LA_net.tex.xbx,308,14926430,64,64,1
levels/LA/LA_net.tex.xbx,309,02091548,64,64,5
levels/LA/LA_net.tex.xbx,310,3a641804,64,64,1
levels/LA/LA_net.tex.xbx,311,78fa631c,32,32,1
levels/LA/LA_net.tex.xbx,312,9b44f0ec,32,32,1
levels/LA/LA_net.tex.xbx,313,7d5c40d0,64,64,1
levels/LA/LA_net.tex.xbx,314,676fea7c,64,64,1
levels/LA/LA_net.tex.xbx,315,a5f6d7f4,64,64,1
levels/LA/LA_net.tex.xbx,316,59ff418c,128,128,5
levels/LA/LA_net.tex.xbx,317,42ed5ad4,32,64,1
levels/LA/LA_net.tex.xbx,318,fe9f2658,64,128,1
levels/LA/LA_net.tex.xbx,319,78312cf8,8,64,2
levels/LA/LA_net.tex.xbx,320,d38a2570,64,64,5
levels/LA/LA_net.tex.xbx,321,491a9910,64,128,5
levels/LA/LA_net.tex.xbx,322,2c7ba19c,32,32,1
levels/LA/LA_net.tex.xbx,323,f01769e4,32,32,1
levels/LA/LA_net.tex.xbx,324,85792b38,32,32,1
levels/LA/LA_net.tex.xbx,325,eba54d48,64,64,1
levels/LA/LA_net.tex.xbx,326,a57bca24,64,64,1
levels/LA/LA_net.tex.xbx,327,508266e4,64,64,1
levels/LA/LA_net.tex.xbx,328,c1f81f60,32,32,1
levels/LA/LA_net.tex.xbx,329,568132a8,64,32,5
levels/LA/LA_net.tex.xbx,330,6fb467b4,32,32,5
levels/LA/LA_net.tex.xbx,331,430c4488,64,32,1
levels/LA/LA_net.tex.xbx,332,50a4f01c,64,64,1
levels/LA/LA_net.tex.xbx,333,7dd98c6c,128,128,2
levels/LA/LA_net.tex.xbx,334,2517e434,64,64,5
levels/LA/LA_net.tex.xbx,335,d04102bc,64,64,1
levels/LA/LA_net.tex.xbx,336,d9e3388c,32,32,1
levels/LA/LA_net.tex.xbx,337,c1ec85b8,32,32,2
levels/LA/LA_net.tex.xbx,338,fa75b56c,128,64,1
levels/LA/LA_net.tex.xbx,339,1158396c,64,32,5
levels/LA/LA_net.tex.xbx,340,b3d1ee34,128,128,5
levels/LA/LA_net.tex.xbx,341,db34e70c,64,64,1
levels/LA/LA_net.tex.xbx,342,d8e2ade4,64,32,1
levels/LA/LA_net.tex.xbx,343,09d4ecd8,128,128,1
levels/LA/LA_net.tex.xbx,344,5e0222e8,64,64,1
levels/LA/LA_net.tex.xbx,345,b55c1fbc,64,32,1
levels/LA/LA_net.tex.xbx,346,01beaf60,64,64,5
levels/LA/LA_net.tex.xbx,347,88fddbd0,128,128,5
levels/LA/LA_net.tex.xbx,348,2b4646c4,64,64,5
levels/LA_Sky/LA_Sky.tex.xbx,0,12190c28,64,64,1
levels/LA_Sky/LA_Sky.tex.xbx,1,afccf278,64,64,1
levels/LA_Sky/LA_Sky.tex.xbx,2,5bf81614,64,64,1
levels/LA_Sky/LA_Sky.tex.xbx,3,615793cc,64,64,1
levels/LA_Sky/LA_Sky.tex.xbx,4,965ffdbc,64,64,1
levels/LA_Sky/LA_Sky.tex.xbx,5,8c9e2348,32,32,5
levels/LA_Sky/LA_Sky.tex.xbx,6,4ac7e0a4,32,128,5
levels/LA_Sky/LA_Sky.tex.xbx,7,64d54be8,128,64,5
levels/LA_Sky/LA_Sky_net.tex.xbx,0,12190c28,64,64,1
levels/LA_Sky/LA_Sky_net.tex.xbx,1,afccf278,64,64,1
levels/LA_Sky/LA_Sky_net.tex.xbx,2,5bf81614,64,64,1
levels/LA_Sky/LA_Sky_net.tex.xbx,3,615793cc,64,64,1
levels/LA_Sky/LA_Sky_net.tex.xbx,4,965ffdbc,64,64,1
levels/LA_Sky/LA_Sky_net.tex.xbx,5,8c9e2348,32,32,5
levels/LA_Sky/LA_Sky_net.tex.xbx,6,4ac7e0a4,32,128,5
levels/LA_Sky/LA_Sky_net.tex.xbx,7,64d54be8,128,64,5
levels/NO/NO.tex.xbx,0,9d366348,128,64,1
levels/NO/NO.tex.xbx,1,76df59f4,64,64,5
levels/NO/NO.tex.xbx,2,f75e34d0,128,128,5
levels/NO/NO.tex.xbx,3,57436738,128,64,5
levels/NO/NO.tex.xbx,4,18d7c980,128,128,1
levels/NO/NO.tex.xbx,5,93436220,128,64,5
levels/NO/NO.tex.xbx,6,1e29096c,128,128,5
levels/NO/NO.tex.xbx,7,35fa32f0,64,32,1
levels/NO/NO.tex.xbx,8,50d8df24,128,16,5
levels/NO/NO.tex.xbx,9,a5c387f0,128,128,5
levels/NO/NO.tex.xbx,10,4f41922c,64,64,5
levels/NO/NO.tex.xbx,11,b5c13e8c,128,128,5
levels/NO/NO.tex.xbx,12,2ff7ce18,128,128,1
levels/NO/NO.tex.xbx,13,67ce1424,64,64,1
levels/NO/NO.tex.xbx,14,f042c8a8,128,128,5
levels/NO/NO.tex.xbx,15,ba5aa784,64,64,1
levels/NO/NO.tex.xbx,16,f6468eb0,64,128,1
levels/NO/NO.tex.xbx,17,27d42af4,32,64,1
levels/NO/NO.tex.xbx,18,6c6bb76c,32,64,5
levels/NO/NO.tex.xbx,19,c6ba7f30,32,32,5
levels/NO/NO.tex.xbx,20,febd0ca0,128,128,1
levels/NO/NO.tex.xbx,21,ab1d7de0,64,64,5
levels/NO/NO.tex.xbx,22,1057a77c,64,64,1
levels/NO/NO.tex.xbx,23,6d3b774c,16,16,1
levels/NO/NO.tex.xbx,24,01290e4c,64,64,1
levels/NO/NO.tex.xbx,25,c6010f4c,64,64,5
levels/NO/NO.tex.xbx,26,2ab48e90,32,64,5
levels/NO/NO.tex.xbx,27,67f7fc70,64,32,5
levels/NO/NO.tex.xbx,28,7921dcd4,32,32,5
levels/NO/NO.tex.xbx,29,b5bb3d60,32,32,5
levels/NO/NO.tex.xbx,30,2b8b788c,64,64,5
levels/NO/NO.tex.xbx,31,da00c0b8,32,64,5
levels/NO/NO.tex.xbx,32,723996b8,32,32,5
levels/NO/NO.tex.xbx,33,52e2c030,64,64,1
levels/NO/NO.tex.xbx,34,84588674,64,128,1
levels/NO/NO.tex.xbx,35,c487d3b4,64,64,1
levels/NO/NO.tex.xbx,36,6084f578,64,128,5
levels/NO/NO.tex.xbx,37,e8709a40,32,32,1
levels/NO/NO.tex.xbx,38,4a9cc22c,16,16,1
levels/NO/NO.tex.xbx,39,bc0f7418,16,16,1
levels/NO/NO.tex.xbx,40,91884350,32,32,1
levels/NO/NO.tex.xbx,41,f1403994,32,16,1
levels/NO/NO.tex.xbx,42,d5b6baf8,32,32,1
levels/NO/NO.tex.xbx,43,26917774,32,32,5
levels/NO/NO.tex.xbx,44,4b2f06ec,32,16,5
levels/NO/NO.tex.xbx,45,24868c14,128,128,1
levels/NO/NO.tex.xbx,46,e7bd9540,128,128,1
levels/NO/NO.tex.xbx,47,46feae44,128,128,1
levels/NO/NO.tex.xbx,48,8debf178,128,128,5
levels/NO/NO.tex.xbx,49,2b2ba034,128,128,5
levels/NO/NO.tex.xbx,50,673592ac,128,128,1
levels/NO/NO.tex.xbx,51,71a66dec,128,128,1
levels/NO/NO.tex.xbx,52,ab94b10c,128,128,5
levels/NO/NO.tex.xbx,53,825a5a88,128,128,1
levels/NO/NO.tex.xbx,54,f4a6238c,128,128,1
levels/NO/NO.tex.xbx,55,e10ba230,128,128,1
levels/NO/NO.tex.xbx,56,187daeec,128,128,1
levels/NO/NO.tex.xbx,57,5944fae0,128,128,1
levels/NO/NO.tex.xbx,58,34fb8368,128,128,5
levels/NO/NO.tex.xbx,59,67932e2c,64,128,5
levels/NO/NO.tex.xbx,60,e985c33c,128,128,1
levels/NO/NO.tex.xbx,61,6d820418,128,128,1
levels/NO/NO.tex.xbx,62,7baed1e0,128,128,1
levels/NO/NO.tex.xbx,63,f598e474,128,128,1
levels/NO/NO.tex.xbx,64,dda6343c,64,128,1
levels/NO/NO.tex.xbx,65,0c9b4f64,64,64,5
levels/NO/NO.tex.xbx,66,28f59c40,32,32,1
levels/NO/NO.tex.xbx,67,90a5be3c,128,128,5
levels/NO/NO.tex.xbx,68,8219ad64,128,64,1
levels/NO/NO.tex.xbx,69,0a7c3b58,128,32,5
levels/NO/NO.tex.xbx,70,fbf18dec,64,32,5
levels/NO/NO.tex.xbx,71,8fce5100,128,128,5
levels/NO/NO.tex.xbx,72,105b8f44,128,128,1
levels/NO/NO.tex.xbx,73,dee5e700,64,64,1
levels/NO/NO.tex.xbx,74,231de180,128,64,5
levels/NO/NO.tex.xbx,75,984d0474,128,32,5
levels/NO/NO.tex.xbx,76,aa3e7e54,128,64,1
levels/NO/NO.tex.xbx,77,e02a7d80,32,128,5
levels/NO/NO.tex.xbx,78,8c0f90cc,64,64,5
levels/NO/NO.tex.xbx,79,a7ab1948,32,32,5
levels/NO/NO.tex.xbx,80,c0937b88,32,32,5
levels/NO/NO.tex.xbx,81,326ffe80,128,64,1
levels/NO/NO.tex.xbx,82,831a92b0,128,128,5
levels/NO/NO.tex.xbx,83,877ce04c,64,64,1
levels/NO/NO.tex.xbx,84,72f298f8,64,64,1
levels/NO/NO.tex.xbx,85,053a68d0,32,64,1
levels/NO/NO.tex.xbx,86,93c189d0,32,32,5
levels/NO/NO.tex.xbx,87,ebc36d54,64,128,1
levels/NO/NO.tex.xbx,88,dfe7f7ec,128,128,5
levels/NO/NO.tex.xbx,89,80bec428,128,128,1
levels/NO/NO.tex.xbx,90,01666a04,32,32,5
levels/NO/NO.tex.xbx,91,f1614840,128,64,1
levels/NO/NO.tex.xbx,92,7116e5f4,128,64,1
levels/NO/NO.tex.xbx,93,43d9e48c,128,128,1
levels/NO/NO.tex.xbx,94,c34b24f4,128,128,1
levels/NO/NO.tex.xbx,95,0aa25d48,128,64,1
levels/NO/NO.tex.xbx,96,5b7b2580,128,128,5
levels/NO/NO.tex.xbx,97,73f76a6c,128,128,1
levels/NO/NO.tex.xbx,98,557d6388,128,128,1
levels/NO/NO.tex.xbx,99,f8f8ea90,128,128,1
levels/NO/NO.tex.xbx,100,1e10e9e0,64,64,5
levels/NO/NO.tex.xbx,101,b61e5fa8,128,128,1
levels/NO/NO.tex.xbx,102,82307868,64,64,1
levels/NO/NO.tex.xbx,103,ccd80c68,128,128,1
levels/NO/NO.tex.xbx,104,3910b418,64,64,1
levels/NO/NO.tex.xbx,105,ba855150,32,16,5
levels/NO/NO.tex.xbx,106,1f17995c,128,128,1
levels/NO/NO.tex.xbx,107,9a170244,128,64,1
levels/NO/NO.tex.xbx,108,68b1ff88,128,64,5
levels/NO/NO.tex.xbx,109,8a1cff50,128,128,1
levels/NO/NO.tex.xbx,110,3a46aa98,128,64,1
levels/NO/NO.tex.xbx,111,a40b85c4,64,64,5
levels/NO/NO.tex.xbx,112,a9e6d4b4,128,128,1
levels/NO/NO.tex.xbx,113,2f033be0,128,64,5
levels/NO/NO.tex.xbx,114,b33960c4,128,128,5
levels/NO/NO.tex.xbx,115,7b915a08,128,128,5
levels/NO/NO.tex.xbx,116,85a79480,32,32,1
levels/NO/NO.tex.xbx,117,0c42e040,64,128,1
levels/NO/NO.tex.xbx,118,7e50b8e8,64,64,1
levels/NO/NO.tex.xbx,119,31f3184c,64,64,1
levels/NO/NO.tex.xbx,120,54a98f3c,32,32,1
levels/NO/NO.tex.xbx,121,dbfd1ebc,128,128,5
levels/NO/NO.tex.xbx,122,2a725ae8,64,64,5
levels/NO/NO.tex.xbx,123,04d49624,64,16,5
levels/NO/NO.tex.xbx,124,2b8c0790,128,128,5
levels/NO/NO.tex.xbx,125,2ed16f08,128,64,1
levels/NO/NO.tex.xbx,126,7d746bfc,64,64,1
levels/NO/NO.tex.xbx,127,42e7dee0,64,128,1
levels/NO/NO.tex.xbx,128,aa757cb8,128,128,5
levels/NO/NO.tex.xbx,129,848d309c,128,128,1
levels/NO/NO.tex.xbx,130,3a148908,128,128,5
levels/NO/NO.tex.xbx,131,f8a4a870,128,128,1
levels/NO/NO.tex.xbx,132,a132a264,128,128,1
levels/NO/NO.tex.xbx,133,79bc3778,128,128,1
levels/NO/NO.tex.xbx,134,3830ea20,128,128,1
levels/NO/NO.tex.xbx,135,79895558,128,128,1
levels/NO/NO.tex.xbx,136,bb02834c,64,64,5
levels/NO/NO.tex.xbx,137,b10ea90c,64,64,5
levels/NO/NO.tex.xbx,138,d9feaf14,64,128,5
levels/NO/NO.tex.xbx,139,5e889b04,128,64,1
levels/NO/NO.tex.xbx,140,6a8286d0,128,128,1
levels/NO/NO.tex.xbx,141,2c53b2d8,64,128,5
levels/NO/NO.tex.xbx,142,0569c4f8,32,64,5
levels/NO/NO.tex.xbx,143,54f04a00,32,32,5
levels/NO/NO.tex.xbx,144,a3dc0e18,64,128,5
levels/NO/NO.tex.xbx,145,941c3518,128,128,1
levels/NO/NO.tex.xbx,146,91ca37e8,128,64,5
levels/NO/NO.tex.xbx,147,1b93991c,64,64,5
levels/NO/NO.tex.xbx,148,413b4310,64,64,5
levels/NO/NO.tex.xbx,149,9ea7b754,128,128,1
levels/NO/NO.tex.xbx,150,7fa5a18c,32,32,1
levels/NO/NO.tex.xbx,151,22095e74,32,64,5
levels/NO/NO.tex.xbx,152,395ac4d8,64,128,5
levels/NO/NO.tex.xbx,153,5de63cb0,128,128,5
levels/NO/NO.tex.xbx,154,6b0eb680,128,128,1
levels/NO/NO.tex.xbx,155,6bd98f84,64,64,5
levels/NO/NO.tex.xbx,156,0b07a410,128,64,5
levels/NO/NO.tex.xbx,157,88720eec,16,32,1
levels/NO/NO.tex.xbx,158,0f800088,32,32,5
levels/NO/NO.tex.xbx,159,4bc3b89c,128,128,1
levels/NO/NO.tex.xbx,160,05a225c4,128,128,5
levels/NO/NO.tex.xbx,161,0bc41dc0,128,64,5
levels/NO/NO.tex.xbx,162,a8ac58f0,32,32,1
levels/NO/NO.tex.xbx,163,d1f09d40,64,128,5
levels/NO/NO.tex.xbx,164,d9f598bc,64,64,1
levels/NO/NO.tex.xbx,165,b892f8ec,128,128,1
levels/NO/NO.tex.xbx,166,41eef7fc,64,64,5
levels/NO/NO.tex.xbx,167,5f454424,32,32,1
levels/NO/NO.tex.xbx,168,f4844828,128,128,5
levels/NO/NO.tex.xbx,169,4377b2f0,32,32,1
levels/NO/NO.tex.xbx,170,a95bfcf4,64,128,5
levels/NO/NO.tex.xbx,171,d3ce5810,128,128,1
levels/NO/NO.tex.xbx,172,4cf45a8c,128,128,5
levels/NO/NO.tex.xbx,173,021f8ff0,128,128,1
levels/NO/NO.tex.xbx,174,4ed31264,128,128,1
levels/NO/NO.tex.xbx,175,ee7f7870,64,64,1
levels/NO/NO.tex.xbx,176,db547408,128,64,1
levels/NO/NO.tex.xbx,177,d8683910,128,128,5
levels/NO/NO.tex.xbx,178,a6e1053c,128,128,5
levels/NO/NO.tex.xbx,179,fa515884,64,64,5
levels/NO/NO.tex.xbx,180,fa9273b4,128,64,5
levels/NO/NO.tex.xbx,181,14f5a2e0,128,128,1
levels/NO/NO.tex.xbx,182,5f501d0c,64,64,5
levels/NO/NO.tex.xbx,183,02899918,64,128,5
levels/NO/NO.tex.xbx,184,967865bc,128,128,1
levels/NO/NO.tex.xbx,185,af8d79c8,128,64,5
levels/NO/NO.tex.xbx,186,892b1168,64,64,1
levels/NO/NO.tex.xbx,187,f1ca8bd8,64,32,1
levels/NO/NO.tex.xbx,188,aa150c2c,64,128,5
levels/NO/NO.tex.xbx,189,bf306828,64,64,5
levels/NO/NO.tex.xbx,190,ba454018,64,128,5
levels/NO/NO.tex.xbx,191,f46c9270,32,32,1
levels/NO/NO.tex.xbx,192,b0ce6bc0,128,64,5
levels/NO/NO.tex.xbx,193,9cb5fde8,32,32,5
levels/NO/NO.tex.xbx,194,e88cf654,64,64,1
levels/NO/NO.tex.xbx,195,715f0a58,128,64,5
levels/NO/NO.tex.xbx,196,c786a674,64,128,5
levels/NO/NO.tex.xbx,197,c8a7149c,128,128,5
levels/NO/NO.tex.xbx,198,b5712fa4,64,128,5
levels/NO/NO.tex.xbx,199,2799833c,128,64,5
levels/NO/NO.tex.xbx,200,781b8f98,32,32,5
levels/NO/NO.tex.xbx,201,fb3e5f8c,128,128,5
levels/NO/NO.tex.xbx,202,1b8bdbfc,32,64,5
levels/NO/NO.tex.xbx,203,62cd53d0,32,32,1
levels/NO/NO.tex.xbx,204,a45c8040,64,64,1
levels/NO/NO.tex.xbx,205,7de14fa0,64,64,5
levels/NO/NO.tex.xbx,206,65f5e748,128,128,1
levels/NO/NO.tex.xbx,207,537e6200,64,64,5
levels/NO/NO.tex.xbx,208,4a66b438,128,64,1
levels/NO/NO.tex.xbx,209,ee86ed9c,128,64,5
levels/NO/NO.tex.xbx,210,05ab8480,64,64,5
levels/NO/NO.tex.xbx,211,20af3d60,64,64,5
levels/NO/NO.tex.xbx,212,e7178374,128,128,5
levels/NO/NO.tex.xbx,213,553d4664,128,64,5
levels/NO/NO.tex.xbx,214,5909d0a8,16,16,1
levels/NO/NO.tex.xbx,215,bef554e8,64,128,5
levels/NO/NO.tex.xbx,216,0d9fe00c,64,32,1
levels/NO/NO.tex.xbx,217,df2aa638,64,64,1
levels/NO/NO.tex.xbx,218,e773c218,128,128,1
levels/NO/NO.tex.xbx,219,4bafea34,128,128,1
levels/NO/NO.tex.xbx,220,d1f16ff4,64,128,5
levels/NO/NO.tex.xbx,221,9e5ac1ec,128,128,1
levels/NO/NO.tex.xbx,222,77aceb84,16,16,5
levels/NO/NO.tex.xbx,223,dcab98c0,128,128,5
levels/NO/NO.tex.xbx,224,403927a8,128,32,5
levels/NO/NO.tex.xbx,225,52182034,64,64,5
levels/NO/NO.tex.xbx,226,b3ea267c,64,64,5
levels/NO/NO.tex.xbx,227,71eb0ac0,16,32,1
levels/NO/NO.tex.xbx,228,701788fc,64,32,1
levels/NO/NO.tex.xbx,229,ad6e2028,128,128,1
levels/NO/NO.tex.xbx,230,2df5db44,64,64,1
levels/NO/NO.tex.xbx,231,d95c9f00,64,128,5
levels/NO/NO.tex.xbx,232,ee8b8ac4,64,64,1
levels/NO/NO.tex.xbx,233,541edf60,64,64,1
levels/NO/NO.tex.xbx,234,e3083e64,128,32,1
levels/NO/NO.tex.xbx,235,04861c20,128,64,1
levels/NO/NO.tex.xbx,236,a1dbca90,128,64,5
levels/NO/NO.tex.xbx,237,1030e7d8,128,128,1
levels/NO/NO.tex.xbx,238,39f06f4c,32,16,1
levels/NO/NO.tex.xbx,239,9f6b3da8,16,16,1
levels/NO/NO.tex.xbx,240,369c16dc,16,16,5
levels/NO/NO.tex.xbx,241,4bd0062c,128,128,5
levels/NO/NO.tex.xbx,242,9256ce90,32,16,5
levels/NO/NO.tex.xbx,243,f5bc9de0,128,128,1
levels/NO/NO.tex.xbx,244,dcf0c6d0,32,32,5
levels/NO/NO.tex.xbx,245,51bccaf4,128,128,1
levels/NO/NO.tex.xbx,246,e2a0e840,64,64,5
levels/NO/NO.tex.xbx,247,d593f7a8,64,64,1
levels/NO/NO.tex.xbx,248,c9366a30,128,64,5
levels/NO/NO.tex.xbx,249,cd6f0864,64,32,5
levels/NO/NO.tex.xbx,250,8ccda134,16,32,5
levels/NO/NO.tex.xbx,251,d5468900,64,64,5
levels/NO/NO.tex.xbx,252,2075998c,32,16,5
levels/NO/NO.tex.xbx,253,3978abb8,128,64,5
levels/NO/NO.tex.xbx,254,34ca992c,64,64,1
levels/NO/NO.tex.xbx,255,deabbe04,32,32,5
levels/NO/NO.tex.xbx,256,49a1dbc0,32,64,5
levels/NO/NO.tex.xbx,257,4a78955c,64,64,1
levels/NO/NO.tex.xbx,258,f6795a64,128,128,5
levels/NO/NO.tex.xbx,259,0f1788cc,64,64,1
levels/NO/NO.tex.xbx,260,1aa7eabc,64,128,1
levels/NO/NO.tex.xbx,261,631166dc,128,64,1
levels/NO/NO.tex.xbx,262,5032e418,128,64,1
levels/NO/NO.tex.xbx,263,f57b6c04,64,32,5
levels/NO/NO.tex.xbx,264,64baf7bc,128,64,5
levels/NO/NO.tex.xbx,265,3f552398,128,64,1
levels/NO/NO.tex.xbx,266,a5abf260,128,128,5
levels/NO/NO.tex.xbx,267,f701cbd8,32,64,5
levels/NO/NO.tex.xbx,268,93b33578,64,64,1
levels/NO/NO.tex.xbx,269,4b69ecd8,128,128,1
levels/NO/NO.tex.xbx,270,53758454,128,128,1
levels/NO/NO.tex.xbx,271,0e91e4f4,32,64,1
levels/NO/NO.tex.xbx,272,ffc0fb60,128,64,5
levels/NO/NO.tex.xbx,273,4ebccc74,16,16,1
levels/NO/NO.tex.xbx,274,192be1d4,128,128,5
levels/NO/NO.tex.xbx,275,9f89a3b0,128,128,1
levels/NO/NO.tex.xbx,276,fc3619d8,128,128,1
levels/NO/NO.tex.xbx,277,d1ff877c,128,128,1
levels/NO/NO.tex.xbx,278,ada2e958,128,128,1
levels/NO/NO.tex.xbx,279,d3f48810,128,128,5
levels/NO/NO.tex.xbx,280,d20c57e4,128,128,1
levels/NO/NO.tex.xbx,281,9e2dfeac,128,128,5
levels/NO/NO.tex.xbx,282,4fcb2a58,128,128,5
levels/NO/NO.tex.xbx,283,9e558eec,128,128,5
levels/NO/NO.tex.xbx,284,ebd48dec,64,64,5
levels/NO/NO.tex.xbx,285,384d6a3c,128,128,1
levels/NO/NO.tex.xbx,286,d99e5970,64,64,1
levels/NO/NO.tex.xbx,287,97701bf8,128,128,1
levels/NO/NO.tex.xbx,288,8e02ef68,64,128,1
levels/NO/NO.tex.xbx,289,09bac838,128,128,1
levels/NO/NO.tex.xbx,290,5ebfb00c,64,64,5
levels/NO/NO.tex.xbx,291,244b4208,64,64,5
levels/NO/NO.tex.xbx,292,b2c0f49c,64,64,5
levels/NO/NO.tex.xbx,293,de3be0f8,32,32,1
levels/NO/NO.tex.xbx,294,b09ad338,128,64,5
levels/NO/NO.tex.xbx,295,6210730c,128,128,5
levels/NO/NO.tex.xbx,296,2d4ffec0,128,32,5
levels/NO/NO.tex.xbx,297,e9216dcc,64,64,5
levels/NO/NO.tex.xbx,298,57adffac,128,128,1
levels/NO/NO.tex.xbx,299,3e2ffe94,128,64,1
levels/NO/NO.tex.xbx,300,c2e9ff74,128,128,5
levels/NO/NO.tex.xbx,301,876a0474,128,128,5
levels/NO/NO.tex.xbx,302,f75f3b58,128,128,5
levels/NO/NO.tex.xbx,303,72dfc230,128,128,5
levels/NO/NO.tex.xbx,304,1c01475c,16,32,5
levels/NO/NO.tex.xbx,305,36b96840,64,128,5
levels/NO/NO.tex.xbx,306,9a3a22b8,16,128,1
levels/NO/NO.tex.xbx,307,0c36a4d4,32,32,5
levels/NO/NO.tex.xbx,308,6fbd66e0,128,128,1
levels/NO/NO.tex.xbx,309,378feb3c,128,64,5
levels/NO/NO.tex.xbx,310,1da964d0,64,64,5
levels/NO/NO.tex.xbx,311,b32de3bc,128,128,5
levels/NO/NO.tex.xbx,312,4c812c94,128,128,5
levels/NO/NO.tex.xbx,313,a10ecd10,128,128,5
levels/NO/NO.tex.xbx,314,5f5bd25c,64,128,5
levels/NO/NO.tex.xbx,315,47b7ec58,128,128,1
levels/NO/NO.tex.xbx,316,582c99d0,64,64,5
levels/NO/NO.tex.xbx,317,feeb64e0,64,128,1
levels/NO/NO.tex.xbx,318,3e79fb50,128,64,1
levels/NO/NO.tex.xbx,319,40b8bc88,16,16,5
levels/NO/NO.tex.xbx,320,953ad1d4,128,128,1
levels/NO/NO.tex.xbx,321,4c100400,128,64,1
levels/NO/NO.tex.xbx,322,bbcdd988,128,128,1
levels/NO/NO.tex.xbx,323,0d7ba678,128,128,1
levels/NO/NO.tex.xbx,324,5d340ddc,128,128,1
levels/NO/NO.tex.xbx,325,d95ae378,128,128,1
levels/NO/NO.tex.xbx,326,c4641f8c,128,128,1
levels/NO/NO.tex.xbx,327,5920d8b0,64,64,1
levels/NO/NO.tex.xbx,328,6b8d723c,128,128,5
levels/NO/NO.tex.xbx,329,c4b05538,128,128,5
levels/NO/NO.tex.xbx,330,adf42dd8,128,128,5
levels/NO/NO.tex.xbx,331,a8daae14,128,128,1
levels/NO/NO.tex.xbx,332,d8c28048,128,128,1
levels/NO/NO.tex.xbx,333,828d473c,32,128,5
levels/NO/NO.tex.xbx,334,34d559f4,128,128,1
levels/NO/NO.tex.xbx,335,027f4194,128,128,5
levels/NO/NO.tex.xbx,336,18a26a5c,128,128,1
levels/NO/NO.tex.xbx,337,8a7a520c,64,64,5
levels/NO/NO.tex.xbx,338,fe86af90,128,128,1
levels/NO/NO.tex.xbx,339,12f95714,64,128,1
levels/NO/NO.tex.xbx,340,0c5fecd8,128,128,1
levels/NO/NO.tex.xbx,341,5a8671c8,128,128,1
levels/NO/NO.tex.xbx,342,e4305954,128,128,5
levels/NO/NO.tex.xbx,343,bb41f440,64,128,1
levels/NO/NO.tex.xbx,344,86213bec,128,128,1
levels/NO/NO.tex.xbx,345,64b64874,128,128,1
levels/NO/NO.tex.xbx,346,8f8a2ccc,32,32,5
levels/NO/NO.tex.xbx,347,86957d64,128,128,5
levels/NO/NO.tex.xbx,348,088ab9ec,64,64,1
levels/NO/NO.tex.xbx,349,97937d58,128,128,5
levels/NO/NO.tex.xbx,350,3e39ffc0,64,128,1
levels/NO/NO.tex.xbx,351,19534b90,128,128,1
levels/NO/NO.tex.xbx,352,bc6a8938,64,32,5
levels/NO/NO.tex.xbx,353,7aeb5a38,32,32,5
levels/NO/NO.tex.xbx,354,9f362470,32,32,5
levels/NO/NO.tex.xbx,355,6cf12108,128,128,1
levels/NO/NO.tex.xbx,356,f53bb628,64,32,5
levels/NO/NO.tex.xbx,357,eb2a043c,128,128,5
levels/NO/NO.tex.xbx,358,739822e4,128,128,1
levels/NO/NO.tex.xbx,359,f6b4b268,128,64,5
levels/NO/NO.tex.xbx,360,f9065fcc,128,128,1
levels/NO/NO.tex.xbx,361,6f4cba34,32,128,1
levels/NO/NO.tex.xbx,362,09044fc4,128,128,5
levels/NO/NO.tex.xbx,363,32c6ee3c,128,128,5
levels/NO/NO.tex.xbx,364,6253ed68,64,128,1
levels/NO/NO.tex.xbx,365,2c03d768,64,64,1
levels/NO/NO.tex.xbx,366,536a2f6c,64,128,5
levels/NO/NO.tex.xbx,367,41187360,64,64,5
levels/NO/NO.tex.xbx,368,7ebcacd8,128,128,1
levels/NO/NO.tex.xbx,369,f6e17fc8,64,64,1
levels/NO/NO.tex.xbx,370,7978c00c,64,64,5
levels/NO/NO.tex.xbx,371,18774030,64,64,5
levels/NO/NO.tex.xbx,372,8223a190,128,128,1
levels/NO/NO.tex.xbx,373,f4e71894,128,128,5
levels/NO/NO.tex.xbx,374,048f6e00,64,64,1
levels/NO/NO.tex.xbx,375,f7fe2cfc,128,128,5
levels/NO/NO.tex.xbx,376,7448d158,128,128,5
levels/NO/NO.tex.xbx,377,9138d344,32,64,1
levels/NO/NO.tex.xbx,378,03b9f810,64,64,5
levels/NO/NO.tex.xbx,379,68068638,128,128,5
levels/NO/NO.tex.xbx,380,4cdf3ca8,64,128,1
levels/NO/NO.tex.xbx,381,c2472104,32,128,5
levels/NO/NO.tex.xbx,382,ab021c48,128,128,1
levels/NO/NO.tex.xbx,383,20656d14,128,128,1
levels/NO/NO.tex.xbx,384,a8549fb0,128,128,1
levels/NO/NO.tex.xbx,385,9cc763b8,128,128,1
levels/NO/NO.tex.xbx,386,e3b33c34,128,64,1
levels/NO/NO.tex.xbx,387,1e60cf04,128,128,1
levels/NO/NO.tex.xbx,388,a64ed730,128,128,1
levels/NO/NO.tex.xbx,389,f2d60248,128,128,1
levels/NO/NO.tex.xbx,390,6bf4ce04,128,128,1
levels/NO/NO.tex.xbx,391,42e03f5c,128,128,1
levels/NO/NO.tex.xbx,392,4b086130,128,128,1
levels/NO/NO.tex.xbx,393,33357d10,128,128,5
levels/NO/NO.tex.xbx,394,54c11f74,128,128,1
levels/NO/NO.tex.xbx,395,2da86c6c,128,64,1
levels/NO/NO.tex.xbx,396,39ba634c,128,128,5
levels/NO/NO.tex.xbx,397,e795acd0,128,128,1
levels/NO/NO.tex.xbx,398,904a1638,128,128,5
levels/NO/NO.tex.xbx,399,5472e364,128,128,1
levels/NO/NO.tex.xbx,400,ebea2dd8,128,128,1
levels/NO/NO.tex.xbx,401,67213764,128,128,1
levels/NO/NO.tex.xbx,402,c0618388,32,128,5
levels/NO/NO.tex.xbx,403,32c9e544,128,128,5
levels/NO/NO.tex.xbx,404,50267474,64,64,5
levels/NO/NO.tex.xbx,405,139f40e0,128,128,1
levels/NO/NO.tex.xbx,406,89c537d0,128,128,1
levels/NO/NO.tex.xbx,407,8ce5bc78,16,16,1
levels/NO/NO.tex.xbx,408,4f1fb168,128,128,5
levels/NO/NO.tex.xbx,409,9daa153c,128,128,5
levels/NO/NO.tex.xbx,410,fd9ceee8,128,128,5
levels/NO/NO.tex.xbx,411,90c493c8,64,128,5
levels/NO/NO.tex.xbx,412,50a9f33c,128,128,1
levels/NO/NO.tex.xbx,413,c2148864,128,128,1
levels/NO/NO.tex.xbx,414,7ddcbd78,128,64,5
levels/NO/NO.tex.xbx,415,32c6284c,32,32,1
levels/NO/NO.tex.xbx,416,5cc80748,128,128,5
levels/NO/NO.tex.xbx,417,091999c0,64,128,1
levels/NO/NO.tex.xbx,418,af64e16c,64,64,1
levels/NO/NO.tex.xbx,419,bd2ec8b8,32,32,5
levels/NO/NO.tex.xbx,420,9dedacec,128,64,5
levels/NO/NO.tex.xbx,421,49da0de0,64,64,5
levels/NO/NO.tex.xbx,422,fa3914d4,64,64,5
levels/NO/NO.tex.xbx,423,ad78e4e4,32,32,5
levels/NO/NO.tex.xbx,424,0a6997fc,64,64,5
levels/NO/NO.tex.xbx,425,714716b4,128,64,5
levels/NO/NO.tex.xbx,426,bc17ff5c,32,32,1
levels/NO/NO.tex.xbx,427,586fce24,128,128,1
levels/NO/NO.tex.xbx,428,f5e19730,64,64,5
levels/NO/NO.tex.xbx,429,7a66d734,128,64,5
levels/NO/NO.tex.xbx,430,be82282c,128,128,1
levels/NO/NO.tex.xbx,431,76e96918,32,32,1
levels/NO/NO.tex.xbx,432,c65fc768,64,128,5
levels/NO/NO.tex.xbx,433,36509ec0,128,128,1
levels/NO/NO.tex.xbx,434,02bd7214,64,64,5
levels/NO/NO.tex.xbx,435,f4ca8180,64,8,5
levels/NO/NO.tex.xbx,436,bc02e148,128,64,1
levels/NO/NO.tex.xbx,437,beee1eb4,128,128,1
levels/NO/NO.tex.xbx,438,1713a104,64,64,5
levels/NO/NO.tex.xbx,439,23bc877c,64,128,5
levels/NO/NO.tex.xbx,440,ba9ab244,128,128,1
levels/NO/NO.tex.xbx,441,1e0981bc,64,32,1
levels/NO/NO.tex.xbx,442,22986c94,128,128,1
levels/NO/NO.tex.xbx,443,670eca28,64,64,1
levels/NO/NO.tex.xbx,444,cdf6fc58,32,32,5
levels/NO/NO.tex.xbx,445,5d121468,32,16,1
levels/NO/NO.tex.xbx,446,77ab8518,32,32,1
levels/NO/NO.tex.xbx,447,d14bfdb0,32,32,1
levels/NO/NO.tex.xbx,448,31b4cbc4,128,64,5
levels/NO/NO.tex.xbx,449,9cf873bc,16,16,1
levels/NO/NO.tex.xbx,450,b19eb354,16,8,1
levels/NO/NO.tex.xbx,451,b02dc4a4,16,8,1
levels/NO/NO.tex.xbx,452,34097998,16,16,1
levels/NO/NO.tex.xbx,453,f338fe08,32,32,1
levels/NO/NO.tex.xbx,454,fffc3aa0,32,64,5
levels/NO/NO.tex.xbx,455,24e3265c,128,64,1
levels/NO/NO.tex.xbx,456,47621e50,64,32,5
levels/NO/NO.tex.xbx,457,10b06a68,32,32,5
levels/NO/NO.tex.xbx,458,e0d41c5c,128,128,5
levels/NO/NO.tex.xbx,459,cea8e36c,64,64,5
levels/NO/NO.tex.xbx,460,e79f0890,32,32,5
levels/NO/NO.tex.xbx,461,ba0f6524,16,8,5
levels/NO/NO.tex.xbx,462,322b7be4,32,32,5
levels/NO/NO.tex.xbx,463,84a68b28,64,32,5
levels/NO/NO.tex.xbx,464,87f676a4,64,32,5
levels/NO/NO.tex.xbx,465,8dce2448,128,128,5
levels/NO/NO.tex.xbx,466,82a72904,128,128,1
levels/NO/NO.tex.xbx,467,20588da0,128,128,5
levels/NO/NO.tex.xbx,468,b73e4934,64,64,2
levels/NO/NO.tex.xbx,469,cc54de58,64,128,1
levels/NO/NO.tex.xbx,470,451bb928,128,128,1
levels/NO/NO.tex.xbx,471,2184ac28,64,64,5
levels/NO/NO.tex.xbx,472,b30f4d7c,128,128,5
levels/NO/NO.tex.xbx,473,fca5a2f8,128,128,5
levels/NO/NO.tex.xbx,474,f6ad34b4,64,32,1
levels/NO/NO.tex.xbx,475,4a3a2504,64,64,5
levels/NO/NO.tex.xbx,476,9c6efa5c,128,128,5
levels/NO/NO.tex.xbx,477,679d6b34,128,128,1
levels/NO/NO.tex.xbx,478,4bfb96b8,128,128,1
levels/NO/NO.tex.xbx,479,239b3014,128,128,1
levels/NO/NO.tex.xbx,480,5aa2f67c,128,128,5
levels/NO/NO.tex.xbx,481,fdee5c74,128,128,5
levels/NO/NO.tex.xbx,482,8d0ed998,64,64,1
levels/NO/NO.tex.xbx,483,93131e70,128,128,1
levels/NO/NO.tex.xbx,484,55936fcc,128,128,5
levels/NO/NO.tex.xbx,485,a7ac713c,64,64,1
levels/NO/NO.tex.xbx,486,d2a683bc,128,128,1
levels/NO/NO.tex.xbx,487,e9b051d8,128,64,5
levels/NO/NO.tex.xbx,488,06597110,128,128,5
levels/NO/NO.tex.xbx,489,1f385ee8,128,128,5
levels/NO/NO.tex.xbx,490,c6182608,64,64,1
levels/NO/NO.tex.xbx,491,29a42920,64,64,1
levels/NO/NO.tex.xbx,492,73c354e4,128,128,5
levels/NO/NO.tex.xbx,493,b3a9007c,128,128,5
levels/NO/NO.tex.xbx,494,d271ae10,128,128,1
levels/NO/NO.tex.xbx,495,a73bb988,128,128,1
levels/NO/NO.tex.xbx,496,e0484844,64,64,5
levels/NO/NO.tex.xbx,497,d0889940,64,128,5
levels/NO/NO.tex.xbx,498,b91a689c,64,128,5
levels/NO/NO.tex.xbx,499,62963a3c,32,64,5
levels/NO/NO.tex.xbx,500,e546aae8,128,128,5
levels/NO/NO.tex.xbx,501,72f30cec,32,32,5
levels/NO/NO.tex.xbx,502,a393dafc,32,64,1
levels/NO/NO.tex.xbx,503,ae8c0efc,64,128,1
levels/NO/NO.tex.xbx,504,10200e24,32,16,5
levels/NO/NO.tex.xbx,505,9837f7cc,128,64,1
levels/NO/NO.tex.xbx,506,8e85a580,32,32,5
levels/NO/NO.tex.xbx,507,b142ab08,128,64,5
levels/NO/NO.tex.xbx,508,51dc17e8,128,128,5
levels/NO/NO.tex.xbx,509,9d51b1bc,128,128,5
levels/NO/NO.tex.xbx,510,c0ed3fe4,64,64,5
levels/NO/NO.tex.xbx,511,866d3ae4,64,64,5
levels/NO/NO.tex.xbx,512,e9d2b2bc,64,64,5
levels/NO/NO.tex.xbx,513,f84806e8,64,64,5
levels/NO/NO.tex.xbx,514,d7aa5428,16,16,2
levels/NO/NO.tex.xbx,515,4634f57c,16,16,5
levels/NO/NO.tex.xbx,516,498b7c24,16,16,5
levels/NO/NO.tex.xbx,517,d2a5d404,16,16,5
levels/NO/NO.tex.xbx,518,961a4a5c,16,16,5
levels/NO/NO.tex.xbx,519,390e3204,16,16,5
levels/NO/NO.tex.xbx,520,5530c05c,16,16,5
levels/NO/NO.tex.xbx,521,c9a30648,16,16,5
levels/NO/NO.tex.xbx,522,cd9b9740,16,16,5
levels/NO/NO.tex.xbx,523,2cb88640,16,16,5
levels/NO/NO.tex.xbx,524,7086fb48,16,16,5
levels/NO/NO.tex.xbx,525,a1f9bb5c,16,16,5
levels/NO/NO.tex.xbx,526,fe463304,16,16,5
levels/NO/NO.tex.xbx,527,0b48cdd8,16,16,5
levels/NO/NO.tex.xbx,528,67f83fb0,16,16,5
levels/NO/NO.tex.xbx,529,890f2bd8,16,16,5
levels/NO/NO.tex.xbx,530,0cb0b5b0,16,16,5
levels/NO/NO.tex.xbx,531,f83e03f4,16,16,5
levels/NO/NO.tex.xbx,532,94818a6c,16,16,5
levels/NO/NO.tex.xbx,533,e1588f6c,16,16,5
levels/NO/NO.tex.xbx,534,bd6602f4,16,16,5
levels/NO/NO.tex.xbx,535,6bf3c6b0,16,16,5
levels/NO/NO.tex.xbx,536,2fcb36d8,16,16,5
levels/NO/NO.tex.xbx,537,ac8882b8,16,16,5
levels/NO/NO.tex.xbx,538,b0360f90,16,16,5
levels/NO/NO.tex.xbx,539,5ec284b8,16,16,5
levels/NO/NO.tex.xbx,540,3b7df990,16,16,5
levels/NO/NO.tex.xbx,541,eff34d14,16,16,5
levels/NO/NO.tex.xbx,542,b34cc48c,16,16,5
levels/NO/NO.tex.xbx,543,06d8bf8c,16,16,5
levels/NO/NO.tex.xbx,544,8a684e14,16,16,5
levels/NO/NO.tex.xbx,545,7bdde890,16,16,5
levels/NO/NO.tex.xbx,546,2aa8cca8,128,64,5
levels/NO/NO.tex.xbx,547,5bf1511c,128,64,5
levels/NO/NO.tex.xbx,548,1cb3520c,128,128,1
levels/NO/NO.tex.xbx,549,3a0be92c,64,64,1
levels/NO/NO.tex.xbx,550,d4f8599c,64,32,5
levels/NO/NO.tex.xbx,551,5969c86c,128,128,1
levels/NO/NO.tex.xbx,552,1b39b820,128,64,1
levels/NO/NO.tex.xbx,553,3e033fdc,128,128,1
levels/NO/NO.tex.xbx,554,96cc61ec,128,64,5
levels/NO/NO.tex.xbx,555,3756b1a0,128,64,5
levels/NO/NO.tex.xbx,556,73f7f980,128,128,1
levels/NO/NO.tex.xbx,557,25e43b84,64,128,5
levels/NO/NO.tex.xbx,558,1e352900,128,64,1
levels/NO/NO.tex.xbx,559,ef03897c,64,64,1
levels/NO/NO.tex.xbx,560,580dbb50,128,32,1
levels/NO/NO.tex.xbx,561,9adcff8c,32,32,5
levels/NO/NO.tex.xbx,562,998b191c,64,64,5
levels/NO/NO.tex.xbx,563,48006088,64,64,5
levels/NO/NO.tex.xbx,564,23bfed00,64,64,5
levels/NO/NO.tex.xbx,565,1192cdbc,128,128,5
levels/NO/NO.tex.xbx,566,7fa661f4,32,128,5
levels/NO/NO.tex.xbx,567,eb2f5588,128,128,1
levels/NO/NO.tex.xbx,568,d05b00d4,64,64,5
levels/NO/NO.tex.xbx,569,f2c9f75c,64,32,5
levels/NO/NO.tex.xbx,570,082321ac,16,32,5
levels/NO/NO.tex.xbx,571,f275c2a8,32,64,5
levels/NO/NO.tex.xbx,572,35fc8400,32,64,1
levels/NO/NO.tex.xbx,573,dbe1e360,64,128,1
levels/NO/NO.tex.xbx,574,d5cf3854,128,32,1
levels/NO/NO.tex.xbx,575,5876b994,64,64,1
levels/NO/NO.tex.xbx,576,5fc02208,64,64,1
levels/NO/NO.tex.xbx,577,c7e117c0,64,64,5
levels/NO/NO.tex.xbx,578,55ba1d1c,64,32,1
levels/NO/NO.tex.xbx,579,79fe57cc,16,16,5
levels/NO/NO.tex.xbx,580,a3d86614,64,16,5
levels/NO/NO.tex.xbx,581,ec586d70,64,32,5
levels/NO/NO.tex.xbx,582,176f311c,128,128,1
levels/NO/NO.tex.xbx,583,ef2b29a4,64,32,5
levels/NO/NO.tex.xbx,584,e9f9f524,128,64,1
levels/NO/NO.tex.xbx,585,bd48f9c4,64,64,5
levels/NO/NO.tex.xbx,586,2aae06a0,128,128,5
levels/NO/NO.tex.xbx,587,46ca0b20,64,64,1
levels/NO/NO.tex.xbx,588,77e4d4f8,64,64,5
levels/NO/NO.tex.xbx,589,72a35120,64,64,1
levels/NO/NO.tex.xbx,590,5e2e5938,64,128,1
levels/NO/NO.tex.xbx,591,cd7a09c0,128,128,5
levels/NO/NO.tex.xbx,592,8a1eac9c,128,128,5
levels/NO/NO.tex.xbx,593,76c3c9cc,32,64,1
levels/NO/NO.tex.xbx,594,46c1aea8,128,64,1
levels/NO/NO.tex.xbx,595,f0e16674,64,32,1
levels/NO/NO.tex.xbx,596,5d3f93a8,64,64,1
levels/NO/NO.tex.xbx,597,8c13bc90,64,64,1
levels/NO/NO.tex.xbx,598,b01a5eb0,64,64,5
levels/NO/NO.tex.xbx,599,d11d12f8,64,128,5
levels/NO/NO.tex.xbx,600,c4443b60,64,128,5
levels/NO/NO.tex.xbx,601,ef279abc,128,128,5
levels/NO/NO.tex.xbx,602,9536fd34,128,128,5
levels/NO/NO.tex.xbx,603,f1ba2ca4,128,128,5
levels/NO/NO.tex.xbx,604,8d863a10,64,64,5
levels/NO/NO.tex.xbx,605,277d49c4,128,128,1
levels/NO/NO.tex.xbx,606,62a854c4,128,128,1
levels/NO/NO.tex.xbx,607,d00000a4,32,32,1
levels/NO/NO.tex.xbx,608,7df1b924,32,32,5
levels/NO/NO.tex.xbx,609,df59b87c,64,64,1
levels/NO/NO.tex.xbx,610,eb20c2c0,64,64,5
levels/NO/NO.tex.xbx,611,8af77450,128,128,5
levels/NO/NO.tex.xbx,612,97ebfd80,128,64,1
levels/NO/NO.tex.xbx,613,f5475194,128,128,5
levels/NO/NO.tex.xbx,614,ab257130,128,64,1
levels/NO/NO.tex.xbx,615,02d24474,128,128,5
levels/NO/NO.tex.xbx,616,02ec9154,64,64,5
levels/NO/NO.tex.xbx,617,09a85a8c,32,32,5
levels/NO/NO.tex.xbx,618,1a0ef09c,128,128,1
levels/NO/NO.tex.xbx,619,71172a44,128,64,5
levels/NO/NO.tex.xbx,620,63794bc4,32,32,1
levels/NO/NO.tex.xbx,621,67337ab8,128,64,1
levels/NO/NO.tex.xbx,622,6ed2f350,128,128,1
levels/NO/NO.tex.xbx,623,2731eb64,128,128,5
levels/NO/NO.tex.xbx,624,0a4d465c,128,128,1
levels/NO/NO.tex.xbx,625,464b6094,32,16,5
levels/NO/NO.tex.xbx,626,4c967e64,128,128,5
levels/NO/NO.tex.xbx,627,0c99fdec,128,128,5
levels/NO/NO.tex.xbx,628,6cafdb78,64,128,1
levels/NO/NO.tex.xbx,629,c0457338,64,64,1
levels/NO/NO.tex.xbx,630,45c67300,128,64,5
levels/NO/NO.tex.xbx,631,8117d978,32,32,5
levels/NO/NO.tex.xbx,632,03635c04,64,128,5
levels/NO/NO_net.tex.xbx,0,9d366348,128,64,1
levels/NO/NO_net.tex.xbx,1,76df59f4,64,64,5
levels/NO/NO_net.tex.xbx,2,f75e34d0,128,128,5
levels/NO/NO_net.tex.xbx,3,57436738,128,64,5
levels/NO/NO_net.tex.xbx,4,18d7c980,128,128,1
levels/NO/NO_net.tex.xbx,5,93436220,128,64,5
levels/NO/NO_net.tex.xbx,6,1e29096c,128,128,5
levels/NO/NO_net.tex.xbx,7,35fa32f0,64,32,1
levels/NO/NO_net.tex.xbx,8,50d8df24,128,16,5
levels/NO/NO_net.tex.xbx,9,a5c387f0,128,128,5
levels/NO/NO_net.tex.xbx,10,4f41922c,64,64,5
levels/NO/NO_net.tex.xbx,11,b5c13e8c,128,128,5
levels/NO/NO_net.tex.xbx,12,2ff7ce18,128,128,1
levels/NO/NO_net.tex.xbx,13,67ce1424,64,64,1
levels/NO/NO_net.tex.xbx,14,f042c8a8,128,128,5
levels/NO/NO_net.tex.xbx,15,ba5aa784,64,64,1
levels/NO/NO_net.tex.xbx,16,f6468eb0,64,128,1
levels/NO/NO_net.tex.xbx,17,27d42af4,32,64,1
levels/NO/NO_net.tex.xbx,18,6c6bb76c,32,64,5
levels/NO/NO_net.tex.xbx,19,c6ba7f30,32,32,5
levels/NO/NO_net.tex.xbx,20,febd0ca0,128,128,1
levels/NO/NO_net.tex.xbx,21,ab1d7de0,64,64,5
levels/NO/NO_net.tex.xbx,22,1057a77c,64,64,1
levels/NO/NO_net.tex.xbx,23,6d3b774c,16,16,1
levels/NO/NO_net.tex.xbx,24,01290e4c,64,64,1
levels/NO/NO_net.tex.xbx,25,c6010f4c,64,64,5
levels/NO/NO_net.tex.xbx,26,2ab48e90,32,64,5
levels/NO/NO_net.tex.xbx,27,67f7fc70,64,32,5
levels/NO/NO_net.tex.xbx,28,7921dcd4,32,32,5
levels/NO/NO_net.tex.xbx,29,b5bb3d60,32,32,5
levels/NO/NO_net.tex.xbx,30,2b8b788c,64,64,5
levels/NO/NO_net.tex.xbx,31,da00c0b8,32,64,5
levels/NO/NO_net.tex.xbx,32,723996b8,32,32,5
levels/NO/NO_net.tex.xbx,33,52e2c030,64,64,1
levels/NO/NO_net.tex.xbx,34,84588674,64,128,1
levels/NO/NO_net.tex.xbx,35,c487d3b4,64,64,1
levels/NO/NO_net.tex.xbx,36,6084f578,64,128,5
levels/NO/NO_net.tex.xbx,37,e8709a40,32,32,1
levels/NO/NO_net.tex.xbx,38,4a9cc22c,16,16,1
levels/NO/NO_net.tex.xbx,39,bc0f7418,16,16,1
levels/NO/NO_net.tex.xbx,40,91884350,32,32,1
levels/NO/NO_net.tex.xbx,41,f1403994,32,16,1
levels/NO/NO_net.tex.xbx,42,d5b6baf8,32,32,1
levels/NO/NO_net.tex.xbx,43,26917774,32,32,5
levels/NO/NO_net.tex.xbx,44,4b2f06ec,32,16,5
levels/NO/NO_net.tex.xbx,45,24868c14,128,128,1
levels/NO/NO_net.tex.xbx,46,e7bd9540,128,128,1
levels/NO/NO_net.tex.xbx,47,46feae44,128,128,1
levels/NO/NO_net.tex.xbx,48,8debf178,128,128,5
levels/NO/NO_net.tex.xbx,49,2b2ba034,128,128,5
levels/NO/NO_net.tex.xbx,50,673592ac,128,128,1
levels/NO/NO_net.tex.xbx,51,71a66dec,128,128,1
levels/NO/NO_net.tex.xbx,52,ab94b10c,128,128,5
levels/NO/NO_net.tex.xbx,53,825a5a88,128,128,1
levels/NO/NO_net.tex.xbx,54,f4a6238c,128,128,1
levels/NO/NO_net.tex.xbx,55,e10ba230,128,128,1
levels/NO/NO_net.tex.xbx,56,187daeec,128,128,1
levels/NO/NO_net.tex.xbx,57,5944fae0,128,128,1
levels/NO/NO_net.tex.xbx,58,34fb8368,128,128,5
levels/NO/NO_net.tex.xbx,59,67932e2c,64,128,5
levels/NO/NO_net.tex.xbx,60,e985c33c,128,128,1
levels/NO/NO_net.tex.xbx,61,6d820418,128,128,1
levels/NO/NO_net.tex.xbx,62,7baed1e0,128,128,1
levels/NO/NO_net.tex.xbx,63,f598e474,128,128,1
levels/NO/NO_net.tex.xbx,64,dda6343c,64,128,1
levels/NO/NO_net.tex.xbx,65,0c9b4f64,64,64,5
levels/NO/NO_net.tex.xbx,66,28f59c40,32,32,1
levels/NO/NO_net.tex.xbx,67,90a5be3c,128,128,5
levels/NO/NO_net.tex.xbx,68,8219ad64,128,64,1
levels/NO/NO_net.tex.xbx,69,0a7c3b58,128,32,5
levels/NO/NO_net.tex.xbx,70,fbf18dec,64,32,5
levels/NO/NO_net.tex.xbx,71,8fce5100,128,128,5
levels/NO/NO_net.tex.xbx,72,105b8f44,128,128,1
levels/NO/NO_net.tex.xbx,73,dee5e700,64,64,1
levels/NO/NO_net.tex.xbx,74,231de180,128,64,5
levels/NO/NO_net.tex.xbx,75,984d0474,128,32,5
levels/NO/NO_net.tex.xbx,76,aa3e7e54,128,64,1
levels/NO/NO_net.tex.xbx,77,e02a7d80,32,128,5
levels/NO/NO_net.tex.xbx,78,8c0f90cc,64,64,5
levels/NO/NO_net.tex.xbx,79,a7ab1948,32,32,5
levels/NO/NO_net.tex.xbx,80,c0937b88,32,32,5
levels/NO/NO_net.tex.xbx,81,326ffe80,128,64,1
levels/NO/NO_net.tex.xbx,82,831a92b0,128,128,5
levels/NO/NO_net.tex.xbx,83,877ce04c,64,64,1
levels/NO/NO_net.tex.xbx,84,72f298f8,64,64,1
levels/NO/NO_net.tex.xbx,85,053a68d0,32,64,1
levels/NO/NO_net.tex.xbx,86,93c189d0,32,32,5
levels/NO/NO_net.tex.xbx,87,ebc36d54,64,128,1
levels/NO/NO_net.tex.xbx,88,dfe7f7ec,128,128,5
levels/NO/NO_net.tex.xbx,89,80bec428,128,128,1
levels/NO/NO_net.tex.xbx,90,01666a04,32,32,5
levels/NO/NO_net.tex.xbx,91,f1614840,128,64,1
levels/NO/NO_net.tex.xbx,92,7116e5f4,128,64,1
levels/NO/NO_net.tex.xbx,93,43d9e48c,128,128,1
levels/NO/NO_net.tex.xbx,94,c34b24f4,128,128,1
levels/NO/NO_net.tex.xbx,95,0aa25d48,128,64,1
levels/NO/NO_net.tex.xbx,96,5b7b2580,128,128,5
levels/NO/NO_net.tex.xbx,97,73f76a6c,128,128,1
levels/NO/NO_net.tex.xbx,98,557d6388,128,128,1
levels/NO/NO_net.tex.xbx,99,f8f8ea90,128,128,1
levels/NO/NO_net.tex.xbx,100,1e10e9e0,64,64,5
levels/NO/NO_net.tex.xbx,101,b61e5fa8,128,128,1
levels/NO/NO_net.tex.xbx,102,82307868,64,64,1
levels/NO/NO_net.tex.xbx,103,ccd80c68,128,128,1
levels/NO/NO_net.tex.xbx,104,3910b418,64,64,1
levels/NO/NO_net.tex.xbx,105,ba855150,32,16,5
levels/NO/NO_net.tex.xbx,106,1f17995c,128,128,1
levels/NO/NO_net.tex.xbx,107,9a170244,128,64,1
levels/NO/NO_net.tex.xbx,108,68b1ff88,128,64,5
levels/NO/NO_net.tex.xbx,109,8a1cff50,128,128,1
levels/NO/NO_net.tex.xbx,110,3a46aa98,128,64,1
levels/NO/NO_net.tex.xbx,111,a40b85c4,64,64,5
levels/NO/NO_net.tex.xbx,112,a9e6d4b4,128,128,1
levels/NO/NO_net.tex.xbx,113,2f033be0,128,64,5
levels/NO/NO_net.tex.xbx,114,b33960c4,128,128,5
levels/NO/NO_net.tex.xbx,115,7b915a08,128,128,5
levels/NO/NO_net.tex.xbx,116,85a79480,32,32,1
levels/NO/NO_net.tex.xbx,117,0c42e040,64,128,1
levels/NO/NO_net.tex.xbx,118,7e50b8e8,64,64,1
levels/NO/NO_net.tex.xbx,119,31f3184c,64,64,1
levels/NO/NO_net.tex.xbx,120,54a98f3c,32,32,1
levels/NO/NO_net.tex.xbx,121,dbfd1ebc,128,128,5
levels/NO/NO_net.tex.xbx,122,2a725ae8,64,64,5
levels/NO/NO_net.tex.xbx,123,04d49624,64,16,5
levels/NO/NO_net.tex.xbx,124,2b8c0790,128,128,5
levels/NO/NO_net.tex.xbx,125,2ed16f08,128,64,1
levels/NO/NO_net.tex.xbx,126,7d746bfc,64,64,1
levels/NO/NO_net.tex.xbx,127,42e7dee0,64,128,1
levels/NO/NO_net.tex.xbx,128,aa757cb8,128,128,5
levels/NO/NO_net.tex.xbx,129,848d309c,128,128,1
levels/NO/NO_net.tex.xbx,130,3a148908,128,128,5
levels/NO/NO_net.tex.xbx,131,f8a4a870,128,128,1
levels/NO/NO_net.tex.xbx,132,a132a264,128,128,1
levels/NO/NO_net.tex.xbx,133,79bc3778,128,128,1
levels/NO/NO_net.tex.xbx,134,3830ea20,128,128,1
levels/NO/NO_net.tex.xbx,135,79895558,128,128,1
levels/NO/NO_net.tex.xbx,136,bb02834c,64,64,5
levels/NO/NO_net.tex.xbx,137,b10ea90c,64,64,5
levels/NO/NO_net.tex.xbx,138,d9feaf14,64,128,5
levels/NO/NO_net.tex.xbx,139,5e889b04,128,64,1
levels/NO/NO_net.tex.xbx,140,6a8286d0,128,128,1
levels/NO/NO_net.tex.xbx,141,2c53b2d8,64,128,5
levels/NO/NO_net.tex.xbx,142,0569c4f8,32,64,5
levels/NO/NO_net.tex.xbx,143,54f04a00,32,32,5
levels/NO/NO_net.tex.xbx,144,a3dc0e18,64,128,5
levels/NO/NO_net.tex.xbx,145,941c3518,128,128,1
levels/NO/NO_net.tex.xbx,146,91ca37e8,128,64,5
levels/NO/NO_net.tex.xbx,147,1b93991c,64,64,5
levels/NO/NO_net.tex.xbx,148,413b4310,64,64,5
levels/NO/NO_net.tex.xbx,149,9ea7b754,128,128,1
levels/NO/NO_net.tex.xbx,150,7fa5a18c,32,32,1
levels/NO/NO_net.tex.xbx,151,22095e74,32,64,5
levels/NO/NO_net.tex.xbx,152,395ac4d8,64,128,5
levels/NO/NO_net.tex.xbx,153,5de63cb0,128,128,5
levels/NO/NO_net.tex.xbx,154,6b0eb680,128,128,1
levels/NO/NO_net.tex.xbx,155,6bd98f84,64,64,5
levels/NO/NO_net.tex.xbx,156,0b07a410,128,64,5
levels/NO/NO_net.tex.xbx,157,88720eec,16,32,1
levels/NO/NO_net.tex.xbx,158,0f800088,32,32,5
levels/NO/NO_net.tex.xbx,159,4bc3b89c,128,128,1
levels/NO/NO_net.tex.xbx,160,05a225c4,128,128,5
levels/NO/NO_net.tex.xbx,161,0bc41dc0,128,64,5
levels/NO/NO_net.tex.xbx,162,a8ac58f0,32,32,1
levels/NO/NO_net.tex.xbx,163,d1f09d40,64,128,5
levels/NO/NO_net.tex.xbx,164,d9f598bc,64,64,1
levels/NO/NO_net.tex.xbx,165,b892f8ec,128,128,1
levels/NO/NO_net.tex.xbx,166,41eef7fc,64,64,5
levels/NO/NO_net.tex.xbx,167,5f454424,32,32,1
levels/NO/NO_net.tex.xbx,168,f4844828,128,128,5
levels/NO/NO_net.tex.xbx,169,4377b2f0,32,32,1
levels/NO/NO_net.tex.xbx,170,a95bfcf4,64,128,5
levels/NO/NO_net.tex.xbx,171,d3ce5810,128,128,1
levels/NO/NO_net.tex.xbx,172,4cf45a8c,128,128,5
levels/NO/NO_net.tex.xbx,173,021f8ff0,128,128,1
levels/NO/NO_net.tex.xbx,174,4ed31264,128,128,1
levels/NO/NO_net.tex.xbx,175,ee7f7870,64,64,1
levels/NO/NO_net.tex.xbx,176,db547408,128,64,1
levels/NO/NO_net.tex.xbx,177,d8683910,128,128,5
levels/NO/NO_net.tex.xbx,178,a6e1053c,128,128,5
levels/NO/NO_net.tex.xbx,179,fa515884,64,64,5
levels/NO/NO_net.tex.xbx,180,fa9273b4,128,64,5
levels/NO/NO_net.tex.xbx,181,14f5a2e0,128,128,1
levels/NO/NO_net.tex.xbx,182,5f501d0c,64,64,5
levels/NO/NO_net.tex.xbx,183,02899918,64,128,5
levels/NO/NO_net.tex.xbx,184,967865bc,128,128,1
levels/NO/NO_net.tex.xbx,185,af8d79c8,128,64,5
levels/NO/NO_net.tex.xbx,186,892b1168,64,64,1
levels/NO/NO_net.tex.xbx,187,f1ca8bd8,64,32,1
levels/NO/NO_net.tex.xbx,188,aa150c2c,64,128,5
levels/NO/NO_net.tex.xbx,189,bf306828,64,64,5
levels/NO/NO_net.tex.xbx,190,ba454018,64,128,5
levels/NO/NO_net.tex.xbx,191,f46c9270,32,32,1
levels/NO/NO_net.tex.xbx,192,b0ce6bc0,128,64,5
levels/NO/NO_net.tex.xbx,193,9cb5fde8,32,32,5
levels/NO/NO_net.tex.xbx,194,e88cf654,64,64,1
levels/NO/NO_net.tex.xbx,195,715f0a58,128,64,5
levels/NO/NO_net.tex.xbx,196,c786a674,64,128,5
levels/NO/NO_net.tex.xbx,197,c8a7149c,128,128,5
levels/NO/NO_net.tex.xbx,198,b5712fa4,64,128,5
levels/NO/NO_net.tex.xbx,199,2799833c,128,64,5
levels/NO/NO_net.tex.xbx,200,781b8f98,32,32,5
levels/NO/NO_net.tex.xbx,201,fb3e5f8c,128,128,5
levels/NO/NO_net.tex.xbx,202,1b8bdbfc,32,64,5
levels/NO/NO_net.tex.xbx,203,62cd53d0,32,32,1
levels/NO/NO_net.tex.xbx,204,a45c8040,64,64,1
levels/NO/NO_net.tex.xbx,205,7de14fa0,64,64,5
levels/NO/NO_net.tex.xbx,206,65f5e748,128,128,1
levels/NO/NO_net.tex.xbx,207,537e6200,64,64,5
levels/NO/NO_net.tex.xbx,208,4a66b438,128,64,1
levels/NO/NO_net.tex.xbx,209,ee86ed9c,128,64,5
levels/NO/NO_net.tex.xbx,210,05ab8480,64,64,5
levels/NO/NO_net.tex.xbx,211,20af3d60,64,64,5
levels/NO/NO_net.tex.xbx,212,e7178374,128,128,5
levels/NO/NO_net.tex.xbx,213,553d4664,128,64,5
levels/NO/NO_net.tex.xbx,214,5909d0a8,16,16,1
levels/NO/NO_net.tex.xbx,215,bef554e8,64,128,5
levels/NO/NO_net.tex.xbx,216,0d9fe00c,64,32,1
levels/NO/NO_net.tex.xbx,217,df2aa638,64,64,1
levels/NO/NO_net.tex.xbx,218,e773c218,128,128,1
levels/NO/NO_net.tex.xbx,219,4bafea34,128,128,1
levels/NO/NO_net.tex.xbx,220,d1f16ff4,64,128,5
levels/NO/NO_net.tex.xbx,221,9e5ac1ec,128,128,1
levels/NO/NO_net.tex.xbx,222,77aceb84,16,16,5
levels/NO/NO_net.tex.xbx,223,dcab98c0,128,128,5
levels/NO/NO_net.tex.xbx,224,403927a8,128,32,5
levels/NO/NO_net.tex.xbx,225,52182034,64,64,5
levels/NO/NO_net.tex.xbx,226,b3ea267c,64,64,5
levels/NO/NO_net.tex.xbx,227,71eb0ac0,16,32,1
levels/NO/NO_net.tex.xbx,228,701788fc,64,32,1
levels/NO/NO_net.tex.xbx,229,ad6e2028,128,128,1
levels/NO/NO_net.tex.xbx,230,2df5db44,64,64,1
levels/NO/NO_net.tex.xbx,231,d95c9f00,64,128,5
levels/NO/NO_net.tex.xbx,232,ee8b8ac4,64,64,1
levels/NO/NO_net.tex.xbx,233,541edf60,64,64,1
levels/NO/NO_net.tex.xbx,234,e3083e64,128,32,1
levels/NO/NO_net.tex.xbx,235,04861c20,128,64,1
levels/NO/NO_net.tex.xbx,236,a1dbca90,128,64,5
levels/NO/NO_net.tex.xbx,237,1030e7d8,128,128,1
levels/NO/NO_net.tex.xbx,238,39f06f4c,32,16,1
levels/NO/NO_net.tex.xbx,239,9f6b3da8,16,16,1
levels/NO/NO_net.tex.xbx,240,369c16dc,16,16,5
levels/NO/NO_net.tex.xbx,241,4bd0062c,128,128,5
levels/NO/NO_net.tex.xbx,242,9256ce90,32,16,5
levels/NO/NO_net.tex.xbx,243,f5bc9de0,128,128,1
levels/NO/NO_net.tex.xbx,244,dcf0c6d0,32,32,5
levels/NO/NO_net.tex.xbx,245,51bccaf4,128,128,1
levels/NO/NO_net.tex.xbx,246,e2a0e840,64,64,5
levels/NO/NO_net.tex.xbx,247,d593f7a8,64,64,1
levels/NO/NO_net.tex.xbx,248,c9366a30,128,64,5
levels/NO/NO_net.tex.xbx,249,cd6f0864,64,32,5
levels/NO/NO_net.tex.xbx,250,8ccda134,16,32,5
levels/NO/NO_net.tex.xbx,251,d5468900,64,64,5
levels/NO/NO_net.tex.xbx,252,2075998c,32,16,5
levels/NO/NO_net.tex.xbx,253,3978abb8,128,64,5
levels/NO/NO_net.tex.xbx,254,34ca992c,64,64,1
levels/NO/NO_net.tex.xbx,255,deabbe04,32,32,5
levels/NO/NO_net.tex.xbx,256,49a1dbc0,32,64,5
levels/NO/NO_net.tex.xbx,257,4a78955c,64,64,1
levels/NO/NO_net.tex.xbx,258,f6795a64,128,128,5
levels/NO/NO_net.tex.xbx,259,0f1788cc,64,64,1
levels/NO/NO_net.tex.xbx,260,1aa7eabc,64,128,1
levels/NO/NO_net.tex.xbx,261,631166dc,128,64,1
levels/NO/NO_net.tex.xbx,262,5032e418,128,64,1
levels/NO/NO_net.tex.xbx,263,f57b6c04,64,32,5
levels/NO/NO_net.tex.xbx,264,64baf7bc,128,64,5
levels/NO/NO_net.tex.xbx,265,3f552398,128,64,1
levels/NO/NO_net.tex.xbx,266,a5abf260,128,128,5
levels/NO/NO_net.tex.xbx,267,f701cbd8,32,64,5
levels/NO/NO_net.tex.xbx,268,93b33578,64,64,1
levels/NO/NO_net.tex.xbx,269,4b69ecd8,128,128,1
levels/NO/NO_net.tex.xbx,270,53758454,128,128,1
levels/NO/NO_net.tex.xbx,271,0e91e4f4,32,64,1
levels/NO/NO_net.tex.xbx,272,ffc0fb60,128,64,5
levels/NO/NO_net.tex.xbx,273,4ebccc74,16,16,1
levels/NO/NO_net.tex.xbx,274,192be1d4,128,128,5
levels/NO/NO_net.tex.xbx,275,9f89a3b0,128,128,1
levels/NO/NO_net.tex.xbx,276,fc3619d8,128,128,1
levels/NO/NO_net.tex.xbx,277,d1ff877c,128,128,1
levels/NO/NO_net.tex.xbx,278,ada2e958,128,128,1
levels/NO/NO_net.tex.xbx,279,d3f48810,128,128,5
levels/NO/NO_net.tex.xbx,280,d20c57e4,128,128,1
levels/NO/NO_net.tex.xbx,281,9e2dfeac,128,128,5
levels/NO/NO_net.tex.xbx,282,4fcb2a58,128,128,5
levels/NO/NO_net.tex.xbx,283,9e558eec,128,128,5
levels/NO/NO_net.tex.xbx,284,ebd48dec,64,64,5
levels/NO/NO_net.tex.xbx,285,384d6a3c,128,128,1
levels/NO/NO_net.tex.xbx,286,d99e5970,64,64,1
levels/NO/NO_net.tex.xbx,287,97701bf8,128,128,1
levels/NO/NO_net.tex.xbx,288,8e02ef68,64,128,1
levels/NO/NO_net.tex.xbx,289,09bac838,128,128,1
levels/NO/NO_net.tex.xbx,290,5ebfb00c,64,64,5
levels/NO/NO_net.tex.xbx,291,244b4208,64,64,5
levels/NO/NO_net.tex.xbx,292,b2c0f49c,64,64,5
levels/NO/NO_net.tex.xbx,293,de3be0f8,32,32,1
levels/NO/NO_net.tex.xbx,294,b09ad338,128,64,5
levels/NO/NO_net.tex.xbx,295,6210730c,128,128,5
levels/NO/NO_net.tex.xbx,296,2d4ffec0,128,32,5
levels/NO/NO_net.tex.xbx,297,e9216dcc,64,64,5
levels/NO/NO_net.tex.xbx,298,57adffac,128,128,1
levels/NO/NO_net.tex.xbx,299,3e2ffe94,128,64,1
levels/NO/NO_net.tex.xbx,300,c2e9ff74,128,128,5
levels/NO/NO_net.tex.xbx,301,876a0474,128,128,5
levels/NO/NO_net.tex.xbx,302,f75f3b58,128,128,5
levels/NO/NO_net.tex.xbx,303,72dfc230,128,128,5
levels/NO/NO_net.tex.xbx,304,1c01475c,16,32,5
levels/NO/NO_net.tex.xbx,305,36b96840,64,128,5
levels/NO/NO_net.tex.xbx,306,9a3a22b8,16,128,1
levels/NO/NO_net.tex.xbx,307,0c36a4d4,32,32,5
levels/NO/NO_net.tex.xbx,308,6fbd66e0,128,128,1
levels/NO/NO_net.tex.xbx,309,378feb3c,128,64,5
levels/NO/NO_net.tex.xbx,310,1da964d0,64,64,5
levels/NO/NO_net.tex.xbx,311,b32de3bc,128,128,5
levels/NO/NO_net.tex.xbx,312,4c812c94,128,128,5
levels/NO/NO_net.tex.xbx,313,a10ecd10,128,128,5
levels/NO/NO_net.tex.xbx,314,5f5bd25c,64,128,5
levels/NO/NO_net.tex.xbx,315,47b7ec58,128,128,1
levels/NO/NO_net.tex.xbx,316,582c99d0,64,64,5
levels/NO/NO_net.tex.xbx,317,feeb64e0,64,128,1
levels/NO/NO_net.tex.xbx,318,3e79fb50,128,64,1
levels/NO/NO_net.tex.xbx,319,40b8bc88,16,16,5
levels/NO/NO_net.tex.xbx,320,953ad1d4,128,128,1
levels/NO/NO_net.tex.xbx,321,4c100400,128,64,1
levels/NO/NO_net.tex.xbx,322,bbcdd988,128,128,1
levels/NO/NO_net.tex.xbx,323,0d7ba678,128,128,1
levels/NO/NO_net.tex.xbx,324,5d340ddc,128,128,1
levels/NO/NO_net.tex.xbx,325,d95ae378,128,128,1
levels/NO/NO_net.tex.xbx,326,c4641f8c,128,128,1
levels/NO/NO_net.tex.xbx,327,5920d8b0,64,64,1
levels/NO/NO_net.tex.xbx,328,6b8d723c,128,128,5
levels/NO/NO_net.tex.xbx,329,c4b05538,128,128,5
levels/NO/NO_net.tex.xbx,330,adf42dd8,128,128,5
levels/NO/NO_net.tex.xbx,331,a8daae14,128,128,1
levels/NO/NO_net.tex.xbx,332,d8c28048,128,128,1
levels/NO/NO_net.tex.xbx,333,828d473c,32,128,5
levels/NO/NO_net.tex.xbx,334,34d559f4,128,128,1
levels/NO/NO_net.tex.xbx,335,027f4194,128,128,5
levels/NO/NO_net.tex.xbx,336,18a26a5c,128,128,1
levels/NO/NO_net.tex.xbx,337,8a7a520c,64,64,5
levels/NO/NO_net.tex.xbx,338,fe86af90,128,128,1
levels/NO/NO_net.tex.xbx,339,12f95714,64,128,1
levels/NO/NO_net.tex.xbx,340,0c5fecd8,128,128,1
levels/NO/NO_net.tex.xbx,341,5a8671c8,128,128,1
levels/NO/NO_net.tex.xbx,342,e4305954,128,128,5
levels/NO/NO_net.tex.xbx,343,bb41f440,64,128,1
levels/NO/NO_net.tex.xbx,344,86213bec,128,128,1
levels/NO/NO_net.tex.xbx,345,64b64874,128,128,1
levels/NO/NO_net.tex.xbx,346,8f8a2ccc,32,32,5
levels/NO/NO_net.tex.xbx,347,86957d64,128,128,5
levels/NO/NO_net.tex.xbx,348,088ab9ec,64,64,1
levels/NO/NO_net.tex.xbx,349,97937d58,128,128,5
levels/NO/NO_net.tex.xbx,350,3e39ffc0,64,128,1
levels/NO/NO_net.tex.xbx,351,19534b90,128,128,1
levels/NO/NO_net.tex.xbx,352,bc6a8938,64,32,5
levels/NO/NO_net.tex.xbx,353,7aeb5a38,32,32,5
levels/NO/NO_net.tex.xbx,354,9f362470,32,32,5
levels/NO/NO_net.tex.xbx,355,6cf12108,128,128,1
levels/NO/NO_net.tex.xbx,356,f53bb628,64,32,5
levels/NO/NO_net.tex.xbx,357,eb2a043c,128,128,5
levels/NO/NO_net.tex.xbx,358,739822e4,128,128,1
levels/NO/NO_net.tex.xbx,359,f6b4b268,128,64,5
levels/NO/NO_net.tex.xbx,360,f9065fcc,128,128,1
levels/NO/NO_net.tex.xbx,361,6f4cba34,32,128,1
levels/NO/NO_net.tex.xbx,362,09044fc4,128,128,5
levels/NO/NO_net.tex.xbx,363,32c6ee3c,128,128,5
levels/NO/NO_net.tex.xbx,364,6253ed68,64,128,1
levels/NO/NO_net.tex.xbx,365,2c03d768,64,64,1
levels/NO/NO_net.tex.xbx,366,536a2f6c,64,128,5
levels/NO/NO_net.tex.xbx,367,41187360,64,64,5
levels/NO/NO_net.tex.xbx,368,7ebcacd8,128,128,1
levels/NO/NO_net.tex.xbx,369,f6e17fc8,64,64,1
levels/NO/NO_net.tex.xbx,370,7978c00c,64,64,5
levels/NO/NO_net.tex.xbx,371,18774030,64,64,5
levels/NO/NO_net.tex.xbx,372,8223a190,128,128,1
levels/NO/NO_net.tex.xbx,373,f4e71894,128,128,5
levels/NO/NO_net.tex.xbx,374,048f6e00,64,64,1
levels/NO/NO_net.tex.xbx,375,f7fe2cfc,128,128,5
levels/NO/NO_net.tex.xbx,376,7448d158,128,128,5
levels/NO/NO_net.tex.xbx,377,9138d344,32,64,1
levels/NO/NO_net.tex.xbx,378,03b9f810,64,64,5
levels/NO/NO_net.tex.xbx,379,68068638,128,128,5
levels/NO/NO_net.tex.xbx,380,4cdf3ca8,64,128,1
levels/NO/NO_net.tex.xbx,381,c2472104,32,128,5
levels/NO/NO_net.tex.xbx,382,ab021c48,128,128,1
levels/NO/NO_net.tex.xbx,383,20656d14,128,128,1
levels/NO/NO_net.tex.xbx,384,a8549fb0,128,128,1
levels/NO/NO_net.tex.xbx,385,9cc763b8,128,128,1
levels/NO/NO_net.tex.xbx,386,e3b33c34,128,64,1
levels/NO/NO_net.tex.xbx,387,1e60cf04,128,128,1
levels/NO/NO_net.tex.xbx,388,a64ed730,128,128,1
levels/NO/NO_net.tex.xbx,389,f2d60248,128,128,1
levels/NO/NO_net.tex.xbx,390,6bf4ce04,128,128,1
levels/NO/NO_net.tex.xbx,391,42e03f5c,128,128,1
levels/NO/NO_net.tex.xbx,392,4b086130,128,128,1
levels/NO/NO_net.tex.xbx,393,33357d10,128,128,5
levels/NO/NO_net.tex.xbx,394,54c11f74,128,128,1
levels/NO/NO_net.tex.xbx,395,2da86c6c,128,64,1
levels/NO/NO_net.tex.xbx,396,39ba634c,128,128,5
levels/NO/NO_net.tex.xbx,397,e795acd0,128,128,1
levels/NO/NO_net.tex.xbx,398,904a1638,128,128,5
levels/NO/NO_net.tex.xbx,399,5472e364,128,128,1
levels/NO/NO_net.tex.xbx,400,ebea2dd8,128,128,1
levels/NO/NO_net.tex.xbx,401,67213764,128,128,1
levels/NO/NO_net.tex.xbx,402,c0618388,32,128,5
levels/NO/NO_net.tex.xbx,403,32c9e544,128,128,5
levels/NO/NO_net.tex.xbx,404,50267474,64,64,5
levels/NO/NO_net.tex.xbx,405,139f40e0,128,128,1
levels/NO/NO_net.tex.xbx,406,89c537d0,128,128,1
levels/NO/NO_net.tex.xbx,407,8ce5bc78,16,16,1
levels/NO/NO_net.tex.xbx,408,4f1fb168,128,128,5
levels/NO/NO_net.tex.xbx,409,9daa153c,128,128,5
levels/NO/NO_net.tex.xbx,410,fd9ceee8,128,128,5
levels/NO/NO_net.tex.xbx,411,90c493c8,64,128,5
levels/NO/NO_net.tex.xbx,412,50a9f33c,128,128,1
levels/NO/NO_net.tex.xbx,413,c2148864,128,128,1
levels/NO/NO_net.tex.xbx,414,7ddcbd78,128,64,5
levels/NO/NO_net.tex.xbx,415,32c6284c,32,32,1
levels/NO/NO_net.tex.xbx,416,5cc80748,128,128,5
levels/NO/NO_net.tex.xbx,417,091999c0,64,128,1
levels/NO/NO_net.tex.xbx,418,af64e16c,64,64,1
levels/NO/NO_net.tex.xbx,419,bd2ec8b8,32,32,5
levels/NO/NO_net.tex.xbx,420,9dedacec,128,64,5
levels/NO/NO_net.tex.xbx,421,49da0de0,64,64,5
levels/NO/NO_net.tex.xbx,422,fa3914d4,64,64,5
levels/NO/NO_net.tex.xbx,423,ad78e4e4,32,32,5
levels/NO/NO_net.tex.xbx,424,0a6997fc,64,64,5
levels/NO/NO_net.tex.xbx,425,714716b4,128,64,5
levels/NO/NO_net.tex.xbx,426,bc17ff5c,32,32,1
levels/NO/NO_net.tex.xbx,427,586fce24,128,128,1
levels/NO/NO_net.tex.xbx,428,f5e19730,64,64,5
levels/NO/NO_net.tex.xbx,429,7a66d734,128,64,5
levels/NO/NO_net.tex.xbx,430,be82282c,128,128,1
levels/NO/NO_net.tex.xbx,431,76e96918,32,32,1
levels/NO/NO_net.tex.xbx,432,c65fc768,64,128,5
levels/NO/NO_net.tex.xbx,433,36509ec0,128,128,1
levels/NO/NO_net.tex.xbx,434,02bd7214,64,64,5
levels/NO/NO_net.tex.xbx,435,f4ca8180,64,8,5
levels/NO/NO_net.tex.xbx,436,bc02e148,128,64,1
levels/NO/NO_net.tex.xbx,437,beee1eb4,128,128,1
levels/NO/NO_net.tex.xbx,438,1713a104,64,64,5
levels/NO/NO_net.tex.xbx,439,23bc877c,64,128,5
levels/NO/NO_net.tex.xbx,440,ba9ab244,128,128,1
levels/NO/NO_net.tex.xbx,441,1e0981bc,64,32,1
levels/NO/NO_net.tex.xbx,442,22986c94,128,128,1
levels/NO/NO_net.tex.xbx,443,670eca28,64,64,1
levels/NO/NO_net.tex.xbx,444,cdf6fc58,32,32,5
levels/NO/NO_net.tex.xbx,445,5d121468,32,16,1
levels/NO/NO_net.tex.xbx,446,77ab8518,32,32,1
levels/NO/NO_net.tex.xbx,447,d14bfdb0,32,32,1
levels/NO/NO_net.tex.xbx,448,31b4cbc4,128,64,5
levels/NO/NO_net.tex.xbx,449,9cf873bc,16,16,1
levels/NO/NO_net.tex.xbx,450,b19eb354,16,8,1
levels/NO/NO_net.tex.xbx,451,b02dc4a4,16,8,1
levels/NO/NO_net.tex.xbx,452,34097998,16,16,1
levels/NO/NO_net.tex.xbx,453,f338fe08,32,32,1
levels/NO/NO_net.tex.xbx,454,fffc3aa0,32,64,5
levels/NO/NO_net.tex.xbx,455,24e3265c,128,64,1
levels/NO/NO_net.tex.xbx,456,47621e50,64,32,5
levels/NO/NO_net.tex.xbx,457,10b06a68,32,32,5
levels/NO/NO_net.tex.xbx,458,e0d41c5c,128,128,5
levels/NO/NO_net.tex.xbx,459,cea8e36c,64,64,5
levels/NO/NO_net.tex.xbx,460,e79f0890,32,32,5
levels/NO/NO_net.tex.xbx,461,ba0f6524,16,8,5
levels/NO/NO_net.tex.xbx,462,322b7be4,32,32,5
levels/NO/NO_net.tex.xbx,463,84a68b28,64,32,5
levels/NO/NO_net.tex.xbx,464,87f676a4,64,32,5
levels/NO/NO_net.tex.xbx,465,8dce2448,128,128,5
levels/NO/NO_net.tex.xbx,466,82a72904,128,128,1
levels/NO/NO_net.tex.xbx,467,20588da0,128,128,5
levels/NO/NO_net.tex.xbx,468,b73e4934,64,64,2
levels/NO/NO_net.tex.xbx,469,cc54de58,64,128,1
levels/NO/NO_net.tex.xbx,470,451bb928,128,128,1
levels/NO/NO_net.tex.xbx,471,2184ac28,64,64,5
levels/NO/NO_net.tex.xbx,472,b30f4d7c,128,128,5
levels/NO/NO_net.tex.xbx,473,fca5a2f8,128,128,5
levels/NO/NO_net.tex.xbx,474,f6ad34b4,64,32,1
levels/NO/NO_net.tex.xbx,475,4a3a2504,64,64,5
levels/NO/NO_net.tex.xbx,476,9c6efa5c,128,128,5
levels/NO/NO_net.tex.xbx,477,679d6b34,128,128,1
levels/NO/NO_net.tex.xbx,478,4bfb96b8,128,128,1
levels/NO/NO_net.tex.xbx,479,239b3014,128,128,1
levels/NO/NO_net.tex.xbx,480,5aa2f67c,128,128,5
levels/NO/NO_net.tex.xbx,481,fdee5c74,128,128,5
levels/NO/NO_net.tex.xbx,482,8d0ed998,64,64,1
levels/NO/NO_net.tex.xbx,483,93131e70,128,128,1
levels/NO/NO_net.tex.xbx,484,55936fcc,128,128,5
levels/NO/NO_net.tex.xbx,485,a7ac713c,64,64,1
levels/NO/NO_net.tex.xbx,486,d2a683bc,128,128,1
levels/NO/NO_net.tex.xbx,487,e9b051d8,128,64,5
levels/NO/NO_net.tex.xbx,488,06597110,128,128,5
levels/NO/NO_net.tex.xbx,489,1f385ee8,128,128,5
levels/NO/NO_net.tex.xbx,490,c6182608,64,64,1
levels/NO/NO_net.tex.xbx,491,29a42920,64,64,1
levels/NO/NO_net.tex.xbx,492,73c354e4,128,128,5
levels/NO/NO_net.tex.xbx,493,b3a9007c,128,128,5
levels/NO/NO_net.tex.xbx,494,d271ae10,128,128,1
levels/NO/NO_net.tex.xbx,495,a73bb988,128,128,1
levels/NO/NO_net.tex.xbx,496,e0484844,64,64,5
levels/NO/NO_net.tex.xbx,497,d0889940,64,128,5
levels/NO/NO_net.tex.xbx,498,b91a689c,64,128,5
levels/NO/NO_net.tex.xbx,499,62963a3c,32,64,5
levels/NO/NO_net.tex.xbx,500,e546aae8,128,128,5
levels/NO/NO_net.tex.xbx,501,72f30cec,32,32,5
levels/NO/NO_net.tex.xbx,502,a393dafc,32,64,1
levels/NO/NO_net.tex.xbx,503,ae8c0efc,64,128,1
levels/NO/NO_net.tex.xbx,504,10200e24,32,16,5
levels/NO/NO_net.tex.xbx,505,9837f7cc,128,64,1
levels/NO/NO_net.tex.xbx,506,8e85a580,32,32,5
levels/NO/NO_net.tex.xbx,507,b142ab08,128,64,5
levels/NO/NO_net.tex.xbx,508,51dc17e8,128,128,5
levels/NO/NO_net.tex.xbx,509,9d51b1bc,128,128,5
levels/NO/NO_net.tex.xbx,510,c0ed3fe4,64,64,5
levels/NO/NO_net.tex.xbx,511,866d3ae4,64,64,5
levels/NO/NO_net.tex.xbx,512,e9d2b2bc,64,64,5
levels/NO/NO_net.tex.xbx,513,f84806e8,64,64,5
levels/NO/NO_net.tex.xbx,514,d7aa5428,16,16,2
levels/NO/NO_net.tex.xbx,515,4634f57c,16,16,5
levels/NO/NO_net.tex.xbx,516,498b7c24,16,16,5
levels/NO/NO_net.tex.xbx,517,d2a5d404,16,16,5
levels/NO/NO_net.tex.xbx,518,961a4a5c,16,16,5
levels/NO/NO_net.tex.xbx,519,390e3204,16,16,5
levels/NO/NO_net.tex.xbx,520,5530c05c,16,16,5
levels/NO/NO_net.tex.xbx,521,c9a30648,16,16,5
levels/NO/NO_net.tex.xbx,522,cd9b9740,16,16,5
levels/NO/NO_net.tex.xbx,523,2cb88640,16,16,5
levels/NO/NO_net.tex.xbx,524,7086fb48,16,16,5
levels/NO/NO_net.tex.xbx,525,a1f9bb5c,16,16,5
levels/NO/NO_net.tex.xbx,526,fe463304,16,16,5
levels/NO/NO_net.tex.xbx,527,0b48cdd8,16,16,5
levels/NO/NO_net.tex.xbx,528,67f83fb0,16,16,5
levels/NO/NO_net.tex.xbx,529,890f2bd8,16,16,5
levels/NO/NO_net.tex.xbx,530,0cb0b5b0,16,16,5
levels/NO/NO_net.tex.xbx,531,f83e03f4,16,16,5
levels/NO/NO_net.tex.xbx,532,94818a6c,16,16,5
levels/NO/NO_net.tex.xbx,533,e1588f6c,16,16,5
levels/NO/NO_net.tex.xbx,534,bd6602f4,16,16,5
levels/NO/NO_net.tex.xbx,535,6bf3c6b0,16,16,5
levels/NO/NO_net.tex.xbx,536,2fcb36d8,16,16,5
levels/NO/NO_net.tex.xbx,537,ac8882b8,16,16,5
levels/NO/NO_net.tex.xbx,538,b0360f90,16,16,5
levels/NO/NO_net.tex.xbx,539,5ec284b8,16,16,5
levels/NO/NO_net.tex.xbx,540,3b7df990,16,16,5
levels/NO/NO_net.tex.xbx,541,eff34d14,16,16,5
levels/NO/NO_net.tex.xbx,542,b34cc48c,16,16,5
levels/NO/NO_net.tex.xbx,543,06d8bf8c,16,16,5
levels/NO/NO_net.tex.xbx,544,8a684e14,16,16,5
levels/NO/NO_net.tex.xbx,545,7bdde890,16,16,5
levels/NO/NO_net.tex.xbx,546,2aa8cca8,128,64,5
levels/NO/NO_net.tex.xbx,547,5bf1511c,128,64,5
levels/NO/NO_net.tex.xbx,548,1cb3520c,128,128,1
levels/NO/NO_net.tex.xbx,549,3a0be92c,64,64,1
levels/NO/NO_net.tex.xbx,550,d4f8599c,64,32,5
levels/NO/NO_net.tex.xbx,551,5969c86c,128,128,1
levels/NO/NO_net.tex.xbx,552,1b39b820,128,64,1
levels/NO/NO_net.tex.xbx,553,3e033fdc,128,128,1
levels/NO/NO_net.tex.xbx,554,96cc61ec,128,64,5
levels/NO/NO_net.tex.xbx,555,3756b1a0,128,64,5
levels/NO/NO_net.tex.xbx,556,73f7f980,128,128,1
levels/NO/NO_net.tex.xbx,557,25e43b84,64,128,5
levels/NO/NO_net.tex.xbx,558,1e352900,128,64,1
levels/NO/NO_net.tex.xbx,559,ef03897c,64,64,1
levels/NO/NO_net.tex.xbx,560,580dbb50,128,32,1
levels/NO/NO_net.tex.xbx,561,9adcff8c,32,32,5
levels/NO/NO_net.tex.xbx,562,998b191c,64,64,5
levels/NO/NO_net.tex.xbx,563,48006088,64,64,5
levels/NO/NO_net.tex.xbx,564,23bfed00,64,64,5
levels/NO/NO_net.tex.xbx,565,1192cdbc,128,128,5
levels/NO/NO_net.tex.xbx,566,7fa661f4,32,128,5
levels/NO/NO_net.tex.xbx,567,eb2f5588,128,128,1
levels/NO/NO_net.tex.xbx,568,d05b00d4,64,64,5
levels/NO/NO_net.tex.xbx,569,f2c9f75c,64,32,5
levels/NO/NO_net.tex.xbx,570,082321ac,16,32,5
levels/NO/NO_net.tex.xbx,571,f275c2a8,32,64,5
levels/NO/NO_net.tex.xbx,572,35fc8400,32,64,1
levels/NO/NO_net.tex.xbx,573,dbe1e360,64,128,1
levels/NO/NO_net.tex.xbx,574,d5cf3854,128,32,1
levels/NO/NO_net.tex.xbx,575,5876b994,64,64,1
levels/NO/NO_net.tex.xbx,576,5fc02208,64,64,1
levels/NO/NO_net.tex.xbx,577,c7e117c0,64,64,5
levels/NO/NO_net.tex.xbx,578,55ba1d1c,64,32,1
levels/NO/NO_net.tex.xbx,579,79fe57cc,16,16,5
levels/NO/NO_net.tex.xbx,580,a3d86614,64,16,5
levels/NO/NO_net.tex.xbx,581,ec586d70,64,32,5
levels/NO/NO_net.tex.xbx,582,176f311c,128,128,1
levels/NO/NO_net.tex.xbx,583,ef2b29a4,64,32,5
levels/NO/NO_net.tex.xbx,584,e9f9f524,128,64,1
levels/NO/NO_net.tex.xbx,585,bd48f9c4,64,64,5
levels/NO/NO_net.tex.xbx,586,2aae06a0,128,128,5
levels/NO/NO_net.tex.xbx,587,46ca0b20,64,64,1
levels/NO/NO_net.tex.xbx,588,77e4d4f8,64,64,5
levels/NO/NO_net.tex.xbx,589,72a35120,64,64,1
levels/NO/NO_net.tex.xbx,590,5e2e5938,64,128,1
levels/NO/NO_net.tex.xbx,591,cd7a09c0,128,128,5
levels/NO/NO_net.tex.xbx,592,8a1eac9c,128,128,5
levels/NO/NO_net.tex.xbx,593,76c3c9cc,32,64,1
levels/NO/NO_net.tex.xbx,594,46c1aea8,128,64,1
levels/NO/NO_net.tex.xbx,595,f0e16674,64,32,1
levels/NO/NO_net.tex.xbx,596,5d3f93a8,64,64,1
levels/NO/NO_net.tex.xbx,597,8c13bc90,64,64,1
levels/NO/NO_net.tex.xbx,598,b01a5eb0,64,64,5
levels/NO/NO_net.tex.xbx,599,d11d12f8,64,128,5
levels/NO/NO_net.tex.xbx,600,c4443b60,64,128,5
levels/NO/NO_net.tex.xbx,601,ef279abc,128,128,5
levels/NO/NO_net.tex.xbx,602,9536fd34,128,128,5
levels/NO/NO_net.tex.xbx,603,f1ba2ca4,128,128,5
levels/NO/NO_net.tex.xbx,604,8d863a10,64,64,5
levels/NO/NO_net.tex.xbx,605,277d49c4,128,128,1
levels/NO/NO_net.tex.xbx,606,62a854c4,128,128,1
levels/NO/NO_net.tex.xbx,607,d00000a4,32,32,1
levels/NO/NO_net.tex.xbx,608,7df1b924,32,32,5
levels/NO/NO_net.tex.xbx,609,df59b87c,64,64,1
levels/NO/NO_net.tex.xbx,610,eb20c2c0,64,64,5
levels/NO/NO_net.tex.xbx,611,8af77450,128,128,5
levels/NO/NO_net.tex.xbx,612,97ebfd80,128,64,1
levels/NO/NO_net.tex.xbx,613,f5475194,128,128,5
levels/NO/NO_net.tex.xbx,614,ab257130,128,64,1
levels/NO/NO_net.tex.xbx,615,02d24474,128,128,5
levels/NO/NO_net.tex.xbx,616,02ec9154,64,64,5
levels/NO/NO_net.tex.xbx,617,09a85a8c,32,32,5
levels/NO/NO_net.tex.xbx,618,1a0ef09c,128,128,1
levels/NO/NO_net.tex.xbx,619,71172a44,128,64,5
levels/NO/NO_net.tex.xbx,620,63794bc4,32,32,1
levels/NO/NO_net.tex.xbx,621,67337ab8,128,64,1
levels/NO/NO_net.tex.xbx,622,6ed2f350,128,128,1
levels/NO/NO_net.tex.xbx,623,2731eb64,128,128,5
levels/NO/NO_net.tex.xbx,624,0a4d465c,128,128,1
levels/NO/NO_net.tex.xbx,625,464b6094,32,16,5
levels/NO/NO_net.tex.xbx,626,4c967e64,128,128,5
levels/NO/NO_net.tex.xbx,627,0c99fdec,128,128,5
levels/NO/NO_net.tex.xbx,628,6cafdb78,64,128,1
levels/NO/NO_net.tex.xbx,629,c0457338,64,64,1
levels/NO/NO_net.tex.xbx,630,45c67300,128,64,5
levels/NO/NO_net.tex.xbx,631,8117d978,32,32,5
levels/NO/NO_net.tex.xbx,632,03635c04,64,128,5
levels/NO_Sky/NO_Sky.tex.xbx,0,4e4bdfac,32,32,1
levels/NO_Sky/NO_Sky.tex.xbx,1,03e6c744,128,128,5
levels/NO_Sky/NO_Sky_net.tex.xbx,0,4e4bdfac,32,32,1
levels/NO_Sky/NO_Sky_net.tex.xbx,1,03e6c744,128,128,5
levels/PH/PH.tex.xbx,0,db3912a8,128,128,1
levels/PH/PH.tex.xbx,1,d7a51d5c,32,32,1
levels/PH/PH.tex.xbx,2,8182ab94,256,256,1
levels/PH/PH.tex.xbx,3,3d4fabd4,128,128,1
levels/PH/PH.tex.xbx,4,9ea4ab88,128,128,1
levels/PH/PH.tex.xbx,5,2105abc8,128,128,1
levels/PH/PH.tex.xbx,6,56c94368,64,8,1
levels/PH/PH.tex.xbx,7,f563a584,16,64,1
levels/PH/PH.tex.xbx,8,bd21d530,128,128,1
levels/PH/PH.tex.xbx,9,46ade06c,128,128,1
levels/PH/PH.tex.xbx,10,df690998,128,128,1
levels/PH/PH.tex.xbx,11,fc509e08,128,128,1
levels/PH/PH.tex.xbx,12,49855d08,128,128,1
levels/PH/PH.tex.xbx,13,aa038040,8,8,1
levels/PH/PH.tex.xbx,14,11489fd0,64,16,2
levels/PH/PH.tex.xbx,15,b1564a5c,64,64,1
levels/PH/PH.tex.xbx,16,8841c904,64,64,1
levels/PH/PH.tex.xbx,17,047f395c,64,64,1
levels/PH/PH.tex.xbx,18,edc60164,32,32,1
levels/PH/PH.tex.xbx,19,31bff6ac,128,128,1
levels/PH/PH.tex.xbx,20,0808b1bc,128,128,1
levels/PH/PH.tex.xbx,21,ebda4dd0,128,128,1
levels/PH/PH.tex.xbx,22,b2989f10,32,64,1
levels/PH/PH.tex.xbx,23,6c5ece0c,32,16,2
levels/PH/PH.tex.xbx,24,fdcba944,64,8,1
levels/PH/PH.tex.xbx,25,f310d96c,64,128,1
levels/PH/PH.tex.xbx,26,c520d58c,64,64,1
levels/PH/PH.tex.xbx,27,b6280f38,128,128,1
levels/PH/PH.tex.xbx,28,eb9ef9ac,32,32,1
levels/PH/PH.tex.xbx,29,e5c6ad50,64,64,1
levels/PH/PH.tex.xbx,30,cffb99f4,128,128,1
levels/PH/PH.tex.xbx,31,9445086c,64,64,1
levels/PH/PH.tex.xbx,32,eb810568,128,128,1
levels/PH/PH.tex.xbx,33,3661af3c,128,128,1
levels/PH/PH.tex.xbx,34,9bfa9e18,128,128,1
levels/PH/PH.tex.xbx,35,2f79dfc8,128,128,1
levels/PH/PH.tex.xbx,36,3bf77540,32,64,1
levels/PH/PH.tex.xbx,37,5fc8fc48,32,32,1
levels/PH/PH.tex.xbx,38,4faaf468,64,64,1
levels/PH/PH.tex.xbx,39,754e3e3c,128,128,1
levels/PH/PH.tex.xbx,40,279ce728,16,16,5
levels/PH/PH.tex.xbx,41,3d207270,64,32,1
levels/PH/PH.tex.xbx,42,09d9736c,128,128,1
levels/PH/PH.tex.xbx,43,d918d290,16,16,1
levels/PH/PH.tex.xbx,44,d517513c,32,32,1
levels/PH/PH.tex.xbx,45,60626df0,16,128,1
levels/PH/PH.tex.xbx,46,4f68d9bc,128,128,1
levels/PH/PH.tex.xbx,47,18f2cf64,64,32,1
levels/PH/PH.tex.xbx,48,a9c3f868,64,64,1
levels/PH/PH.tex.xbx,49,4ca87ae0,128,128,1
levels/PH/PH.tex.xbx,50,c064b484,64,64,1
levels/PH/PH.tex.xbx,51,4ad767e4,64,64,1
levels/PH/PH.tex.xbx,52,c453f1fc,64,64,1
levels/PH/PH.tex.xbx,53,6571b920,64,64,1
levels/PH/PH.tex.xbx,54,f368164c,64,64,1
levels/PH/PH.tex.xbx,55,7cb47040,64,64,1
levels/PH/PH.tex.xbx,56,b927dc64,32,32,1
levels/PH/PH.tex.xbx,57,fb1cd77c,128,128,1
levels/PH/PH.tex.xbx,58,a32eb3bc,128,128,1
levels/PH/PH.tex.xbx,59,1f688638,32,32,5
levels/PH/PH.tex.xbx,60,663d7538,32,64,5
levels/PH/PH.tex.xbx,61,f70e4c94,64,32,1
levels/PH/PH.tex.xbx,62,f9f9370c,32,32,1
levels/PH/PH.tex.xbx,63,9d46aa94,16,16,1
levels/PH/PH.tex.xbx,64,8663ff74,16,16,1
levels/PH/PH.tex.xbx,65,4357f810,16,64,1
levels/PH/PH.tex.xbx,66,45006424,64,32,1
levels/PH/PH.tex.xbx,67,079b2cd8,128,128,1
levels/PH/PH.tex.xbx,68,6ba5a4b0,128,128,1
levels/PH/PH.tex.xbx,69,28a626b0,64,64,1
levels/PH/PH.tex.xbx,70,6f9e23f8,64,64,1
levels/PH/PH.tex.xbx,71,0e4dd000,64,64,1
levels/PH/PH.tex.xbx,72,0d4defb0,128,128,1
levels/PH/PH.tex.xbx,73,4ea960b8,128,128,1
levels/PH/PH.tex.xbx,74,334e3e20,128,128,1
levels/PH/PH.tex.xbx,75,da1c188c,128,128,5
levels/PH/PH.tex.xbx,76,6ff1b028,16,16,1
levels/PH/PH.tex.xbx,77,6edd4e34,64,64,5
levels/PH/PH.tex.xbx,78,8865b328,64,64,1
levels/PH/PH.tex.xbx,79,05991030,64,64,1
levels/PH/PH.tex.xbx,80,74e569c4,64,128,1
levels/PH/PH.tex.xbx,81,c0981e78,64,64,1
levels/PH/PH.tex.xbx,82,2c25d7cc,64,64,1
levels/PH/PH.tex.xbx,83,e8361714,64,64,1
levels/PH/PH.tex.xbx,84,bf2b8890,128,128,1
levels/PH/PH.tex.xbx,85,7acd43d4,64,64,1
levels/PH/PH.tex.xbx,86,0cc0a020,64,64,1
levels/PH/PH.tex.xbx,87,db1519b8,128,128,1
levels/PH/PH.tex.xbx,88,f9f98f64,128,128,1
levels/PH/PH.tex.xbx,89,5572a670,64,64,1
levels/PH/PH.tex.xbx,90,517f1228,64,64,1
levels/PH/PH.tex.xbx,91,142f60f8,32,64,1
levels/PH/PH.tex.xbx,92,4637ae80,32,64,1
levels/PH/PH.tex.xbx,93,5dcdd540,64,64,1
levels/PH/PH.tex.xbx,94,109323b8,128,128,1
levels/PH/PH.tex.xbx,95,949fa680,32,64,1
levels/PH/PH.tex.xbx,96,705d1234,64,64,1
levels/PH/PH.tex.xbx,97,0caa6f9c,32,64,1
levels/PH/PH.tex.xbx,98,6c29aa9c,32,64,1
levels/PH/PH.tex.xbx,99,bdb44c08,32,64,1
levels/PH/PH.tex.xbx,100,f6e2c434,64,64,1
levels/PH/PH.tex.xbx,101,4c2baa90,64,128,1
levels/PH/PH.tex.xbx,102,2709592c,64,32,1
levels/PH/PH.tex.xbx,103,2f9523c4,64,64,1
levels/PH/PH.tex.xbx,104,0c55215c,64,64,1
levels/PH/PH.tex.xbx,105,45e6d950,64,64,1
levels/PH/PH.tex.xbx,106,f0c7f74c,64,64,1
levels/PH/PH.tex.xbx,107,8914e2c4,64,64,1
levels/PH/PH.tex.xbx,108,5077b934,64,64,1
levels/PH/PH.tex.xbx,109,735c3a2c,64,64,1
levels/PH/PH.tex.xbx,110,eb1780d0,64,64,1
levels/PH/PH.tex.xbx,111,506bb104,64,64,1
levels/PH/PH.tex.xbx,112,a025d564,32,64,1
levels/PH/PH.tex.xbx,113,309949d4,64,64,1
levels/PH/PH.tex.xbx,114,42fb6b54,64,32,1
levels/PH/PH.tex.xbx,115,9076900c,32,32,1
levels/PH/PH.tex.xbx,116,0eae748c,128,128,5
levels/PH/PH.tex.xbx,117,531662b0,128,64,5
levels/PH/PH.tex.xbx,118,7bf897a8,128,64,5
levels/PH/PH.tex.xbx,119,a78916f4,128,128,5
levels/PH/PH.tex.xbx,120,dd14f560,128,128,5
levels/PH/PH.tex.xbx,121,cbb78b6c,32,32,5
levels/PH/PH.tex.xbx,122,a6510cbc,64,32,1
levels/PH/PH.tex.xbx,123,3796007c,128,128,1
levels/PH/PH.tex.xbx,124,26e65ac8,64,64,1
levels/PH/PH.tex.xbx,125,289f90e4,128,64,1
levels/PH/PH.tex.xbx,126,642020bc,64,32,1
levels/PH/PH.tex.xbx,127,94fe8eac,128,128,1
levels/PH/PH.tex.xbx,128,667890a8,16,16,1
levels/PH/PH.tex.xbx,129,a0f0dc5c,64,64,5
levels/PH/PH.tex.xbx,130,6fcccb28,64,64,1
levels/PH/PH.tex.xbx,131,d3c634c4,64,64,1
levels/PH/PH.tex.xbx,132,7a1e4f88,32,32,1
levels/PH/PH.tex.xbx,133,e9b21118,128,128,5
levels/PH/PH.tex.xbx,134,190cfd48,32,32,1
levels/PH/PH.tex.xbx,135,18c69cd0,64,64,1
levels/PH/PH.tex.xbx,136,4b203ebc,128,128,1
levels/PH/PH.tex.xbx,137,3ca6ffec,64,64,2
levels/PH/PH.tex.xbx,138,253bd480,128,128,1
levels/PH/PH.tex.xbx,139,05b8edcc,128,128,1
levels/PH/PH.tex.xbx,140,a8a424d4,128,128,1
levels/PH/PH.tex.xbx,141,c49caccc,128,128,1
levels/PH/PH.tex.xbx,142,61875fd4,128,128,1
levels/PH/PH_net.tex.xbx,0,db3912a8,128,128,1
levels/PH/PH_net.tex.xbx,1,d7a51d5c,32,32,1
levels/PH/PH_net.tex.xbx,2,8182ab94,256,256,1
levels/PH/PH_net.tex.xbx,3,3d4fabd4,128,128,1
levels/PH/PH_net.tex.xbx,4,9ea4ab88,128,128,1
levels/PH/PH_net.tex.xbx,5,2105abc8,128,128,1
levels/PH/PH_net.tex.xbx,6,56c94368,64,8,1
levels/PH/PH_net.tex.xbx,7,f563a584,16,64,1
levels/PH/PH_net.tex.xbx,8,bd21d530,128,128,1
levels/PH/PH_net.tex.xbx,9,46ade06c,128,128,1
levels/PH/PH_net.tex.xbx,10,df690998,128,128,1
levels/PH/PH_net.tex.xbx,11,fc509e08,128,128,1
levels/PH/PH_net.tex.xbx,12,49855d08,128,128,1
levels/PH/PH_net.tex.xbx,13,aa038040,8,8,1
levels/PH/PH_net.tex.xbx,14,11489fd0,64,16,2
levels/PH/PH_net.tex.xbx,15,b1564a5c,64,64,1
levels/PH/PH_net.tex.xbx,16,8841c904,64,64,1
levels/PH/PH_net.tex.xbx,17,047f395c,64,64,1
levels/PH/PH_net.tex.xbx,18,edc60164,32,32,1
levels/PH/PH_net.tex.xbx,19,31bff6ac,128,128,1
levels/PH/PH_net.tex.xbx,20,0808b1bc,128,128,1
levels/PH/PH_net.tex.xbx,21,ebda4dd0,128,128,1
levels/PH/PH_net.tex.xbx,22,b2989f10,32,64,1
levels/PH/PH_net.tex.xbx,23,6c5ece0c,32,16,2
levels/PH/PH_net.tex.xbx,24,fdcba944,64,8,1
levels/PH/PH_net.tex.xbx,25,f310d96c,64,128,1
levels/PH/PH_net.tex.xbx,26,c520d58c,64,64,1
levels/PH/PH_net.tex.xbx,27,b6280f38,128,128,1
levels/PH/PH_net.tex.xbx,28,eb9ef9ac,32,32,1
levels/PH/PH_net.tex.xbx,29,e5c6ad50,64,64,1
levels/PH/PH_net.tex.xbx,30,cffb99f4,128,128,1
levels/PH/PH_net.tex.xbx,31,9445086c,64,64,1
levels/PH/PH_net.tex.xbx,32,eb810568,128,128,1
levels/PH/PH_net.tex.xbx,33,3661af3c,128,128,1
levels/PH/PH_net.tex.xbx,34,9bfa9e18,128,128,1
levels/PH/PH_net.tex.xbx,35,2f79dfc8,128,128,1
levels/PH/PH_net.tex.xbx,36,3bf77540,32,64,1
levels/PH/PH_net.tex.xbx,37,5fc8fc48,32,32,1
levels/PH/PH_net.tex.xbx,38,4faaf468,64,64,1
levels/PH/PH_net.tex.xbx,39,754e3e3c,128,128,1
levels/PH/PH_net.tex.xbx,40,279ce728,16,16,5
levels/PH/PH_net.tex.xbx,41,3d207270,64,32,1
levels/PH/PH_net.tex.xbx,42,09d9736c,128,128,1
levels/PH/PH_net.tex.xbx,43,d918d290,16,16,1
levels/PH/PH_net.tex.xbx,44,d517513c,32,32,1
levels/PH/PH_net.tex.xbx,45,60626df0,16,128,1
levels/PH/PH_net.tex.xbx,46,4f68d9bc,128,128,1
levels/PH/PH_net.tex.xbx,47,18f2cf64,64,32,1
levels/PH/PH_net.tex.xbx,48,a9c3f868,64,64,1
levels/PH/PH_net.tex.xbx,49,4ca87ae0,128,128,1
levels/PH/PH_net.tex.xbx,50,c064b484,64,64,1
levels/PH/PH_net.tex.xbx,51,4ad767e4,64,64,1
levels/PH/PH_net.tex.xbx,52,c453f1fc,64,64,1
levels/PH/PH_net.tex.xbx,53,6571b920,64,64,1
levels/PH/PH_net.tex.xbx,54,f368164c,64,64,1
levels/PH/PH_net.tex.xbx,55,7cb47040,64,64,1
levels/PH/PH_net.tex.xbx,56,b927dc64,32,32,1
levels/PH/PH_net.tex.xbx,57,fb1cd77c,128,128,1
levels/PH/PH_net.tex.xbx,58,a32eb3bc,128,128,1
levels/PH/PH_net.tex.xbx,59,1f688638,32,32,5
levels/PH/PH_net.tex.xbx,60,663d7538,32,64,5
levels/PH/PH_net.tex.xbx,61,f70e4c94,64,32,1
levels/PH/PH_net.tex.xbx,62,f9f9370c,32,32,1
levels/PH/PH_net.tex.xbx,63,9d46aa94,16,16,1
levels/PH/PH_net.tex.xbx,64,8663ff74,16,16,1
levels/PH/PH_net.tex.xbx,65,4357f810,16,64,1
levels/PH/PH_net.tex.xbx,66,45006424,64,32,1
levels/PH/PH_net.tex.xbx,67,079b2cd8,128,128,1
levels/PH/PH_net.tex.xbx,68,6ba5a4b0,128,128,1
levels/PH/PH_net.tex.xbx,69,28a626b0,64,64,1
levels/PH/PH_net.tex.xbx,70,6f9e23f8,64,64,1
levels/PH/PH_net.tex.xbx,71,0e4dd000,64,64,1
levels/PH/PH_net.tex.xbx,72,0d4defb0,128,128,1
levels/PH/PH_net.tex.xbx,73,4ea960b8,128,128,1
levels/PH/PH_net.tex.xbx,74,334e3e20,128,128,1
levels/PH/PH_net.tex.xbx,75,da1c188c,128,128,5
levels/PH/PH_net.tex.xbx,76,6ff1b028,16,16,1
levels/PH/PH_net.tex.xbx,77,6edd4e34,64,64,5
levels/PH/PH_net.tex.xbx,78,8865b328,64,64,1
levels/PH/PH_net.tex.xbx,79,05991030,64,64,1
levels/PH/PH_net.tex.xbx,80,74e569c4,64,128,1
levels/PH/PH_net.tex.xbx,81,c0981e78,64,64,1
levels/PH/PH_net.tex.xbx,82,2c25d7cc,64,64,1
levels/PH/PH_net.tex.xbx,83,e8361714,64,64,1
levels/PH/PH_net.tex.xbx,84,bf2b8890,128,128,1
levels/PH/PH_net.tex.xbx,85,7acd43d4,64,64,1
levels/PH/PH_net.tex.xbx,86,0cc0a020,64,64,1
levels/PH/PH_net.tex.xbx,87,db1519b8,128,128,1
levels/PH/PH_net.tex.xbx,88,f9f98f64,128,128,1
levels/PH/PH_net.tex.xbx,89,5572a670,64,64,1
levels/PH/PH_net.tex.xbx,90,517f1228,64,64,1
levels/PH/PH_net.tex.xbx,91,142f60f8,32,64,1
levels/PH/PH_net.tex.xbx,92,4637ae80,32,64,1
levels/PH/PH_net.tex.xbx,93,5dcdd540,64,64,1
levels/PH/PH_net.tex.xbx,94,109323b8,128,128,1
levels/PH/PH_net.tex.xbx,95,949fa680,32,64,1
levels/PH/PH_net.tex.xbx,96,705d1234,64,64,1
levels/PH/PH_net.tex.xbx,97,0caa6f9c,32,64,1
levels/PH/PH_net.tex.xbx,98,6c29aa9c,32,64,1
levels/PH/PH_net.tex.xbx,99,bdb44c08,32,64,1
levels/PH/PH_net.tex.xbx,100,f6e2c434,64,64,1
levels/PH/PH_net.tex.xbx,101,4c2baa90,64,128,1
levels/PH/PH_net.tex.xbx,102,2709592c,64,32,1
levels/PH/PH_net.tex.xbx,103,2f9523c4,64,64,1
levels/PH/PH_net.tex.xbx,104,0c55215c,64,64,1
levels/PH/PH_net.tex.xbx,105,45e6d950,64,64,1
levels/PH/PH_net.tex.xbx,106,f0c7f74c,64,64,1
levels/PH/PH_net.tex.xbx,107,8914e2c4,64,64,1
levels/PH/PH_net.tex.xbx,108,5077b934,64,64,1
levels/PH/PH_net.tex.xbx,109,735c3a2c,64,64,1
levels/PH/PH_net.tex.xbx,110,eb1780d0,64,64,1
levels/PH/PH_net.tex.xbx,111,506bb104,64,64,1
levels/PH/PH_net.tex.xbx,112,a025d564,32,64,1
levels/PH/PH_net.tex.xbx,113,309949d4,64,64,1
levels/PH/PH_net.tex.xbx,114,42fb6b54,64,32,1
levels/PH/PH_net.tex.xbx,115,9076900c,32,32,1
levels/PH/PH_net.tex.xbx,116,0eae748c,128,128,5
levels/PH/PH_net.tex.xbx,117,531662b0,128,64,5
levels/PH/PH_net.tex.xbx,118,7bf897a8,128,64,5
levels/PH/PH_net.tex.xbx,119,a78916f4,128,128,5
levels/PH/PH_net.tex.xbx,120,dd14f560,128,128,5
levels/PH/PH_net.tex.xbx,121,cbb78b6c,32,32,5
levels/PH/PH_net.tex.xbx,122,a6510cbc,64,32,1
levels/PH/PH_net.tex.xbx,123,3796007c,128,128,1
levels/PH/PH_net.tex.xbx,124,26e65ac8,64,64,1
levels/PH/PH_net.tex.xbx,125,289f90e4,128,64,1
levels/PH/PH_net.tex.xbx,126,642020bc,64,32,1
levels/PH/PH_net.tex.xbx,127,94fe8eac,128,128,1
levels/PH/PH_net.tex.xbx,128,667890a8,16,16,1
levels/PH/PH_net.tex.xbx,129,a0f0dc5c,64,64,5
levels/PH/PH_net.tex.xbx,130,6fcccb28,64,64,1
levels/PH/PH_net.tex.xbx,131,d3c634c4,64,64,1
levels/PH/PH_net.tex.xbx,132,7a1e4f88,32,32,1
levels/PH/PH_net.tex.xbx,133,e9b21118,128,128,5
levels/PH/PH_net.tex.xbx,134,190cfd48,32,32,1
levels/PH/PH_net.tex.xbx,135,18c69cd0,64,64,1
levels/PH/PH_net.tex.xbx,136,4b203ebc,128,128,1
levels/PH/PH_net.tex.xbx,137,3ca6ffec,64,64,2
levels/PH/PH_net.tex.xbx,138,253bd480,128,128,1
levels/PH/PH_net.tex.xbx,139,05b8edcc,128,128,1
levels/PH/PH_net.tex.xbx,140,a8a424d4,128,128,1
levels/PH/PH_net.tex.xbx,141,c49caccc,128,128,1
levels/PH/PH_net.tex.xbx,142,61875fd4,128,128,1
levels/PH_Sky/PH_Sky.tex.xbx,0,4fc5def0,32,32,1
levels/PH_Sky/PH_Sky.tex.xbx,1,494bfec8,128,128,5
levels/PH_Sky/PH_Sky_net.tex.xbx,0,4fc5def0,32,32,1
levels/PH_Sky/PH_Sky_net.tex.xbx,1,494bfec8,128,128,5
levels/SC/SC.tex.xbx,0,d2ffb90c,64,32,1
levels/SC/SC.tex.xbx,1,00e8fa54,128,128,5
levels/SC/SC.tex.xbx,2,1dec0814,128,128,1
levels/SC/SC.tex.xbx,3,ea05264c,32,128,5
levels/SC/SC.tex.xbx,4,75570178,128,32,1
levels/SC/SC.tex.xbx,5,935395a8,32,32,1
levels/SC/SC.tex.xbx,6,a115ac68,128,128,1
levels/SC/SC.tex.xbx,7,18667928,128,128,1
levels/SC/SC.tex.xbx,8,9f4bdd84,128,128,5
levels/SC/SC.tex.xbx,9,64d8734c,128,128,5
levels/SC/SC.tex.xbx,10,c91f0f3c,128,128,1
levels/SC/SC.tex.xbx,11,83e33574,128,128,1
levels/SC/SC.tex.xbx,12,fbcedb48,128,128,1
levels/SC/SC.tex.xbx,13,41228504,128,128,1
levels/SC/SC.tex.xbx,14,e015984c,128,64,1
levels/SC/SC.tex.xbx,15,20743f00,128,128,1
levels/SC/SC.tex.xbx,16,f48af0f8,128,128,1
levels/SC/SC.tex.xbx,17,dec05b6c,128,128,1
levels/SC/SC.tex.xbx,18,f09d6238,128,64,1
levels/SC/SC.tex.xbx,19,efefc38c,128,128,1
levels/SC/SC.tex.xbx,20,b34f3a14,128,128,1
levels/SC/SC.tex.xbx,21,8a64b88c,128,128,1
levels/SC/SC.tex.xbx,22,0a88bf68,128,64,1
levels/SC/SC.tex.xbx,23,2b95266c,128,64,1
levels/SC/SC.tex.xbx,24,b33651b0,128,64,1
levels/SC/SC.tex.xbx,25,6e4da220,128,128,1
levels/SC/SC.tex.xbx,26,7bdae920,128,128,1
levels/SC/SC.tex.xbx,27,6f8b0a3c,128,128,1
levels/SC/SC.tex.xbx,28,7ec630fc,32,32,1
levels/SC/SC.tex.xbx,29,b5890ed8,128,128,1
levels/SC/SC.tex.xbx,30,d59368d0,128,64,1
levels/SC/SC.tex.xbx,31,28d62540,128,128,1
levels/SC/SC.tex.xbx,32,7e1334b4,128,128,1
levels/SC/SC.tex.xbx,33,d132794c,128,128,1
levels/SC/SC.tex.xbx,34,fdaa35e0,128,128,1
levels/SC/SC.tex.xbx,35,6ec5ea1c,128,64,1
levels/SC/SC.tex.xbx,36,c865fb1c,128,64,1
levels/SC/SC.tex.xbx,37,d09d28c4,128,128,1
levels/SC/SC.tex.xbx,38,ee929c60,128,128,1
levels/SC/SC.tex.xbx,39,cb99d354,128,128,1
levels/SC/SC.tex.xbx,40,479e90cc,128,128,1
levels/SC/SC.tex.xbx,41,7e9b1584,64,64,1
levels/SC/SC.tex.xbx,42,bccd51b0,128,128,5
levels/SC/SC.tex.xbx,43,c8cb86f8,128,128,1
levels/SC/SC.tex.xbx,44,7d8d8a08,128,64,5
levels/SC/SC.tex.xbx,45,1857ca50,128,64,5
levels/SC/SC.tex.xbx,46,a04718e4,128,128,1
levels/SC/SC.tex.xbx,47,4ebcdd60,128,128,1
levels/SC/SC.tex.xbx,48,f2958fb0,128,128,1
levels/SC/SC.tex.xbx,49,6aa0586c,128,128,1
levels/SC/SC.tex.xbx,50,071fe9f4,128,128,1
levels/SC/SC.tex.xbx,51,5e7d00f4,64,64,1
levels/SC/SC.tex.xbx,52,71346150,128,128,1
levels/SC/SC.tex.xbx,53,59931610,128,128,1
levels/SC/SC.tex.xbx,54,382a46e0,128,128,1
levels/SC/SC.tex.xbx,55,656aac48,128,128,1
levels/SC/SC.tex.xbx,56,cfad4440,128,64,1
levels/SC/SC.tex.xbx,57,b9f55a5c,128,128,1
levels/SC/SC.tex.xbx,58,5ec58428,128,128,1
levels/SC/SC.tex.xbx,59,b1499430,32,32,1
levels/SC/SC.tex.xbx,60,992bf578,128,128,1
levels/SC/SC.tex.xbx,61,ab086394,128,32,1
levels/SC/SC.tex.xbx,62,2a35f9c8,128,128,1
levels/SC/SC.tex.xbx,63,c5e45480,128,128,1
levels/SC/SC.tex.xbx,64,eca82478,128,32,1
levels/SC/SC.tex.xbx,65,8a5e1f90,64,64,1
levels/SC/SC.tex.xbx,66,f3f0d9f8,128,128,1
levels/SC/SC.tex.xbx,67,0135d1cc,128,128,1
levels/SC/SC.tex.xbx,68,f9b8ffa0,128,128,1
levels/SC/SC.tex.xbx,69,5334aaf8,128,64,1
levels/SC/SC.tex.xbx,70,faa68568,128,128,5
levels/SC/SC.tex.xbx,71,e6365e14,64,128,1
levels/SC/SC.tex.xbx,72,b1b79eb0,128,128,1
levels/SC/SC.tex.xbx,73,be590028,128,64,1
levels/SC/SC.tex.xbx,74,eaec67f4,64,128,1
levels/SC/SC.tex.xbx,75,1c79a1b0,128,128,1
levels/SC/SC.tex.xbx,76,a654d66c,32,128,1
levels/SC/SC.tex.xbx,77,4f6f96f4,16,128,1
levels/SC/SC.tex.xbx,78,dae1e2b0,32,128,1
levels/SC/SC.tex.xbx,79,53d10b6c,32,128,1
levels/SC/SC.tex.xbx,80,f865381c,64,64,1
levels/SC/SC.tex.xbx,81,bb7f93d4,128,128,1
levels/SC/SC.tex.xbx,82,2261da58,32,128,5
levels/SC/SC.tex.xbx,83,ecac95bc,64,32,1
levels/SC/SC.tex.xbx,84,4b5fb944,16,16,5
levels/SC/SC.tex.xbx,85,766b31ec,128,64,1
levels/SC/SC.tex.xbx,86,ec1fda98,128,128,1
levels/SC/SC.tex.xbx,87,1a922eac,128,128,5
levels/SC/SC.tex.xbx,88,7b64b60c,128,128,1
levels/SC/SC.tex.xbx,89,0d319894,128,64,1
levels/SC/SC.tex.xbx,90,58089c84,128,128,1
levels/SC/SC.tex.xbx,91,b0eda294,128,64,1
levels/SC/SC.tex.xbx,92,ec532f0c,128,64,1
levels/SC/SC.tex.xbx,93,6ed1a458,128,128,1
levels/SC/SC.tex.xbx,94,3dbe2494,128,64,5
levels/SC/SC.tex.xbx,95,5c5d7f84,64,128,1
levels/SC/SC.tex.xbx,96,96e51d24,32,32,5
levels/SC/SC.tex.xbx,97,6afe4b54,128,128,1
levels/SC/SC.tex.xbx,98,94ef9648,16,32,1
levels/SC/SC.tex.xbx,99,94ea4834,32,16,5
levels/SC/SC.tex.xbx,100,5a7325f8,32,64,5
levels/SC/SC.tex.xbx,101,0a08d958,128,64,1
levels/SC/SC.tex.xbx,102,fff0be00,128,64,1
levels/SC/SC.tex.xbx,103,2b7b7844,128,64,1
levels/SC/SC.tex.xbx,104,14e39610,128,128,5
levels/SC/SC.tex.xbx,105,f4235da8,128,128,1
levels/SC/SC.tex.xbx,106,da738c74,128,128,1
levels/SC/SC.tex.xbx,107,3c3715dc,128,64,1
levels/SC/SC.tex.xbx,108,9743ae74,64,64,1
levels/SC/SC.tex.xbx,109,cbda8344,128,128,5
levels/SC/SC.tex.xbx,110,4885d1a4,128,128,5
levels/SC/SC.tex.xbx,111,3a64c300,128,128,1
levels/SC/SC.tex.xbx,112,56db4e88,128,128,1
levels/SC/SC.tex.xbx,113,d41037a0,128,64,5
levels/SC/SC_net.tex.xbx,0,d2ffb90c,64,32,1
levels/SC/SC_net.tex.xbx,1,00e8fa54,128,128,5
levels/SC/SC_net.tex.xbx,2,1dec0814,128,128,1
levels/SC/SC_net.tex.xbx,3,ea05264c,32,128,5
levels/SC/SC_net.tex.xbx,4,75570178,128,32,1
levels/SC/SC_net.tex.xbx,5,935395a8,32,32,1
levels/SC/SC_net.tex.xbx,6,a115ac68,128,128,1
levels/SC/SC_net.tex.xbx,7,18667928,128,128,1
levels/SC/SC_net.tex.xbx,8,9f4bdd84,128,128,5
levels/SC/SC_net.tex.xbx,9,64d8734c,128,128,5
levels/SC/SC_net.tex.xbx,10,c91f0f3c,128,128,1
levels/SC/SC_net.tex.xbx,11,83e33574,128,128,1
levels/SC/SC_net.tex.xbx,12,fbcedb48,128,128,1
levels/SC/SC_net.tex.xbx,13,41228504,128,128,1
levels/SC/SC_net.tex.xbx,14,e015984c,128,64,1
levels/SC/SC_net.tex.xbx,15,20743f00,128,128,1
levels/SC/SC_net.tex.xbx,16,f48af0f8,128,128,1
levels/SC/SC_net.tex.xbx,17,dec05b6c,128,128,1
levels/SC/SC_net.tex.xbx,18,f09d6238,128,64,1
levels/SC/SC_net.tex.xbx,19,efefc38c,128,128,1
levels/SC/SC_net.tex.xbx,20,b34f3a14,128,128,1
levels/SC/SC_net.tex.xbx,21,8a64b88c,128,128,1
levels/SC/SC_net.tex.xbx,22,0a88bf68,128,64,1
levels/SC/SC_net.tex.xbx,23,2b95266c,128,64,1
levels/SC/SC_net.tex.xbx,24,b33651b0,128,64,1
levels/SC/SC_net.tex.xbx,25,6e4da220,128,128,1
levels/SC/SC_net.tex.xbx,26,7bdae920,128,128,1
levels/SC/SC_net.tex.xbx,27,6f8b0a3c,128,128,1
levels/SC/SC_net.tex.xbx,28,7ec630fc,32,32,1
levels/SC/SC_net.tex.xbx,29,b5890ed8,128,128,1
levels/SC/SC_net.tex.xbx,30,d59368d0,128,64,1
levels/SC/SC_net.tex.xbx,31,28d62540,128,128,1
levels/SC/SC_net.tex.xbx,32,7e1334b4,128,128,1
levels/SC/SC_net.tex.xbx,33,d132794c,128,128,1
levels/SC/SC_net.tex.xbx,34,fdaa35e0,128,128,1
levels/SC/SC_net.tex.xbx,35,6ec5ea1c,128,64,1
levels/SC/SC_net.tex.xbx,36,c865fb1c,128,64,1
levels/SC/SC_net.tex.xbx,37,d09d28c4,128,128,1
levels/SC/SC_net.tex.xbx,38,ee929c60,128,128,1
levels/SC/SC_net.tex.xbx,39,cb99d354,128,128,1
levels/SC/SC_net.tex.xbx,40,479e90cc,128,128,1
levels/SC/SC_net.tex.xbx,41,7e9b1584,64,64,1
levels/SC/SC_net.tex.xbx,42,bccd51b0,128,128,5
levels/SC/SC_net.tex.xbx,43,c8cb86f8,128,128,1
levels/SC/SC_net.tex.xbx,44,7d8d8a08,128,64,5
levels/SC/SC_net.tex.xbx,45,1857ca50,128,64,5
levels/SC/SC_net.tex.xbx,46,a04718e4,128,128,1
levels/SC/SC_net.tex.xbx,47,4ebcdd60,128,128,1
levels/SC/SC_net.tex.xbx,48,f2958fb0,128,128,1
levels/SC/SC_net.tex.xbx,49,6aa0586c,128,128,1
levels/SC/SC_net.tex.xbx,50,071fe9f4,128,128,1
levels/SC/SC_net.tex.xbx,51,5e7d00f4,64,64,1
levels/SC/SC_net.tex.xbx,52,71346150,128,128,1
levels/SC/SC_net.tex.xbx,53,59931610,128,128,1
levels/SC/SC_net.tex.xbx,54,382a46e0,128,128,1
levels/SC/SC_net.tex.xbx,55,656aac48,128,128,1
levels/SC/SC_net.tex.xbx,56,cfad4440,128,64,1
levels/SC/SC_net.tex.xbx,57,b9f55a5c,128,128,1
levels/SC/SC_net.tex.xbx,58,5ec58428,128,128,1
levels/SC/SC_net.tex.xbx,59,b1499430,32,32,1
levels/SC/SC_net.tex.xbx,60,992bf578,128,128,1
levels/SC/SC_net.tex.xbx,61,ab086394,128,32,1
levels/SC/SC_net.tex.xbx,62,2a35f9c8,128,128,1
levels/SC/SC_net.tex.xbx,63,c5e45480,128,128,1
levels/SC/SC_net.tex.xbx,64,eca82478,128,32,1
levels/SC/SC_net.tex.xbx,65,8a5e1f90,64,64,1
levels/SC/SC_net.tex.xbx,66,f3f0d9f8,128,128,1
levels/SC/SC_net.tex.xbx,67,0135d1cc,128,128,1
levels/SC/SC_net.tex.xbx,68,f9b8ffa0,128,128,1
levels/SC/SC_net.tex.xbx,69,5334aaf8,128,64,1
levels/SC/SC_net.tex.xbx,70,faa68568,128,128,5
levels/SC/SC_net.tex.xbx,71,e6365e14,64,128,1
levels/SC/SC_net.tex.xbx,72,b1b79eb0,128,128,1
levels/SC/SC_net.tex.xbx,73,be590028,128,64,1
levels/SC/SC_net.tex.xbx,74,eaec67f4,64,128,1
levels/SC/SC_net.tex.xbx,75,1c79a1b0,128,128,1
levels/SC/SC_net.tex.xbx,76,a654d66c,32,128,1
levels/SC/SC_net.tex.xbx,77,4f6f96f4,16,128,1
levels/SC/SC_net.tex.xbx,78,dae1e2b0,32,128,1
levels/SC/SC_net.tex.xbx,79,53d10b6c,32,128,1
levels/SC/SC_net.tex.xbx,80,f865381c,64,64,1
levels/SC/SC_net.tex.xbx,81,bb7f93d4,128,128,1
levels/SC/SC_net.tex.xbx,82,2261da58,32,128,5
levels/SC/SC_net.tex.xbx,83,ecac95bc,64,32,1
levels/SC/SC_net.tex.xbx,84,4b5fb944,16,16,5
levels/SC/SC_net.tex.xbx,85,766b31ec,128,64,1
levels/SC/SC_net.tex.xbx,86,ec1fda98,128,128,1
levels/SC/SC_net.tex.xbx,87,1a922eac,128,128,5
levels/SC/SC_net.tex.xbx,88,7b64b60c,128,128,1
levels/SC/SC_net.tex.xbx,89,0d319894,128,64,1
levels/SC/SC_net.tex.xbx,90,58089c84,128,128,1
levels/SC/SC_net.tex.xbx,91,b0eda294,128,64,1
levels/SC/SC_net.tex.xbx,92,ec532f0c,128,64,1
levels/SC/SC_net.tex.xbx,93,6ed1a458,128,128,1
levels/SC/SC_net.tex.xbx,94,3dbe2494,128,64,5
levels/SC/SC_net.tex.xbx,95,5c5d7f84,64,128,1
levels/SC/SC_net.tex.xbx,96,96e51d24,32,32,5
levels/SC/SC_net.tex.xbx,97,6afe4b54,128,128,1
levels/SC/SC_net.tex.xbx,98,94ef9648,16,32,1
levels/SC/SC_net.tex.xbx,99,94ea4834,32,16,5
levels/SC/SC_net.tex.xbx,100,5a7325f8,32,64,5
levels/SC/SC_net.tex.xbx,101,0a08d958,128,64,1
levels/SC/SC_net.tex.xbx,102,fff0be00,128,64,1
levels/SC/SC_net.tex.xbx,103,2b7b7844,128,64,1
levels/SC/SC_net.tex.xbx,104,14e39610,128,128,5
levels/SC/SC_net.tex.xbx,105,f4235da8,128,128,1
levels/SC/SC_net.tex.xbx,106,da738c74,128,128,1
levels/SC/SC_net.tex.xbx,107,3c3715dc,128,64,1
levels/SC/SC_net.tex.xbx,108,9743ae74,64,64,1
levels/SC/SC_net.tex.xbx,109,cbda8344,128,128,5
levels/SC/SC_net.tex.xbx,110,4885d1a4,128,128,5
levels/SC/SC_net.tex.xbx,111,3a64c300,128,128,1
levels/SC/SC_net.tex.xbx,112,56db4e88,128,128,1
levels/SC/SC_net.tex.xbx,113,d41037a0,128,64,5
levels/SC_Sky/SC_Sky.tex.xbx,0,4fc5def0,32,32,1
levels/SC_Sky/SC_Sky.tex.xbx,1,494bfec8,128,128,5
levels/SC_Sky/SC_Sky_net.tex.xbx,0,4fc5def0,32,32,1
levels/SC_Sky/SC_Sky_net.tex.xbx,1,494bfec8,128,128,5
levels/SE/SE.tex.xbx,0,914e8c8c,128,128,1
levels/SE/SE.tex.xbx,1,f550a234,64,64,1
levels/SE/SE.tex.xbx,2,afb5e4c8,64,64,1
levels/SE/SE.tex.xbx,3,7e327ba0,128,32,1
levels/SE/SE.tex.xbx,4,b6e47d94,128,128,5
levels/SE/SE.tex.xbx,5,d915060c,128,64,1
levels/SE/SE.tex.xbx,6,53ddce3c,64,32,5
levels/SE/SE.tex.xbx,7,e88861f0,64,64,1
levels/SE/SE.tex.xbx,8,48d60d00,64,64,1
levels/SE/SE.tex.xbx,9,fe93d938,64,64,5
levels/SE/SE.tex.xbx,10,2b1b608c,64,64,5
levels/SE/SE.tex.xbx,11,690f7a9c,64,128,1
levels/SE/SE.tex.xbx,12,50f78694,64,64,5
levels/SE/SE.tex.xbx,13,3c678420,32,32,5
levels/SE/SE.tex.xbx,14,2996cd58,8,8,1
levels/SE/SE.tex.xbx,15,07104d4c,64,64,1
levels/SE/SE.tex.xbx,16,287617f8,64,32,5
levels/SE/SE.tex.xbx,17,26d6230c,64,64,1
levels/SE/SE.tex.xbx,18,b3703154,128,128,1
levels/SE/SE.tex.xbx,19,8a540db8,128,64,1
levels/SE/SE.tex.xbx,20,69d23940,128,128,1
levels/SE/SE.tex.xbx,21,d97eba9c,64,64,5
levels/SE/SE.tex.xbx,22,f1e23f00,64,64,5
levels/SE/SE.tex.xbx,23,5d4fbc18,64,64,5
levels/SE/SE.tex.xbx,24,4abc21f0,128,128,1
levels/SE/SE.tex.xbx,25,bc0703a0,64,64,1
levels/SE/SE.tex.xbx,26,2f69e75c,32,64,5
levels/SE/SE.tex.xbx,27,a40ed5e4,128,128,1
levels/SE/SE.tex.xbx,28,329c7060,128,128,5
levels/SE/SE.tex.xbx,29,b5a9edf8,128,128,1
levels/SE/SE.tex.xbx,30,f26de6f4,64,64,5
levels/SE/SE.tex.xbx,31,4a4d1d64,32,32,2
levels/SE/SE.tex.xbx,32,06f6c670,32,64,5
levels/SE/SE.tex.xbx,33,503941c8,64,64,1
levels/SE/SE.tex.xbx,34,166c81a4,128,128,1
levels/SE/SE.tex.xbx,35,30c051cc,32,32,5
levels/SE/SE.tex.xbx,36,7f86a040,64,64,5
levels/SE/SE.tex.xbx,37,ed2425b0,64,64,1
levels/SE/SE.tex.xbx,38,9cd7b9dc,64,128,5
levels/SE/SE.tex.xbx,39,89878068,64,64,5
levels/SE/SE.tex.xbx,40,ca2322e8,128,128,1
levels/SE/SE.tex.xbx,41,6212d6f0,128,128,1
levels/SE/SE.tex.xbx,42,22797c50,64,64,5
levels/SE/SE.tex.xbx,43,eb487c18,32,64,5
levels/SE/SE.tex.xbx,44,1bd2aaec,64,32,5
levels/SE/SE.tex.xbx,45,513d2d7c,64,64,5
levels/SE/SE.tex.xbx,46,3ee30ab4,64,64,1
levels/SE/SE.tex.xbx,47,5743fe38,32,64,5
levels/SE/SE.tex.xbx,48,57fab210,32,32,5
levels/SE/SE.tex.xbx,49,af8ed180,64,64,1
levels/SE/SE.tex.xbx,50,d199c178,32,16,5
levels/SE/SE.tex.xbx,51,762ad264,32,8,5
levels/SE/SE.tex.xbx,52,a4f16214,32,64,5
levels/SE/SE.tex.xbx,53,4a6cb0f8,64,64,5
levels/SE/SE.tex.xbx,54,0c5da79c,32,32,5
levels/SE/SE.tex.xbx,55,d95883f8,32,32,5
levels/SE/SE.tex.xbx,56,2ebe51c0,64,64,5
levels/SE/SE.tex.xbx,57,63ae5684,128,128,1
levels/SE/SE.tex.xbx,58,c2e7cd3c,64,64,5
levels/SE/SE.tex.xbx,59,cc347388,64,64,5
levels/SE/SE.tex.xbx,60,8bd3bee8,128,128,1
levels/SE/SE.tex.xbx,61,7f5dea40,64,64,5
levels/SE/SE.tex.xbx,62,aa7d78a4,64,64,5
levels/SE/SE.tex.xbx,63,f29dabf8,32,32,5
levels/SE/SE.tex.xbx,64,ce84b1b4,64,64,5
levels/SE/SE.tex.xbx,65,3cbde534,128,128,5
levels/SE/SE.tex.xbx,66,b6f41860,128,64,5
levels/SE/SE.tex.xbx,67,48828cec,64,64,5
levels/SE/SE.tex.xbx,68,d95e4ba0,128,64,1
levels/SE/SE.tex.xbx,69,10ec6efc,128,64,1
levels/SE/SE.tex.xbx,70,7e1079b4,128,64,5
levels/SE/SE.tex.xbx,71,fbd56ea0,64,64,1
levels/SE/SE.tex.xbx,72,63658f24,32,32,1
levels/SE/SE.tex.xbx,73,197012f4,32,128,5
levels/SE/SE.tex.xbx,74,23d4be60,64,128,5
levels/SE/SE.tex.xbx,75,7d28cddc,128,128,1
levels/SE/SE.tex.xbx,76,aeacc974,128,128,5
levels/SE/SE.tex.xbx,77,696f73fc,128,128,5
levels/SE/SE.tex.xbx,78,933998b0,128,128,1
levels/SE/SE.tex.xbx,79,1646934c,64,64,5
levels/SE/SE.tex.xbx,80,11f20350,32,32,1
levels/SE/SE.tex.xbx,81,cc0b996c,16,32,5
levels/SE/SE.tex.xbx,82,ac96135c,16,32,5
levels/SE/SE.tex.xbx,83,c65f91f8,16,32,1
levels/SE/SE.tex.xbx,84,579c8a70,128,128,1
levels/SE/SE.tex.xbx,85,8c11649c,128,128,1
levels/SE/SE.tex.xbx,86,746424f0,128,128,5
levels/SE/SE.tex.xbx,87,06f74198,128,128,1
levels/SE/SE.tex.xbx,88,55006b84,64,64,1
levels/SE/SE.tex.xbx,89,f191e630,64,128,5
levels/SE/SE.tex.xbx,90,762d6be4,64,64,5
levels/SE/SE.tex.xbx,91,870c30f4,64,128,1
levels/SE/SE.tex.xbx,92,6c61abdc,128,128,1
levels/SE/SE.tex.xbx,93,44121b30,64,64,5
levels/SE/SE.tex.xbx,94,c3e539a4,128,128,5
levels/SE/SE.tex.xbx,95,1e0d8624,64,128,1
levels/SE/SE.tex.xbx,96,f2804020,32,64,1
levels/SE/SE.tex.xbx,97,b57d9a34,32,32,5
levels/SE/SE.tex.xbx,98,bd3752ec,64,64,5
levels/SE/SE.tex.xbx,99,48aca658,128,64,5
levels/SE/SE.tex.xbx,100,7ba311ec,64,64,5
levels/SE/SE.tex.xbx,101,75017ac0,64,128,1
levels/SE/SE.tex.xbx,102,9cdc16dc,128,128,5
levels/SE/SE.tex.xbx,103,2c8a41c8,64,128,1
levels/SE/SE.tex.xbx,104,c975cac0,64,128,1
levels/SE/SE.tex.xbx,105,cdcb42c8,64,128,1
levels/SE/SE.tex.xbx,106,ef4d568c,128,128,1
levels/SE/SE.tex.xbx,107,d16f0750,32,64,1
levels/SE/SE.tex.xbx,108,d1b12904,64,64,1
levels/SE/SE.tex.xbx,109,f0f7e9dc,128,128,1
levels/SE/SE.tex.xbx,110,70b5cfc0,64,64,1
levels/SE/SE.tex.xbx,111,6a9d9f90,128,128,1
levels/SE/SE.tex.xbx,112,5d9571b0,128,128,1
levels/SE/SE.tex.xbx,113,3940f6dc,64,128,1
levels/SE/SE.tex.xbx,114,92e2eee4,128,128,1
levels/SE/SE.tex.xbx,115,ae7d9a00,64,64,5
levels/SE/SE.tex.xbx,116,60267f1c,64,128,1
levels/SE/SE.tex.xbx,117,b19bba88,128,128,1
levels/SE/SE.tex.xbx,118,d6ad8c6c,128,128,1
levels/SE/SE.tex.xbx,119,23768d6c,128,64,1
levels/SE/SE.tex.xbx,120,93c3d958,128,128,1
levels/SE/SE.tex.xbx,121,1db8585c,64,128,1
levels/SE/SE.tex.xbx,122,4c1ec3b0,128,128,1
levels/SE/SE.tex.xbx,123,ef0428d8,128,128,1
levels/SE/SE.tex.xbx,124,ab3bb8b0,128,128,1
levels/SE/SE.tex.xbx,125,482039d8,64,64,1
levels/SE/SE.tex.xbx,126,da4fb800,128,128,1
levels/SE/SE.tex.xbx,127,278de3d8,64,64,1
levels/SE/SE.tex.xbx,128,b900a26c,32,32,1
levels/SE/SE.tex.xbx,129,16285a24,128,128,1
levels/SE/SE.tex.xbx,130,52ced70c,128,128,1
levels/SE/SE.tex.xbx,131,bc9dbdb4,128,128,1
levels/SE/SE.tex.xbx,132,4ea7f578,128,128,5
levels/SE/SE.tex.xbx,133,3b98e6bc,128,128,1
levels/SE/SE.tex.xbx,134,c6274edc,128,128,1
levels/SE/SE.tex.xbx,135,a22b7684,64,64,1
levels/SE/SE.tex.xbx,136,96a88d84,128,64,1
levels/SE/SE.tex.xbx,137,7a18d954,128,128,1
levels/SE/SE.tex.xbx,138,d21700dc,128,128,1
levels/SE/SE.tex.xbx,139,3b356480,64,64,1
levels/SE/SE.tex.xbx,140,cc85c270,64,64,1
levels/SE/SE.tex.xbx,141,572856e4,128,128,1
levels/SE/SE.tex.xbx,142,20ef9e40,128,128,1
levels/SE/SE.tex.xbx,143,a5c2fd94,128,128,1
levels/SE/SE.tex.xbx,144,58d8d23c,64,128,5
levels/SE/SE.tex.xbx,145,9051fee0,64,128,5
levels/SE/SE.tex.xbx,146,ad667468,64,128,5
levels/SE/SE.tex.xbx,147,e9d9fde0,64,128,5
levels/SE/SE.tex.xbx,148,314dbc10,128,128,1
levels/SE/SE.tex.xbx,149,fae7a2f0,128,128,1
levels/SE/SE.tex.xbx,150,6ac8cff0,128,128,1
levels/SE/SE.tex.xbx,151,5a21be70,64,128,1
levels/SE/SE.tex.xbx,152,1e0ccaf0,128,128,1
levels/SE/SE.tex.xbx,153,ac0d4970,128,128,1
levels/SE/SE.tex.xbx,154,4fa50f9c,128,64,1
levels/SE/SE.tex.xbx,155,7f1cf8c4,128,128,1
levels/SE/SE.tex.xbx,156,b90ad510,64,64,1
levels/SE/SE.tex.xbx,157,9e1ab708,128,64,1
levels/SE/SE.tex.xbx,158,8f7cc484,128,128,1
levels/SE/SE.tex.xbx,159,57091f8c,128,128,1
levels/SE/SE.tex.xbx,160,912e3dec,128,64,1
levels/SE/SE.tex.xbx,161,c596d9b8,128,128,1
levels/SE/SE.tex.xbx,162,4a19a8fc,64,128,1
levels/SE/SE.tex.xbx,163,9a1e162c,64,64,1
levels/SE/SE.tex.xbx,164,7b06c6b4,128,64,1
levels/SE/SE.tex.xbx,165,b2aff298,64,64,1
levels/SE/SE.tex.xbx,166,17b957ac,128,128,1
levels/SE/SE.tex.xbx,167,3a9ebbb4,64,64,1
levels/SE/SE.tex.xbx,168,5e2246ac,128,128,1
levels/SE/SE.tex.xbx,169,4abfe68c,128,128,1
levels/SE/SE.tex.xbx,170,df3222b8,128,128,1
levels/SE/SE.tex.xbx,171,be63cf20,128,128,5
levels/SE/SE.tex.xbx,172,1cebecc0,32,32,1
levels/SE/SE.tex.xbx,173,bf1d24e4,128,128,1
levels/SE/SE.tex.xbx,174,9b617058,64,64,5
levels/SE/SE.tex.xbx,175,fd391724,64,64,1
levels/SE/SE.tex.xbx,176,c0f26f84,32,32,5
levels/SE/SE.tex.xbx,177,52a46fb8,128,128,5
levels/SE/SE.tex.xbx,178,16f38d14,128,128,1
levels/SE/SE.tex.xbx,179,b1b08e14,64,128,1
levels/SE/SE.tex.xbx,180,89005d1c,128,128,1
levels/SE/SE.tex.xbx,181,d5b213cc,128,128,1
levels/SE/SE.tex.xbx,182,e2663990,128,128,1
levels/SE/SE.tex.xbx,183,0cf7d688,128,128,1
levels/SE/SE.tex.xbx,184,9341f6ac,128,128,1
levels/SE/SE.tex.xbx,185,d9109a54,128,128,5
levels/SE/SE.tex.xbx,186,8894b4c8,128,128,5
levels/SE/SE.tex.xbx,187,3155ec50,128,128,1
levels/SE/SE.tex.xbx,188,f141a224,32,32,5
levels/SE/SE.tex.xbx,189,0a38940c,128,64,1
levels/SE/SE.tex.xbx,190,d499d7a8,64,64,1
levels/SE/SE.tex.xbx,191,c59a6eec,128,128,1
levels/SE/SE.tex.xbx,192,062bf198,128,128,1
levels/SE/SE.tex.xbx,193,093c6938,128,128,5
levels/SE/SE.tex.xbx,194,19c5f7b0,64,128,1
levels/SE/SE.tex.xbx,195,ed505fd8,128,32,1
levels/SE/SE.tex.xbx,196,63802658,128,32,1
levels/SE/SE.tex.xbx,197,1bfac590,128,32,1
levels/SE/SE.tex.xbx,198,998e7f28,128,128,5
levels/SE/SE.tex.xbx,199,09b59dd0,128,128,1
levels/SE/SE.tex.xbx,200,656b32a0,32,32,5
levels/SE/SE.tex.xbx,201,d0d7b474,64,64,1
levels/SE/SE.tex.xbx,202,6659787c,128,128,1
levels/SE/SE.tex.xbx,203,282386f8,64,64,1
levels/SE/SE.tex.xbx,204,2705ab74,128,128,1
levels/SE/SE.tex.xbx,205,c29efa90,64,64,5
levels/SE/SE.tex.xbx,206,dcadc24c,128,128,1
levels/SE/SE.tex.xbx,207,0fed2aa4,128,128,5
levels/SE/SE.tex.xbx,208,a924f3e8,128,32,5
levels/SE/SE.tex.xbx,209,3d06c668,64,64,5
levels/SE/SE.tex.xbx,210,0ffd82f0,128,64,1
levels/SE/SE.tex.xbx,211,e9b95970,64,128,5
levels/SE/SE.tex.xbx,212,1b46a034,64,128,5
levels/SE/SE.tex.xbx,213,26061044,64,64,5
levels/SE/SE.tex.xbx,214,6f81a904,64,64,5
levels/SE/SE.tex.xbx,215,cc64eb04,64,128,1
levels/SE/SE.tex.xbx,216,6830e504,128,128,5
levels/SE/SE.tex.xbx,217,d98734d8,64,128,1
levels/SE/SE.tex.xbx,218,2d183004,128,128,1
levels/SE/SE.tex.xbx,219,0f298964,128,128,1
levels/SE/SE.tex.xbx,220,b01d6dd4,64,128,1
levels/SE/SE.tex.xbx,221,2049a104,64,128,1
levels/SE/SE.tex.xbx,222,36c7d39c,64,128,1
levels/SE/SE.tex.xbx,223,30f3afb0,128,128,1
levels/SE/SE.tex.xbx,224,1ec0b98c,128,128,1
levels/SE/SE.tex.xbx,225,09c0306c,128,32,5
levels/SE/SE.tex.xbx,226,fc0b886c,64,32,5
levels/SE/SE.tex.xbx,227,86c0a914,64,128,5
levels/SE/SE.tex.xbx,228,f63270e0,128,64,5
levels/SE/SE.tex.xbx,229,c6a214ec,32,32,5
levels/SE/SE.tex.xbx,230,d9063cc0,32,32,5
levels/SE/SE.tex.xbx,231,8857af84,64,32,5
levels/SE/SE.tex.xbx,232,6943ad2c,128,128,1
levels/SE/SE.tex.xbx,233,2497c8e8,128,128,1
levels/SE/SE.tex.xbx,234,704f7e0c,64,64,1
levels/SE/SE.tex.xbx,235,3358d44c,128,128,1
levels/SE/SE.tex.xbx,236,10417688,128,128,1
levels/SE/SE.tex.xbx,237,6c4f3bdc,128,128,5
levels/SE/SE.tex.xbx,238,d2177ab0,128,128,5
levels/SE/SE.tex.xbx,239,58bc0fe0,64,64,1
levels/SE/SE.tex.xbx,240,96a902d8,128,128,5
levels/SE/SE.tex.xbx,241,2689cef4,128,128,5
levels/SE/SE.tex.xbx,242,9d4c7b40,64,64,1
levels/SE/SE.tex.xbx,243,00ff5aa0,128,128,5
levels/SE/SE.tex.xbx,244,ca71a58c,64,64,1
levels/SE/SE.tex.xbx,245,82baecf0,64,64,1
levels/SE/SE.tex.xbx,246,c6cd1c14,128,128,1
levels/SE/SE.tex.xbx,247,df5ea8d4,128,128,5
levels/SE/SE.tex.xbx,248,79baa8b8,128,64,1
levels/SE/SE.tex.xbx,249,c434b828,64,64,1
levels/SE/SE.tex.xbx,250,964d200c,128,128,5
levels/SE/SE.tex.xbx,251,c6528d20,128,64,5
levels/SE/SE.tex.xbx,252,0dd150d0,128,64,1
levels/SE/SE.tex.xbx,253,a26c0528,32,32,1
levels/SE/SE.tex.xbx,254,56e1c47c,32,32,1
levels/SE/SE.tex.xbx,255,9646d658,64,64,1
levels/SE/SE.tex.xbx,256,f5a0f660,128,128,5
levels/SE/SE.tex.xbx,257,e32e0190,64,32,5
levels/SE/SE.tex.xbx,258,80501350,64,32,1
levels/SE/SE.tex.xbx,259,6eddb354,64,32,1
levels/SE/SE.tex.xbx,260,fa63f79c,128,128,1
levels/SE/SE.tex.xbx,261,9ac72608,128,128,1
levels/SE/SE.tex.xbx,262,ee629540,64,128,1
levels/SE/SE.tex.xbx,263,bf152298,64,128,1
levels/SE/SE.tex.xbx,264,52177f9c,64,32,5
levels/SE/SE.tex.xbx,265,4f23ec28,64,32,5
levels/SE/SE.tex.xbx,266,b421e3cc,64,128,1
levels/SE/SE.tex.xbx,267,1e4e6148,128,64,1
levels/SE/SE.tex.xbx,268,8cffeb00,128,64,1
levels/SE/SE.tex.xbx,269,f3e9caf8,64,128,1
levels/SE/SE.tex.xbx,270,f4680b60,16,16,1
levels/SE/SE.tex.xbx,271,13332a3c,128,128,1
levels/SE/SE.tex.xbx,272,5612c288,64,128,1
levels/SE/SE.tex.xbx,273,8096b800,64,32,1
levels/SE/SE.tex.xbx,274,cb4279a0,128,128,5
levels/SE/SE.tex.xbx,275,1434d7b4,128,32,1
levels/SE/SE.tex.xbx,276,9b704a4c,128,128,1
levels/SE/SE.tex.xbx,277,c8d0f774,128,128,1
levels/SE/SE.tex.xbx,278,d8e95044,128,128,1
levels/SE/SE.tex.xbx,279,289bd4f8,128,128,1
levels/SE/SE.tex.xbx,280,8ed6ea58,32,32,1
levels/SE/SE.tex.xbx,281,2d5bf600,128,64,1
levels/SE/SE.tex.xbx,282,69e48788,64,64,1
levels/SE/SE.tex.xbx,283,fe77bf74,32,32,5
levels/SE/SE.tex.xbx,284,807f7384,64,64,1
levels/SE/SE.tex.xbx,285,12ea7730,128,128,5
levels/SE/SE.tex.xbx,286,8e1f4b5c,128,32,1
levels/SE/SE.tex.xbx,287,64255d50,128,128,1
levels/SE/SE.tex.xbx,288,11b09e50,128,128,1
levels/SE/SE.tex.xbx,289,d6c56ac4,128,16,1
levels/SE/SE.tex.xbx,290,be1efffc,128,32,1
levels/SE/SE.tex.xbx,291,bd1dee54,64,32,1
levels/SE/SE.tex.xbx,292,8d100ff8,128,128,1
levels/SE/SE.tex.xbx,293,9b85694c,128,128,1
levels/SE/SE.tex.xbx,294,2fbcba88,128,32,5
levels/SE/SE.tex.xbx,295,dd26344c,128,128,1
levels/SE/SE.tex.xbx,296,44958c48,128,64,1
levels/SE/SE.tex.xbx,297,378e924c,64,128,1
levels/SE/SE.tex.xbx,298,b89aa954,64,64,1
levels/SE/SE.tex.xbx,299,4ba4418c,128,128,1
levels/SE/SE.tex.xbx,300,9b5640fc,32,32,1
levels/SE/SE.tex.xbx,301,0282b6fc,128,128,1
levels/SE/SE.tex.xbx,302,cb0e8c90,128,64,1
levels/SE/SE.tex.xbx,303,fae63810,128,128,5
levels/SE/SE.tex.xbx,304,f0ebad44,128,128,1
levels/SE/SE.tex.xbx,305,e6739194,128,128,5
levels/SE/SE.tex.xbx,306,930b6618,128,128,1
levels/SE/SE.tex.xbx,307,92097e44,64,32,1
levels/SE/SE.tex.xbx,308,5579d764,64,128,1
levels/SE/SE.tex.xbx,309,810771e0,64,128,1
levels/SE/SE.tex.xbx,310,6850526c,64,64,5
levels/SE/SE.tex.xbx,311,95a99794,128,64,5
levels/SE/SE.tex.xbx,312,02fcf554,128,64,1
levels/SE/SE.tex.xbx,313,18e227c0,128,64,1
levels/SE/SE.tex.xbx,314,330e730c,128,64,1
levels/SE/SE.tex.xbx,315,c300f33c,128,64,5
levels/SE/SE.tex.xbx,316,502cd130,64,64,5
levels/SE/SE.tex.xbx,317,10247b88,128,64,1
levels/SE/SE.tex.xbx,318,95650350,64,32,1
levels/SE/SE.tex.xbx,319,cf366f58,64,64,1
levels/SE/SE.tex.xbx,320,edca0500,128,64,1
levels/SE/SE.tex.xbx,321,1228a5e0,64,64,5
levels/SE/SE.tex.xbx,322,0b9b6918,128,128,1
levels/SE/SE.tex.xbx,323,13021ecc,64,128,1
levels/SE/SE.tex.xbx,324,573caed4,64,128,1
levels/SE/SE.tex.xbx,325,2b2a553c,64,128,5
levels/SE/SE.tex.xbx,326,40029d94,64,128,5
levels/SE/SE.tex.xbx,327,e04d7698,128,128,1
levels/SE/SE.tex.xbx,328,20e4b41c,64,64,5
levels/SE/SE.tex.xbx,329,fe0487c8,64,128,5
levels/SE/SE.tex.xbx,330,7e242c60,256,128,5
levels/SE/SE.tex.xbx,331,3dcf44c8,128,128,5
levels/SE/SE.tex.xbx,332,87c4ed28,128,128,5
levels/SE/SE.tex.xbx,333,c0992710,64,128,5
levels/SE/SE.tex.xbx,334,dd33c8b4,128,128,5
levels/SE/SE.tex.xbx,335,dcb94f48,128,128,1
levels/SE/SE.tex.xbx,336,8bc74ad0,64,128,1
levels/SE/SE.tex.xbx,337,d8409164,128,128,1
levels/SE/SE.tex.xbx,338,336b35a8,128,64,5
levels/SE/SE.tex.xbx,339,8482d768,128,128,1
levels/SE/SE.tex.xbx,340,06761e24,64,64,2
levels/SE/SE.tex.xbx,341,5392d160,128,128,5
levels/SE/SE.tex.xbx,342,ea8fac08,64,64,1
levels/SE/SE.tex.xbx,343,c1a44680,64,64,1
levels/SE/SE.tex.xbx,344,87303580,64,64,1
levels/SE/SE.tex.xbx,345,27efc58c,128,128,1
levels/SE/SE.tex.xbx,346,4d953494,128,128,1
levels/SE/SE.tex.xbx,347,f66273b8,128,128,1
levels/SE/SE.tex.xbx,348,2e364ad0,128,128,1
levels/SE/SE.tex.xbx,349,5acb048c,128,128,1
levels/SE/SE.tex.xbx,350,ae0eff8c,128,64,1
levels/SE/SE.tex.xbx,351,e182231c,128,128,1
levels/SE/SE.tex.xbx,352,482de10c,64,128,5
levels/SE/SE.tex.xbx,353,fc09bf5c,64,128,1
levels/SE/SE.tex.xbx,354,ed56ef38,64,64,5
levels/SE/SE.tex.xbx,355,caf9c00c,128,128,1
levels/SE/SE.tex.xbx,356,2ace61a0,128,128,1
levels/SE/SE.tex.xbx,357,bb8ea2f0,128,128,1
levels/SE/SE.tex.xbx,358,11b7168c,128,128,1
levels/SE/SE.tex.xbx,359,208960ac,64,64,1
levels/SE/SE.tex.xbx,360,7c3a862c,128,32,2
levels/SE/SE.tex.xbx,361,604693a4,64,64,2
levels/SE/SE.tex.xbx,362,74b935a0,64,64,2
levels/SE/SE.tex.xbx,363,495bf8fc,64,64,2
levels/SE/SE.tex.xbx,364,fc7809fc,64,64,2
levels/SE/SE.tex.xbx,365,42afbfe8,32,64,5
levels/SE/SE.tex.xbx,366,58d2c978,64,64,1
levels/SE/SE.tex.xbx,367,44bf2fcc,64,64,1
levels/SE/SE.tex.xbx,368,e3f49f48,32,64,5
levels/SE/SE.tex.xbx,369,3c710244,128,64,5
levels/SE/SE.tex.xbx,370,7a655df4,64,64,5
levels/SE/SE.tex.xbx,371,fe8e5e74,128,64,1
levels/SE/SE.tex.xbx,372,945743c4,64,64,5
levels/SE/SE.tex.xbx,373,7d63d8e0,128,128,1
levels/SE/SE.tex.xbx,374,80c99dcc,128,128,5
levels/SE/SE.tex.xbx,375,1c770fd4,256,128,5
levels/SE/SE.tex.xbx,376,4d2702ac,32,64,1
levels/SE/SE.tex.xbx,377,8cd57024,64,64,1
levels/SE/SE.tex.xbx,378,b0e11a54,128,64,5
levels/SE/SE.tex.xbx,379,b4df934c,64,32,5
levels/SE/SE.tex.xbx,380,da988098,64,64,5
levels/SE/SE.tex.xbx,381,b78ef634,128,128,1
levels/SE/SE.tex.xbx,382,923bd878,128,128,5
levels/SE/SE.tex.xbx,383,5daed4d4,128,128,5
levels/SE/SE.tex.xbx,384,54ce1b84,128,64,1
levels/SE/SE.tex.xbx,385,520b6294,64,64,1
levels/SE/SE.tex.xbx,386,ba2a0f68,128,128,1
levels/SE/SE.tex.xbx,387,9250b364,128,128,1
levels/SE/SE.tex.xbx,388,fcbdd0f8,32,32,5
levels/SE/SE.tex.xbx,389,08f4c064,64,64,5
levels/SE/SE.tex.xbx,390,8712a500,64,64,1
levels/SE/SE.tex.xbx,391,52e32218,32,64,5
levels/SE/SE.tex.xbx,392,e94fd60c,32,32,1
levels/SE/SE.tex.xbx,393,7a092b18,128,128,5
levels/SE/SE.tex.xbx,394,d7d1e248,64,64,1
levels/SE/SE.tex.xbx,395,08d0de34,64,64,1
levels/SE/SE.tex.xbx,396,5792fb30,64,64,1
levels/SE/SE.tex.xbx,397,1e968084,128,128,1
levels/SE/SE.tex.xbx,398,3e687c98,64,64,1
levels/SE/SE.tex.xbx,399,a9321080,32,32,5
levels/SE/SE.tex.xbx,400,3c48caa0,128,64,5
levels/SE/SE.tex.xbx,401,bb0915d0,64,128,1
levels/SE/SE.tex.xbx,402,805fcdb4,128,128,5
levels/SE/SE.tex.xbx,403,164f42dc,32,32,1
levels/SE/SE.tex.xbx,404,51eddd78,32,32,1
levels/SE/SE.tex.xbx,405,267b73d4,64,64,1
levels/SE/SE.tex.xbx,406,d2784b30,64,64,1
levels/SE/SE.tex.xbx,407,b6b69c78,64,128,1
levels/SE/SE.tex.xbx,408,ec1374e4,64,64,1
levels/SE/SE.tex.xbx,409,c50d435c,64,128,1
levels/SE/SE.tex.xbx,410,ec966948,128,128,1
levels/SE/SE.tex.xbx,411,7028f440,128,128,1
levels/SE/SE.tex.xbx,412,61667718,128,128,1
levels/SE/SE.tex.xbx,413,75dbbf2c,64,128,1
levels/SE/SE.tex.xbx,414,70abd484,128,128,5
levels/SE/SE.tex.xbx,415,3fc70fb8,128,128,1
levels/SE/SE.tex.xbx,416,b887ebfc,64,32,1
levels/SE/SE.tex.xbx,417,c5ae52fc,128,128,1
levels/SE/SE.tex.xbx,418,ee4af39c,64,128,5
levels/SE/SE.tex.xbx,419,926c2684,128,128,1
levels/SE/SE.tex.xbx,420,05367fc4,64,64,1
levels/SE/SE.tex.xbx,421,867c40a0,128,128,1
levels/SE/SE.tex.xbx,422,d34d2b58,128,64,5
levels/SE/SE.tex.xbx,423,3ec2ddec,64,128,5
levels/SE/SE.tex.xbx,424,19abb980,128,128,1
levels/SE/SE.tex.xbx,425,890aee9c,64,64,1
levels/SE/SE.tex.xbx,426,a79c9768,128,128,1
levels/SE/SE.tex.xbx,427,61c999c4,64,64,5
levels/SE/SE.tex.xbx,428,5b09f8a4,128,128,1
levels/SE/SE.tex.xbx,429,7611ef3c,64,128,1
levels/SE/SE.tex.xbx,430,e244cda8,64,128,1
levels/SE/SE.tex.xbx,431,c832041c,64,128,1
levels/SE/SE.tex.xbx,432,d113c360,128,64,1
levels/SE/SE.tex.xbx,433,bc354470,64,128,5
levels/SE/SE.tex.xbx,434,ce269c9c,128,128,1
levels/SE/SE.tex.xbx,435,c609b560,128,128,1
levels/SE/SE.tex.xbx,436,b4e3288c,128,128,1
levels/SE/SE.tex.xbx,437,87287bb8,128,128,1
levels/SE/SE.tex.xbx,438,3606e404,128,128,1
levels/SE/SE.tex.xbx,439,6cf6af54,64,64,1
levels/SE/SE.tex.xbx,440,bbdb2470,64,32,5
levels/SE/SE.tex.xbx,441,d1c5debc,64,128,5
levels/SE/SE.tex.xbx,442,10ce3fd8,32,64,5
levels/SE/SE.tex.xbx,443,d120552c,64,64,1
levels/SE/SE.tex.xbx,444,6869dde4,128,128,5
levels/SE/SE.tex.xbx,445,008a8cc0,64,64,5
levels/SE/SE.tex.xbx,446,b304f86c,16,32,5
levels/SE/SE.tex.xbx,447,3f90ac98,128,128,1
levels/SE/SE.tex.xbx,448,18bc76e8,128,128,1
levels/SE/SE.tex.xbx,449,3bfc53b8,128,64,1
levels/SE/SE_net.tex.xbx,0,914e8c8c,128,128,1
levels/SE/SE_net.tex.xbx,1,f550a234,64,64,1
levels/SE/SE_net.tex.xbx,2,afb5e4c8,64,64,1
levels/SE/SE_net.tex.xbx,3,7e327ba0,128,32,1
levels/SE/SE_net.tex.xbx,4,b6e47d94,128,128,5
levels/SE/SE_net.tex.xbx,5,d915060c,128,64,1
levels/SE/SE_net.tex.xbx,6,53ddce3c,64,32,5
levels/SE/SE_net.tex.xbx,7,e88861f0,64,64,1
levels/SE/SE_net.tex.xbx,8,48d60d00,64,64,1
levels/SE/SE_net.tex.xbx,9,fe93d938,64,64,5
levels/SE/SE_net.tex.xbx,10,2b1b608c,64,64,5
levels/SE/SE_net.tex.xbx,11,690f7a9c,64,128,1
levels/SE/SE_net.tex.xbx,12,50f78694,64,64,5
levels/SE/SE_net.tex.xbx,13,3c678420,32,32,5
levels/SE/SE_net.tex.xbx,14,2996cd58,8,8,1
levels/SE/SE_net.tex.xbx,15,07104d4c,64,64,1
levels/SE/SE_net.tex.xbx,16,287617f8,64,32,5
levels/SE/SE_net.tex.xbx,17,26d6230c,64,64,1
levels/SE/SE_net.tex.xbx,18,b3703154,128,128,1
levels/SE/SE_net.tex.xbx,19,8a540db8,128,64,1
levels/SE/SE_net.tex.xbx,20,69d23940,128,128,1
levels/SE/SE_net.tex.xbx,21,d97eba9c,64,64,5
levels/SE/SE_net.tex.xbx,22,f1e23f00,64,64,5
levels/SE/SE_net.tex.xbx,23,5d4fbc18,64,64,5
levels/SE/SE_net.tex.xbx,24,4abc21f0,128,128,1
levels/SE/SE_net.tex.xbx,25,bc0703a0,64,64,1
levels/SE/SE_net.tex.xbx,26,2f69e75c,32,64,5
levels/SE/SE_net.tex.xbx,27,a40ed5e4,128,128,1
levels/SE/SE_net.tex.xbx,28,329c7060,128,128,5
levels/SE/SE_net.tex.xbx,29,b5a9edf8,128,128,1
levels/SE/SE_net.tex.xbx,30,f26de6f4,64,64,5
levels/SE/SE_net.tex.xbx,31,4a4d1d64,32,32,2
levels/SE/SE_net.tex.xbx,32,06f6c670,32,64,5
levels/SE/SE_net.tex.xbx,33,503941c8,64,64,1
levels/SE/SE_net.tex.xbx,34,166c81a4,128,128,1
levels/SE/SE_net.tex.xbx,35,30c051cc,32,32,5
levels/SE/SE_net.tex.xbx,36,7f86a040,64,64,5
levels/SE/SE_net.tex.xbx,37,ed2425b0,64,64,1
levels/SE/SE_net.tex.xbx,38,9cd7b9dc,64,128,5
levels/SE/SE_net.tex.xbx,39,89878068,64,64,5
levels/SE/SE_net.tex.xbx,40,ca2322e8,128,128,1
levels/SE/SE_net.tex.xbx,41,6212d6f0,128,128,1
levels/SE/SE_net.tex.xbx,42,22797c50,64,64,5
levels/SE/SE_net.tex.xbx,43,eb487c18,32,64,5
levels/SE/SE_net.tex.xbx,44,1bd2aaec,64,32,5
levels/SE/SE_net.tex.xbx,45,513d2d7c,64,64,5
levels/SE/SE_net.tex.xbx,46,3ee30ab4,64,64,1
levels/SE/SE_net.tex.xbx,47,5743fe38,32,64,5
levels/SE/SE_net.tex.xbx,48,57fab210,32,32,5
levels/SE/SE_net.tex.xbx,49,af8ed180,64,64,1
levels/SE/SE_net.tex.xbx,50,d199c178,32,16,5
levels/SE/SE_net.tex.xbx,51,762ad264,32,8,5
levels/SE/SE_net.tex.xbx,52,a4f16214,32,64,5
levels/SE/SE_net.tex.xbx,53,4a6cb0f8,64,64,5
levels/SE/SE_net.tex.xbx,54,0c5da79c,32,32,5
levels/SE/SE_net.tex.xbx,55,d95883f8,32,32,5
levels/SE/SE_net.tex.xbx,56,2ebe51c0,64,64,5
levels/SE/SE_net.tex.xbx,57,63ae5684,128,128,1
levels/SE/SE_net.tex.xbx,58,c2e7cd3c,64,64,5
levels/SE/SE_net.tex.xbx,59,cc347388,64,64,5
levels/SE/SE_net.tex.xbx,60,8bd3bee8,128,128,1
levels/SE/SE_net.tex.xbx,61,7f5dea40,64,64,5
levels/SE/SE_net.tex.xbx,62,aa7d78a4,64,64,5
levels/SE/SE_net.tex.xbx,63,f29dabf8,32,32,5
levels/SE/SE_net.tex.xbx,64,ce84b1b4,64,64,5
levels/SE/SE_net.tex.xbx,65,3cbde534,128,128,5
levels/SE/SE_net.tex.xbx,66,b6f41860,128,64,5
levels/SE/SE_net.tex.xbx,67,48828cec,64,64,5
levels/SE/SE_net.tex.xbx,68,d95e4ba0,128,64,1
levels/SE/SE_net.tex.xbx,69,10ec6efc,128,64,1
levels/SE/SE_net.tex.xbx,70,7e1079b4,128,64,5
levels/SE/SE_net.tex.xbx,71,fbd56ea0,64,64,1
levels/SE/SE_net.tex.xbx,72,63658f24,32,32,1
levels/SE/SE_net.tex.xbx,73,197012f4,32,128,5
levels/SE/SE_net.tex.xbx,74,23d4be60,64,128,5
levels/SE/SE_net.tex.xbx,75,7d28cddc,128,128,1
levels/SE/SE_net.tex.xbx,76,aeacc974,128,128,5
levels/SE/SE_net.tex.xbx,77,696f73fc,128,128,5
levels/SE/SE_net.tex.xbx,78,933998b0,128,128,1
levels/SE/SE_net.tex.xbx,79,1646934c,64,64,5
levels/SE/SE_net.tex.xbx,80,11f20350,32,32,1
levels/SE/SE_net.tex.xbx,81,cc0b996c,16,32,5
levels/SE/SE_net.tex.xbx,82,ac96135c,16,32,5
levels/SE/SE_net.tex.xbx,83,c65f91f8,16,32,1
levels/SE/SE_net.tex.xbx,84,579c8a70,128,128,1
levels/SE/SE_net.tex.xbx,85,8c11649c,128,128,1
levels/SE/SE_net.tex.xbx,86,746424f0,128,128,5
levels/SE/SE_net.tex.xbx,87,06f74198,128,128,1
levels/SE/SE_net.tex.xbx,88,55006b84,64,64,1
levels/SE/SE_net.tex.xbx,89,f191e630,64,128,5
levels/SE/SE_net.tex.xbx,90,762d6be4,64,64,5
levels/SE/SE_net.tex.xbx,91,870c30f4,64,128,1
levels/SE/SE_net.tex.xbx,92,6c61abdc,128,128,1
levels/SE/SE_net.tex.xbx,93,44121b30,64,64,5
levels/SE/SE_net.tex.xbx,94,c3e539a4,128,128,5
levels/SE/SE_net.tex.xbx,95,1e0d8624,64,128,1
levels/SE/SE_net.tex.xbx,96,f2804020,32,64,1
levels/SE/SE_net.tex.xbx,97,b57d9a34,32,32,5
levels/SE/SE_net.tex.xbx,98,bd3752ec,64,64,5
levels/SE/SE_net.tex.xbx,99,48aca658,128,64,5
levels/SE/SE_net.tex.xbx,100,7ba311ec,64,64,5
levels/SE/SE_net.tex.xbx,101,75017ac0,64,128,1
levels/SE/SE_net.tex.xbx,102,9cdc16dc,128,128,5
levels/SE/SE_net.tex.xbx,103,2c8a41c8,64,128,1
levels/SE/SE_net.tex.xbx,104,c975cac0,64,128,1
levels/SE/SE_net.tex.xbx,105,cdcb42c8,64,128,1
levels/SE/SE_net.tex.xbx,106,ef4d568c,128,128,1
levels/SE/SE_net.tex.xbx,107,d16f0750,32,64,1
levels/SE/SE_net.tex.xbx,108,d1b12904,64,64,1
levels/SE/SE_net.tex.xbx,109,f0f7e9dc,128,128,1
levels/SE/SE_net.tex.xbx,110,70b5cfc0,64,64,1
levels/SE/SE_net.tex.xbx,111,6a9d9f90,128,128,1
levels/SE/SE_net.tex.xbx,112,5d9571b0,128,128,1
levels/SE/SE_net.tex.xbx,113,3940f6dc,64,128,1
levels/SE/SE_net.tex.xbx,114,92e2eee4,128,128,1
levels/SE/SE_net.tex.xbx,115,ae7d9a00,64,64,5
levels/SE/SE_net.tex.xbx,116,60267f1c,64,128,1
levels/SE/SE_net.tex.xbx,117,b19bba88,128,128,1
levels/SE/SE_net.tex.xbx,118,d6ad8c6c,128,128,1
levels/SE/SE_net.tex.xbx,119,23768d6c,128,64,1
levels/SE/SE_net.tex.xbx,120,93c3d958,128,128,1
levels/SE/SE_net.tex.xbx,121,1db8585c,64,128,1
levels/SE/SE_net.tex.xbx,122,4c1ec3b0,128,128,1
levels/SE/SE_net.tex.xbx,123,ef0428d8,128,128,1
levels/SE/SE_net.tex.xbx,124,ab3bb8b0,128,128,1
levels/SE/SE_net.tex.xbx,125,482039d8,64,64,1
levels/SE/SE_net.tex.xbx,126,da4fb800,128,128,1
levels/SE/SE_net.tex.xbx,127,278de3d8,64,64,1
levels/SE/SE_net.tex.xbx,128,b900a26c,32,32,1
levels/SE/SE_net.tex.xbx,129,16285a24,128,128,1
levels/SE/SE_net.tex.xbx,130,52ced70c,128,128,1
levels/SE/SE_net.tex.xbx,131,bc9dbdb4,128,128,1
levels/SE/SE_net.tex.xbx,132,4ea7f578,128,128,5
levels/SE/SE_net.tex.xbx,133,3b98e6bc,128,128,1
levels/SE/SE_net.tex.xbx,134,c6274edc,128,128,1
levels/SE/SE_net.tex.xbx,135,a22b7684,64,64,1
levels/SE/SE_net.tex.xbx,136,96a88d84,128,64,1
levels/SE/SE_net.tex.xbx,137,7a18d954,128,128,1
levels/SE/SE_net.tex.xbx,138,d21700dc,128,128,1
levels/SE/SE_net.tex.xbx,139,3b356480,64,64,1
levels/SE/SE_net.tex.xbx,140,cc85c270,64,64,1
levels/SE/SE_net.tex.xbx,141,572856e4,128,128,1
levels/SE/SE_net.tex.xbx,142,20ef9e40,128,128,1
levels/SE/SE_net.tex.xbx,143,a5c2fd94,128,128,1
levels/SE/SE_net.tex.xbx,144,58d8d23c,64,128,5
levels/SE/SE_net.tex.xbx,145,9051fee0,64,128,5
levels/SE/SE_net.tex.xbx,146,ad667468,64,128,5
levels/SE/SE_net.tex.xbx,147,e9d9fde0,64,128,5
levels/SE/SE_net.tex.xbx,148,314dbc10,128,128,1
levels/SE/SE_net.tex.xbx,149,fae7a2f0,128,128,1
levels/SE/SE_net.tex.xbx,150,6ac8cff0,128,128,1
levels/SE/SE_net.tex.xbx,151,5a21be70,64,128,1
levels/SE/SE_net.tex.xbx,152,1e0ccaf0,128,128,1
levels/SE/SE_net.tex.xbx,153,ac0d4970,128,128,1
levels/SE/SE_net.tex.xbx,154,4fa50f9c,128,64,1
levels/SE/SE_net.tex.xbx,155,7f1cf8c4,128,128,1
levels/SE/SE_net.tex.xbx,156,b90ad510,64,64,1
levels/SE/SE_net.tex.xbx,157,9e1ab708,128,64,1
levels/SE/SE_net.tex.xbx,158,8f7cc484,128,128,1
levels/SE/SE_net.tex.xbx,159,57091f8c,128,128,1
levels/SE/SE_net.tex.xbx,160,912e3dec,128,64,1
levels/SE/SE_net.tex.xbx,161,c596d9b8,128,128,1
levels/SE/SE_net.tex.xbx,162,4a19a8fc,64,128,1
levels/SE/SE_net.tex.xbx,163,9a1e162c,64,64,1
levels/SE/SE_net.tex.xbx,164,7b06c6b4,128,64,1
levels/SE/SE_net.tex.xbx,165,b2aff298,64,64,1
levels/SE/SE_net.tex.xbx,166,17b957ac,128,128,1
levels/SE/SE_net.tex.xbx,167,3a9ebbb4,64,64,1
levels/SE/SE_net.tex.xbx,168,5e2246ac,128,128,1
levels/SE/SE_net.tex.xbx,169,4abfe68c,128,128,1
levels/SE/SE_net.tex.xbx,170,df3222b8,128,128,1
levels/SE/SE_net.tex.xbx,171,be63cf20,128,128,5
levels/SE/SE_net.tex.xbx,172,1cebecc0,32,32,1
levels/SE/SE_net.tex.xbx,173,bf1d24e4,128,128,1
levels/SE/SE_net.tex.xbx,174,9b617058,64,64,5
levels/SE/SE_net.tex.xbx,175,fd391724,64,64,1
levels/SE/SE_net.tex.xbx,176,c0f26f84,32,32,5
levels/SE/SE_net.tex.xbx,177,52a46fb8,128,128,5
levels/SE/SE_net.tex.xbx,178,16f38d14,128,128,1
levels/SE/SE_net.tex.xbx,179,b1b08e14,64,128,1
levels/SE/SE_net.tex.xbx,180,89005d1c,128,128,1
levels/SE/SE_net.tex.xbx,181,d5b213cc,128,128,1
levels/SE/SE_net.tex.xbx,182,e2663990,128,128,1
levels/SE/SE_net.tex.xbx,183,0cf7d688,128,128,1
levels/SE/SE_net.tex.xbx,184,9341f6ac,128,128,1
levels/SE/SE_net.tex.xbx,185,d9109a54,128,128,5
levels/SE/SE_net.tex.xbx,186,8894b4c8,128,128,5
levels/SE/SE_net.tex.xbx,187,3155ec50,128,128,1
levels/SE/SE_net.tex.xbx,188,f141a224,32,32,5
levels/SE/SE_net.tex.xbx,189,0a38940c,128,64,1
levels/SE/SE_net.tex.xbx,190,d499d7a8,64,64,1
levels/SE/SE_net.tex.xbx,191,c59a6eec,128,128,1
levels/SE/SE_net.tex.xbx,192,062bf198,128,128,1
levels/SE/SE_net.tex.xbx,193,093c6938,128,128,5
levels/SE/SE_net.tex.xbx,194,19c5f7b0,64,128,1
levels/SE/SE_net.tex.xbx,195,ed505fd8,128,32,1
levels/SE/SE_net.tex.xbx,196,63802658,128,32,1
levels/SE/SE_net.tex.xbx,197,1bfac590,128,32,1
levels/SE/SE_net.tex.xbx,198,998e7f28,128,128,5
levels/SE/SE_net.tex.xbx,199,09b59dd0,128,128,1
levels/SE/SE_net.tex.xbx,200,656b32a0,32,32,5
levels/SE/SE_net.tex.xbx,201,d0d7b474,64,64,1
levels/SE/SE_net.tex.xbx,202,6659787c,128,128,1
levels/SE/SE_net.tex.xbx,203,282386f8,64,64,1
levels/SE/SE_net.tex.xbx,204,2705ab74,128,128,1
levels/SE/SE_net.tex.xbx,205,c29efa90,64,64,5
levels/SE/SE_net.tex.xbx,206,dcadc24c,128,128,1
levels/SE/SE_net.tex.xbx,207,0fed2aa4,128,128,5
levels/SE/SE_net.tex.xbx,208,a924f3e8,128,32,5
levels/SE/SE_net.tex.xbx,209,3d06c668,64,64,5
levels/SE/SE_net.tex.xbx,210,0ffd82f0,128,64,1
levels/SE/SE_net.tex.xbx,211,e9b95970,64,128,5
levels/SE/SE_net.tex.xbx,212,1b46a034,64,128,5
levels/SE/SE_net.tex.xbx,213,26061044,64,64,5
levels/SE/SE_net.tex.xbx,214,6f81a904,64,64,5
levels/SE/SE_net.tex.xbx,215,cc64eb04,64,128,1
levels/SE/SE_net.tex.xbx,216,6830e504,128,128,5
levels/SE/SE_net.tex.xbx,217,d98734d8,64,128,1
levels/SE/SE_net.tex.xbx,218,2d183004,128,128,1
levels/SE/SE_net.tex.xbx,219,0f298964,128,128,1
levels/SE/SE_net.tex.xbx,220,b01d6dd4,64,128,1
levels/SE/SE_net.tex.xbx,221,2049a104,64,128,1
levels/SE/SE_net.tex.xbx,222,36c7d39c,64,128,1
levels/SE/SE_net.tex.xbx,223,30f3afb0,128,128,1
levels/SE/SE_net.tex.xbx,224,1ec0b98c,128,128,1
levels/SE/SE_net.tex.xbx,225,09c0306c,128,32,5
levels/SE/SE_net.tex.xbx,226,fc0b886c,64,32,5
levels/SE/SE_net.tex.xbx,227,86c0a914,64,128,5
levels/SE/SE_net.tex.xbx,228,f63270e0,128,64,5
levels/SE/SE_net.tex.xbx,229,c6a214ec,32,32,5
levels/SE/SE_net.tex.xbx,230,d9063cc0,32,32,5
levels/SE/SE_net.tex.xbx,231,8857af84,64,32,5
levels/SE/SE_net.tex.xbx,232,6943ad2c,128,128,1
levels/SE/SE_net.tex.xbx,233,2497c8e8,128,128,1
levels/SE/SE_net.tex.xbx,234,704f7e0c,64,64,1
levels/SE/SE_net.tex.xbx,235,3358d44c,128,128,1
levels/SE/SE_net.tex.xbx,236,10417688,128,128,1
levels/SE/SE_net.tex.xbx,237,6c4f3bdc,128,128,5
levels/SE/SE_net.tex.xbx,238,d2177ab0,128,128,5
levels/SE/SE_net.tex.xbx,239,58bc0fe0,64,64,1
levels/SE/SE_net.tex.xbx,240,96a902d8,128,128,5
levels/SE/SE_net.tex.xbx,241,2689cef4,128,128,5
levels/SE/SE_net.tex.xbx,242,9d4c7b40,64,64,1
levels/SE/SE_net.tex.xbx,243,00ff5aa0,128,128,5
levels/SE/SE_net.tex.xbx,244,ca71a58c,64,64,1
levels/SE/SE_net.tex.xbx,245,82baecf0,64,64,1
levels/SE/SE_net.tex.xbx,246,c6cd1c14,128,128,1
levels/SE/SE_net.tex.xbx,247,df5ea8d4,128,128,5
levels/SE/SE_net.tex.xbx,248,79baa8b8,128,64,1
levels/SE/SE_net.tex.xbx,249,c434b828,64,64,1
levels/SE/SE_net.tex.xbx,250,964d200c,128,128,5
levels/SE/SE_net.tex.xbx,251,c6528d20,128,64,5
levels/SE/SE_net.tex.xbx,252,0dd150d0,128,64,1
levels/SE/SE_net.tex.xbx,253,a26c0528,32,32,1
levels/SE/SE_net.tex.xbx,254,56e1c47c,32,32,1
levels/SE/SE_net.tex.xbx,255,9646d658,64,64,1
levels/SE/SE_net.tex.xbx,256,f5a0f660,128,128,5
levels/SE/SE_net.tex.xbx,257,e32e0190,64,32,5
levels/SE/SE_net.tex.xbx,258,80501350,64,32,1
levels/SE/SE_net.tex.xbx,259,6eddb354,64,32,1
levels/SE/SE_net.tex.xbx,260,fa63f79c,128,128,1
levels/SE/SE_net.tex.xbx,261,9ac72608,128,128,1
levels/SE/SE_net.tex.xbx,262,ee629540,64,128,1
levels/SE/SE_net.tex.xbx,263,bf152298,64,128,1
levels/SE/SE_net.tex.xbx,264,52177f9c,64,32,5
levels/SE/SE_net.tex.xbx,265,4f23ec28,64,32,5
levels/SE/SE_net.tex.xbx,266,b421e3cc,64,128,1
levels/SE/SE_net.tex.xbx,267,1e4e6148,128,64,1
levels/SE/SE_net.tex.xbx,268,8cffeb00,128,64,1
levels/SE/SE_net.tex.xbx,269,f3e9caf8,64,128,1
levels/SE/SE_net.tex.xbx,270,f4680b60,16,16,1
levels/SE/SE_net.tex.xbx,271,13332a3c,128,128,1
levels/SE/SE_net.tex.xbx,272,5612c288,64,128,1
levels/SE/SE_net.tex.xbx,273,8096b800,64,32,1
levels/SE/SE_net.tex.xbx,274,cb4279a0,128,128,5
levels/SE/SE_net.tex.xbx,275,1434d7b4,128,32,1
levels/SE/SE_net.tex.xbx,276,9b704a4c,128,128,1
levels/SE/SE_net.tex.xbx,277,c8d0f774,128,128,1
levels/SE/SE_net.tex.xbx,278,d8e95044,128,128,1
levels/SE/SE_net.tex.xbx,279,289bd4f8,128,128,1
levels/SE/SE_net.tex.xbx,280,8ed6ea58,32,32,1
levels/SE/SE_net.tex.xbx,281,2d5bf600,128,64,1
levels/SE/SE_net.tex.xbx,282,69e48788,64,64,1
levels/SE/SE_net.tex.xbx,283,fe77bf74,32,32,5
levels/SE/SE_net.tex.xbx,284,807f7384,64,64,1
levels/SE/SE_net.tex.xbx,285,12ea7730,128,128,5
levels/SE/SE_net.tex.xbx,286,8e1f4b5c,128,32,1
levels/SE/SE_net.tex.xbx,287,64255d50,128,128,1
levels/SE/SE_net.tex.xbx,288,11b09e50,128,128,1
levels/SE/SE_net.tex.xbx,289,d6c56ac4,128,16,1
levels/SE/SE_net.tex.xbx,290,be1efffc,128,32,1
levels/SE/SE_net.tex.xbx,291,bd1dee54,64,32,1
levels/SE/SE_net.tex.xbx,292,8d100ff8,128,128,1
levels/SE/SE_net.tex.xbx,293,9b85694c,128,128,1
levels/SE/SE_net.tex.xbx,294,2fbcba88,128,32,5
levels/SE/SE_net.tex.xbx,295,dd26344c,128,128,1
levels/SE/SE_net.tex.xbx,296,44958c48,128,64,1
levels/SE/SE_net.tex.xbx,297,378e924c,64,128,1
levels/SE/SE_net.tex.xbx,298,b89aa954,64,64,1
levels/SE/SE_net.tex.xbx,299,4ba4418c,128,128,1
levels/SE/SE_net.tex.xbx,300,9b5640fc,32,32,1
levels/SE/SE_net.tex.xbx,301,0282b6fc,128,128,1
levels/SE/SE_net.tex.xbx,302,cb0e8c90,128,64,1
levels/SE/SE_net.tex.xbx,303,fae63810,128,128,5
levels/SE/SE_net.tex.xbx,304,f0ebad44,128,128,1
levels/SE/SE_net.tex.xbx,305,e6739194,128,128,5
levels/SE/SE_net.tex.xbx,306,930b6618,128,128,1
levels/SE/SE_net.tex.xbx,307,92097e44,64,32,1
levels/SE/SE_net.tex.xbx,308,5579d764,64,128,1
levels/SE/SE_net.tex.xbx,309,810771e0,64,128,1
levels/SE/SE_net.tex.xbx,310,6850526c,64,64,5
levels/SE/SE_net.tex.xbx,311,95a99794,128,64,5
levels/SE/SE_net.tex.xbx,312,02fcf554,128,64,1
levels/SE/SE_net.tex.xbx,313,18e227c0,128,64,1
levels/SE/SE_net.tex.xbx,314,330e730c,128,64,1
levels/SE/SE_net.tex.xbx,315,c300f33c,128,64,5
levels/SE/SE_net.tex.xbx,316,502cd130,64,64,5
levels/SE/SE_net.tex.xbx,317,10247b88,128,64,1
levels/SE/SE_net.tex.xbx,318,95650350,64,32,1
levels/SE/SE_net.tex.xbx,319,cf366f58,64,64,1
levels/SE/SE_net.tex.xbx,320,edca0500,128,64,1
levels/SE/SE_net.tex.xbx,321,1228a5e0,64,64,5
levels/SE/SE_net.tex.xbx,322,0b9b6918,128,128,1
levels/SE/SE_net.tex.xbx,323,13021ecc,64,128,1
levels/SE/SE_net.tex.xbx,324,573caed4,64,128,1
levels/SE/SE_net.tex.xbx,325,2b2a553c,64,128,5
levels/SE/SE_net.tex.xbx,326,40029d94,64,128,5
levels/SE/SE_net.tex.xbx,327,e04d7698,128,128,1
levels/SE/SE_net.tex.xbx,328,20e4b41c,64,64,5
levels/SE/SE_net.tex.xbx,329,fe0487c8,64,128,5
levels/SE/SE_net.tex.xbx,330,7e242c60,256,128,5
levels/SE/SE_net.tex.xbx,331,3dcf44c8,128,128,5
levels/SE/SE_net.tex.xbx,332,87c4ed28,128,128,5
levels/SE/SE_net.tex.xbx,333,c0992710,64,128,5
levels/SE/SE_net.tex.xbx,334,dd33c8b4,128,128,5
levels/SE/SE_net.tex.xbx,335,dcb94f48,128,128,1
levels/SE/SE_net.tex.xbx,336,8bc74ad0,64,128,1
levels/SE/SE_net.tex.xbx,337,d8409164,128,128,1
levels/SE/SE_net.tex.xbx,338,336b35a8,128,64,5
levels/SE/SE_net.tex.xbx,339,8482d768,128,128,1
levels/SE/SE_net.tex.xbx,340,06761e24,64,64,2
levels/SE/SE_net.tex.xbx,341,5392d160,128,128,5
levels/SE/SE_net.tex.xbx,342,ea8fac08,64,64,1
levels/SE/SE_net.tex.xbx,343,c1a44680,64,64,1
levels/SE/SE_net.tex.xbx,344,87303580,64,64,1
levels/SE/SE_net.tex.xbx,345,27efc58c,128,128,1
levels/SE/SE_net.tex.xbx,346,4d953494,128,128,1
levels/SE/SE_net.tex.xbx,347,f66273b8,128,128,1
levels/SE/SE_net.tex.xbx,348,2e364ad0,128,128,1
levels/SE/SE_net.tex.xbx,349,5acb048c,128,128,1
levels/SE/SE_net.tex.xbx,350,ae0eff8c,128,64,1
levels/SE/SE_net.tex.xbx,351,e182231c,128,128,1
levels/SE/SE_net.tex.xbx,352,482de10c,64,128,5
levels/SE/SE_net.tex.xbx,353,fc09bf5c,64,128,1
levels/SE/SE_net.tex.xbx,354,ed56ef38,64,64,5
levels/SE/SE_net.tex.xbx,355,caf9c00c,128,128,1
levels/SE/SE_net.tex.xbx,356,2ace61a0,128,128,1
levels/SE/SE_net.tex.xbx,357,bb8ea2f0,128,128,1
levels/SE/SE_net.tex.xbx,358,11b7168c,128,128,1
levels/SE/SE_net.tex.xbx,359,208960ac,64,64,1
levels/SE/SE_net.tex.xbx,360,7c3a862c,128,32,2
levels/SE/SE_net.tex.xbx,361,604693a4,64,64,2
levels/SE/SE_net.tex.xbx,362,74b935a0,64,64,2
levels/SE/SE_net.tex.xbx,363,495bf8fc,64,64,2
levels/SE/SE_net.tex.xbx,364,fc7809fc,64,64,2
levels/SE/SE_net.tex.xbx,365,42afbfe8,32,64,5
levels/SE/SE_net.tex.xbx,366,58d2c978,64,64,1
levels/SE/SE_net.tex.xbx,367,44bf2fcc,64,64,1
levels/SE/SE_net.tex.xbx,368,e3f49f48,32,64,5
levels/SE/SE_net.tex.xbx,369,3c710244,128,64,5
levels/SE/SE_net.tex.xbx,370,7a655df4,64,64,5
levels/SE/SE_net.tex.xbx,371,fe8e5e74,128,64,1
levels/SE/SE_net.tex.xbx,372,945743c4,64,64,5
levels/SE/SE_net.tex.xbx,373,7d63d8e0,128,128,1
levels/SE/SE_net.tex.xbx,374,80c99dcc,128,128,5
levels/SE/SE_net.tex.xbx,375,1c770fd4,256,128,5
levels/SE/SE_net.tex.xbx,376,4d2702ac,32,64,1
levels/SE/SE_net.tex.xbx,377,8cd57024,64,64,1
levels/SE/SE_net.tex.xbx,378,b0e11a54,128,64,5
levels/SE/SE_net.tex.xbx,379,b4df934c,64,32,5
levels/SE/SE_net.tex.xbx,380,da988098,64,64,5
levels/SE/SE_net.tex.xbx,381,b78ef634,128,128,1
levels/SE/SE_net.tex.xbx,382,923bd878,128,128,5
levels/SE/SE_net.tex.xbx,383,5daed4d4,128,128,5
levels/SE/SE_net.tex.xbx,384,54ce1b84,128,64,1
levels/SE/SE_net.tex.xbx,385,520b6294,64,64,1
levels/SE/SE_net.tex.xbx,386,ba2a0f68,128,128,1
levels/SE/SE_net.tex.xbx,387,9250b364,128,128,1
levels/SE/SE_net.tex.xbx,388,fcbdd0f8,32,32,5
levels/SE/SE_net.tex.xbx,389,08f4c064,64,64,5
levels/SE/SE_net.tex.xbx,390,8712a500,64,64,1
levels/SE/SE_net.tex.xbx,391,52e32218,32,64,5
levels/SE/SE_net.tex.xbx,392,e94fd60c,32,32,1
levels/SE/SE_net.tex.xbx,393,7a092b18,128,128,5
levels/SE/SE_net.tex.xbx,394,d7d1e248,64,64,1
levels/SE/SE_net.tex.xbx,395,08d0de34,64,64,1
levels/SE/SE_net.tex.xbx,396,5792fb30,64,64,1
levels/SE/SE_net.tex.xbx,397,1e968084,128,128,1
levels/SE/SE_net.tex.xbx,398,3e687c98,64,64,1
levels/SE/SE_net.tex.xbx,399,a9321080,32,32,5
levels/SE/SE_net.tex.xbx,400,3c48caa0,128,64,5
levels/SE/SE_net.tex.xbx,401,bb0915d0,64,128,1
levels/SE/SE_net.tex.xbx,402,805fcdb4,128,128,5
levels/SE/SE_net.tex.xbx,403,164f42dc,32,32,1
levels/SE/SE_net.tex.xbx,404,51eddd78,32,32,1
levels/SE/SE_net.tex.xbx,405,267b73d4,64,64,1
levels/SE/SE_net.tex.xbx,406,d2784b30,64,64,1
levels/SE/SE_net.tex.xbx,407,b6b69c78,64,128,1
levels/SE/SE_net.tex.xbx,408,ec1374e4,64,64,1
levels/SE/SE_net.tex.xbx,409,c50d435c,64,128,1
levels/SE/SE_net.tex.xbx,410,ec966948,128,128,1
levels/SE/SE_net.tex.xbx,411,7028f440,128,128,1
levels/SE/SE_net.tex.xbx,412,61667718,128,128,1
levels/SE/SE_net.tex.xbx,413,75dbbf2c,64,128,1
levels/SE/SE_net.tex.xbx,414,70abd484,128,128,5
levels/SE/SE_net.tex.xbx,415,3fc70fb8,128,128,1
levels/SE/SE_net.tex.xbx,416,b887ebfc,64,32,1
levels/SE/SE_net.tex.xbx,417,c5ae52fc,128,128,1
levels/SE/SE_net.tex.xbx,418,ee4af39c,64,128,5
levels/SE/SE_net.tex.xbx,419,926c2684,128,128,1
levels/SE/SE_net.tex.xbx,420,05367fc4,64,64,1
levels/SE/SE_net.tex.xbx,421,867c40a0,128,128,1
levels/SE/SE_net.tex.xbx,422,d34d2b58,128,64,5
levels/SE/SE_net.tex.xbx,423,3ec2ddec,64,128,5
levels/SE/SE_net.tex.xbx,424,19abb980,128,128,1
levels/SE/SE_net.tex.xbx,425,890aee9c,64,64,1
levels/SE/SE_net.tex.xbx,426,a79c9768,128,128,1
levels/SE/SE_net.tex.xbx,427,61c999c4,64,64,5
levels/SE/SE_net.tex.xbx,428,5b09f8a4,128,128,1
levels/SE/SE_net.tex.xbx,429,7611ef3c,64,128,1
levels/SE/SE_net.tex.xbx,430,e244cda8,64,128,1
levels/SE/SE_net.tex.xbx,431,c832041c,64,128,1
levels/SE/SE_net.tex.xbx,432,d113c360,128,64,1
levels/SE/SE_net.tex.xbx,433,bc354470,64,128,5
levels/SE/SE_net.tex.xbx,434,ce269c9c,128,128,1
levels/SE/SE_net.tex.xbx,435,c609b560,128,128,1
levels/SE/SE_net.tex.xbx,436,b4e3288c,128,128,1
levels/SE/SE_net.tex.xbx,437,87287bb8,128,128,1
levels/SE/SE_net.tex.xbx,438,3606e404,128,128,1
levels/SE/SE_net.tex.xbx,439,6cf6af54,64,64,1
levels/SE/SE_net.tex.xbx,440,bbdb2470,64,32,5
levels/SE/SE_net.tex.xbx,441,d1c5debc,64,128,5
levels/SE/SE_net.tex.xbx,442,10ce3fd8,32,64,5
levels/SE/SE_net.tex.xbx,443,d120552c,64,64,1
levels/SE/SE_net.tex.xbx,444,6869dde4,128,128,5
levels/SE/SE_net.tex.xbx,445,008a8cc0,64,64,5
levels/SE/SE_net.tex.xbx,446,b304f86c,16,32,5
levels/SE/SE_net.tex.xbx,447,3f90ac98,128,128,1
levels/SE/SE_net.tex.xbx,448,18bc76e8,128,128,1
levels/SE/SE_net.tex.xbx,449,3bfc53b8,128,64,1
levels/SE2/SE2.tex.xbx,0,4881223c,128,128,1
levels/SE2/SE2.tex.xbx,1,6b3c7f74,64,64,5
levels/SE2/SE2.tex.xbx,2,6b678870,128,128,1
levels/SE2/SE2.tex.xbx,3,f4680b60,16,16,1
levels/SE2/SE2.tex.xbx,4,898e5e9c,16,16,1
levels/SE2/SE2.tex.xbx,5,2e46b0d4,128,128,5
levels/SE2/SE2.tex.xbx,6,4201ff04,128,128,1
levels/SE2/SE2.tex.xbx,7,f3a1d108,128,128,1
levels/SE2/SE2.tex.xbx,8,a9b678bc,128,128,1
levels/SE2/SE2.tex.xbx,9,33fd91c0,64,64,5
levels/SE2/SE2.tex.xbx,10,b83f2fc0,128,128,1
levels/SE2/SE2.tex.xbx,11,95253e4c,64,64,5
levels/SE2/SE2.tex.xbx,12,f2f62db0,128,128,1
levels/SE2/SE2.tex.xbx,13,9b9a8db4,128,128,5
levels/SE2/SE2.tex.xbx,14,83259ea4,64,64,5
levels/SE2/SE2.tex.xbx,15,375df69c,128,32,1
levels/SE2/SE2.tex.xbx,16,6d82bf2c,128,128,5
levels/SE2/SE2.tex.xbx,17,7f0d7718,64,64,5
levels/SE2/SE2.tex.xbx,18,e3b3ea70,32,32,1
levels/SE2/SE2.tex.xbx,19,faefe258,32,32,1
levels/SE2/SE2.tex.xbx,20,af4e6204,128,128,1
levels/SE2/SE2.tex.xbx,21,3ddc2740,128,128,1
levels/SE2/SE2.tex.xbx,22,848fc2d0,128,256,1
levels/SE2/SE2.tex.xbx,23,27cc9da4,32,128,1
levels/SE2/SE2.tex.xbx,24,10334734,128,128,1
levels/SE2/SE2.tex.xbx,25,1465c520,128,128,5
levels/SE2/SE2.tex.xbx,26,08f07124,128,64,5
levels/SE2/SE2.tex.xbx,27,8cd0fc7c,64,64,5
levels/SE2/SE2.tex.xbx,28,f60daa58,64,64,5
levels/SE2/SE2.tex.xbx,29,3b2ecb64,128,32,1
levels/SE2/SE2.tex.xbx,30,4b2f9db8,128,128,1
levels/SE2/SE2.tex.xbx,31,e01cc480,32,128,5
levels/SE2/SE2.tex.xbx,32,7ac6de1c,128,64,1
levels/SE2/SE2.tex.xbx,33,96ba5b8c,64,64,2
levels/SE2/SE2.tex.xbx,34,2c3d75a8,128,32,5
levels/SE2/SE2.tex.xbx,35,fdb310fc,128,16,5
levels/SE2/SE2.tex.xbx,36,a10ca0a4,128,16,5
levels/SE2/SE2.tex.xbx,37,8c392b88,128,64,1
levels/SE2/SE2.tex.xbx,38,c7ea2a70,16,64,5
levels/SE2/SE2.tex.xbx,39,c477e118,64,64,5
levels/SE2/SE2.tex.xbx,40,76b81f54,32,32,5
levels/SE2/SE2.tex.xbx,41,cecf165c,64,64,1
levels/SE2/SE2.tex.xbx,42,692dee40,32,128,1
levels/SE2/SE2.tex.xbx,43,e6c6cb48,128,128,1
levels/SE2/SE2.tex.xbx,44,21e39648,128,128,1
levels/SE2/SE2.tex.xbx,45,d00ec7e0,128,128,1
levels/SE2/SE2.tex.xbx,46,8af85640,128,128,1
levels/SE2/SE2.tex.xbx,47,12887064,128,128,1
levels/SE2/SE2.tex.xbx,48,45c8c5b8,128,128,1
levels/SE2/SE2.tex.xbx,49,0be0b528,128,128,5
levels/SE2/SE2.tex.xbx,50,4f067c78,128,128,1
levels/SE2/SE2.tex.xbx,51,428d3b5c,128,64,1
levels/SE2/SE2.tex.xbx,52,9308c0f4,128,128,1
levels/SE2/SE2.tex.xbx,53,54a5f5a0,64,32,1
levels/SE2/SE2.tex.xbx,54,335ad2d4,128,128,1
levels/SE2/SE2.tex.xbx,55,ba796178,64,64,1
levels/SE2/SE2.tex.xbx,56,18dbb354,64,64,1
levels/SE2/SE2.tex.xbx,57,66dfa324,128,128,2
levels/SE2/SE2.tex.xbx,58,1bd60ec0,16,16,1
levels/SE2/SE2.tex.xbx,59,ca678474,64,128,5
levels/SE2/SE2.tex.xbx,60,e05f7f0c,128,128,5
levels/SE2/SE2.tex.xbx,61,8c417120,64,128,1
levels/SE2/SE2.tex.xbx,62,60b3d524,32,64,1
levels/SE2/SE2.tex.xbx,63,e426369c,32,32,5
levels/SE2/SE2.tex.xbx,64,e96afeb0,64,64,5
levels/SE2/SE2.tex.xbx,65,667b1214,128,128,5
levels/SE2/SE2.tex.xbx,66,dbdbc740,128,64,5
levels/SE2/SE2.tex.xbx,67,c3386b50,128,128,5
levels/SE2/SE2.tex.xbx,68,9b55a124,64,128,2
levels/SE2/SE2.tex.xbx,69,4a4d1d64,32,32,2
levels/SE2/SE2.tex.xbx,70,b16ef828,128,128,1
levels/SE2/SE2.tex.xbx,71,61f28cc4,128,128,1
levels/SE2/SE2.tex.xbx,72,18944c38,128,128,1
levels/SE2/SE2.tex.xbx,73,f628846c,128,128,1
levels/SE2/SE2.tex.xbx,74,d2b97364,128,64,1
levels/SE2/SE2.tex.xbx,75,80915050,128,128,1
levels/SE2/SE2.tex.xbx,76,0446c5e0,64,64,1
levels/SE2/SE2.tex.xbx,77,ef57b508,64,128,1
levels/SE2/SE2.tex.xbx,78,10adf5a8,32,64,1
levels/SE2/SE2.tex.xbx,79,820fbf58,32,32,5
levels/SE2/SE2.tex.xbx,80,cb4279a0,128,128,5
levels/SE2/SE2.tex.xbx,81,cdbe1b08,128,128,1
levels/SE2/SE2.tex.xbx,82,27830eec,128,64,5
levels/SE2/SE2.tex.xbx,83,88c497e0,64,64,1
levels/SE2/SE2.tex.xbx,84,b5909f4c,32,128,1
levels/SE2/SE2.tex.xbx,85,fd384e08,32,128,5
levels/SE2/SE2.tex.xbx,86,211ad9f8,32,128,1
levels/SE2/SE2.tex.xbx,87,9888bf80,32,128,5
levels/SE2/SE2.tex.xbx,88,a991d114,128,128,1
levels/SE2/SE2.tex.xbx,89,df309514,128,128,5
levels/SE2/SE2.tex.xbx,90,53937c28,64,64,1
levels/SE2/SE2.tex.xbx,91,d4653eec,64,64,5
levels/SE2/SE2.tex.xbx,92,d8397350,64,64,1
levels/SE2/SE2.tex.xbx,93,e772318c,64,64,5
levels/SE2/SE2.tex.xbx,94,55bbe868,128,64,1
levels/SE2/SE2.tex.xbx,95,118459e0,64,32,1
levels/SE2/SE2.tex.xbx,96,8b0b88f0,32,64,1
levels/SE2/SE2.tex.xbx,97,051277c0,64,32,1
levels/SE2/SE2.tex.xbx,98,71d8357c,64,64,1
levels/SE2/SE2.tex.xbx,99,d6e0ad64,64,64,5
levels/SE2/SE2.tex.xbx,100,a1fc30bc,32,128,5
levels/SE2/SE2.tex.xbx,101,6b72b338,64,64,5
levels/SE2/SE2.tex.xbx,102,f194b730,32,128,1
levels/SE2/SE2.tex.xbx,103,c294c920,32,128,1
levels/SE2/SE2.tex.xbx,104,b16ef520,64,128,5
levels/SE2/SE2.tex.xbx,105,5fe14124,128,128,5
levels/SE2/SE2.tex.xbx,106,d5cd9848,128,128,5
levels/SE2/SE2.tex.xbx,107,49d01794,64,64,1
levels/SE2/SE2.tex.xbx,108,81498e3c,64,64,1
levels/SE2/SE2.tex.xbx,109,34baf818,64,64,1
levels/SE2/SE2.tex.xbx,110,064f0e24,32,128,5
levels/SE2/SE2.tex.xbx,111,dadc6820,64,128,5
levels/SE2/SE2.tex.xbx,112,2599eb60,64,64,1
levels/SE2/SE2.tex.xbx,113,ad1bc5ec,64,128,1
levels/SE2/SE2.tex.xbx,114,200b834c,128,64,5
levels/SE2/SE2.tex.xbx,115,ce9935f8,64,64,5
levels/SE2/SE2.tex.xbx,116,44340a54,128,128,5
levels/SE2/SE2.tex.xbx,117,b10c4ae4,32,64,1
levels/SE2/SE2.tex.xbx,118,77341f18,64,128,5
levels/SE2/SE2.tex.xbx,119,d204d214,64,64,1
levels/SE2/SE2.tex.xbx,120,7dec6dc8,16,16,5
levels/SE2/SE2.tex.xbx,121,ac8371cc,128,32,5
levels/SE2/SE2.tex.xbx,122,58a67358,128,64,1
levels/SE2/SE2.tex.xbx,123,5f6e1694,64,16,5
levels/SE2/SE2.tex.xbx,124,df28d704,32,32,5
levels/SE2/SE2.tex.xbx,125,f0efb16c,64,64,5
levels/SE2/SE2.tex.xbx,126,f91baa0c,64,64,5
levels/SE2/SE2.tex.xbx,127,ec17dc78,64,128,5
levels/SE2/SE2.tex.xbx,128,8a2f8c20,64,128,5
levels/SE2/SE2.tex.xbx,129,ad8813ec,32,64,5
levels/SE2/SE2.tex.xbx,130,5915b558,32,32,5
levels/SE2/SE2.tex.xbx,131,8e82b2ac,32,32,5
levels/SE2/SE2.tex.xbx,132,cae36310,64,64,5
levels/SE2/SE2.tex.xbx,133,aaf7c484,128,32,5
levels/SE2/SE2.tex.xbx,134,60108618,32,32,5
levels/SE2/SE2.tex.xbx,135,ae064b18,128,128,1
levels/SE2/SE2.tex.xbx,136,6293ab2c,128,128,1
levels/SE2/SE2.tex.xbx,137,98865d5c,128,128,5
levels/SE2/SE2.tex.xbx,138,a508bd7c,64,64,1
levels/SE2/SE2.tex.xbx,139,4e056cb8,128,128,1
levels/SE2/SE2.tex.xbx,140,908d4fd4,128,64,5
levels/SE2/SE2.tex.xbx,141,b0996c74,128,64,5
levels/SE2/SE2.tex.xbx,142,25aed674,64,64,5
levels/SE2/SE2.tex.xbx,143,1f5f9d98,32,32,5
levels/SE2/SE2.tex.xbx,144,c9ca1068,32,64,5
levels/SE2/SE2.tex.xbx,145,c6ba7f30,32,32,5
levels/SE2/SE2.tex.xbx,146,87b70ab4,128,16,1
levels/SE2/SE2.tex.xbx,147,5fd13374,64,64,1
levels/SE2/SE2.tex.xbx,148,bab98740,128,64,1
levels/SE2/SE2.tex.xbx,149,d9e2212c,128,64,1
levels/SE2/SE2.tex.xbx,150,74a064a4,64,32,1
levels/SE2/SE2.tex.xbx,151,6f1357cc,128,128,5
levels/SE2/SE2.tex.xbx,152,c2900c8c,64,128,1
levels/SE2/SE2.tex.xbx,153,ad659940,128,128,1
levels/SE2/SE2.tex.xbx,154,765a1578,64,64,5
levels/SE2/SE2.tex.xbx,155,ea80b670,128,32,5
levels/SE2/SE2.tex.xbx,156,7befe004,128,128,1
levels/SE2/SE2.tex.xbx,157,362df8ec,64,128,1
levels/SE2/SE2.tex.xbx,158,90b03098,128,64,5
levels/SE2/SE2.tex.xbx,159,f8808b30,64,64,5
levels/SE2/SE2.tex.xbx,160,fc97182c,32,128,5
levels/SE2/SE2.tex.xbx,161,7ff89044,128,128,1
levels/SE2/SE2.tex.xbx,162,ab6b3600,64,128,1
levels/SE2/SE2.tex.xbx,163,3ab571a8,128,128,5
levels/SE2/SE2.tex.xbx,164,6de26424,64,64,5
levels/SE2/SE2.tex.xbx,165,e3539c28,64,64,5
levels/SE2/SE2.tex.xbx,166,4a2842d8,32,16,1
levels/SE2/SE2.tex.xbx,167,80f914cc,32,32,1
levels/SE2/SE2.tex.xbx,168,509b1f40,32,32,5
levels/SE2/SE2.tex.xbx,169,1ac33524,64,64,5
levels/SE2/SE2.tex.xbx,170,1c9342cc,64,128,5
levels/SE2/SE2.tex.xbx,171,f1dddd7c,64,64,5
levels/SE2/SE2.tex.xbx,172,fcd55098,32,32,5
levels/SE2/SE2.tex.xbx,173,2deb9ea0,16,64,1
levels/SE2/SE2.tex.xbx,174,e73e9d44,128,64,5
levels/SE2/SE2.tex.xbx,175,cf905f98,32,128,1
levels/SE2/SE2.tex.xbx,176,fa3378ec,64,64,5
levels/SE2/SE2.tex.xbx,177,e8a8c058,64,64,5
levels/SE2/SE2.tex.xbx,178,fb405284,32,64,5
levels/SE2/SE2.tex.xbx,179,b3d79338,8,64,5
levels/SE2/SE2.tex.xbx,180,4b4b3310,32,32,5
levels/SE2/SE2.tex.xbx,181,da1fa804,128,128,5
levels/SE2/SE2.tex.xbx,182,27349a94,128,64,5
levels/SE2/SE2.tex.xbx,183,08926140,128,128,1
levels/SE2/SE2.tex.xbx,184,5178db70,32,32,1
levels/SE2/SE2.tex.xbx,185,f7697834,32,16,5
levels/SE2/SE2.tex.xbx,186,7a412abc,128,128,5
levels/SE2/SE2.tex.xbx,187,a4a4e858,64,128,5
levels/SE2/SE2.tex.xbx,188,396d8af4,64,32,5
levels/SE2/SE2.tex.xbx,189,06848550,64,128,1
levels/SE2/SE2.tex.xbx,190,564ba00c,32,128,5
levels/SE2/SE2.tex.xbx,191,ce79d224,64,64,1
levels/SE2/SE2.tex.xbx,192,7adf6058,64,64,5
levels/SE2/SE2.tex.xbx,193,7bb1c724,128,64,5
levels/SE2/SE2.tex.xbx,194,665218ec,64,64,5
levels/SE2/SE2.tex.xbx,195,579baf70,128,128,5
levels/SE2/SE2.tex.xbx,196,4438fe28,128,128,1
levels/SE2/SE2.tex.xbx,197,92c64b7c,32,128,1
levels/SE2/SE2.tex.xbx,198,f642016c,64,128,5
levels/SE2/SE2.tex.xbx,199,f6e0ed30,64,64,5
levels/SE2/SE2.tex.xbx,200,5bc51364,128,128,1
levels/SE2/SE2.tex.xbx,201,ad3495fc,128,128,1
levels/SE2/SE2.tex.xbx,202,68be268c,128,32,5
levels/SE2/SE2.tex.xbx,203,d3c47c80,128,128,1
levels/SE2/SE2.tex.xbx,204,5b05b19c,128,128,1
levels/SE2/SE2.tex.xbx,205,cf7b0508,128,128,1
levels/SE2/SE2.tex.xbx,206,8383381c,128,128,5
levels/SE2/SE2.tex.xbx,207,1347b170,64,32,5
levels/SE2/SE2.tex.xbx,208,fcfb9a88,64,64,5
levels/SE2/SE2.tex.xbx,209,268f8780,128,128,1
levels/SE2/SE2.tex.xbx,210,8e762a8c,128,64,1
levels/SE2/SE2.tex.xbx,211,c1ba5834,128,64,1
levels/SE2/SE2.tex.xbx,212,a604a678,128,128,5
levels/SE2/SE2.tex.xbx,213,b43062b8,128,128,1
levels/SE2/SE2.tex.xbx,214,0e453634,64,128,1
levels/SE2/SE2.tex.xbx,215,13b17d1c,64,64,1
levels/SE2/SE2.tex.xbx,216,6aaf1608,128,128,1
levels/SE2/SE2.tex.xbx,217,80f5012c,128,32,5
levels/SE2/SE2.tex.xbx,218,4ce1540c,64,64,5
levels/SE2/SE2.tex.xbx,219,72764044,64,128,1
levels/SE2/SE2.tex.xbx,220,77a07e24,64,64,1
levels/SE2/SE2.tex.xbx,221,e3f363ac,128,64,1
levels/SE2/SE2.tex.xbx,222,9359acb4,64,64,1
levels/SE2/SE2.tex.xbx,223,a2ad21d8,128,128,1
levels/SE2/SE2.tex.xbx,224,ab607300,32,32,1
levels/SE2/SE2.tex.xbx,225,19f551b8,64,128,1
levels/SE2/SE2.tex.xbx,226,243075e4,128,128,1
levels/SE2/SE2.tex.xbx,227,411706a0,128,128,1
levels/SE2/SE2.tex.xbx,228,f08837ac,128,32,5
levels/SE2/SE2.tex.xbx,229,ee7d8e8c,128,128,1
levels/SE2/SE2.tex.xbx,230,b19f4944,128,128,1
levels/SE2/SE2.tex.xbx,231,6b245898,128,128,1
levels/SE2/SE2.tex.xbx,232,37bbfba4,64,64,1
levels/SE2/SE2.tex.xbx,233,67681f40,128,128,1
levels/SE2/SE2.tex.xbx,234,be63cf20,128,128,5
levels/SE2/SE2.tex.xbx,235,513d2d7c,64,64,5
levels/SE2/SE2.tex.xbx,236,5743fe38,32,64,5
levels/SE2/SE2.tex.xbx,237,3ee30ab4,64,64,1
levels/SE2/SE2.tex.xbx,238,24178574,128,128,5
levels/SE2/SE2.tex.xbx,239,f641eba0,64,128,1
levels/SE2/SE2.tex.xbx,240,b9c28904,128,32,5
levels/SE2/SE2.tex.xbx,241,006e4b9c,128,128,1
levels/SE2/SE2.tex.xbx,242,7d7a7780,128,128,1
levels/SE2/SE2.tex.xbx,243,9cec045c,128,256,5
levels/SE2/SE2.tex.xbx,244,c5bd8568,128,256,5
levels/SE2/SE2.tex.xbx,245,84cc78d0,128,128,5
levels/SE2/SE2.tex.xbx,246,1ec7a838,64,64,5
levels/SE2/SE2.tex.xbx,247,71367c90,128,128,5
levels/SE2/SE2.tex.xbx,248,d45feb8c,128,128,5
levels/SE2/SE2.tex.xbx,249,74d76d80,64,128,1
levels/SE2/SE2.tex.xbx,250,ef3743d4,128,128,1
levels/SE2/SE2.tex.xbx,251,00bf1a38,64,32,5
levels/SE2/SE2.tex.xbx,252,89f626c4,128,128,5
levels/SE2/SE2.tex.xbx,253,faf25798,32,128,1
levels/SE2/SE2.tex.xbx,254,f37d063c,128,32,1
levels/SE2/SE2.tex.xbx,255,c4d19b3c,128,32,1
levels/SE2/SE2.tex.xbx,256,ad9f1abc,128,128,5
levels/SE2/SE2.tex.xbx,257,95610c00,64,64,1
levels/SE2/SE2.tex.xbx,258,600f187c,128,32,1
levels/SE2/SE2.tex.xbx,259,f420ac3c,128,32,5
levels/SE2/SE2.tex.xbx,260,92e78780,64,16,1
levels/SE2/SE2.tex.xbx,261,442b953c,64,64,1
levels/SE2/SE2.tex.xbx,262,2a966278,64,64,5
levels/SE2/SE2.tex.xbx,263,89605654,128,16,5
levels/SE2/SE2.tex.xbx,264,b398a108,128,64,1
levels/SE2/SE2.tex.xbx,265,7da85274,64,64,5
levels/SE2/SE2.tex.xbx,266,5d81a928,64,64,1
levels/SE2/SE2.tex.xbx,267,4263efdc,128,128,1
levels/SE2/SE2.tex.xbx,268,cc03b104,32,32,5
levels/SE2/SE2.tex.xbx,269,5cc36144,64,64,1
levels/SE2/SE2.tex.xbx,270,90090390,64,16,5
levels/SE2/SE2.tex.xbx,271,41ec76c8,32,32,5
levels/SE2/SE2.tex.xbx,272,d4e9925c,64,64,1
levels/SE2/SE2.tex.xbx,273,8482d768,128,128,1
levels/SE2/SE2.tex.xbx,274,45a82ae0,128,64,5
levels/SE2/SE2.tex.xbx,275,bba3533c,128,64,5
levels/SE2/SE2.tex.xbx,276,4a18b368,128,64,5
levels/SE2/SE2.tex.xbx,277,257a0254,128,128,1
levels/SE2/SE2.tex.xbx,278,ca7837ac,128,64,1
levels/SE2/SE2.tex.xbx,279,41c67b4c,128,64,1
levels/SE2/SE2.tex.xbx,280,74c8c250,128,128,1
levels/SE2/SE2.tex.xbx,281,0f5d2404,128,128,5
levels/SE2/SE2.tex.xbx,282,f4568348,128,128,1
levels/SE2/SE2.tex.xbx,283,a9537454,128,128,1
levels/SE2/SE2.tex.xbx,284,df718194,64,32,1
levels/SE2/SE2.tex.xbx,285,ededed4c,64,128,1
levels/SE2/SE2.tex.xbx,286,0de3c810,64,128,5
levels/SE2/SE2.tex.xbx,287,5a0ab7c4,128,128,5
levels/SE2/SE2.tex.xbx,288,995a9dcc,128,256,1
levels/SE2/SE2.tex.xbx,289,84e4d878,64,32,1
levels/SE2/SE2.tex.xbx,290,e5e4098c,128,64,1
levels/SE2/SE2.tex.xbx,291,834ef00c,128,128,5
levels/SE2/SE2.tex.xbx,292,4c20d32c,16,16,1
levels/SE2/SE2.tex.xbx,293,d7c40458,128,256,5
levels/SE2/SE2.tex.xbx,294,4aeecd74,64,64,1
levels/SE2/SE2.tex.xbx,295,465144ec,64,64,5
levels/SE2/SE2.tex.xbx,296,3403460c,128,128,1
levels/SE2/SE2.tex.xbx,297,749e9808,128,128,5
levels/SE2/SE2.tex.xbx,298,18220980,128,128,5
levels/SE2/SE2.tex.xbx,299,ecaf6fc4,128,128,5
levels/SE2/SE2.tex.xbx,300,c1076308,128,128,5
levels/SE2/SE2.tex.xbx,301,abe3b460,128,128,5
levels/SE2/SE2_net.tex.xbx,0,4881223c,128,128,1
levels/SE2/SE2_net.tex.xbx,1,6b3c7f74,64,64,5
levels/SE2/SE2_net.tex.xbx,2,6b678870,128,128,1
levels/SE2/SE2_net.tex.xbx,3,f4680b60,16,16,1
levels/SE2/SE2_net.tex.xbx,4,898e5e9c,16,16,1
levels/SE2/SE2_net.tex.xbx,5,2e46b0d4,128,128,5
levels/SE2/SE2_net.tex.xbx,6,4201ff04,128,128,1
levels/SE2/SE2_net.tex.xbx,7,f3a1d108,128,128,1
levels/SE2/SE2_net.tex.xbx,8,a9b678bc,128,128,1
levels/SE2/SE2_net.tex.xbx,9,33fd91c0,64,64,5
levels/SE2/SE2_net.tex.xbx,10,b83f2fc0,128,128,1
levels/SE2/SE2_net.tex.xbx,11,95253e4c,64,64,5
levels/SE2/SE2_net.tex.xbx,12,f2f62db0,128,128,1
levels/SE2/SE2_net.tex.xbx,13,9b9a8db4,128,128,5
levels/SE2/SE2_net.tex.xbx,14,83259ea4,64,64,5
levels/SE2/SE2_net.tex.xbx,15,375df69c,128,32,1
levels/SE2/SE2_net.tex.xbx,16,6d82bf2c,128,128,5
levels/SE2/SE2_net.tex.xbx,17,7f0d7718,64,64,5
levels/SE2/SE2_net.tex.xbx,18,e3b3ea70,32,32,1
levels/SE2/SE2_net.tex.xbx,19,faefe258,32,32,1
levels/SE2/SE2_net.tex.xbx,20,af4e6204,128,128,1
levels/SE2/SE2_net.tex.xbx,21,3ddc2740,128,128,1
levels/SE2/SE2_net.tex.xbx,22,848fc2d0,128,256,1
levels/SE2/SE2_net.tex.xbx,23,27cc9da4,32,128,1
levels/SE2/SE2_net.tex.xbx,24,10334734,128,128,1
levels/SE2/SE2_net.tex.xbx,25,1465c520,128,128,5
levels/SE2/SE2_net.tex.xbx,26,08f07124,128,64,5
levels/SE2/SE2_net.tex.xbx,27,8cd0fc7c,64,64,5
levels/SE2/SE2_net.tex.xbx,28,f60daa58,64,64,5
levels/SE2/SE2_net.tex.xbx,29,3b2ecb64,128,32,1
levels/SE2/SE2_net.tex.xbx,30,4b2f9db8,128,128,1
levels/SE2/SE2_net.tex.xbx,31,e01cc480,32,128,5
levels/SE2/SE2_net.tex.xbx,32,7ac6de1c,128,64,1
levels/SE2/SE2_net.tex.xbx,33,96ba5b8c,64,64,2
levels/SE2/SE2_net.tex.xbx,34,2c3d75a8,128,32,5
levels/SE2/SE2_net.tex.xbx,35,fdb310fc,128,16,5
levels/SE2/SE2_net.tex.xbx,36,a10ca0a4,128,16,5
levels/SE2/SE2_net.tex.xbx,37,8c392b88,128,64,1
levels/SE2/SE2_net.tex.xbx,38,c7ea2a70,16,64,5
levels/SE2/SE2_net.tex.xbx,39,c477e118,64,64,5
levels/SE2/SE2_net.tex.xbx,40,76b81f54,32,32,5
levels/SE2/SE2_net.tex.xbx,41,cecf165c,64,64,1
levels/SE2/SE2_net.tex.xbx,42,692dee40,32,128,1
levels/SE2/SE2_net.tex.xbx,43,e6c6cb48,128,128,1
levels/SE2/SE2_net.tex.xbx,44,21e39648,128,128,1
levels/SE2/SE2_net.tex.xbx,45,d00ec7e0,128,128,1
levels/SE2/SE2_net.tex.xbx,46,8af85640,128,128,1
levels/SE2/SE2_net.tex.xbx,47,12887064,128,128,1
levels/SE2/SE2_net.tex.xbx,48,45c8c5b8,128,128,1
levels/SE2/SE2_net.tex.xbx,49,0be0b528,128,128,5
levels/SE2/SE2_net.tex.xbx,50,4f067c78,128,128,1
levels/SE2/SE2_net.tex.xbx,51,428d3b5c,128,64,1
levels/SE2/SE2_net.tex.xbx,52,9308c0f4,128,128,1
levels/SE2/SE2_net.tex.xbx,53,54a5f5a0,64,32,1
levels/SE2/SE2_net.tex.xbx,54,335ad2d4,128,128,1
levels/SE2/SE2_net.tex.xbx,55,ba796178,64,64,1
levels/SE2/SE2_net.tex.xbx,56,18dbb354,64,64,1
levels/SE2/SE2_net.tex.xbx,57,66dfa324,128,128,2
levels/SE2/SE2_net.tex.xbx,58,1bd60ec0,16,16,1
levels/SE2/SE2_net.tex.xbx,59,ca678474,64,128,5
levels/SE2/SE2_net.tex.xbx,60,e05f7f0c,128,128,5
levels/SE2/SE2_net.tex.xbx,61,8c417120,64,128,1
levels/SE2/SE2_net.tex.xbx,62,60b3d524,32,64,1
levels/SE2/SE2_net.tex.xbx,63,e426369c,32,32,5
levels/SE2/SE2_net.tex.xbx,64,e96afeb0,64,64,5
levels/SE2/SE2_net.tex.xbx,65,667b1214,128,128,5
levels/SE2/SE2_net.tex.xbx,66,dbdbc740,128,64,5
levels/SE2/SE2_net.tex.xbx,67,c3386b50,128,128,5
levels/SE2/SE2_net.tex.xbx,68,9b55a124,64,128,2
levels/SE2/SE2_net.tex.xbx,69,4a4d1d64,32,32,2
levels/SE2/SE2_net.tex.xbx,70,b16ef828,128,128,1
levels/SE2/SE2_net.tex.xbx,71,61f28cc4,128,128,1
levels/SE2/SE2_net.tex.xbx,72,18944c38,128,128,1
levels/SE2/SE2_net.tex.xbx,73,f628846c,128,128,1
levels/SE2/SE2_net.tex.xbx,74,d2b97364,128,64,1
levels/SE2/SE2_net.tex.xbx,75,80915050,128,128,1
levels/SE2/SE2_net.tex.xbx,76,0446c5e0,64,64,1
levels/SE2/SE2_net.tex.xbx,77,ef57b508,64,128,1
levels/SE2/SE2_net.tex.xbx,78,10adf5a8,32,64,1
levels/SE2/SE2_net.tex.xbx,79,820fbf58,32,32,5
levels/SE2/SE2_net.tex.xbx,80,cb4279a0,128,128,5
levels/SE2/SE2_net.tex.xbx,81,cdbe1b08,128,128,1
levels/SE2/SE2_net.tex.xbx,82,27830eec,128,64,5
levels/SE2/SE2_net.tex.xbx,83,88c497e0,64,64,1
levels/SE2/SE2_net.tex.xbx,84,b5909f4c,32,128,1
levels/SE2/SE2_net.tex.xbx,85,fd384e08,32,128,5
levels/SE2/SE2_net.tex.xbx,86,211ad9f8,32,128,1
levels/SE2/SE2_net.tex.xbx,87,9888bf80,32,128,5
levels/SE2/SE2_net.tex.xbx,88,a991d114,128,128,1
levels/SE2/SE2_net.tex.xbx,89,df309514,128,128,5
levels/SE2/SE2_net.tex.xbx,90,53937c28,64,64,1
levels/SE2/SE2_net.tex.xbx,91,d4653eec,64,64,5
levels/SE2/SE2_net.tex.xbx,92,d8397350,64,64,1
levels/SE2/SE2_net.tex.xbx,93,e772318c,64,64,5
levels/SE2/SE2_net.tex.xbx,94,55bbe868,128,64,1
levels/SE2/SE2_net.tex.xbx,95,118459e0,64,32,1
levels/SE2/SE2_net.tex.xbx,96,8b0b88f0,32,64,1
levels/SE2/SE2_net.tex.xbx,97,051277c0,64,32,1
levels/SE2/SE2_net.tex.xbx,98,71d8357c,64,64,1
levels/SE2/SE2_net.tex.xbx,99,d6e0ad64,64,64,5
levels/SE2/SE2_net.tex.xbx,100,a1fc30bc,32,128,5
levels/SE2/SE2_net.tex.xbx,101,6b72b338,64,64,5
levels/SE2/SE2_net.tex.xbx,102,f194b730,32,128,1
levels/SE2/SE2_net.tex.xbx,103,c294c920,32,128,1
levels/SE2/SE2_net.tex.xbx,104,b16ef520,64,128,5
levels/SE2/SE2_net.tex.xbx,105,5fe14124,128,128,5
levels/SE2/SE2_net.tex.xbx,106,d5cd9848,128,128,5
levels/SE2/SE2_net.tex.xbx,107,49d01794,64,64,1
levels/SE2/SE2_net.tex.xbx,108,81498e3c,64,64,1
levels/SE2/SE2_net.tex.xbx,109,34baf818,64,64,1
levels/SE2/SE2_net.tex.xbx,110,064f0e24,32,128,5
levels/SE2/SE2_net.tex.xbx,111,dadc6820,64,128,5
levels/SE2/SE2_net.tex.xbx,112,2599eb60,64,64,1
levels/SE2/SE2_net.tex.xbx,113,ad1bc5ec,64,128,1
levels/SE2/SE2_net.tex.xbx,114,200b834c,128,64,5
levels/SE2/SE2_net.tex.xbx,115,ce9935f8,64,64,5
levels/SE2/SE2_net.tex.xbx,116,44340a54,128,128,5
levels/SE2/SE2_net.tex.xbx,117,b10c4ae4,32,64,1
levels/SE2/SE2_net.tex.xbx,118,77341f18,64,128,5
levels/SE2/SE2_net.tex.xbx,119,d204d214,64,64,1
levels/SE2/SE2_net.tex.xbx,120,7dec6dc8,16,16,5
levels/SE2/SE2_net.tex.xbx,121,ac8371cc,128,32,5
levels/SE2/SE2_net.tex.xbx,122,58a67358,128,64,1
levels/SE2/SE2_net.tex.xbx,123,5f6e1694,64,16,5
levels/SE2/SE2_net.tex.xbx,124,df28d704,32,32,5
levels/SE2/SE2_net.tex.xbx,125,f0efb16c,64,64,5
levels/SE2/SE2_net.tex.xbx,126,f91baa0c,64,64,5
levels/SE2/SE2_net.tex.xbx,127,ec17dc78,64,128,5
levels/SE2/SE2_net.tex.xbx,128,8a2f8c20,64,128,5
levels/SE2/SE2_net.tex.xbx,129,ad8813ec,32,64,5
levels/SE2/SE2_net.tex.xbx,130,5915b558,32,32,5
levels/SE2/SE2_net.tex.xbx,131,8e82b2ac,32,32,5
levels/SE2/SE2_net.tex.xbx,132,cae36310,64,64,5
levels/SE2/SE2_net.tex.xbx,133,aaf7c484,128,32,5
levels/SE2/SE2_net.tex.xbx,134,60108618,32,32,5
levels/SE2/SE2_net.tex.xbx,135,ae064b18,128,128,1
levels/SE2/SE2_net.tex.xbx,136,6293ab2c,128,128,1
levels/SE2/SE2_net.tex.xbx,137,98865d5c,128,128,5
levels/SE2/SE2_net.tex.xbx,138,a508bd7c,64,64,1
levels/SE2/SE2_net.tex.xbx,139,4e056cb8,128,128,1
levels/SE2/SE2_net.tex.xbx,140,908d4fd4,128,64,5
levels/SE2/SE2_net.tex.xbx,141,b0996c74,128,64,5
levels/SE2/SE2_net.tex.xbx,142,25aed674,64,64,5
levels/SE2/SE2_net.tex.xbx,143,1f5f9d98,32,32,5
levels/SE2/SE2_net.tex.xbx,144,c9ca1068,32,64,5
levels/SE2/SE2_net.tex.xbx,145,c6ba7f30,32,32,5
levels/SE2/SE2_net.tex.xbx,146,87b70ab4,128,16,1
levels/SE2/SE2_net.tex.xbx,147,5fd13374,64,64,1
levels/SE2/SE2_net.tex.xbx,148,bab98740,128,64,1
levels/SE2/SE2_net.tex.xbx,149,d9e2212c,128,64,1
levels/SE2/SE2_net.tex.xbx,150,74a064a4,64,32,1
levels/SE2/SE2_net.tex.xbx,151,6f1357cc,128,128,5
levels/SE2/SE2_net.tex.xbx,152,c2900c8c,64,128,1
levels/SE2/SE2_net.tex.xbx,153,ad659940,128,128,1
levels/SE2/SE2_net.tex.xbx,154,765a1578,64,64,5
levels/SE2/SE2_net.tex.xbx,155,ea80b670,128,32,5
levels/SE2/SE2_net.tex.xbx,156,7befe004,128,128,1
levels/SE2/SE2_net.tex.xbx,157,362df8ec,64,128,1
levels/SE2/SE2_net.tex.xbx,158,90b03098,128,64,5
levels/SE2/SE2_net.tex.xbx,159,f8808b30,64,64,5
levels/SE2/SE2_net.tex.xbx,160,fc97182c,32,128,5
levels/SE2/SE2_net.tex.xbx,161,7ff89044,128,128,1
levels/SE2/SE2_net.tex.xbx,162,ab6b3600,64,128,1
levels/SE2/SE2_net.tex.xbx,163,3ab571a8,128,128,5
levels/SE2/SE2_net.tex.xbx,164,6de26424,64,64,5
levels/SE2/SE2_net.tex.xbx,165,e3539c28,64,64,5
levels/SE2/SE2_net.tex.xbx,166,4a2842d8,32,16,1
levels/SE2/SE2_net.tex.xbx,167,80f914cc,32,32,1
levels/SE2/SE2_net.tex.xbx,168,509b1f40,32,32,5
levels/SE2/SE2_net.tex.xbx,169,1ac33524,64,64,5
levels/SE2/SE2_net.tex.xbx,170,1c9342cc,64,128,5
levels/SE2/SE2_net.tex.xbx,171,f1dddd7c,64,64,5
levels/SE2/SE2_net.tex.xbx,172,fcd55098,32,32,5
levels/SE2/SE2_net.tex.xbx,173,2deb9ea0,16,64,1
levels/SE2/SE2_net.tex.xbx,174,e73e9d44,128,64,5
levels/SE2/SE2_net.tex.xbx,175,cf905f98,32,128,1
levels/SE2/SE2_net.tex.xbx,176,fa3378ec,64,64,5
levels/SE2/SE2_net.tex.xbx,177,e8a8c058,64,64,5
levels/SE2/SE2_net.tex.xbx,178,fb405284,32,64,5
levels/SE2/SE2_net.tex.xbx,179,b3d79338,8,64,5
levels/SE2/SE2_net.tex.xbx,180,4b4b3310,32,32,5
levels/SE2/SE2_net.tex.xbx,181,da1fa804,128,128,5
levels/SE2/SE2_net.tex.xbx,182,27349a94,128,64,5
levels/SE2/SE2_net.tex.xbx,183,08926140,128,128,1
levels/SE2/SE2_net.tex.xbx,184,5178db70,32,32,1
levels/SE2/SE2_net.tex.xbx,185,f7697834,32,16,5
levels/SE2/SE2_net.tex.xbx,186,7a412abc,128,128,5
levels/SE2/SE2_net.tex.xbx,187,a4a4e858,64,128,5
levels/SE2/SE2_net.tex.xbx,188,396d8af4,64,32,5
levels/SE2/SE2_net.tex.xbx,189,06848550,64,128,1
levels/SE2/SE2_net.tex.xbx,190,564ba00c,32,128,5
levels/SE2/SE2_net.tex.xbx,191,ce79d224,64,64,1
levels/SE2/SE2_net.tex.xbx,192,7adf6058,64,64,5
levels/SE2/SE2_net.tex.xbx,193,7bb1c724,128,64,5
levels/SE2/SE2_net.tex.xbx,194,665218ec,64,64,5
levels/SE2/SE2_net.tex.xbx,195,579baf70,128,128,5
levels/SE2/SE2_net.tex.xbx,196,4438fe28,128,128,1
levels/SE2/SE2_net.tex.xbx,197,92c64b7c,32,128,1
levels/SE2/SE2_net.tex.xbx,198,f642016c,64,128,5
levels/SE2/SE2_net.tex.xbx,199,f6e0ed30,64,64,5
levels/SE2/SE2_net.tex.xbx,200,5bc51364,128,128,1
levels/SE2/SE2_net.tex.xbx,201,ad3495fc,128,128,1
levels/SE2/SE2_net.tex.xbx,202,68be268c,128,32,5
levels/SE2/SE2_net.tex.xbx,203,d3c47c80,128,128,1
levels/SE2/SE2_net.tex.xbx,204,5b05b19c,128,128,1
levels/SE2/SE2_net.tex.xbx,205,cf7b0508,128,128,1
levels/SE2/SE2_net.tex.xbx,206,8383381c,128,128,5
levels/SE2/SE2_net.tex.xbx,207,1347b170,64,32,5
levels/SE2/SE2_net.tex.xbx,208,fcfb9a88,64,64,5
levels/SE2/SE2_net.tex.xbx,209,268f8780,128,128,1
levels/SE2/SE2_net.tex.xbx,210,8e762a8c,128,64,1
levels/SE2/SE2_net.tex.xbx,211,c1ba5834,128,64,1
levels/SE2/SE2_net.tex.xbx,212,a604a678,128,128,5
levels/SE2/SE2_net.tex.xbx,213,b43062b8,128,128,1
levels/SE2/SE2_net.tex.xbx,214,0e453634,64,128,1
levels/SE2/SE2_net.tex.xbx,215,13b17d1c,64,64,1
levels/SE2/SE2_net.tex.xbx,216,6aaf1608,128,128,1
levels/SE2/SE2_net.tex.xbx,217,80f5012c,128,32,5
levels/SE2/SE2_net.tex.xbx,218,4ce1540c,64,64,5
levels/SE2/SE2_net.tex.xbx,219,72764044,64,128,1
levels/SE2/SE2_net.tex.xbx,220,77a07e24,64,64,1
levels/SE2/SE2_net.tex.xbx,221,e3f363ac,128,64,1
levels/SE2/SE2_net.tex.xbx,222,9359acb4,64,64,1
levels/SE2/SE2_net.tex.xbx,223,a2ad21d8,128,128,1
levels/SE2/SE2_net.tex.xbx,224,ab607300,32,32,1
levels/SE2/SE2_net.tex.xbx,225,19f551b8,64,128,1
levels/SE2/SE2_net.tex.xbx,226,243075e4,128,128,1
levels/SE2/SE2_net.tex.xbx,227,411706a0,128,128,1
levels/SE2/SE2_net.tex.xbx,228,f08837ac,128,32,5
levels/SE2/SE2_net.tex.xbx,229,ee7d8e8c,128,128,1
levels/SE2/SE2_net.tex.xbx,230,b19f4944,128,128,1
levels/SE2/SE2_net.tex.xbx,231,6b245898,128,128,1
levels/SE2/SE2_net.tex.xbx,232,37bbfba4,64,64,1
levels/SE2/SE2_net.tex.xbx,233,67681f40,128,128,1
levels/SE2/SE2_net.tex.xbx,234,be63cf20,128,128,5
levels/SE2/SE2_net.tex.xbx,235,513d2d7c,64,64,5
levels/SE2/SE2_net.tex.xbx,236,5743fe38,32,64,5
levels/SE2/SE2_net.tex.xbx,237,3ee30ab4,64,64,1
levels/SE2/SE2_net.tex.xbx,238,24178574,128,128,5
levels/SE2/SE2_net.tex.xbx,239,f641eba0,64,128,1
levels/SE2/SE2_net.tex.xbx,240,b9c28904,128,32,5
levels/SE2/SE2_net.tex.xbx,241,006e4b9c,128,128,1
levels/SE2/SE2_net.tex.xbx,242,7d7a7780,128,128,1
levels/SE2/SE2_net.tex.xbx,243,9cec045c,128,256,5
levels/SE2/SE2_net.tex.xbx,244,c5bd8568,128,256,5
levels/SE2/SE2_net.tex.xbx,245,84cc78d0,128,128,5
levels/SE2/SE2_net.tex.xbx,246,1ec7a838,64,64,5
levels/SE2/SE2_net.tex.xbx,247,71367c90,128,128,5
levels/SE2/SE2_net.tex.xbx,248,d45feb8c,128,128,5
levels/SE2/SE2_net.tex.xbx,249,74d76d80,64,128,1
levels/SE2/SE2_net.tex.xbx,250,ef3743d4,128,128,1
levels/SE2/SE2_net.tex.xbx,251,00bf1a38,64,32,5
levels/SE2/SE2_net.tex.xbx,252,89f626c4,128,128,5
levels/SE2/SE2_net.tex.xbx,253,faf25798,32,128,1
levels/SE2/SE2_net.tex.xbx,254,f37d063c,128,32,1
levels/SE2/SE2_net.tex.xbx,255,c4d19b3c,128,32,1
levels/SE2/SE2_net.tex.xbx,256,ad9f1abc,128,128,5
levels/SE2/SE2_net.tex.xbx,257,95610c00,64,64,1
levels/SE2/SE2_net.tex.xbx,258,600f187c,128,32,1
levels/SE2/SE2_net.tex.xbx,259,f420ac3c,128,32,5
levels/SE2/SE2_net.tex.xbx,260,92e78780,64,16,1
levels/SE2/SE2_net.tex.xbx,261,442b953c,64,64,1
levels/SE2/SE2_net.tex.xbx,262,2a966278,64,64,5
levels/SE2/SE2_net.tex.xbx,263,89605654,128,16,5
levels/SE2/SE2_net.tex.xbx,264,b398a108,128,64,1
levels/SE2/SE2_net.tex.xbx,265,7da85274,64,64,5
levels/SE2/SE2_net.tex.xbx,266,5d81a928,64,64,1
levels/SE2/SE2_net.tex.xbx,267,4263efdc,128,128,1
levels/SE2/SE2_net.tex.xbx,268,cc03b104,32,32,5
levels/SE2/SE2_net.tex.xbx,269,5cc36144,64,64,1
levels/SE2/SE2_net.tex.xbx,270,90090390,64,16,5
levels/SE2/SE2_net.tex.xbx,271,41ec76c8,32,32,5
levels/SE2/SE2_net.tex.xbx,272,d4e9925c,64,64,1
levels/SE2/SE2_net.tex.xbx,273,8482d768,128,128,1
levels/SE2/SE2_net.tex.xbx,274,45a82ae0,128,64,5
levels/SE2/SE2_net.tex.xbx,275,bba3533c,128,64,5
levels/SE2/SE2_net.tex.xbx,276,4a18b368,128,64,5
levels/SE2/SE2_net.tex.xbx,277,257a0254,128,128,1
levels/SE2/SE2_net.tex.xbx,278,ca7837ac,128,64,1
levels/SE2/SE2_net.tex.xbx,279,41c67b4c,128,64,1
levels/SE2/SE2_net.tex.xbx,280,74c8c250,128,128,1
levels/SE2/SE2_net.tex.xbx,281,0f5d2404,128,128,5
levels/SE2/SE2_net.tex.xbx,282,f4568348,128,128,1
levels/SE2/SE2_net.tex.xbx,283,a9537454,128,128,1
levels/SE2/SE2_net.tex.xbx,284,df718194,64,32,1
levels/SE2/SE2_net.tex.xbx,285,ededed4c,64,128,1
levels/SE2/SE2_net.tex.xbx,286,0de3c810,64,128,5
levels/SE2/SE2_net.tex.xbx,287,5a0ab7c4,128,128,5
levels/SE2/SE2_net.tex.xbx,288,995a9dcc,128,256,1
levels/SE2/SE2_net.tex.xbx,289,84e4d878,64,32,1
levels/SE2/SE2_net.tex.xbx,290,e5e4098c,128,64,1
levels/SE2/SE2_net.tex.xbx,291,834ef00c,128,128,5
levels/SE2/SE2_net.tex.xbx,292,4c20d32c,16,16,1
levels/SE2/SE2_net.tex.xbx,293,d7c40458,128,256,5
levels/SE2/SE2_net.tex.xbx,294,4aeecd74,64,64,1
levels/SE2/SE2_net.tex.xbx,295,465144ec,64,64,5
levels/SE2/SE2_net.tex.xbx,296,3403460c,128,128,1
levels/SE2/SE2_net.tex.xbx,297,749e9808,128,128,5
levels/SE2/SE2_net.tex.xbx,298,18220980,128,128,5
levels/SE2/SE2_net.tex.xbx,299,ecaf6fc4,128,128,5
levels/SE2/SE2_net.tex.xbx,300,c1076308,128,128,5
levels/SE2/SE2_net.tex.xbx,301,abe3b460,128,128,5
levels/SE2_Sky/SE2_sky.tex.xbx,0,3e712cc4,256,128,1
levels/SE2_Sky/SE2_sky.tex.xbx,1,09e42608,256,128,1
levels/SE2_Sky/SE2_sky.tex.xbx,2,b0405508,256,128,1
levels/SE2_Sky/SE2_sky.tex.xbx,3,ecfecc80,256,128,1
levels/SE2_Sky/SE2_sky_net.tex.xbx,0,3e712cc4,256,128,1
levels/SE2_Sky/SE2_sky_net.tex.xbx,1,09e42608,256,128,1
levels/SE2_Sky/SE2_sky_net.tex.xbx,2,b0405508,256,128,1
levels/SE2_Sky/SE2_sky_net.tex.xbx,3,ecfecc80,256,128,1
levels/SE_Sky/SE_Sky.tex.xbx,0,31095520,128,128,1
levels/SE_Sky/SE_Sky.tex.xbx,1,f41637a0,128,128,1
levels/SE_Sky/SE_Sky.tex.xbx,2,430e1420,128,128,1
levels/SE_Sky/SE_Sky.tex.xbx,3,7e11f6a0,128,128,1
levels/SE_Sky/SE_Sky_net.tex.xbx,0,31095520,128,128,1
levels/SE_Sky/SE_Sky_net.tex.xbx,1,f41637a0,128,128,1
levels/SE_Sky/SE_Sky_net.tex.xbx,2,430e1420,128,128,1
levels/SE_Sky/SE_Sky_net.tex.xbx,3,7e11f6a0,128,128,1
levels/SK5Ed5_Shell/SK5Ed5_Shell.tex.xbx,0,e9a70ac8,128,128,1
levels/SK5Ed5_Shell/SK5Ed5_Shell.tex.xbx,1,905b3400,128,128,5
levels/SK5Ed5_Shell/SK5Ed5_Shell.tex.xbx,2,ada2e958,128,128,5
levels/SK5Ed5_Shell/SK5Ed5_Shell.tex.xbx,3,c9f3e2a8,64,64,1
levels/SK5Ed5_Shell/SK5Ed5_Shell.tex.xbx,4,a73bb988,128,128,1
levels/SK5Ed5_Shell/SK5Ed5_Shell.tex.xbx,5,ec586d70,64,32,5
levels/SK5Ed5_Shell/SK5Ed5_Shell.tex.xbx,6,176f311c,128,128,1
levels/SK5Ed5_Shell/SK5Ed5_Shell.tex.xbx,7,a4e09ae0,64,64,5
levels/SK5Ed5_Shell/SK5Ed5_Shell.tex.xbx,8,10b06a68,32,32,5
levels/SK5Ed5_Shell/SK5Ed5_Shell.tex.xbx,9,cea8e36c,64,64,5
levels/SK5Ed5_Shell/SK5Ed5_Shell.tex.xbx,10,2f91333c,64,64,5
levels/SK5Ed5_Shell/SK5Ed5_Shell.tex.xbx,11,e0d41c5c,128,128,5
levels/SK5Ed5_Shell/SK5Ed5_Shell.tex.xbx,12,e79f0890,32,32,5
levels/SK5Ed5_Shell/SK5Ed5_Shell.tex.xbx,13,3910b418,64,64,1
levels/SK5Ed5_Shell/SK5Ed5_Shell.tex.xbx,14,6f4cba34,32,128,1
levels/SK5Ed5_Shell/SK5Ed5_Shell.tex.xbx,15,32c9e544,128,128,5
levels/SK5Ed5_Shell/SK5Ed5_Shell.tex.xbx,16,e3b33c34,128,64,5
levels/SK5Ed5_Shell/SK5Ed5_Shell.tex.xbx,17,7116e5f4,128,64,5
levels/SK5Ed5_Shell/SK5Ed5_Shell.tex.xbx,18,39ba634c,128,128,5
levels/SK5Ed5_Shell/SK5Ed5_Shell.tex.xbx,19,ff1773a4,128,64,5
levels/SK5Ed5_Shell/SK5Ed5_Shell_net.tex.xbx,0,e9a70ac8,128,128,1
levels/SK5Ed5_Shell/SK5Ed5_Shell_net.tex.xbx,1,905b3400,128,128,5
levels/SK5Ed5_Shell/SK5Ed5_Shell_net.tex.xbx,2,ada2e958,128,128,5
levels/SK5Ed5_Shell/SK5Ed5_Shell_net.tex.xbx,3,c9f3e2a8,64,64,1
levels/SK5Ed5_Shell/SK5Ed5_Shell_net.tex.xbx,4,a73bb988,128,128,1
levels/SK5Ed5_Shell/SK5Ed5_Shell_net.tex.xbx,5,ec586d70,64,32,5
levels/SK5Ed5_Shell/SK5Ed5_Shell_net.tex.xbx,6,176f311c,128,128,1
levels/SK5Ed5_Shell/SK5Ed5_Shell_net.tex.xbx,7,a4e09ae0,64,64,5
levels/SK5Ed5_Shell/SK5Ed5_Shell_net.tex.xbx,8,10b06a68,32,32,5
levels/SK5Ed5_Shell/SK5Ed5_Shell_net.tex.xbx,9,cea8e36c,64,64,5
levels/SK5Ed5_Shell/SK5Ed5_Shell_net.tex.xbx,10,2f91333c,64,64,5
levels/SK5Ed5_Shell/SK5Ed5_Shell_net.tex.xbx,11,e0d41c5c,128,128,5
levels/SK5Ed5_Shell/SK5Ed5_Shell_net.tex.xbx,12,e79f0890,32,32,5
levels/SK5Ed5_Shell/SK5Ed5_Shell_net.tex.xbx,13,3910b418,64,64,1
levels/SK5Ed5_Shell/SK5Ed5_Shell_net.tex.xbx,14,6f4cba34,32,128,1
levels/SK5Ed5_Shell/SK5Ed5_Shell_net.tex.xbx,15,32c9e544,128,128,5
levels/SK5Ed5_Shell/SK5Ed5_Shell_net.tex.xbx,16,e3b33c34,128,64,5
levels/SK5Ed5_Shell/SK5Ed5_Shell_net.tex.xbx,17,7116e5f4,128,64,5
levels/SK5Ed5_Shell/SK5Ed5_Shell_net.tex.xbx,18,39ba634c,128,128,5
levels/SK5Ed5_Shell/SK5Ed5_Shell_net.tex.xbx,19,ff1773a4,128,64,5
levels/ST/ST.tex.xbx,0,18837980,64,128,1
levels/ST/ST.tex.xbx,1,3ea0a0a4,32,8,1
levels/ST/ST.tex.xbx,2,d5b7e980,128,128,5
levels/ST/ST.tex.xbx,3,012a4fc4,128,128,5
levels/ST/ST.tex.xbx,4,5d16be9c,64,64,5
levels/ST/ST.tex.xbx,5,aa3ec39c,64,64,5
levels/ST/ST.tex.xbx,6,c6014ec4,64,64,5
levels/ST/ST.tex.xbx,7,3473fa80,64,64,5
levels/ST/ST.tex.xbx,8,d7aa5428,16,16,2
levels/ST/ST.tex.xbx,9,4634f57c,16,16,5
levels/ST/ST.tex.xbx,10,498b7c24,16,16,5
levels/ST/ST.tex.xbx,11,d2a5d404,16,16,5
levels/ST/ST.tex.xbx,12,961a4a5c,16,16,5
levels/ST/ST.tex.xbx,13,390e3204,16,16,5
levels/ST/ST.tex.xbx,14,5530c05c,16,16,5
levels/ST/ST.tex.xbx,15,c9a30648,16,16,5
levels/ST/ST.tex.xbx,16,cd9b9740,16,16,5
levels/ST/ST.tex.xbx,17,2cb88640,16,16,5
levels/ST/ST.tex.xbx,18,7086fb48,16,16,5
levels/ST/ST.tex.xbx,19,a1f9bb5c,16,16,5
levels/ST/ST.tex.xbx,20,fe463304,16,16,5
levels/ST/ST.tex.xbx,21,0b48cdd8,16,16,5
levels/ST/ST.tex.xbx,22,67f83fb0,16,16,5
levels/ST/ST.tex.xbx,23,890f2bd8,16,16,5
levels/ST/ST.tex.xbx,24,0cb0b5b0,16,16,5
levels/ST/ST.tex.xbx,25,f83e03f4,16,16,5
levels/ST/ST.tex.xbx,26,94818a6c,16,16,5
levels/ST/ST.tex.xbx,27,e1588f6c,16,16,5
levels/ST/ST.tex.xbx,28,bd6602f4,16,16,5
levels/ST/ST.tex.xbx,29,6bf3c6b0,16,16,5
levels/ST/ST.tex.xbx,30,2fcb36d8,16,16,5
levels/ST/ST.tex.xbx,31,ac8882b8,16,16,5
levels/ST/ST.tex.xbx,32,b0360f90,16,16,5
levels/ST/ST.tex.xbx,33,5ec284b8,16,16,5
levels/ST/ST.tex.xbx,34,3b7df990,16,16,5
levels/ST/ST.tex.xbx,35,eff34d14,16,16,5
levels/ST/ST.tex.xbx,36,b34cc48c,16,16,5
levels/ST/ST.tex.xbx,37,06d8bf8c,16,16,5
levels/ST/ST.tex.xbx,38,8a684e14,16,16,5
levels/ST/ST.tex.xbx,39,7bdde890,16,16,5
levels/ST/ST.tex.xbx,40,2284bbb8,64,32,1
levels/ST/ST.tex.xbx,41,bc58419c,128,32,1
levels/ST/ST.tex.xbx,42,25444b08,128,128,1
levels/ST/ST.tex.xbx,43,615cedd4,64,64,1
levels/ST/ST.tex.xbx,44,bc1d18d8,64,64,5
levels/ST/ST.tex.xbx,45,96cf47f0,128,128,1
levels/ST/ST.tex.xbx,46,9fc93060,128,128,5
levels/ST/ST.tex.xbx,47,5a57b5c4,128,128,5
levels/ST/ST.tex.xbx,48,b85a7d58,128,64,5
levels/ST/ST.tex.xbx,49,b5adffbc,128,64,5
levels/ST/ST.tex.xbx,50,99c4a284,64,128,5
levels/ST/ST.tex.xbx,51,8539e3c0,16,16,1
levels/ST/ST.tex.xbx,52,d40c8df0,64,64,1
levels/ST/ST.tex.xbx,53,571a7980,32,32,1
levels/ST/ST.tex.xbx,54,85d478a8,64,128,5
levels/ST/ST.tex.xbx,55,804c90c0,64,32,5
levels/ST/ST.tex.xbx,56,662b96e4,128,64,5
levels/ST/ST.tex.xbx,57,b93d78d0,128,128,1
levels/ST/ST.tex.xbx,58,bfd23680,32,32,5
levels/ST/ST.tex.xbx,59,2c91c378,128,128,5
levels/ST/ST.tex.xbx,60,911f8f48,128,128,1
levels/ST/ST.tex.xbx,61,1c5c7f7c,128,32,1
levels/ST/ST.tex.xbx,62,04c75b24,128,128,1
levels/ST/ST.tex.xbx,63,f9c280b0,64,64,1
levels/ST/ST.tex.xbx,64,df349274,128,64,5
levels/ST/ST.tex.xbx,65,0de9ba28,128,32,1
levels/ST/ST.tex.xbx,66,e6358f68,128,32,5
levels/ST/ST.tex.xbx,67,0db44048,128,128,5
levels/ST/ST.tex.xbx,68,55e3f60c,64,128,1
levels/ST/ST.tex.xbx,69,8daa54e4,32,32,5
levels/ST/ST.tex.xbx,70,3c505c94,64,64,5
levels/ST/ST.tex.xbx,71,43150724,64,64,5
levels/ST/ST.tex.xbx,72,51945650,32,16,1
levels/ST/ST.tex.xbx,73,6c3f5660,16,16,1
levels/ST/ST.tex.xbx,74,bc66d278,32,32,1
levels/ST/ST.tex.xbx,75,a0cf6a30,32,32,5
levels/ST/ST.tex.xbx,76,93b8ad14,32,32,1
levels/ST/ST.tex.xbx,77,d3aea290,64,64,1
levels/ST/ST.tex.xbx,78,3438e0d4,32,32,5
levels/ST/ST.tex.xbx,79,29b09434,64,64,5
levels/ST/ST.tex.xbx,80,b7173fb4,32,32,5
levels/ST/ST.tex.xbx,81,b928d73c,128,128,5
levels/ST/ST.tex.xbx,82,f63907b0,128,128,1
levels/ST/ST.tex.xbx,83,865bed18,32,32,2
levels/ST/ST.tex.xbx,84,35760ed0,64,128,5
levels/ST/ST.tex.xbx,85,b3803c18,128,16,1
levels/ST/ST.tex.xbx,86,57f0389c,64,64,1
levels/ST/ST.tex.xbx,87,0cdfe714,64,64,5
levels/ST/ST.tex.xbx,88,c3cd7704,64,64,5
levels/ST/ST.tex.xbx,89,1539dd5c,128,128,5
levels/ST/ST.tex.xbx,90,d4916198,64,64,1
levels/ST/ST.tex.xbx,91,618d5ef4,128,32,1
levels/ST/ST.tex.xbx,92,da34e61c,128,128,1
levels/ST/ST.tex.xbx,93,aa34b748,128,128,5
levels/ST/ST.tex.xbx,94,29a521e8,64,64,5
levels/ST/ST.tex.xbx,95,c7282cb4,32,32,1
levels/ST/ST.tex.xbx,96,19a7d0ec,32,8,1
levels/ST/ST.tex.xbx,97,5e4424e4,32,32,1
levels/ST/ST.tex.xbx,98,91889d44,128,128,1
levels/ST/ST.tex.xbx,99,be6ff6e0,16,16,1
levels/ST/ST.tex.xbx,100,38cbde44,128,128,1
levels/ST/ST.tex.xbx,101,ce36c7a8,128,64,5
levels/ST/ST.tex.xbx,102,e2328400,64,64,5
levels/ST/ST.tex.xbx,103,a3881930,64,64,5
levels/ST/ST.tex.xbx,104,16cddbe4,128,64,5
levels/ST/ST.tex.xbx,105,14ea3f1c,128,128,1
levels/ST/ST.tex.xbx,106,559dd9f0,128,128,5
levels/ST/ST.tex.xbx,107,50875504,128,32,1
levels/ST/ST.tex.xbx,108,d03a1b20,64,64,1
levels/ST/ST.tex.xbx,109,49685b3c,32,128,1
levels/ST/ST.tex.xbx,110,dfd04b90,128,128,5
levels/ST/ST.tex.xbx,111,fa024044,128,128,5
levels/ST/ST.tex.xbx,112,063cc794,128,64,1
levels/ST/ST.tex.xbx,113,411db694,64,64,5
levels/ST/ST.tex.xbx,114,a32256cc,64,16,1
levels/ST/ST.tex.xbx,115,ac33286c,16,16,1
levels/ST/ST.tex.xbx,116,7049f5b0,16,16,1
levels/ST/ST.tex.xbx,117,f3f76bd8,32,32,1
levels/ST/ST.tex.xbx,118,e284ca6c,16,32,5
levels/ST/ST.tex.xbx,119,7c914294,128,128,1
levels/ST/ST.tex.xbx,120,362a09ac,128,128,1
levels/ST/ST.tex.xbx,121,45872e58,128,32,5
levels/ST/ST.tex.xbx,122,1b79cf9c,64,64,1
levels/ST/ST.tex.xbx,123,a3390680,128,128,1
levels/ST/ST.tex.xbx,124,b61c7fc8,64,32,5
levels/ST/ST.tex.xbx,125,20a622d4,32,16,1
levels/ST/ST.tex.xbx,126,b0dda8c4,128,128,5
levels/ST/ST.tex.xbx,127,efce1970,128,64,5
levels/ST/ST.tex.xbx,128,fdb383a0,64,64,1
levels/ST/ST.tex.xbx,129,7ebc43f4,16,16,5
levels/ST/ST.tex.xbx,130,3eadb460,32,32,5
levels/ST/ST.tex.xbx,131,25c997b8,32,32,1
levels/ST/ST.tex.xbx,132,ecb61d58,64,64,5
levels/ST/ST.tex.xbx,133,a908a430,32,64,5
levels/ST/ST.tex.xbx,134,747b5274,32,64,5
levels/ST/ST.tex.xbx,135,efee2420,64,128,1
levels/ST/ST.tex.xbx,136,0a8b7124,32,64,1
levels/ST/ST.tex.xbx,137,8e35fc7c,16,16,1
levels/ST/ST.tex.xbx,138,82c03d28,32,32,5
levels/ST/ST.tex.xbx,139,1f00c520,64,32,5
levels/ST/ST.tex.xbx,140,f88e9e20,128,64,5
levels/ST/ST.tex.xbx,141,74a03aec,64,64,5
levels/ST/ST.tex.xbx,142,f89ec374,32,128,5
levels/ST/ST.tex.xbx,143,da952620,128,64,1
levels/ST/ST.tex.xbx,144,4312a344,128,128,1
levels/ST/ST.tex.xbx,145,51ce6d98,128,128,1
levels/ST/ST.tex.xbx,146,1b04c274,64,64,5
levels/ST/ST.tex.xbx,147,b3035ddc,64,64,5
levels/ST/ST.tex.xbx,148,aa3e1800,64,64,1
levels/ST/ST.tex.xbx,149,01297488,128,128,1
levels/ST/ST.tex.xbx,150,6b8a0f68,16,16,5
levels/ST/ST.tex.xbx,151,e1a8da64,64,64,5
levels/ST/ST.tex.xbx,152,bd17673c,64,32,5
levels/ST/ST.tex.xbx,153,30369ee0,32,32,5
levels/ST/ST.tex.xbx,154,a7b80c1c,128,64,5
levels/ST/ST.tex.xbx,155,494f1678,32,32,1
levels/ST/ST.tex.xbx,156,01a00d38,128,128,5
levels/ST/ST.tex.xbx,157,ed2db90c,32,32,1
levels/ST/ST.tex.xbx,158,9760a830,64,64,5
levels/ST/ST.tex.xbx,159,fb5f3958,16,16,1
levels/ST/ST.tex.xbx,160,de43b930,32,32,5
levels/ST/ST.tex.xbx,161,44f0a7d0,32,32,1
levels/ST/ST.tex.xbx,162,1c9f14a4,32,128,1
levels/ST/ST.tex.xbx,163,0e1174a0,64,64,5
levels/ST/ST.tex.xbx,164,63a239f4,128,16,1
levels/ST/ST.tex.xbx,165,3f9da86c,32,16,1
levels/ST/ST.tex.xbx,166,bdc16fcc,32,16,1
levels/ST/ST.tex.xbx,167,bb50c148,64,64,5
levels/ST/ST.tex.xbx,168,7c98aacc,64,64,5
levels/ST/ST.tex.xbx,169,a32cbfe0,128,128,5
levels/ST/ST.tex.xbx,170,e54a6e40,128,64,5
levels/ST/ST.tex.xbx,171,dddd7d7c,64,16,1
levels/ST/ST.tex.xbx,172,9e1bf1c8,128,128,5
levels/ST/ST.tex.xbx,173,7469c2f4,128,128,1
levels/ST/ST.tex.xbx,174,45912498,64,64,5
levels/ST/ST.tex.xbx,175,45eb67ac,128,64,5
levels/ST/ST.tex.xbx,176,5d15e900,128,128,1
levels/ST/ST.tex.xbx,177,c05a6864,64,64,1
levels/ST/ST.tex.xbx,178,046fe150,32,32,1
levels/ST/ST.tex.xbx,179,c9dbb4f8,128,128,5
levels/ST/ST.tex.xbx,180,b82a855c,128,64,5
levels/ST/ST.tex.xbx,181,62909278,64,64,5
levels/ST/ST.tex.xbx,182,5e80f618,128,64,1
levels/ST/ST.tex.xbx,183,0a4b0b1c,128,128,5
levels/ST/ST.tex.xbx,184,6d5ca5f0,32,128,5
levels/ST/ST.tex.xbx,185,d5a762b0,64,128,1
levels/ST/ST.tex.xbx,186,181d21d0,32,32,5
levels/ST/ST.tex.xbx,187,4d9d8348,32,32,5
levels/ST/ST.tex.xbx,188,3993e528,64,64,5
levels/ST/ST.tex.xbx,189,f3b3b3ec,32,32,5
levels/ST/ST.tex.xbx,190,fed03928,16,32,1
levels/ST/ST.tex.xbx,191,c7715038,128,128,5
levels/ST/ST.tex.xbx,192,3a73efb0,128,64,1
levels/ST/ST.tex.xbx,193,5cca6788,128,128,1
levels/ST/ST.tex.xbx,194,3ca5d320,64,32,5
levels/ST/ST.tex.xbx,195,a004bb00,64,16,1
levels/ST/ST.tex.xbx,196,052f3848,64,64,1
levels/ST/ST.tex.xbx,197,31231ac0,64,128,5
levels/ST/ST.tex.xbx,198,5f99fb68,16,64,1
levels/ST/ST.tex.xbx,199,b3af09e0,16,16,1
levels/ST/ST.tex.xbx,200,cca4c028,64,16,5
levels/ST/ST.tex.xbx,201,43a772e0,64,16,1
levels/ST/ST.tex.xbx,202,45b86484,128,64,5
levels/ST/ST.tex.xbx,203,6fc23864,64,32,1
levels/ST/ST.tex.xbx,204,8b929184,32,16,5
levels/ST/ST.tex.xbx,205,42abb620,32,32,1
levels/ST/ST.tex.xbx,206,f8aea20c,128,128,5
levels/ST/ST.tex.xbx,207,b9e657f8,128,128,1
levels/ST/ST.tex.xbx,208,dbcb3eb8,128,128,5
levels/ST/ST.tex.xbx,209,5ba9ff5c,128,128,5
levels/ST/ST.tex.xbx,210,e58b2a40,128,128,5
levels/ST/ST.tex.xbx,211,2a0ce0ac,128,64,5
levels/ST/ST.tex.xbx,212,b6a8140c,32,32,1
levels/ST/ST.tex.xbx,213,87ce1014,32,128,5
levels/ST/ST.tex.xbx,214,948bc7f4,32,16,5
levels/ST/ST.tex.xbx,215,f833366c,32,32,5
levels/ST/ST.tex.xbx,216,636d3254,32,32,5
levels/ST/ST.tex.xbx,217,bb188d94,32,64,1
levels/ST/ST.tex.xbx,218,26a2ec10,64,64,5
levels/ST/ST.tex.xbx,219,0378b064,64,16,5
levels/ST/ST.tex.xbx,220,38ffd5a4,128,32,5
levels/ST/ST.tex.xbx,221,10b355a8,128,128,1
levels/ST/ST.tex.xbx,222,30a83244,64,64,5
levels/ST/ST.tex.xbx,223,caad9840,64,64,5
levels/ST/ST.tex.xbx,224,71aeb1a0,128,64,5
levels/ST/ST.tex.xbx,225,94d1f438,32,32,1
levels/ST/ST.tex.xbx,226,d0146e34,64,128,5
levels/ST/ST.tex.xbx,227,edbd4ffc,32,32,1
levels/ST/ST.tex.xbx,228,7302aab0,128,32,5
levels/ST/ST.tex.xbx,229,a8f786b0,128,128,5
levels/ST/ST.tex.xbx,230,8bfd13e8,128,64,5
levels/ST/ST.tex.xbx,231,c135db90,128,32,1
levels/ST/ST.tex.xbx,232,15ab9b14,128,32,1
levels/ST/ST.tex.xbx,233,58885918,64,64,1
levels/ST/ST.tex.xbx,234,c600a988,128,128,1
levels/ST/ST.tex.xbx,235,1ee61f5c,128,128,1
levels/ST/ST.tex.xbx,236,b5c65ff4,128,128,1
levels/ST/ST.tex.xbx,237,22144504,128,128,5
levels/ST/ST.tex.xbx,238,9b397948,32,32,5
levels/ST/ST.tex.xbx,239,f3982344,64,64,2
levels/ST/ST.tex.xbx,240,3eafbcb4,32,64,5
levels/ST/ST.tex.xbx,241,6dfa2bd0,64,64,1
levels/ST/ST.tex.xbx,242,8ee87188,64,128,1
levels/ST/ST.tex.xbx,243,835c1bac,128,64,1
levels/ST/ST.tex.xbx,244,fe33d36c,64,64,1
levels/ST/ST.tex.xbx,245,f8d7a5d0,64,16,1
levels/ST/ST.tex.xbx,246,8cb45500,32,32,5
levels/ST/ST.tex.xbx,247,937d3c54,64,64,5
levels/ST/ST.tex.xbx,248,9131aa40,128,64,5
levels/ST/ST.tex.xbx,249,66bca44c,64,128,5
levels/ST/ST.tex.xbx,250,2aa58188,128,128,5
levels/ST/ST.tex.xbx,251,c32d3fc8,16,16,1
levels/ST/ST.tex.xbx,252,e8163f5c,64,64,5
levels/ST/ST.tex.xbx,253,1b9fcc14,32,128,1
levels/ST/ST.tex.xbx,254,9817d768,32,32,5
levels/ST/ST.tex.xbx,255,d7d53d54,32,32,5
levels/ST/ST.tex.xbx,256,b7377248,128,32,1
levels/ST/ST.tex.xbx,257,25fc66b4,128,64,5
levels/ST/ST.tex.xbx,258,37219c68,128,64,5
levels/ST/ST.tex.xbx,259,d4721ff0,128,64,5
levels/ST/ST.tex.xbx,260,32c4d460,64,64,5
levels/ST/ST.tex.xbx,261,74e74aec,32,32,5
levels/ST/ST.tex.xbx,262,f858d374,64,64,5
levels/ST/ST.tex.xbx,263,e8db6f10,64,128,5
levels/ST/ST.tex.xbx,264,e8778600,64,128,5
levels/ST/ST.tex.xbx,265,db0662e8,128,64,5
levels/ST/ST.tex.xbx,266,9a9da3e8,128,128,5
levels/ST/ST.tex.xbx,267,84968000,128,32,5
levels/ST/ST.tex.xbx,268,fe212a60,128,128,5
levels/ST/ST.tex.xbx,269,a0b89164,64,64,5
levels/ST/ST.tex.xbx,270,8fce56b8,16,16,1
levels/ST/ST.tex.xbx,271,a1cdc9e4,128,128,5
levels/ST/ST.tex.xbx,272,4d437c60,128,128,5
levels/ST/ST.tex.xbx,273,10fcf5e8,128,64,5
levels/ST/ST.tex.xbx,274,bf66d1f8,128,64,1
levels/ST/ST.tex.xbx,275,7b24d2bc,128,32,1
levels/ST/ST.tex.xbx,276,ce23d810,128,64,1
levels/ST/ST.tex.xbx,277,fb8ea004,128,32,1
levels/ST/ST.tex.xbx,278,e3da6050,32,64,1
levels/ST/ST.tex.xbx,279,96519b50,128,32,1
levels/ST/ST.tex.xbx,280,44e42400,128,128,1
levels/ST/ST.tex.xbx,281,a3b28a7c,128,64,1
levels/ST/ST.tex.xbx,282,d36249b4,64,64,1
levels/ST/ST.tex.xbx,283,1e4cc78c,128,128,5
levels/ST/ST.tex.xbx,284,ead292d4,64,64,5
levels/ST/ST.tex.xbx,285,a33e08f0,32,64,5
levels/ST/ST.tex.xbx,286,6eb36db4,32,32,5
levels/ST/ST.tex.xbx,287,06da8914,128,128,5
levels/ST/ST.tex.xbx,288,6366188c,64,128,5
levels/ST/ST.tex.xbx,289,ec7a44a8,32,32,1
levels/ST/ST.tex.xbx,290,8470ab14,64,64,5
levels/ST/ST.tex.xbx,291,db64ed90,32,32,5
levels/ST/ST.tex.xbx,292,084e228c,32,32,1
levels/ST/ST.tex.xbx,293,97db60b8,16,16,1
levels/ST/ST.tex.xbx,294,325025b8,32,128,1
levels/ST/ST.tex.xbx,295,f233d6d0,64,64,5
levels/ST/ST.tex.xbx,296,14deebd4,128,128,5
levels/ST/ST.tex.xbx,297,d4c5382c,128,128,1
levels/ST/ST.tex.xbx,298,494f7e18,128,64,1
levels/ST/ST.tex.xbx,299,f24ef0ac,64,64,2
levels/ST/ST.tex.xbx,300,0cec9514,32,32,1
levels/ST/ST.tex.xbx,301,f5541d38,64,64,2
levels/ST/ST.tex.xbx,302,725226cc,128,64,1
levels/ST/ST.tex.xbx,303,c11d67b8,64,64,5
levels/ST/ST.tex.xbx,304,2457c518,128,128,1
levels/ST/ST.tex.xbx,305,8758090c,128,128,5
levels/ST/ST.tex.xbx,306,b187f6cc,64,64,1
levels/ST/ST.tex.xbx,307,b58b5c44,128,128,1
levels/ST/ST.tex.xbx,308,4317fea4,64,64,5
levels/ST/ST.tex.xbx,309,918a3aa0,64,64,5
levels/ST/ST.tex.xbx,310,42948bc4,64,128,5
levels/ST/ST.tex.xbx,311,3473501c,128,64,1
levels/ST/ST.tex.xbx,312,9e489d0c,128,128,5
levels/ST/ST.tex.xbx,313,4fd2d938,128,128,5
levels/ST/ST.tex.xbx,314,146d6910,128,128,5
levels/ST/ST.tex.xbx,315,c204b744,128,64,5
levels/ST/ST.tex.xbx,316,727516fc,128,128,1
levels/ST/ST.tex.xbx,317,b71f3d80,64,128,5
levels/ST/ST.tex.xbx,318,69965ec8,128,128,5
levels/ST/ST.tex.xbx,319,0aef4da4,128,32,5
levels/ST/ST.tex.xbx,320,83fd4058,32,32,5
levels/ST/ST.tex.xbx,321,dcd1d7b4,128,64,5
levels/ST/ST.tex.xbx,322,bce798bc,64,32,5
levels/ST/ST.tex.xbx,323,8b9c9954,128,128,5
levels/ST/ST.tex.xbx,324,7a11ed50,128,128,5
levels/ST/ST.tex.xbx,325,3ed9fa78,64,32,5
levels/ST/ST.tex.xbx,326,ab6e5de0,64,64,1
levels/ST/ST.tex.xbx,327,785ed3cc,32,32,5
levels/ST/ST.tex.xbx,328,0903880c,64,64,5
levels/ST/ST.tex.xbx,329,7330f890,64,64,1
levels/ST/ST.tex.xbx,330,f075e108,128,128,5
levels/ST/ST.tex.xbx,331,04ae275c,128,128,5
levels/ST/ST.tex.xbx,332,c5b5c128,128,128,1
levels/ST/ST.tex.xbx,333,496d7aac,128,128,5
levels/ST/ST.tex.xbx,334,a60e2f44,128,64,1
levels/ST/ST.tex.xbx,335,8e04e984,16,16,2
levels/ST/ST.tex.xbx,336,2e077258,64,64,1
levels/ST/ST.tex.xbx,337,9d254350,64,64,5
levels/ST/ST.tex.xbx,338,689a8354,32,32,1
levels/ST/ST.tex.xbx,339,f899baf8,64,64,5
levels/ST/ST.tex.xbx,340,e8f21d50,64,64,1
levels/ST/ST.tex.xbx,341,8be1c948,128,64,5
levels/ST/ST.tex.xbx,342,6e59e0e8,128,32,5
levels/ST/ST.tex.xbx,343,7828f53c,128,128,1
levels/ST/ST.tex.xbx,344,78fafff0,64,32,5
levels/ST/ST.tex.xbx,345,e9f15aac,32,32,1
levels/ST/ST.tex.xbx,346,e390bd34,64,128,5
levels/ST/ST.tex.xbx,347,840a41f8,64,64,5
levels/ST/ST.tex.xbx,348,4a667bfc,32,32,1
levels/ST/ST.tex.xbx,349,3f8e44f8,32,32,5
levels/ST/ST.tex.xbx,350,529ff17c,16,64,1
levels/ST/ST.tex.xbx,351,b56ed390,32,32,1
levels/ST/ST.tex.xbx,352,7a9ed2a8,64,64,5
levels/ST/ST.tex.xbx,353,14d020e0,64,64,5
levels/ST/ST.tex.xbx,354,38d641c4,128,128,1
levels/ST/ST.tex.xbx,355,c7eb6b6c,64,64,5
levels/ST/ST.tex.xbx,356,60165580,128,128,1
levels/ST/ST.tex.xbx,357,a6c4b8e8,64,64,5
levels/ST/ST.tex.xbx,358,1621e13c,32,32,5
levels/ST/ST.tex.xbx,359,bcece774,128,64,5
levels/ST/ST.tex.xbx,360,6e779f30,64,32,5
levels/ST/ST.tex.xbx,361,c64b4bdc,64,32,5
levels/ST/ST.tex.xbx,362,cfc281b8,128,128,5
levels/ST/ST.tex.xbx,363,6682baac,64,128,1
levels/ST/ST.tex.xbx,364,75a09150,32,32,5
levels/ST/ST.tex.xbx,365,0caf7dac,16,32,5
levels/ST/ST.tex.xbx,366,ab12fcc4,32,32,5
levels/ST/ST.tex.xbx,367,1b96184c,32,32,1
levels/ST/ST.tex.xbx,368,c70870f8,64,32,1
levels/ST/ST.tex.xbx,369,b3a15590,128,32,1
levels/ST/ST.tex.xbx,370,e9027b20,64,64,1
levels/ST/ST.tex.xbx,371,348fbb24,64,64,1
levels/ST/ST.tex.xbx,372,f22ea108,64,64,2
levels/ST/ST.tex.xbx,373,5831467c,64,64,1
levels/ST/ST.tex.xbx,374,1d74577c,32,32,5
levels/ST/ST.tex.xbx,375,c688ef94,128,128,5
levels/ST/ST.tex.xbx,376,f871a500,128,64,5
levels/ST/ST.tex.xbx,377,d3ef3cac,128,64,1
levels/ST/ST.tex.xbx,378,24b0c480,64,64,1
levels/ST/ST.tex.xbx,379,862ca6b8,128,64,5
levels/ST/ST.tex.xbx,380,71e8d6e8,128,64,5
levels/ST/ST.tex.xbx,381,c300f76c,64,64,5
levels/ST/ST.tex.xbx,382,4e8b3ed8,128,128,5
levels/ST/ST.tex.xbx,383,f21bb7e0,32,32,1
levels/ST/ST.tex.xbx,384,208e1164,32,32,5
levels/ST/ST.tex.xbx,385,d6861bf0,64,64,1
levels/ST/ST.tex.xbx,386,457bfc6c,32,32,5
levels/ST/ST.tex.xbx,387,6f155a88,64,64,1
levels/ST/ST.tex.xbx,388,736ac898,64,64,1
levels/ST/ST.tex.xbx,389,d1e1704c,64,64,1
levels/ST/ST.tex.xbx,390,26c63354,128,128,1
levels/ST/ST.tex.xbx,391,32617f64,128,64,5
levels/ST/ST.tex.xbx,392,95837fc0,32,32,5
levels/ST/ST.tex.xbx,393,4c9a9b5c,64,64,1
levels/ST/ST.tex.xbx,394,754c2860,64,64,5
levels/ST/ST.tex.xbx,395,d49b6640,64,64,5
levels/ST/ST.tex.xbx,396,21103740,128,64,5
levels/ST/ST.tex.xbx,397,acd1354c,128,64,5
levels/ST/ST.tex.xbx,398,585e93f8,128,64,5
levels/ST/ST.tex.xbx,399,f7cbb6d4,64,64,5
levels/ST/ST.tex.xbx,400,b1da6390,64,16,2
levels/ST/ST.tex.xbx,401,dda3d074,32,32,1
levels/ST/ST.tex.xbx,402,826b954c,32,32,5
levels/ST/ST.tex.xbx,403,8a118c04,32,32,5
levels/ST/ST.tex.xbx,404,42abcaf4,64,64,5
levels/ST/ST.tex.xbx,405,0f97b090,32,32,5
levels/ST/ST.tex.xbx,406,18b356f4,128,128,5
levels/ST/ST.tex.xbx,407,545ea970,64,64,5
levels/ST/ST.tex.xbx,408,21358e00,128,128,5
levels/ST/ST.tex.xbx,409,e776307c,64,32,5
levels/ST/ST.tex.xbx,410,21b98370,128,64,1
levels/ST/ST.tex.xbx,411,b3473634,64,32,1
levels/ST/ST.tex.xbx,412,711edb9c,64,64,1
levels/ST/ST.tex.xbx,413,7a84c048,32,32,1
levels/ST/ST.tex.xbx,414,3ba37d78,128,128,5
levels/ST/ST.tex.xbx,415,74fbdf9c,128,128,5
levels/ST/ST.tex.xbx,416,4448cd44,32,16,1
levels/ST/ST.tex.xbx,417,6e256f24,128,128,5
levels/ST/ST.tex.xbx,418,ec079e5c,128,128,5
levels/ST/ST.tex.xbx,419,1859d018,128,128,5
levels/ST/ST.tex.xbx,420,a087c8ac,128,64,5
levels/ST/ST.tex.xbx,421,9adcff8c,32,32,5
levels/ST/ST.tex.xbx,422,2635025c,64,64,1
levels/ST/ST.tex.xbx,423,babfb448,64,64,1
levels/ST/ST.tex.xbx,424,26d8fb44,32,32,1
levels/ST/ST.tex.xbx,425,f8633b00,32,32,1
levels/ST/ST.tex.xbx,426,83499104,64,64,5
levels/ST/ST.tex.xbx,427,e723b2d0,128,128,1
levels/ST/ST.tex.xbx,428,0deac548,16,128,5
levels/ST/ST.tex.xbx,429,df75015c,16,64,5
levels/ST/ST.tex.xbx,430,1cd3ce40,8,64,5
levels/ST/ST.tex.xbx,431,d5b8268c,128,16,5
levels/ST/ST.tex.xbx,432,39e10664,64,16,5
levels/ST/ST.tex.xbx,433,6c645760,64,64,1
levels/ST/ST.tex.xbx,434,806c4348,32,32,1
levels/ST/ST.tex.xbx,435,12e9cf50,64,64,5
levels/ST/ST.tex.xbx,436,ef8cb9f4,32,32,5
levels/ST/ST.tex.xbx,437,ec920e14,32,32,5
levels/ST/ST.tex.xbx,438,2a133610,32,32,1
levels/ST/ST.tex.xbx,439,aefa865c,128,128,5
levels/ST/ST.tex.xbx,440,d7704c40,128,16,1
levels/ST/ST.tex.xbx,441,1e3b5140,64,32,5
levels/ST/ST.tex.xbx,442,a81c3ab0,128,128,5
levels/ST/ST.tex.xbx,443,ddd991ec,32,16,5
levels/ST/ST.tex.xbx,444,2966f758,32,16,5
levels/ST/ST.tex.xbx,445,64d86630,32,16,5
levels/ST/ST.tex.xbx,446,127b9b30,32,16,5
levels/ST/ST.tex.xbx,447,8dc32658,32,16,5
levels/ST/ST.tex.xbx,448,9c50d2ec,32,16,5
levels/ST/ST.tex.xbx,449,00ee5b74,32,16,5
levels/ST/ST.tex.xbx,450,d1fa68ec,32,16,5
levels/ST/ST.tex.xbx,451,8dc5d974,32,16,5
levels/ST/ST.tex.xbx,452,8e6b9094,32,16,5
levels/ST/ST.tex.xbx,453,0a551d0c,32,16,5
levels/ST/ST.tex.xbx,454,1eca5938,32,16,5
levels/ST/ST.tex.xbx,455,82f5e910,32,16,5
levels/ST/ST.tex.xbx,456,b9662074,32,16,2
levels/ST/ST.tex.xbx,457,4cb90dbc,128,128,5
levels/ST/ST.tex.xbx,458,01976a04,64,64,1
levels/ST/ST.tex.xbx,459,fd71f5a0,64,32,5
levels/ST/ST.tex.xbx,460,b40e7b04,64,128,1
levels/ST/ST.tex.xbx,461,d8b2035c,64,64,5
levels/ST/ST.tex.xbx,462,6880ce40,64,64,1
levels/ST/ST.tex.xbx,463,9d29f85c,16,32,1
levels/ST/ST.tex.xbx,464,1024cf40,64,16,5
levels/ST/ST.tex.xbx,465,3b1fb7e4,32,32,5
levels/ST/ST.tex.xbx,466,6b9837dc,8,8,2
levels/ST/ST.tex.xbx,467,553390a0,8,16,5
levels/ST/ST.tex.xbx,468,d9170898,64,32,5
levels/ST/ST.tex.xbx,469,31408770,128,128,1
levels/ST/ST.tex.xbx,470,c175502c,128,64,5
levels/ST/ST.tex.xbx,471,38288420,128,128,5
levels/ST/ST.tex.xbx,472,a5cac234,128,128,1
levels/ST/ST.tex.xbx,473,6ada0fac,64,128,1
levels/ST/ST.tex.xbx,474,bf64a998,64,64,5
levels/ST/ST.tex.xbx,475,c1e081bc,64,128,1
levels/ST/ST.tex.xbx,476,2d5347e8,32,64,5
levels/ST/ST.tex.xbx,477,30ebb660,64,64,5
levels/ST/ST.tex.xbx,478,1ff2ad54,128,128,5
levels/ST/ST.tex.xbx,479,1c8f69d8,64,64,5
levels/ST/ST.tex.xbx,480,7e9b2518,64,64,5
levels/ST/ST.tex.xbx,481,dc1a98d8,64,64,5
levels/ST/ST.tex.xbx,482,30cfcc40,128,64,5
levels/ST/ST.tex.xbx,483,6cab647c,128,128,5
levels/ST/ST.tex.xbx,484,14b39838,32,128,1
levels/ST/ST.tex.xbx,485,5a00bf04,64,64,5
levels/ST/ST.tex.xbx,486,3ebf2f5c,32,64,5
levels/ST/ST.tex.xbx,487,6b045360,64,128,1
levels/ST/ST.tex.xbx,488,0f870994,32,16,2
levels/ST/ST.tex.xbx,489,8b91c278,32,64,5
levels/ST/ST.tex.xbx,490,9dc62490,64,32,1
levels/ST/ST.tex.xbx,491,8c53d214,128,128,5
levels/ST/ST.tex.xbx,492,10eb5b8c,64,16,1
levels/ST/ST.tex.xbx,493,b0d1eb9c,128,128,1
levels/ST/ST.tex.xbx,494,d0aee6d8,128,128,5
levels/ST/ST.tex.xbx,495,9d3fe6b0,32,32,1
levels/ST/ST.tex.xbx,496,ba74b478,128,64,5
levels/ST/ST.tex.xbx,497,f393a5b0,128,16,5
levels/ST/ST.tex.xbx,498,951076b0,64,64,1
levels/ST/ST.tex.xbx,499,a5c71880,32,32,5
levels/ST/ST.tex.xbx,500,12f71a48,32,16,5
levels/ST/ST.tex.xbx,501,0f533c28,128,32,1
levels/ST/ST.tex.xbx,502,beb8dc48,64,64,5
levels/ST/ST.tex.xbx,503,445399b0,128,128,1
levels/ST/ST.tex.xbx,504,7af8dc70,128,64,1
levels/ST/ST.tex.xbx,505,62adbcf8,64,128,5
levels/ST/ST.tex.xbx,506,aa6bb314,128,64,5
levels/ST/ST.tex.xbx,507,7e43441c,128,64,5
levels/ST/ST.tex.xbx,508,a22054a4,64,64,1
levels/ST/ST.tex.xbx,509,372869fc,64,64,1
levels/ST/ST.tex.xbx,510,97387c4c,64,64,1
levels/ST/ST.tex.xbx,511,8c5f74ac,128,64,5
levels/ST/ST.tex.xbx,512,53d4c8dc,64,64,5
levels/ST/ST.tex.xbx,513,e2b5f32c,64,64,5
levels/ST/ST.tex.xbx,514,5adc62dc,64,128,1
levels/ST/ST.tex.xbx,515,585af834,128,128,1
levels/ST/ST.tex.xbx,516,060f307c,64,128,1
levels/ST/ST.tex.xbx,517,0bc05bb8,128,32,1
levels/ST/ST.tex.xbx,518,5876b994,64,64,1
levels/ST/ST.tex.xbx,519,55ba1d1c,64,32,1
levels/ST/ST.tex.xbx,520,2cddabc8,64,64,1
levels/ST/ST.tex.xbx,521,76fe7a88,32,16,5
levels/ST/ST.tex.xbx,522,a3d86614,64,16,5
levels/ST/ST.tex.xbx,523,90461fb0,128,64,1
levels/ST/ST.tex.xbx,524,2028cc30,128,128,5
levels/ST/ST.tex.xbx,525,77825570,128,128,1
levels/ST/ST.tex.xbx,526,be599070,128,128,1
levels/ST/ST.tex.xbx,527,e9b12a2c,128,128,1
levels/ST/ST.tex.xbx,528,1b3edc18,128,128,1
levels/ST/ST.tex.xbx,529,d76f69e4,128,128,5
levels/ST/ST.tex.xbx,530,689e2b60,128,64,5
levels/ST/ST.tex.xbx,531,f8af02bc,128,64,5
levels/ST/ST.tex.xbx,532,5b938fe4,128,64,5
levels/ST/ST.tex.xbx,533,d1b8c7e8,128,64,5
levels/ST/ST.tex.xbx,534,1ff245e8,128,64,5
levels/ST/ST.tex.xbx,535,df938380,128,64,5
levels/ST/ST.tex.xbx,536,4f224c9c,128,64,5
levels/ST/ST.tex.xbx,537,ec3dc0c4,128,64,5
levels/ST/ST.tex.xbx,538,7678e908,128,64,5
levels/ST/ST.tex.xbx,539,f83f0b08,128,64,5
levels/ST/ST.tex.xbx,540,8e8b7e2c,128,64,5
levels/ST/ST.tex.xbx,541,1ec04970,128,64,5
levels/ST/ST.tex.xbx,542,35d4c918,128,64,5
levels/ST/ST.tex.xbx,543,ab75f534,128,64,5
levels/ST/ST.tex.xbx,544,45de1734,128,64,5
levels/ST/ST.tex.xbx,545,b943324c,128,64,5
levels/ST/ST.tex.xbx,546,296e0750,128,64,5
levels/ST/ST.tex.xbx,547,125985f8,128,64,5
levels/ST/ST.tex.xbx,548,9c58ba54,128,64,5
levels/ST/ST.tex.xbx,549,d1f03854,128,64,5
levels/ST/ST.tex.xbx,550,f54f8604,128,64,5
levels/ST/ST.tex.xbx,551,7d7aba48,128,64,5
levels/ST/ST.tex.xbx,552,a6653240,128,64,5
levels/ST/ST.tex.xbx,553,1864075c,128,64,5
levels/ST/ST.tex.xbx,554,d5e3fd5c,128,64,5
levels/ST/ST.tex.xbx,555,227ec924,128,64,5
levels/ST/ST.tex.xbx,556,9ab3f528,128,64,5
levels/ST/ST.tex.xbx,557,71c97e20,128,64,5
levels/ST/ST.tex.xbx,558,ff6a497c,128,64,5
levels/ST/ST.tex.xbx,559,71eab37c,128,64,5
levels/ST/ST.tex.xbx,560,c1485920,128,128,5
levels/ST/ST.tex.xbx,561,91c1f584,128,32,1
levels/ST/ST.tex.xbx,562,7abdfe38,64,32,1
levels/ST/ST.tex.xbx,563,f09fb210,128,64,5
levels/ST/ST.tex.xbx,564,c5634070,64,64,5
levels/ST/ST.tex.xbx,565,f56cc128,32,32,5
levels/ST/ST.tex.xbx,566,b80cfe68,32,32,5
levels/ST/ST.tex.xbx,567,28e26bfc,64,16,5
levels/ST/ST.tex.xbx,568,6feb7ac4,128,16,5
levels/ST/ST.tex.xbx,569,00e95cd8,64,64,5
levels/ST/ST.tex.xbx,570,f42dede0,64,32,5
levels/ST/ST.tex.xbx,571,5adcd268,32,64,5
levels/ST/ST.tex.xbx,572,452d6584,64,64,5
levels/ST/ST.tex.xbx,573,6aec1048,128,128,1
levels/ST/ST.tex.xbx,574,2b067650,16,16,1
levels/ST/ST.tex.xbx,575,9235613c,32,32,5
levels/ST/ST.tex.xbx,576,6674e874,128,32,5
levels/ST/ST.tex.xbx,577,55f50590,128,32,1
levels/ST/ST.tex.xbx,578,46b5a114,32,32,5
levels/ST/ST.tex.xbx,579,d97de1d4,128,128,5
levels/ST/ST.tex.xbx,580,4c0cebd8,128,128,1
levels/ST/ST.tex.xbx,581,89b18ba8,64,64,5
levels/ST/ST.tex.xbx,582,5bf1511c,128,64,5
levels/ST/ST.tex.xbx,583,2aa8cca8,128,64,5
levels/ST/ST.tex.xbx,584,b390ab04,128,64,5
levels/ST/ST.tex.xbx,585,d1f3c978,64,64,5
levels/ST/ST.tex.xbx,586,b9c732a4,64,64,5
levels/ST/ST.tex.xbx,587,43a7eeb4,128,128,5
levels/ST/ST.tex.xbx,588,434fbec4,64,64,5
levels/ST/ST.tex.xbx,589,8e503a58,128,64,5
levels/ST/ST.tex.xbx,590,8021ef80,64,64,5
levels/ST/ST.tex.xbx,591,cbc0e7f4,8,128,1
levels/ST/ST.tex.xbx,592,174b21b0,128,128,1
levels/ST/ST.tex.xbx,593,b7b8ef60,128,128,5
levels/ST/ST.tex.xbx,594,60b38938,64,64,1
levels/ST/ST.tex.xbx,595,05921c14,128,128,1
levels/ST/ST.tex.xbx,596,ab6ce014,64,32,5
levels/ST/ST.tex.xbx,597,33860664,64,32,5
levels/ST/ST.tex.xbx,598,57d5fdc8,128,64,5
levels/ST/ST.tex.xbx,599,e8337a0c,128,128,1
levels/ST/ST.tex.xbx,600,79590bac,64,128,5
levels/ST/ST.tex.xbx,601,0ecc2248,32,64,5
levels/ST/ST.tex.xbx,602,1f1f2bf0,16,16,5
levels/ST/ST.tex.xbx,603,950c9544,64,64,5
levels/ST/ST.tex.xbx,604,2bfcc53c,32,32,5
levels/ST/ST.tex.xbx,605,af0fac80,32,32,5
levels/ST/ST.tex.xbx,606,cb98a5ac,64,128,5
levels/ST/ST.tex.xbx,607,95c6bda8,32,64,1
levels/ST/ST.tex.xbx,608,98adeff0,32,32,1
levels/ST/ST.tex.xbx,609,ddd78690,32,64,5
levels/ST/ST.tex.xbx,610,3a236398,16,32,1
levels/ST/ST.tex.xbx,611,00d7218c,128,128,5
levels/ST/ST.tex.xbx,612,5dc664f8,256,128,5
levels/ST/ST.tex.xbx,613,dffde480,64,64,5
levels/ST/ST.tex.xbx,614,56e780b0,32,32,5
levels/ST/ST.tex.xbx,615,1264e7b8,128,128,5
levels/ST/ST.tex.xbx,616,efe50c24,128,128,2
levels/ST/ST.tex.xbx,617,92564170,64,64,2
levels/ST/ST.tex.xbx,618,d2811800,64,64,5
levels/ST/ST.tex.xbx,619,a8c2fca8,64,64,5
levels/ST/ST.tex.xbx,620,743849fc,64,64,5
levels/ST/ST.tex.xbx,621,1887d3a4,64,64,5
levels/ST/ST.tex.xbx,622,dd53c8a4,64,64,5
levels/ST/ST.tex.xbx,623,bd24b06c,64,64,1
levels/ST/ST.tex.xbx,624,1c219f6c,32,32,1
levels/ST/ST.tex.xbx,625,aea1de30,32,32,1
levels/ST/ST.tex.xbx,626,4a39a330,128,16,1
levels/ST/ST.tex.xbx,627,3f58dcd4,128,64,5
levels/ST/ST.tex.xbx,628,1e9109ec,128,64,5
levels/ST/ST.tex.xbx,629,307c9390,128,64,5
levels/ST/ST.tex.xbx,630,fe5c0848,128,128,5
levels/ST/ST.tex.xbx,631,283d1c38,64,64,1
levels/ST/ST.tex.xbx,632,5779aa68,32,32,1
levels/ST/ST.tex.xbx,633,6f02a7e8,32,64,1
levels/ST/ST.tex.xbx,634,7135d124,64,32,1
levels/ST/ST.tex.xbx,635,7a139494,32,32,5
levels/ST/ST.tex.xbx,636,8ccecd90,128,64,5
levels/ST/ST.tex.xbx,637,61416914,128,64,5
levels/ST/ST.tex.xbx,638,4148e5e0,128,64,5
levels/ST/ST.tex.xbx,639,72ee3410,128,128,5
levels/ST/ST.tex.xbx,640,03a636a8,128,64,1
levels/ST/ST_net.tex.xbx,0,18837980,64,128,1
levels/ST/ST_net.tex.xbx,1,3ea0a0a4,32,8,1
levels/ST/ST_net.tex.xbx,2,d5b7e980,128,128,5
levels/ST/ST_net.tex.xbx,3,012a4fc4,128,128,5
levels/ST/ST_net.tex.xbx,4,5d16be9c,64,64,5
levels/ST/ST_net.tex.xbx,5,aa3ec39c,64,64,5
levels/ST/ST_net.tex.xbx,6,c6014ec4,64,64,5
levels/ST/ST_net.tex.xbx,7,3473fa80,64,64,5
levels/ST/ST_net.tex.xbx,8,d7aa5428,16,16,2
levels/ST/ST_net.tex.xbx,9,4634f57c,16,16,5
levels/ST/ST_net.tex.xbx,10,498b7c24,16,16,5
levels/ST/ST_net.tex.xbx,11,d2a5d404,16,16,5
levels/ST/ST_net.tex.xbx,12,961a4a5c,16,16,5
levels/ST/ST_net.tex.xbx,13,390e3204,16,16,5
levels/ST/ST_net.tex.xbx,14,5530c05c,16,16,5
levels/ST/ST_net.tex.xbx,15,c9a30648,16,16,5
levels/ST/ST_net.tex.xbx,16,cd9b9740,16,16,5
levels/ST/ST_net.tex.xbx,17,2cb88640,16,16,5
levels/ST/ST_net.tex.xbx,18,7086fb48,16,16,5
levels/ST/ST_net.tex.xbx,19,a1f9bb5c,16,16,5
levels/ST/ST_net.tex.xbx,20,fe463304,16,16,5
levels/ST/ST_net.tex.xbx,21,0b48cdd8,16,16,5
levels/ST/ST_net.tex.xbx,22,67f83fb0,16,16,5
levels/ST/ST_net.tex.xbx,23,890f2bd8,16,16,5
levels/ST/ST_net.tex.xbx,24,0cb0b5b0,16,16,5
levels/ST/ST_net.tex.xbx,25,f83e03f4,16,16,5
levels/ST/ST_net.tex.xbx,26,94818a6c,16,16,5
levels/ST/ST_net.tex.xbx,27,e1588f6c,16,16,5
levels/ST/ST_net.tex.xbx,28,bd6602f4,16,16,5
levels/ST/ST_net.tex.xbx,29,6bf3c6b0,16,16,5
levels/ST/ST_net.tex.xbx,30,2fcb36d8,16,16,5
levels/ST/ST_net.tex.xbx,31,ac8882b8,16,16,5
levels/ST/ST_net.tex.xbx,32,b0360f90,16,16,5
levels/ST/ST_net.tex.xbx,33,5ec284b8,16,16,5
levels/ST/ST_net.tex.xbx,34,3b7df990,16,16,5
levels/ST/ST_net.tex.xbx,35,eff34d14,16,16,5
levels/ST/ST_net.tex.xbx,36,b34cc48c,16,16,5
levels/ST/ST_net.tex.xbx,37,06d8bf8c,16,16,5
levels/ST/ST_net.tex.xbx,38,8a684e14,16,16,5
levels/ST/ST_net.tex.xbx,39,7bdde890,16,16,5
levels/ST/ST_net.tex.xbx,40,2284bbb8,64,32,1
levels/ST/ST_net.tex.xbx,41,bc58419c,128,32,1
levels/ST/ST_net.tex.xbx,42,25444b08,128,128,1
levels/ST/ST_net.tex.xbx,43,615cedd4,64,64,1
levels/ST/ST_net.tex.xbx,44,bc1d18d8,64,64,5
levels/ST/ST_net.tex.xbx,45,96cf47f0,128,128,1
levels/ST/ST_net.tex.xbx,46,9fc93060,128,128,5
levels/ST/ST_net.tex.xbx,47,5a57b5c4,128,128,5
levels/ST/ST_net.tex.xbx,48,b85a7d58,128,64,5
levels/ST/ST_net.tex.xbx,49,b5adffbc,128,64,5
levels/ST/ST_net.tex.xbx,50,99c4a284,64,128,5
levels/ST/ST_net.tex.xbx,51,8539e3c0,16,16,1
levels/ST/ST_net.tex.xbx,52,d40c8df0,64,64,1
levels/ST/ST_net.tex.xbx,53,571a7980,32,32,1
levels/ST/ST_net.tex.xbx,54,85d478a8,64,128,5
levels/ST/ST_net.tex.xbx,55,804c90c0,64,32,5
levels/ST/ST_net.tex.xbx,56,662b96e4,128,64,5
levels/ST/ST_net.tex.xbx,57,b93d78d0,128,128,1
levels/ST/ST_net.tex.xbx,58,bfd23680,32,32,5
levels/ST/ST_net.tex.xbx,59,2c91c378,128,128,5
levels/ST/ST_net.tex.xbx,60,911f8f48,128,128,1
levels/ST/ST_net.tex.xbx,61,1c5c7f7c,128,32,1
levels/ST/ST_net.tex.xbx,62,04c75b24,128,128,1
levels/ST/ST_net.tex.xbx,63,f9c280b0,64,64,1
levels/ST/ST_net.tex.xbx,64,df349274,128,64,5
levels/ST/ST_net.tex.xbx,65,0de9ba28,128,32,1
levels/ST/ST_net.tex.xbx,66,e6358f68,128,32,5
levels/ST/ST_net.tex.xbx,67,0db44048,128,128,5
levels/ST/ST_net.tex.xbx,68,55e3f60c,64,128,1
levels/ST/ST_net.tex.xbx,69,8daa54e4,32,32,5
levels/ST/ST_net.tex.xbx,70,3c505c94,64,64,5
levels/ST/ST_net.tex.xbx,71,43150724,64,64,5
levels/ST/ST_net.tex.xbx,72,51945650,32,16,1
levels/ST/ST_net.tex.xbx,73,6c3f5660,16,16,1
levels/ST/ST_net.tex.xbx,74,bc66d278,32,32,1
levels/ST/ST_net.tex.xbx,75,a0cf6a30,32,32,5
levels/ST/ST_net.tex.xbx,76,93b8ad14,32,32,1
levels/ST/ST_net.tex.xbx,77,d3aea290,64,64,1
levels/ST/ST_net.tex.xbx,78,3438e0d4,32,32,5
levels/ST/ST_net.tex.xbx,79,29b09434,64,64,5
levels/ST/ST_net.tex.xbx,80,b7173fb4,32,32,5
levels/ST/ST_net.tex.xbx,81,b928d73c,128,128,5
levels/ST/ST_net.tex.xbx,82,f63907b0,128,128,1
levels/ST/ST_net.tex.xbx,83,865bed18,32,32,2
levels/ST/ST_net.tex.xbx,84,35760ed0,64,128,5
levels/ST/ST_net.tex.xbx,85,b3803c18,128,16,1
levels/ST/ST_net.tex.xbx,86,57f0389c,64,64,1
levels/ST/ST_net.tex.xbx,87,0cdfe714,64,64,5
levels/ST/ST_net.tex.xbx,88,c3cd7704,64,64,5
levels/ST/ST_net.tex.xbx,89,1539dd5c,128,128,5
levels/ST/ST_net.tex.xbx,90,d4916198,64,64,1
levels/ST/ST_net.tex.xbx,91,618d5ef4,128,32,1
levels/ST/ST_net.tex.xbx,92,da34e61c,128,128,1
levels/ST/ST_net.tex.xbx,93,aa34b748,128,128,5
levels/ST/ST_net.tex.xbx,94,29a521e8,64,64,5
levels/ST/ST_net.tex.xbx,95,c7282cb4,32,32,1
levels/ST/ST_net.tex.xbx,96,19a7d0ec,32,8,1
levels/ST/ST_net.tex.xbx,97,5e4424e4,32,32,1
levels/ST/ST_net.tex.xbx,98,91889d44,128,128,1
levels/ST/ST_net.tex.xbx,99,be6ff6e0,16,16,1
levels/ST/ST_net.tex.xbx,100,38cbde44,128,128,1
levels/ST/ST_net.tex.xbx,101,ce36c7a8,128,64,5
levels/ST/ST_net.tex.xbx,102,e2328400,64,64,5
levels/ST/ST_net.tex.xbx,103,a3881930,64,64,5
levels/ST/ST_net.tex.xbx,104,16cddbe4,128,64,5
levels/ST/ST_net.tex.xbx,105,14ea3f1c,128,128,1
levels/ST/ST_net.tex.xbx,106,559dd9f0,128,128,5
levels/ST/ST_net.tex.xbx,107,50875504,128,32,1
levels/ST/ST_net.tex.xbx,108,d03a1b20,64,64,1
levels/ST/ST_net.tex.xbx,109,49685b3c,32,128,1
levels/ST/ST_net.tex.xbx,110,dfd04b90,128,128,5
levels/ST/ST_net.tex.xbx,111,fa024044,128,128,5
levels/ST/ST_net.tex.xbx,112,063cc794,128,64,1
levels/ST/ST_net.tex.xbx,113,411db694,64,64,5
levels/ST/ST_net.tex.xbx,114,a32256cc,64,16,1
levels/ST/ST_net.tex.xbx,115,ac33286c,16,16,1
levels/ST/ST_net.tex.xbx,116,7049f5b0,16,16,1
levels/ST/ST_net.tex.xbx,117,f3f76bd8,32,32,1
levels/ST/ST_net.tex.xbx,118,e284ca6c,16,32,5
levels/ST/ST_net.tex.xbx,119,7c914294,128,128,1
levels/ST/ST_net.tex.xbx,120,362a09ac,128,128,1
levels/ST/ST_net.tex.xbx,121,45872e58,128,32,5
levels/ST/ST_net.tex.xbx,122,1b79cf9c,64,64,1
levels/ST/ST_net.tex.xbx,123,a3390680,128,128,1
levels/ST/ST_net.tex.xbx,124,b61c7fc8,64,32,5
levels/ST/ST_net.tex.xbx,125,20a622d4,32,16,1
levels/ST/ST_net.tex.xbx,126,b0dda8c4,128,128,5
levels/ST/ST_net.tex.xbx,127,efce1970,128,64,5
levels/ST/ST_net.tex.xbx,128,fdb383a0,64,64,1
levels/ST/ST_net.tex.xbx,129,7ebc43f4,16,16,5
levels/ST/ST_net.tex.xbx,130,3eadb460,32,32,5
levels/ST/ST_net.tex.xbx,131,25c997b8,32,32,1
levels/ST/ST_net.tex.xbx,132,ecb61d58,64,64,5
levels/ST/ST_net.tex.xbx,133,a908a430,32,64,5
levels/ST/ST_net.tex.xbx,134,747b5274,32,64,5
levels/ST/ST_net.tex.xbx,135,efee2420,64,128,1
levels/ST/ST_net.tex.xbx,136,0a8b7124,32,64,1
levels/ST/ST_net.tex.xbx,137,8e35fc7c,16,16,1
levels/ST/ST_net.tex.xbx,138,82c03d28,32,32,5
levels/ST/ST_net.tex.xbx,139,1f00c520,64,32,5
levels/ST/ST_net.tex.xbx,140,f88e9e20,128,64,5
levels/ST/ST_net.tex.xbx,141,74a03aec,64,64,5
levels/ST/ST_net.tex.xbx,142,f89ec374,32,128,5
levels/ST/ST_net.tex.xbx,143,da952620,128,64,1
levels/ST/ST_net.tex.xbx,144,4312a344,128,128,1
levels/ST/ST_net.tex.xbx,145,51ce6d98,128,128,1
levels/ST/ST_net.tex.xbx,146,1b04c274,64,64,5
levels/ST/ST_net.tex.xbx,147,b3035ddc,64,64,5
levels/ST/ST_net.tex.xbx,148,aa3e1800,64,64,1
levels/ST/ST_net.tex.xbx,149,01297488,128,128,1
levels/ST/ST_net.tex.xbx,150,6b8a0f68,16,16,5
levels/ST/ST_net.tex.xbx,151,e1a8da64,64,64,5
levels/ST/ST_net.tex.xbx,152,bd17673c,64,32,5
levels/ST/ST_net.tex.xbx,153,30369ee0,32,32,5
levels/ST/ST_net.tex.xbx,154,a7b80c1c,128,64,5
levels/ST/ST_net.tex.xbx,155,494f1678,32,32,1
levels/ST/ST_net.tex.xbx,156,01a00d38,128,128,5
levels/ST/ST_net.tex.xbx,157,ed2db90c,32,32,1
levels/ST/ST_net.tex.xbx,158,9760a830,64,64,5
levels/ST/ST_net.tex.xbx,159,fb5f3958,16,16,1
levels/ST/ST_net.tex.xbx,160,de43b930,32,32,5
levels/ST/ST_net.tex.xbx,161,44f0a7d0,32,32,1
levels/ST/ST_net.tex.xbx,162,1c9f14a4,32,128,1
levels/ST/ST_net.tex.xbx,163,0e1174a0,64,64,5
levels/ST/ST_net.tex.xbx,164,63a239f4,128,16,1
levels/ST/ST_net.tex.xbx,165,3f9da86c,32,16,1
levels/ST/ST_net.tex.xbx,166,bdc16fcc,32,16,1
levels/ST/ST_net.tex.xbx,167,bb50c148,64,64,5
levels/ST/ST_net.tex.xbx,168,7c98aacc,64,64,5
levels/ST/ST_net.tex.xbx,169,a32cbfe0,128,128,5
levels/ST/ST_net.tex.xbx,170,e54a6e40,128,64,5
levels/ST/ST_net.tex.xbx,171,dddd7d7c,64,16,1
levels/ST/ST_net.tex.xbx,172,9e1bf1c8,128,128,5
levels/ST/ST_net.tex.xbx,173,7469c2f4,128,128,1
levels/ST/ST_net.tex.xbx,174,45912498,64,64,5
levels/ST/ST_net.tex.xbx,175,45eb67ac,128,64,5
levels/ST/ST_net.tex.xbx,176,5d15e900,128,128,1
levels/ST/ST_net.tex.xbx,177,c05a6864,64,64,1
levels/ST/ST_net.tex.xbx,178,046fe150,32,32,1
levels/ST/ST_net.tex.xbx,179,c9dbb4f8,128,128,5
levels/ST/ST_net.tex.xbx,180,b82a855c,128,64,5
levels/ST/ST_net.tex.xbx,181,62909278,64,64,5
levels/ST/ST_net.tex.xbx,182,5e80f618,128,64,1
levels/ST/ST_net.tex.xbx,183,0a4b0b1c,128,128,5
levels/ST/ST_net.tex.xbx,184,6d5ca5f0,32,128,5
levels/ST/ST_net.tex.xbx,185,d5a762b0,64,128,1
levels/ST/ST_net.tex.xbx,186,181d21d0,32,32,5
levels/ST/ST_net.tex.xbx,187,4d9d8348,32,32,5
levels/ST/ST_net.tex.xbx,188,3993e528,64,64,5
levels/ST/ST_net.tex.xbx,189,f3b3b3ec,32,32,5
levels/ST/ST_net.tex.xbx,190,fed03928,16,32,1
levels/ST/ST_net.tex.xbx,191,c7715038,128,128,5
levels/ST/ST_net.tex.xbx,192,3a73efb0,128,64,1
levels/ST/ST_net.tex.xbx,193,5cca6788,128,128,1
levels/ST/ST_net.tex.xbx,194,3ca5d320,64,32,5
levels/ST/ST_net.tex.xbx,195,a004bb00,64,16,1
levels/ST/ST_net.tex.xbx,196,052f3848,64,64,1
levels/ST/ST_net.tex.xbx,197,31231ac0,64,128,5
levels/ST/ST_net.tex.xbx,198,5f99fb68,16,64,1
levels/ST/ST_net.tex.xbx,199,b3af09e0,16,16,1
levels/ST/ST_net.tex.xbx,200,cca4c028,64,16,5
levels/ST/ST_net.tex.xbx,201,43a772e0,64,16,1
levels/ST/ST_net.tex.xbx,202,45b86484,128,64,5
levels/ST/ST_net.tex.xbx,203,6fc23864,64,32,1
levels/ST/ST_net.tex.xbx,204,8b929184,32,16,5
levels/ST/ST_net.tex.xbx,205,42abb620,32,32,1
levels/ST/ST_net.tex.xbx,206,f8aea20c,128,128,5
levels/ST/ST_net.tex.xbx,207,b9e657f8,128,128,1
levels/ST/ST_net.tex.xbx,208,dbcb3eb8,128,128,5
levels/ST/ST_net.tex.xbx,209,5ba9ff5c,128,128,5
levels/ST/ST_net.tex.xbx,210,e58b2a40,128,128,5
levels/ST/ST_net.tex.xbx,211,2a0ce0ac,128,64,5
levels/ST/ST_net.tex.xbx,212,b6a8140c,32,32,1
levels/ST/ST_net.tex.xbx,213,87ce1014,32,128,5
levels/ST/ST_net.tex.xbx,214,948bc7f4,32,16,5
levels/ST/ST_net.tex.xbx,215,f833366c,32,32,5
levels/ST/ST_net.tex.xbx,216,636d3254,32,32,5
levels/ST/ST_net.tex.xbx,217,bb188d94,32,64,1
levels/ST/ST_net.tex.xbx,218,26a2ec10,64,64,5
levels/ST/ST_net.tex.xbx,219,0378b064,64,16,5
levels/ST/ST_net.tex.xbx,220,38ffd5a4,128,32,5
levels/ST/ST_net.tex.xbx,221,10b355a8,128,128,1
levels/ST/ST_net.tex.xbx,222,30a83244,64,64,5
levels/ST/ST_net.tex.xbx,223,caad9840,64,64,5
levels/ST/ST_net.tex.xbx,224,71aeb1a0,128,64,5
levels/ST/ST_net.tex.xbx,225,94d1f438,32,32,1
levels/ST/ST_net.tex.xbx,226,d0146e34,64,128,5
levels/ST/ST_net.tex.xbx,227,edbd4ffc,32,32,1
levels/ST/ST_net.tex.xbx,228,7302aab0,128,32,5
levels/ST/ST_net.tex.xbx,229,a8f786b0,128,128,5
levels/ST/ST_net.tex.xbx,230,8bfd13e8,128,64,5
levels/ST/ST_net.tex.xbx,231,c135db90,128,32,1
levels/ST/ST_net.tex.xbx,232,15ab9b14,128,32,1
levels/ST/ST_net.tex.xbx,233,58885918,64,64,1
levels/ST/ST_net.tex.xbx,234,c600a988,128,128,1
levels/ST/ST_net.tex.xbx,235,1ee61f5c,128,128,1
levels/ST/ST_net.tex.xbx,236,b5c65ff4,128,128,1
levels/ST/ST_net.tex.xbx,237,22144504,128,128,5
levels/ST/ST_net.tex.xbx,238,9b397948,32,32,5
levels/ST/ST_net.tex.xbx,239,f3982344,64,64,2
levels/ST/ST_net.tex.xbx,240,3eafbcb4,32,64,5
levels/ST/ST_net.tex.xbx,241,6dfa2bd0,64,64,1
levels/ST/ST_net.tex.xbx,242,8ee87188,64,128,1
levels/ST/ST_net.tex.xbx,243,835c1bac,128,64,1
levels/ST/ST_net.tex.xbx,244,fe33d36c,64,64,1
levels/ST/ST_net.tex.xbx,245,f8d7a5d0,64,16,1
levels/ST/ST_net.tex.xbx,246,8cb45500,32,32,5
levels/ST/ST_net.tex.xbx,247,937d3c54,64,64,5
levels/ST/ST_net.tex.xbx,248,9131aa40,128,64,5
levels/ST/ST_net.tex.xbx,249,66bca44c,64,128,5
levels/ST/ST_net.tex.xbx,250,2aa58188,128,128,5
levels/ST/ST_net.tex.xbx,251,c32d3fc8,16,16,1
levels/ST/ST_net.tex.xbx,252,e8163f5c,64,64,5
levels/ST/ST_net.tex.xbx,253,1b9fcc14,32,128,1
levels/ST/ST_net.tex.xbx,254,9817d768,32,32,5
levels/ST/ST_net.tex.xbx,255,d7d53d54,32,32,5
levels/ST/ST_net.tex.xbx,256,b7377248,128,32,1
levels/ST/ST_net.tex.xbx,257,25fc66b4,128,64,5
levels/ST/ST_net.tex.xbx,258,37219c68,128,64,5
levels/ST/ST_net.tex.xbx,259,d4721ff0,128,64,5
levels/ST/ST_net.tex.xbx,260,32c4d460,64,64,5
levels/ST/ST_net.tex.xbx,261,74e74aec,32,32,5
levels/ST/ST_net.tex.xbx,262,f858d374,64,64,5
levels/ST/ST_net.tex.xbx,263,e8db6f10,64,128,5
levels/ST/ST_net.tex.xbx,264,e8778600,64,128,5
levels/ST/ST_net.tex.xbx,265,db0662e8,128,64,5
levels/ST/ST_net.tex.xbx,266,9a9da3e8,128,128,5
levels/ST/ST_net.tex.xbx,267,84968000,128,32,5
levels/ST/ST_net.tex.xbx,268,fe212a60,128,128,5
levels/ST/ST_net.tex.xbx,269,a0b89164,64,64,5
levels/ST/ST_net.tex.xbx,270,8fce56b8,16,16,1
levels/ST/ST_net.tex.xbx,271,a1cdc9e4,128,128,5
levels/ST/ST_net.tex.xbx,272,4d437c60,128,128,5
levels/ST/ST_net.tex.xbx,273,10fcf5e8,128,64,5
levels/ST/ST_net.tex.xbx,274,bf66d1f8,128,64,1
levels/ST/ST_net.tex.xbx,275,7b24d2bc,128,32,1
levels/ST/ST_net.tex.xbx,276,ce23d810,128,64,1
levels/ST/ST_net.tex.xbx,277,fb8ea004,128,32,1
levels/ST/ST_net.tex.xbx,278,e3da6050,32,64,1
levels/ST/ST_net.tex.xbx,279,96519b50,128,32,1
levels/ST/ST_net.tex.xbx,280,44e42400,128,128,1
levels/ST/ST_net.tex.xbx,281,a3b28a7c,128,64,1
levels/ST/ST_net.tex.xbx,282,d36249b4,64,64,1
levels/ST/ST_net.tex.xbx,283,1e4cc78c,128,128,5
levels/ST/ST_net.tex.xbx,284,ead292d4,64,64,5
levels/ST/ST_net.tex.xbx,285,a33e08f0,32,64,5
levels/ST/ST_net.tex.xbx,286,6eb36db4,32,32,5
levels/ST/ST_net.tex.xbx,287,06da8914,128,128,5
levels/ST/ST_net.tex.xbx,288,6366188c,64,128,5
levels/ST/ST_net.tex.xbx,289,ec7a44a8,32,32,1
levels/ST/ST_net.tex.xbx,290,8470ab14,64,64,5
levels/ST/ST_net.tex.xbx,291,db64ed90,32,32,5
levels/ST/ST_net.tex.xbx,292,084e228c,32,32,1
levels/ST/ST_net.tex.xbx,293,97db60b8,16,16,1
levels/ST/ST_net.tex.xbx,294,325025b8,32,128,1
levels/ST/ST_net.tex.xbx,295,f233d6d0,64,64,5
levels/ST/ST_net.tex.xbx,296,14deebd4,128,128,5
levels/ST/ST_net.tex.xbx,297,d4c5382c,128,128,1
levels/ST/ST_net.tex.xbx,298,494f7e18,128,64,1
levels/ST/ST_net.tex.xbx,299,f24ef0ac,64,64,2
levels/ST/ST_net.tex.xbx,300,0cec9514,32,32,1
levels/ST/ST_net.tex.xbx,301,f5541d38,64,64,2
levels/ST/ST_net.tex.xbx,302,725226cc,128,64,1
levels/ST/ST_net.tex.xbx,303,c11d67b8,64,64,5
levels/ST/ST_net.tex.xbx,304,2457c518,128,128,1
levels/ST/ST_net.tex.xbx,305,8758090c,128,128,5
levels/ST/ST_net.tex.xbx,306,b187f6cc,64,64,1
levels/ST/ST_net.tex.xbx,307,b58b5c44,128,128,1
levels/ST/ST_net.tex.xbx,308,4317fea4,64,64,5
levels/ST/ST_net.tex.xbx,309,918a3aa0,64,64,5
levels/ST/ST_net.tex.xbx,310,42948bc4,64,128,5
levels/ST/ST_net.tex.xbx,311,3473501c,128,64,1
levels/ST/ST_net.tex.xbx,312,9e489d0c,128,128,5
levels/ST/ST_net.tex.xbx,313,4fd2d938,128,128,5
levels/ST/ST_net.tex.xbx,314,146d6910,128,128,5
levels/ST/ST_net.tex.xbx,315,c204b744,128,64,5
levels/ST/ST_net.tex.xbx,316,727516fc,128,128,1
levels/ST/ST_net.tex.xbx,317,b71f3d80,64,128,5
levels/ST/ST_net.tex.xbx,318,69965ec8,128,128,5
levels/ST/ST_net.tex.xbx,319,0aef4da4,128,32,5
levels/ST/ST_net.tex.xbx,320,83fd4058,32,32,5
levels/ST/ST_net.tex.xbx,321,dcd1d7b4,128,64,5
levels/ST/ST_net.tex.xbx,322,bce798bc,64,32,5
levels/ST/ST_net.tex.xbx,323,8b9c9954,128,128,5
levels/ST/ST_net.tex.xbx,324,7a11ed50,128,128,5
levels/ST/ST_net.tex.xbx,325,3ed9fa78,64,32,5
levels/ST/ST_net.tex.xbx,326,ab6e5de0,64,64,1
levels/ST/ST_net.tex.xbx,327,785ed3cc,32,32,5
levels/ST/ST_net.tex.xbx,328,0903880c,64,64,5
levels/ST/ST_net.tex.xbx,329,7330f890,64,64,1
levels/ST/ST_net.tex.xbx,330,f075e108,128,128,5
levels/ST/ST_net.tex.xbx,331,04ae275c,128,128,5
levels/ST/ST_net.tex.xbx,332,c5b5c128,128,128,1
levels/ST/ST_net.tex.xbx,333,496d7aac,128,128,5
levels/ST/ST_net.tex.xbx,334,a60e2f44,128,64,1
levels/ST/ST_net.tex.xbx,335,8e04e984,16,16,2
levels/ST/ST_net.tex.xbx,336,2e077258,64,64,1
levels/ST/ST_net.tex.xbx,337,9d254350,64,64,5
levels/ST/ST_net.tex.xbx,338,689a8354,32,32,1
levels/ST/ST_net.tex.xbx,339,f899baf8,64,64,5
levels/ST/ST_net.tex.xbx,340,e8f21d50,64,64,1
levels/ST/ST_net.tex.xbx,341,8be1c948,128,64,5
levels/ST/ST_net.tex.xbx,342,6e59e0e8,128,32,5
levels/ST/ST_net.tex.xbx,343,7828f53c,128,128,1
levels/ST/ST_net.tex.xbx,344,78fafff0,64,32,5
levels/ST/ST_net.tex.xbx,345,e9f15aac,32,32,1
levels/ST/ST_net.tex.xbx,346,e390bd34,64,128,5
levels/ST/ST_net.tex.xbx,347,840a41f8,64,64,5
levels/ST/ST_net.tex.xbx,348,4a667bfc,32,32,1
levels/ST/ST_net.tex.xbx,349,3f8e44f8,32,32,5
levels/ST/ST_net.tex.xbx,350,529ff17c,16,64,1
levels/ST/ST_net.tex.xbx,351,b56ed390,32,32,1
levels/ST/ST_net.tex.xbx,352,7a9ed2a8,64,64,5
levels/ST/ST_net.tex.xbx,353,14d020e0,64,64,5
levels/ST/ST_net.tex.xbx,354,38d641c4,128,128,1
levels/ST/ST_net.tex.xbx,355,c7eb6b6c,64,64,5
levels/ST/ST_net.tex.xbx,356,60165580,128,128,1
levels/ST/ST_net.tex.xbx,357,a6c4b8e8,64,64,5
levels/ST/ST_net.tex.xbx,358,1621e13c,32,32,5
levels/ST/ST_net.tex.xbx,359,bcece774,128,64,5
levels/ST/ST_net.tex.xbx,360,6e779f30,64,32,5
levels/ST/ST_net.tex.xbx,361,c64b4bdc,64,32,5
levels/ST/ST_net.tex.xbx,362,cfc281b8,128,128,5
levels/ST/ST_net.tex.xbx,363,6682baac,64,128,1
levels/ST/ST_net.tex.xbx,364,75a09150,32,32,5
levels/ST/ST_net.tex.xbx,365,0caf7dac,16,32,5
levels/ST/ST_net.tex.xbx,366,ab12fcc4,32,32,5
levels/ST/ST_net.tex.xbx,367,1b96184c,32,32,1
levels/ST/ST_net.tex.xbx,368,c70870f8,64,32,1
levels/ST/ST_net.tex.xbx,369,b3a15590,128,32,1
levels/ST/ST_net.tex.xbx,370,e9027b20,64,64,1
levels/ST/ST_net.tex.xbx,371,348fbb24,64,64,1
levels/ST/ST_net.tex.xbx,372,f22ea108,64,64,2
levels/ST/ST_net.tex.xbx,373,5831467c,64,64,1
levels/ST/ST_net.tex.xbx,374,1d74577c,32,32,5
levels/ST/ST_net.tex.xbx,375,c688ef94,128,128,5
levels/ST/ST_net.tex.xbx,376,f871a500,128,64,5
levels/ST/ST_net.tex.xbx,377,d3ef3cac,128,64,1
levels/ST/ST_net.tex.xbx,378,24b0c480,64,64,1
levels/ST/ST_net.tex.xbx,379,862ca6b8,128,64,5
levels/ST/ST_net.tex.xbx,380,71e8d6e8,128,64,5
levels/ST/ST_net.tex.xbx,381,c300f76c,64,64,5
levels/ST/ST_net.tex.xbx,382,4e8b3ed8,128,128,5
levels/ST/ST_net.tex.xbx,383,f21bb7e0,32,32,1
levels/ST/ST_net.tex.xbx,384,208e1164,32,32,5
levels/ST/ST_net.tex.xbx,385,d6861bf0,64,64,1
levels/ST/ST_net.tex.xbx,386,457bfc6c,32,32,5
levels/ST/ST_net.tex.xbx,387,6f155a88,64,64,1
levels/ST/ST_net.tex.xbx,388,736ac898,64,64,1
levels/ST/ST_net.tex.xbx,389,d1e1704c,64,64,1
levels/ST/ST_net.tex.xbx,390,26c63354,128,128,1
levels/ST/ST_net.tex.xbx,391,32617f64,128,64,5
levels/ST/ST_net.tex.xbx,392,95837fc0,32,32,5
levels/ST/ST_net.tex.xbx,393,4c9a9b5c,64,64,1
levels/ST/ST_net.tex.xbx,394,754c2860,64,64,5
levels/ST/ST_net.tex.xbx,395,d49b6640,64,64,5
levels/ST/ST_net.tex.xbx,396,21103740,128,64,5
levels/ST/ST_net.tex.xbx,397,acd1354c,128,64,5
levels/ST/ST_net.tex.xbx,398,585e93f8,128,64,5
levels/ST/ST_net.tex.xbx,399,f7cbb6d4,64,64,5
levels/ST/ST_net.tex.xbx,400,b1da6390,64,16,2
levels/ST/ST_net.tex.xbx,401,dda3d074,32,32,1
levels/ST/ST_net.tex.xbx,402,826b954c,32,32,5
levels/ST/ST_net.tex.xbx,403,8a118c04,32,32,5
levels/ST/ST_net.tex.xbx,404,42abcaf4,64,64,5
levels/ST/ST_net.tex.xbx,405,0f97b090,32,32,5
levels/ST/ST_net.tex.xbx,406,18b356f4,128,128,5
levels/ST/ST_net.tex.xbx,407,545ea970,64,64,5
levels/ST/ST_net.tex.xbx,408,21358e00,128,128,5
levels/ST/ST_net.tex.xbx,409,e776307c,64,32,5
levels/ST/ST_net.tex.xbx,410,21b98370,128,64,1
levels/ST/ST_net.tex.xbx,411,b3473634,64,32,1
levels/ST/ST_net.tex.xbx,412,711edb9c,64,64,1
levels/ST/ST_net.tex.xbx,413,7a84c048,32,32,1
levels/ST/ST_net.tex.xbx,414,3ba37d78,128,128,5
levels/ST/ST_net.tex.xbx,415,74fbdf9c,128,128,5
levels/ST/ST_net.tex.xbx,416,4448cd44,32,16,1
levels/ST/ST_net.tex.xbx,417,6e256f24,128,128,5
levels/ST/ST_net.tex.xbx,418,ec079e5c,128,128,5
levels/ST/ST_net.tex.xbx,419,1859d018,128,128,5
levels/ST/ST_net.tex.xbx,420,a087c8ac,128,64,5
levels/ST/ST_net.tex.xbx,421,9adcff8c,32,32,5
levels/ST/ST_net.tex.xbx,422,2635025c,64,64,1
levels/ST/ST_net.tex.xbx,423,babfb448,64,64,1
levels/ST/ST_net.tex.xbx,424,26d8fb44,32,32,1
levels/ST/ST_net.tex.xbx,425,f8633b00,32,32,1
levels/ST/ST_net.tex.xbx,426,83499104,64,64,5
levels/ST/ST_net.tex.xbx,427,e723b2d0,128,128,1
levels/ST/ST_net.tex.xbx,428,0deac548,16,128,5
levels/ST/ST_net.tex.xbx,429,df75015c,16,64,5
levels/ST/ST_net.tex.xbx,430,1cd3ce40,8,64,5
levels/ST/ST_net.tex.xbx,431,d5b8268c,128,16,5
levels/ST/ST_net.tex.xbx,432,39e10664,64,16,5
levels/ST/ST_net.tex.xbx,433,6c645760,64,64,1
levels/ST/ST_net.tex.xbx,434,806c4348,32,32,1
levels/ST/ST_net.tex.xbx,435,12e9cf50,64,64,5
levels/ST/ST_net.tex.xbx,436,ef8cb9f4,32,32,5
levels/ST/ST_net.tex.xbx,437,ec920e14,32,32,5
levels/ST/ST_net.tex.xbx,438,2a133610,32,32,1
levels/ST/ST_net.tex.xbx,439,aefa865c,128,128,5
levels/ST/ST_net.tex.xbx,440,d7704c40,128,16,1
levels/ST/ST_net.tex.xbx,441,1e3b5140,64,32,5
levels/ST/ST_net.tex.xbx,442,a81c3ab0,128,128,5
levels/ST/ST_net.tex.xbx,443,ddd991ec,32,16,5
levels/ST/ST_net.tex.xbx,444,2966f758,32,16,5
levels/ST/ST_net.tex.xbx,445,64d86630,32,16,5
levels/ST/ST_net.tex.xbx,446,127b9b30,32,16,5
levels/ST/ST_net.tex.xbx,447,8dc32658,32,16,5
levels/ST/ST_net.tex.xbx,448,9c50d2ec,32,16,5
levels/ST/ST_net.tex.xbx,449,00ee5b74,32,16,5
levels/ST/ST_net.tex.xbx,450,d1fa68ec,32,16,5
levels/ST/ST_net.tex.xbx,451,8dc5d974,32,16,5
levels/ST/ST_net.tex.xbx,452,8e6b9094,32,16,5
levels/ST/ST_net.tex.xbx,453,0a551d0c,32,16,5
levels/ST/ST_net.tex.xbx,454,1eca5938,32,16,5
levels/ST/ST_net.tex.xbx,455,82f5e910,32,16,5
levels/ST/ST_net.tex.xbx,456,b9662074,32,16,2
levels/ST/ST_net.tex.xbx,457,4cb90dbc,128,128,5
levels/ST/ST_net.tex.xbx,458,01976a04,64,64,1
levels/ST/ST_net.tex.xbx,459,fd71f5a0,64,32,5
levels/ST/ST_net.tex.xbx,460,b40e7b04,64,128,1
levels/ST/ST_net.tex.xbx,461,d8b2035c,64,64,5
levels/ST/ST_net.tex.xbx,462,6880ce40,64,64,1
levels/ST/ST_net.tex.xbx,463,9d29f85c,16,32,1
levels/ST/ST_net.tex.xbx,464,1024cf40,64,16,5
levels/ST/ST_net.tex.xbx,465,3b1fb7e4,32,32,5
levels/ST/ST_net.tex.xbx,466,6b9837dc,8,8,2
levels/ST/ST_net.tex.xbx,467,553390a0,8,16,5
levels/ST/ST_net.tex.xbx,468,d9170898,64,32,5
levels/ST/ST_net.tex.xbx,469,31408770,128,128,1
levels/ST/ST_net.tex.xbx,470,c175502c,128,64,5
levels/ST/ST_net.tex.xbx,471,38288420,128,128,5
levels/ST/ST_net.tex.xbx,472,a5cac234,128,128,1
levels/ST/ST_net.tex.xbx,473,6ada0fac,64,128,1
levels/ST/ST_net.tex.xbx,474,bf64a998,64,64,5
levels/ST/ST_net.tex.xbx,475,c1e081bc,64,128,1
levels/ST/ST_net.tex.xbx,476,2d5347e8,32,64,5
levels/ST/ST_net.tex.xbx,477,30ebb660,64,64,5
levels/ST/ST_net.tex.xbx,478,1ff2ad54,128,128,5
levels/ST/ST_net.tex.xbx,479,1c8f69d8,64,64,5
levels/ST/ST_net.tex.xbx,480,7e9b2518,64,64,5
levels/ST/ST_net.tex.xbx,481,dc1a98d8,64,64,5
levels/ST/ST_net.tex.xbx,482,30cfcc40,128,64,5
levels/ST/ST_net.tex.xbx,483,6cab647c,128,128,5
levels/ST/ST_net.tex.xbx,484,14b39838,32,128,1
levels/ST/ST_net.tex.xbx,485,5a00bf04,64,64,5
levels/ST/ST_net.tex.xbx,486,3ebf2f5c,32,64,5
levels/ST/ST_net.tex.xbx,487,6b045360,64,128,1
levels/ST/ST_net.tex.xbx,488,0f870994,32,16,2
levels/ST/ST_net.tex.xbx,489,8b91c278,32,64,5
levels/ST/ST_net.tex.xbx,490,9dc62490,64,32,1
levels/ST/ST_net.tex.xbx,491,8c53d214,128,128,5
levels/ST/ST_net.tex.xbx,492,10eb5b8c,64,16,1
levels/ST/ST_net.tex.xbx,493,b0d1eb9c,128,128,1
levels/ST/ST_net.tex.xbx,494,d0aee6d8,128,128,5
levels/ST/ST_net.tex.xbx,495,9d3fe6b0,32,32,1
levels/ST/ST_net.tex.xbx,496,ba74b478,128,64,5
levels/ST/ST_net.tex.xbx,497,f393a5b0,128,16,5
levels/ST/ST_net.tex.xbx,498,951076b0,64,64,1
levels/ST/ST_net.tex.xbx,499,a5c71880,32,32,5
levels/ST/ST_net.tex.xbx,500,12f71a48,32,16,5
levels/ST/ST_net.tex.xbx,501,0f533c28,128,32,1
levels/ST/ST_net.tex.xbx,502,beb8dc48,64,64,5
levels/ST/ST_net.tex.xbx,503,445399b0,128,128,1
levels/ST/ST_net.tex.xbx,504,7af8dc70,128,64,1
levels/ST/ST_net.tex.xbx,505,62adbcf8,64,128,5
levels/ST/ST_net.tex.xbx,506,aa6bb314,128,64,5
levels/ST/ST_net.tex.xbx,507,7e43441c,128,64,5
levels/ST/ST_net.tex.xbx,508,a22054a4,64,64,1
levels/ST/ST_net.tex.xbx,509,372869fc,64,64,1
levels/ST/ST_net.tex.xbx,510,97387c4c,64,64,1
levels/ST/ST_net.tex.xbx,511,8c5f74ac,128,64,5
levels/ST/ST_net.tex.xbx,512,53d4c8dc,64,64,5
levels/ST/ST_net.tex.xbx,513,e2b5f32c,64,64,5
levels/ST/ST_net.tex.xbx,514,5adc62dc,64,128,1
levels/ST/ST_net.tex.xbx,515,585af834,128,128,1
levels/ST/ST_net.tex.xbx,516,060f307c,64,128,1
levels/ST/ST_net.tex.xbx,517,0bc05bb8,128,32,1
levels/ST/ST_net.tex.xbx,518,5876b994,64,64,1
levels/ST/ST_net.tex.xbx,519,55ba1d1c,64,32,1
levels/ST/ST_net.tex.xbx,520,2cddabc8,64,64,1
levels/ST/ST_net.tex.xbx,521,76fe7a88,32,16,5
levels/ST/ST_net.tex.xbx,522,a3d86614,64,16,5
levels/ST/ST_net.tex.xbx,523,90461fb0,128,64,1
levels/ST/ST_net.tex.xbx,524,2028cc30,128,128,5
levels/ST/ST_net.tex.xbx,525,77825570,128,128,1
levels/ST/ST_net.tex.xbx,526,be599070,128,128,1
levels/ST/ST_net.tex.xbx,527,e9b12a2c,128,128,1
levels/ST/ST_net.tex.xbx,528,1b3edc18,128,128,1
levels/ST/ST_net.tex.xbx,529,d76f69e4,128,128,5
levels/ST/ST_net.tex.xbx,530,689e2b60,128,64,5
levels/ST/ST_net.tex.xbx,531,f8af02bc,128,64,5
levels/ST/ST_net.tex.xbx,532,5b938fe4,128,64,5
levels/ST/ST_net.tex.xbx,533,d1b8c7e8,128,64,5
levels/ST/ST_net.tex.xbx,534,1ff245e8,128,64,5
levels/ST/ST_net.tex.xbx,535,df938380,128,64,5
levels/ST/ST_net.tex.xbx,536,4f224c9c,128,64,5
levels/ST/ST_net.tex.xbx,537,ec3dc0c4,128,64,5
levels/ST/ST_net.tex.xbx,538,7678e908,128,64,5
levels/ST/ST_net.tex.xbx,539,f83f0b08,128,64,5
levels/ST/ST_net.tex.xbx,540,8e8b7e2c,128,64,5
levels/ST/ST_net.tex.xbx,541,1ec04970,128,64,5
levels/ST/ST_net.tex.xbx,542,35d4c918,128,64,5
levels/ST/ST_net.tex.xbx,543,ab75f534,128,64,5
levels/ST/ST_net.tex.xbx,544,45de1734,128,64,5
levels/ST/ST_net.tex.xbx,545,b943324c,128,64,5
levels/ST/ST_net.tex.xbx,546,296e0750,128,64,5
levels/ST/ST_net.tex.xbx,547,125985f8,128,64,5
levels/ST/ST_net.tex.xbx,548,9c58ba54,128,64,5
levels/ST/ST_net.tex.xbx,549,d1f03854,128,64,5
levels/ST/ST_net.tex.xbx,550,f54f8604,128,64,5
levels/ST/ST_net.tex.xbx,551,7d7aba48,128,64,5
levels/ST/ST_net.tex.xbx,552,a6653240,128,64,5
levels/ST/ST_net.tex.xbx,553,1864075c,128,64,5
levels/ST/ST_net.tex.xbx,554,d5e3fd5c,128,64,5
levels/ST/ST_net.tex.xbx,555,227ec924,128,64,5
levels/ST/ST_net.tex.xbx,556,9ab3f528,128,64,5
levels/ST/ST_net.tex.xbx,557,71c97e20,128,64,5
levels/ST/ST_net.tex.xbx,558,ff6a497c,128,64,5
levels/ST/ST_net.tex.xbx,559,71eab37c,128,64,5
levels/ST/ST_net.tex.xbx,560,c1485920,128,128,5
levels/ST/ST_net.tex.xbx,561,91c1f584,128,32,1
levels/ST/ST_net.tex.xbx,562,7abdfe38,64,32,1
levels/ST/ST_net.tex.xbx,563,f09fb210,128,64,5
levels/ST/ST_net.tex.xbx,564,c5634070,64,64,5
levels/ST/ST_net.tex.xbx,565,f56cc128,32,32,5
levels/ST/ST_net.tex.xbx,566,b80cfe68,32,32,5
levels/ST/ST_net.tex.xbx,567,28e26bfc,64,16,5
levels/ST/ST_net.tex.xbx,568,6feb7ac4,128,16,5
levels/ST/ST_net.tex.xbx,569,00e95cd8,64,64,5
levels/ST/ST_net.tex.xbx,570,f42dede0,64,32,5
levels/ST/ST_net.tex.xbx,571,5adcd268,32,64,5
levels/ST/ST_net.tex.xbx,572,452d6584,64,64,5
levels/ST/ST_net.tex.xbx,573,6aec1048,128,128,1
levels/ST/ST_net.tex.xbx,574,2b067650,16,16,1
levels/ST/ST_net.tex.xbx,575,9235613c,32,32,5
levels/ST/ST_net.tex.xbx,576,6674e874,128,32,5
levels/ST/ST_net.tex.xbx,577,55f50590,128,32,1
levels/ST/ST_net.tex.xbx,578,46b5a114,32,32,5
levels/ST/ST_net.tex.xbx,579,d97de1d4,128,128,5
levels/ST/ST_net.tex.xbx,580,4c0cebd8,128,128,1
levels/ST/ST_net.tex.xbx,581,89b18ba8,64,64,5
levels/ST/ST_net.tex.xbx,582,5bf1511c,128,64,5
levels/ST/ST_net.tex.xbx,583,2aa8cca8,128,64,5
levels/ST/ST_net.tex.xbx,584,b390ab04,128,64,5
levels/ST/ST_net.tex.xbx,585,d1f3c978,64,64,5
levels/ST/ST_net.tex.xbx,586,b9c732a4,64,64,5
levels/ST/ST_net.tex.xbx,587,43a7eeb4,128,128,5
levels/ST/ST_net.tex.xbx,588,434fbec4,64,64,5
levels/ST/ST_net.tex.xbx,589,8e503a58,128,64,5
levels/ST/ST_net.tex.xbx,590,8021ef80,64,64,5
levels/ST/ST_net.tex.xbx,591,cbc0e7f4,8,128,1
levels/ST/ST_net.tex.xbx,592,174b21b0,128,128,1
levels/ST/ST_net.tex.xbx,593,b7b8ef60,128,128,5
levels/ST/ST_net.tex.xbx,594,60b38938,64,64,1
levels/ST/ST_net.tex.xbx,595,05921c14,128,128,1
levels/ST/ST_net.tex.xbx,596,ab6ce014,64,32,5
levels/ST/ST_net.tex.xbx,597,33860664,64,32,5
levels/ST/ST_net.tex.xbx,598,57d5fdc8,128,64,5
levels/ST/ST_net.tex.xbx,599,e8337a0c,128,128,1
levels/ST/ST_net.tex.xbx,600,79590bac,64,128,5
levels/ST/ST_net.tex.xbx,601,0ecc2248,32,64,5
levels/ST/ST_net.tex.xbx,602,1f1f2bf0,16,16,5
levels/ST/ST_net.tex.xbx,603,950c9544,64,64,5
levels/ST/ST_net.tex.xbx,604,2bfcc53c,32,32,5
levels/ST/ST_net.tex.xbx,605,af0fac80,32,32,5
levels/ST/ST_net.tex.xbx,606,cb98a5ac,64,128,5
levels/ST/ST_net.tex.xbx,607,95c6bda8,32,64,1
levels/ST/ST_net.tex.xbx,608,98adeff0,32,32,1
levels/ST/ST_net.tex.xbx,609,ddd78690,32,64,5
levels/ST/ST_net.tex.xbx,610,3a236398,16,32,1
levels/ST/ST_net.tex.xbx,611,00d7218c,128,128,5
levels/ST/ST_net.tex.xbx,612,5dc664f8,256,128,5
levels/ST/ST_net.tex.xbx,613,dffde480,64,64,5
levels/ST/ST_net.tex.xbx,614,56e780b0,32,32,5
levels/ST/ST_net.tex.xbx,615,1264e7b8,128,128,5
levels/ST/ST_net.tex.xbx,616,efe50c24,128,128,2
levels/ST/ST_net.tex.xbx,617,92564170,64,64,2
levels/ST/ST_net.tex.xbx,618,d2811800,64,64,5
levels/ST/ST_net.tex.xbx,619,a8c2fca8,64,64,5
levels/ST/ST_net.tex.xbx,620,743849fc,64,64,5
levels/ST/ST_net.tex.xbx,621,1887d3a4,64,64,5
levels/ST/ST_net.tex.xbx,622,dd53c8a4,64,64,5
levels/ST/ST_net.tex.xbx,623,bd24b06c,64,64,1
levels/ST/ST_net.tex.xbx,624,1c219f6c,32,32,1
levels/ST/ST_net.tex.xbx,625,aea1de30,32,32,1
levels/ST/ST_net.tex.xbx,626,4a39a330,128,16,1
levels/ST/ST_net.tex.xbx,627,3f58dcd4,128,64,5
levels/ST/ST_net.tex.xbx,628,1e9109ec,128,64,5
levels/ST/ST_net.tex.xbx,629,307c9390,128,64,5
levels/ST/ST_net.tex.xbx,630,fe5c0848,128,128,5
levels/ST/ST_net.tex.xbx,631,283d1c38,64,64,1
levels/ST/ST_net.tex.xbx,632,5779aa68,32,32,1
levels/ST/ST_net.tex.xbx,633,6f02a7e8,32,64,1
levels/ST/ST_net.tex.xbx,634,7135d124,64,32,1
levels/ST/ST_net.tex.xbx,635,7a139494,32,32,5
levels/ST/ST_net.tex.xbx,636,8ccecd90,128,64,5
levels/ST/ST_net.tex.xbx,637,61416914,128,64,5
levels/ST/ST_net.tex.xbx,638,4148e5e0,128,64,5
levels/ST/ST_net.tex.xbx,639,72ee3410,128,128,5
levels/ST/ST_net.tex.xbx,640,03a636a8,128,64,1
levels/ST_Sky/ST_Sky.tex.xbx,0,ec42ac18,128,128,1
levels/ST_Sky/ST_Sky.tex.xbx,1,8de2ed18,128,128,1
levels/ST_Sky/ST_Sky.tex.xbx,2,6273e434,128,128,1
levels/ST_Sky/ST_Sky.tex.xbx,3,b0fe2570,128,128,1
levels/ST_Sky/ST_Sky_net.tex.xbx,0,ec42ac18,128,128,1
levels/ST_Sky/ST_Sky_net.tex.xbx,1,8de2ed18,128,128,1
levels/ST_Sky/ST_Sky_net.tex.xbx,2,6273e434,128,128,1
levels/ST_Sky/ST_Sky_net.tex.xbx,3,b0fe2570,128,128,1
levels/Sk5Ed/Sk5Ed.tex.xbx,0,61ef1888,128,128,1
levels/Sk5Ed/Sk5Ed.tex.xbx,1,65ade720,64,128,1
levels/Sk5Ed/Sk5Ed.tex.xbx,2,194ca3f8,128,64,5
levels/Sk5Ed/Sk5Ed.tex.xbx,3,019d95b8,64,64,1
levels/Sk5Ed/Sk5Ed.tex.xbx,4,8b569668,32,32,5
levels/Sk5Ed/Sk5Ed.tex.xbx,5,09163644,32,32,5
levels/Sk5Ed/Sk5Ed.tex.xbx,6,d0f40808,64,64,1
levels/Sk5Ed/Sk5Ed.tex.xbx,7,dc37aeb4,64,64,5
levels/Sk5Ed/Sk5Ed.tex.xbx,8,731f5ef0,64,64,5
levels/Sk5Ed/Sk5Ed.tex.xbx,9,078917bc,64,64,5
levels/Sk5Ed/Sk5Ed.tex.xbx,10,45bda61c,64,32,1
levels/Sk5Ed/Sk5Ed.tex.xbx,11,470ea6c0,64,128,1
levels/Sk5Ed/Sk5Ed.tex.xbx,12,cc107458,128,128,5
levels/Sk5Ed/Sk5Ed.tex.xbx,13,1785f7b0,128,128,5
levels/Sk5Ed/Sk5Ed.tex.xbx,14,8cc4a5c0,32,32,5
levels/Sk5Ed/Sk5Ed.tex.xbx,15,7c3addb4,128,128,1
levels/Sk5Ed/Sk5Ed.tex.xbx,16,ffb9903c,128,128,1
levels/Sk5Ed/Sk5Ed.tex.xbx,17,1146f668,128,128,1
levels/Sk5Ed/Sk5Ed.tex.xbx,18,a61d0a5c,128,128,1
levels/Sk5Ed/Sk5Ed.tex.xbx,19,4e9e72d0,128,128,1
levels/Sk5Ed/Sk5Ed.tex.xbx,20,abdfa49c,128,128,1
levels/Sk5Ed/Sk5Ed.tex.xbx,21,9ffbbce0,64,16,1
levels/Sk5Ed/Sk5Ed.tex.xbx,22,4e867c64,64,32,1
levels/Sk5Ed/Sk5Ed.tex.xbx,23,2a85c13c,128,128,1
levels/Sk5Ed/Sk5Ed.tex.xbx,24,93edb380,64,32,1
levels/Sk5Ed/Sk5Ed.tex.xbx,25,f8fafbb4,64,128,1
levels/Sk5Ed/Sk5Ed.tex.xbx,26,2b6d6064,128,64,1
levels/Sk5Ed/Sk5Ed.tex.xbx,27,ccd12248,128,128,1
levels/Sk5Ed/Sk5Ed.tex.xbx,28,6bac33f8,128,128,1
levels/Sk5Ed/Sk5Ed.tex.xbx,29,da885524,128,64,1
levels/Sk5Ed/Sk5Ed.tex.xbx,30,6f1035c0,16,16,1
levels/Sk5Ed/Sk5Ed.tex.xbx,31,26b6ce48,32,32,1
levels/Sk5Ed/Sk5Ed.tex.xbx,32,21139534,128,128,1
levels/Sk5Ed/Sk5Ed.tex.xbx,33,cca0f470,128,128,1
levels/Sk5Ed/Sk5Ed.tex.xbx,34,44ac1d2c,128,128,1
levels/Sk5Ed/Sk5Ed.tex.xbx,35,614c4c20,32,32,1
levels/Sk5Ed/Sk5Ed.tex.xbx,36,8cc1aa24,32,16,1
levels/Sk5Ed/Sk5Ed.tex.xbx,37,6a885f40,16,32,2
levels/Sk5Ed/Sk5Ed.tex.xbx,38,d17d237c,64,64,1
levels/Sk5Ed/Sk5Ed.tex.xbx,39,b9063114,32,32,5
levels/Sk5Ed/Sk5Ed.tex.xbx,40,f829285c,128,128,1
levels/Sk5Ed/Sk5Ed.tex.xbx,41,98c837b4,64,64,5
levels/Sk5Ed/Sk5Ed.tex.xbx,42,99f7bd5c,32,128,5
levels/Sk5Ed/Sk5Ed.tex.xbx,43,be39594c,128,128,1
levels/Sk5Ed/Sk5Ed.tex.xbx,44,285deef4,128,128,1
levels/Sk5Ed/Sk5Ed.tex.xbx,45,5a2595a8,64,128,1
levels/Sk5Ed/Sk5Ed.tex.xbx,46,a6b17970,128,256,1
levels/Sk5Ed/Sk5Ed.tex.xbx,47,820cdae0,32,128,1
levels/Sk5Ed/Sk5Ed.tex.xbx,48,89a18f20,128,256,1
levels/Sk5Ed/Sk5Ed.tex.xbx,49,d2ffb90c,64,32,1
levels/Sk5Ed/Sk5Ed.tex.xbx,50,dccc3bd0,32,32,1
levels/Sk5Ed/Sk5Ed.tex.xbx,51,45e7b778,8,64,1
levels/Sk5Ed/Sk5Ed.tex.xbx,52,3c61b9f8,128,64,5
levels/Sk5Ed/Sk5Ed.tex.xbx,53,6021d188,32,32,5
levels/Sk5Ed/Sk5Ed.tex.xbx,54,53392af0,32,128,1
levels/Sk5Ed/Sk5Ed.tex.xbx,55,7a2a2c50,128,128,1
levels/Sk5Ed/Sk5Ed.tex.xbx,56,762b60b0,128,64,1
levels/Sk5Ed/Sk5Ed.tex.xbx,57,6aa0a8f4,128,64,1
levels/Sk5Ed/Sk5Ed.tex.xbx,58,81c6cbb4,32,64,1
levels/Sk5Ed/Sk5Ed.tex.xbx,59,678929a4,64,64,1
levels/Sk5Ed/Sk5Ed.tex.xbx,60,91b59f50,128,128,5
levels/Sk5Ed/Sk5Ed.tex.xbx,61,0d092ef8,128,128,5
levels/Sk5Ed/Sk5Ed.tex.xbx,62,1b96ca4c,128,128,5
levels/Sk5Ed/Sk5Ed.tex.xbx,63,7cebfad8,128,128,1
levels/Sk5Ed/Sk5Ed.tex.xbx,64,88763b6c,128,128,1
levels/Sk5Ed/Sk5Ed.tex.xbx,65,044ac6f4,64,64,1
levels/Sk5Ed/Sk5Ed.tex.xbx,66,910e9fc4,64,64,1
levels/Sk5Ed/Sk5Ed.tex.xbx,67,f9645bfc,64,64,1
levels/Sk5Ed/Sk5Ed.tex.xbx,68,73e309c8,64,64,1
levels/Sk5Ed/Sk5Ed.tex.xbx,69,c45eddd8,128,32,1
levels/Sk5Ed/Sk5Ed.tex.xbx,70,7818ce70,64,64,1
levels/Sk5Ed/Sk5Ed.tex.xbx,71,ebddb98c,64,64,1
levels/Sk5Ed/Sk5Ed.tex.xbx,72,8135c9b0,128,32,5
levels/Sk5Ed/Sk5Ed.tex.xbx,73,f0169e6c,128,128,1
levels/Sk5Ed/Sk5Ed.tex.xbx,74,206f3910,64,64,1
levels/Sk5Ed/Sk5Ed.tex.xbx,75,b0d62b30,64,64,5
levels/Sk5Ed/Sk5Ed.tex.xbx,76,087eb264,64,128,1
levels/Sk5Ed/Sk5Ed.tex.xbx,77,8b8c2764,128,256,1
levels/Sk5Ed/Sk5Ed.tex.xbx,78,53c0eb2c,128,64,1
levels/Sk5Ed/Sk5Ed.tex.xbx,79,824e8b18,128,64,1
levels/Sk5Ed/Sk5Ed.tex.xbx,80,cb2f1214,64,64,2
levels/Sk5Ed/Sk5Ed.tex.xbx,81,d71b3ac0,32,32,2
levels/Sk5Ed/Sk5Ed.tex.xbx,82,22a57b84,32,32,1
levels/Sk5Ed/Sk5Ed.tex.xbx,83,47b63f9c,64,32,5
levels/Sk5Ed/Sk5Ed.tex.xbx,84,e4217060,128,64,1
levels/Sk5Ed/Sk5Ed.tex.xbx,85,1593d5e4,32,32,1
levels/Sk5Ed/Sk5Ed.tex.xbx,86,879f01e8,64,64,1
levels/Sk5Ed/Sk5Ed.tex.xbx,87,ddff15f0,64,64,5
levels/Sk5Ed/Sk5Ed.tex.xbx,88,e384e5f8,32,32,5
levels/Sk5Ed/Sk5Ed.tex.xbx,89,a4b247d8,128,128,1
levels/Sk5Ed/Sk5Ed.tex.xbx,90,ff8fda94,64,32,1
levels/Sk5Ed/Sk5Ed.tex.xbx,91,3cdbc38c,256,256,1
levels/Sk5Ed/Sk5Ed.tex.xbx,92,06da7698,64,16,1
levels/Sk5Ed/Sk5Ed.tex.xbx,93,20e0fe98,128,128,1
levels/Sk5Ed/Sk5Ed.tex.xbx,94,94fac79c,128,128,1
levels/Sk5Ed/Sk5Ed.tex.xbx,95,1c79d9dc,128,64,1
levels/Sk5Ed/Sk5Ed.tex.xbx,96,208339f4,64,32,1
levels/Sk5Ed/Sk5Ed.tex.xbx,97,05a47aac,256,256,1
levels/Sk5Ed/Sk5Ed.tex.xbx,98,a5a2eb1c,128,128,1
levels/Sk5Ed/Sk5Ed.tex.xbx,99,8497f150,16,16,1
levels/Sk5Ed/Sk5Ed.tex.xbx,100,ee892084,128,256,1
levels/Sk5Ed/Sk5Ed.tex.xbx,101,14857d50,64,64,1
levels/Sk5Ed/Sk5Ed.tex.xbx,102,c00fc954,64,64,2
levels/Sk5Ed/Sk5Ed.tex.xbx,103,bfaf416c,128,128,1
levels/Sk5Ed/Sk5Ed.tex.xbx,104,b60a55c8,64,64,5
levels/Sk5Ed/Sk5Ed.tex.xbx,105,69dffddc,128,128,5
levels/Sk5Ed/Sk5Ed.tex.xbx,106,955530c0,128,128,5
levels/Sk5Ed/Sk5Ed.tex.xbx,107,7619f7f4,128,128,5
levels/Sk5Ed/Sk5Ed.tex.xbx,108,f883c264,32,16,5
levels/Sk5Ed/Sk5Ed.tex.xbx,109,7fd1c064,128,128,5
levels/Sk5Ed/Sk5Ed.tex.xbx,110,1d7408dc,128,128,5
levels/Sk5Ed/Sk5Ed.tex.xbx,111,065f8484,128,128,5
levels/Sk5Ed/Sk5Ed.tex.xbx,112,36bdbf4c,128,128,5
levels/Sk5Ed/Sk5Ed.tex.xbx,113,5b994a3c,32,16,5
levels/Sk5Ed/Sk5Ed.tex.xbx,114,f4d531c0,128,128,1
levels/Sk5Ed/Sk5Ed.tex.xbx,115,8a6aef84,128,64,1
levels/Sk5Ed/Sk5Ed.tex.xbx,116,c68c8850,128,32,1
levels/Sk5Ed/Sk5Ed.tex.xbx,117,40ca9584,128,128,5
levels/Sk5Ed/Sk5Ed.tex.xbx,118,a311ccf4,128,128,1
levels/Sk5Ed/Sk5Ed.tex.xbx,119,9ef596c0,64,16,5
levels/Sk5Ed/Sk5Ed.tex.xbx,120,02ca26c8,64,64,5
levels/Sk5Ed/Sk5Ed.tex.xbx,121,9538176c,128,128,1
levels/Sk5Ed/Sk5Ed.tex.xbx,122,27319c68,128,64,1
levels/Sk5Ed/Sk5Ed.tex.xbx,123,3a038128,64,64,1
levels/Sk5Ed/Sk5Ed.tex.xbx,124,96783000,16,16,1
levels/Sk5Ed/Sk5Ed.tex.xbx,125,6ef42da4,128,128,1
levels/Sk5Ed/Sk5Ed.tex.xbx,126,f2f03574,128,32,1
levels/Sk5Ed/Sk5Ed.tex.xbx,127,a381dba0,128,128,1
levels/Sk5Ed/Sk5Ed.tex.xbx,128,9d3c4f3c,32,32,1
levels/Sk5Ed/Sk5Ed.tex.xbx,129,b3baeb5c,128,128,1
levels/Sk5Ed/Sk5Ed.tex.xbx,130,f2a5666c,64,64,5
levels/Sk5Ed/Sk5Ed.tex.xbx,131,a3ae9cbc,32,32,1
levels/Sk5Ed/Sk5Ed.tex.xbx,132,13fc3bcc,64,32,1
levels/Sk5Ed/Sk5Ed.tex.xbx,133,a3d214ac,128,128,1
levels/Sk5Ed/Sk5Ed.tex.xbx,134,8bb3cc8c,128,128,5
levels/Sk5Ed/Sk5Ed.tex.xbx,135,6b22195c,128,128,1
levels/Sk5Ed/Sk5Ed.tex.xbx,136,ea856668,128,128,1
levels/Sk5Ed/Sk5Ed.tex.xbx,137,d19a75e0,32,32,5
levels/Sk5Ed/Sk5Ed.tex.xbx,138,4027c364,64,64,5
levels/Sk5Ed/Sk5Ed.tex.xbx,139,3100ba58,64,128,1
levels/Sk5Ed/Sk5Ed.tex.xbx,140,def447d4,8,8,5
levels/Sk5Ed/Sk5Ed.tex.xbx,141,8409bab0,32,32,1
levels/Sk5Ed/Sk5Ed.tex.xbx,142,cbf80e28,32,32,5
levels/Sk5Ed/Sk5Ed.tex.xbx,143,f6b4c704,64,64,1
levels/Sk5Ed/Sk5Ed.tex.xbx,144,14bb29ac,64,64,1
levels/Sk5Ed/Sk5Ed.tex.xbx,145,1b5f90b8,32,64,1
levels/Sk5Ed/Sk5Ed.tex.xbx,146,cbc37c70,128,32,2
levels/Sk5Ed/Sk5Ed.tex.xbx,147,6ec91a4c,32,64,5
levels/Sk5Ed/Sk5Ed.tex.xbx,148,393d496c,32,32,5
levels/Sk5Ed/Sk5Ed.tex.xbx,149,6ead0784,32,32,5
levels/Sk5Ed/Sk5Ed.tex.xbx,150,bf21b6dc,32,32,5
levels/Sk5Ed/Sk5Ed.tex.xbx,151,1f46073c,64,64,1
levels/Sk5Ed/Sk5Ed.tex.xbx,152,acf4281c,16,64,2
levels/Sk5Ed/Sk5Ed.tex.xbx,153,930417dc,64,64,2
levels/Sk5Ed/Sk5Ed.tex.xbx,154,dd0ea9a0,32,64,1
levels/Sk5Ed/Sk5Ed.tex.xbx,155,dfa9d6d0,32,32,1
levels/Sk5Ed/Sk5Ed.tex.xbx,156,f199df38,64,32,1
levels/Sk5Ed/Sk5Ed.tex.xbx,157,7007e6ec,64,64,1
levels/Sk5Ed/Sk5Ed.tex.xbx,158,4bc9df3c,128,32,1
levels/Sk5Ed/Sk5Ed.tex.xbx,159,a34b6348,64,128,5
levels/Sk5Ed/Sk5Ed.tex.xbx,160,1feac500,128,128,5
levels/Sk5Ed/Sk5Ed.tex.xbx,161,f1750144,128,128,1
levels/Sk5Ed/Sk5Ed.tex.xbx,162,030f983c,128,128,5
levels/Sk5Ed/Sk5Ed.tex.xbx,163,0899ace8,64,64,5
levels/Sk5Ed/Sk5Ed.tex.xbx,164,2de69b04,128,128,5
levels/Sk5Ed/Sk5Ed.tex.xbx,165,32f037ec,128,128,5
levels/Sk5Ed/Sk5Ed.tex.xbx,166,4a950000,128,128,5
levels/Sk5Ed/Sk5Ed.tex.xbx,167,628e9e48,128,128,5
levels/Sk5Ed/Sk5Ed.tex.xbx,168,d369a7e8,128,64,5
levels/Sk5Ed/Sk5Ed.tex.xbx,169,709f78e8,128,128,5
levels/Sk5Ed/Sk5Ed.tex.xbx,170,2ca10560,128,64,5
levels/Sk5Ed/Sk5Ed.tex.xbx,171,0ad635d8,128,64,5
levels/Sk5Ed/Sk5Ed.tex.xbx,172,f1ca69f4,128,64,1
levels/Sk5Ed/Sk5Ed.tex.xbx,173,8e79ffd0,128,64,5
levels/Sk5Ed/Sk5Ed.tex.xbx,174,3cf127f0,128,64,5
levels/Sk5Ed/Sk5Ed.tex.xbx,175,19f5cdac,64,64,5
levels/Sk5Ed/Sk5Ed.tex.xbx,176,b3c4516c,64,128,5
levels/Sk5Ed/Sk5Ed.tex.xbx,177,86525c78,32,64,5
levels/Sk5Ed/Sk5Ed.tex.xbx,178,b6a4a570,32,32,5
levels/Sk5Ed/Sk5Ed.tex.xbx,179,6377a6b8,64,32,5
levels/Sk5Ed/Sk5Ed.tex.xbx,180,d2f21afc,128,128,1
levels/Sk5Ed/Sk5Ed.tex.xbx,181,013b94ac,32,32,5
levels/Sk5Ed/Sk5Ed.tex.xbx,182,479889ac,16,32,5
levels/Sk5Ed/Sk5Ed.tex.xbx,183,7010bcf0,32,32,5
levels/Sk5Ed/Sk5Ed.tex.xbx,184,b3b65ee8,128,128,1
levels/Sk5Ed/Sk5Ed.tex.xbx,185,7b07bdf0,64,64,1
levels/Sk5Ed/Sk5Ed.tex.xbx,186,1bcf6434,32,32,1
levels/Sk5Ed/Sk5Ed.tex.xbx,187,2f4b6138,128,128,2
levels/Sk5Ed/Sk5Ed.tex.xbx,188,6b5ce470,32,8,1
levels/Sk5Ed/Sk5Ed.tex.xbx,189,e47eb55c,32,8,2
levels/Sk5Ed/Sk5Ed.tex.xbx,190,3815b9ac,32,32,5
levels/Sk5Ed/Sk5Ed.tex.xbx,191,00ee3a9c,64,64,2
levels/Sk5Ed/Sk5Ed.tex.xbx,192,99cf2534,64,16,1
levels/Sk5Ed/Sk5Ed.tex.xbx,193,f3a2f440,64,64,1
levels/Sk5Ed/Sk5Ed.tex.xbx,194,bfd54cc8,128,128,1
levels/Sk5Ed/Sk5Ed.tex.xbx,195,d49a4d5c,64,64,1
levels/Sk5Ed/Sk5Ed.tex.xbx,196,99d6c7c0,128,128,1
levels/Sk5Ed/Sk5Ed.tex.xbx,197,11c36684,64,32,5
levels/Sk5Ed/Sk5Ed.tex.xbx,198,657f7c24,64,32,5
levels/Sk5Ed/Sk5Ed.tex.xbx,199,d077a794,128,64,5
levels/Sk5Ed/Sk5Ed.tex.xbx,200,ae43b800,128,128,1
levels/Sk5Ed/Sk5Ed.tex.xbx,201,039073d0,64,64,5
levels/Sk5Ed/Sk5Ed.tex.xbx,202,2995e750,128,128,5
levels/Sk5Ed/Sk5Ed.tex.xbx,203,d0be1c50,128,128,5
levels/Sk5Ed/Sk5Ed.tex.xbx,204,f505c5d4,128,128,1
levels/Sk5Ed/Sk5Ed.tex.xbx,205,424bda54,128,128,5
levels/Sk5Ed/Sk5Ed.tex.xbx,206,1355e030,128,128,5
levels/Sk5Ed/Sk5Ed.tex.xbx,207,ee0bddd0,128,128,5
levels/Sk5Ed/Sk5Ed.tex.xbx,208,f2536480,64,32,1
levels/Sk5Ed/Sk5Ed.tex.xbx,209,053edf88,16,16,5
levels/Sk5Ed/Sk5Ed.tex.xbx,210,b51aff54,64,64,1
levels/Sk5Ed/Sk5Ed.tex.xbx,211,69904750,16,32,1
levels/Sk5Ed/Sk5Ed.tex.xbx,212,f3fb4d00,128,128,1
levels/Sk5Ed/Sk5Ed.tex.xbx,213,b06e6200,64,128,5
levels/Sk5Ed/Sk5Ed.tex.xbx,214,a88b6c10,32,64,5
levels/Sk5Ed/Sk5Ed.tex.xbx,215,92196724,128,64,5
levels/Sk5Ed/Sk5Ed.tex.xbx,216,e59cad3c,64,64,1
levels/Sk5Ed/Sk5Ed.tex.xbx,217,2567c8c0,128,64,1
levels/Sk5Ed/Sk5Ed.tex.xbx,218,f6ccb978,64,32,1
levels/Sk5Ed/Sk5Ed.tex.xbx,219,737d27d4,32,8,1
levels/Sk5Ed/Sk5Ed.tex.xbx,220,85aa29cc,128,128,5
levels/Sk5Ed/Sk5Ed.tex.xbx,221,a0489a20,64,64,5
levels/Sk5Ed/Sk5Ed.tex.xbx,222,f6e56e48,128,64,5
levels/Sk5Ed/Sk5Ed.tex.xbx,223,8a39f648,32,32,1
levels/Sk5Ed/Sk5Ed.tex.xbx,224,705b5704,64,128,2
levels/Sk5Ed/Sk5Ed.tex.xbx,225,ddb55de4,32,64,5
levels/Sk5Ed/Sk5Ed.tex.xbx,226,c36fe198,32,32,5
levels/Sk5Ed/Sk5Ed.tex.xbx,227,39519544,64,64,5
levels/Sk5Ed/Sk5Ed.tex.xbx,228,284de6f8,8,16,5
levels/Sk5Ed/Sk5Ed.tex.xbx,229,5adeef18,64,64,1
levels/Sk5Ed/Sk5Ed.tex.xbx,230,9094dac8,32,64,5
levels/Sk5Ed/Sk5Ed.tex.xbx,231,3c3c1f74,64,32,5
levels/Sk5Ed/Sk5Ed.tex.xbx,232,5c072edc,64,128,5
levels/Sk5Ed/Sk5Ed.tex.xbx,233,08b77768,16,8,5
levels/Sk5Ed/Sk5Ed.tex.xbx,234,00b9a384,64,128,5
levels/Sk5Ed/Sk5Ed.tex.xbx,235,565fbd70,64,64,1
levels/Sk5Ed/Sk5Ed.tex.xbx,236,5bcbb414,128,128,1
levels/Sk5Ed/Sk5Ed.tex.xbx,237,ea10ec20,64,64,1
levels/Sk5Ed/Sk5Ed.tex.xbx,238,a3be20b0,64,64,5
levels/Sk5Ed/Sk5Ed.tex.xbx,239,cd1b2f50,128,128,1
levels/Sk5Ed/Sk5Ed.tex.xbx,240,23f84760,128,128,1
levels/Sk5Ed/Sk5Ed.tex.xbx,241,78388c68,128,128,1
levels/Sk5Ed/Sk5Ed.tex.xbx,242,fbeea01c,64,128,1
levels/Sk5Ed/Sk5Ed.tex.xbx,243,fd049254,64,64,1
levels/Sk5Ed/Sk5Ed.tex.xbx,244,2b8f3450,32,64,1
levels/Sk5Ed/Sk5Ed.tex.xbx,245,dfdbcee8,16,16,1
levels/Sk5Ed/Sk5Ed.tex.xbx,246,dcaa53f0,128,128,5
levels/Sk5Ed/Sk5Ed.tex.xbx,247,fca3fa38,128,128,5
levels/Sk5Ed/Sk5Ed.tex.xbx,248,4e37b2b4,128,128,1
levels/Sk5Ed/Sk5Ed.tex.xbx,249,4dd13b38,128,128,5
levels/Sk5Ed/Sk5Ed.tex.xbx,250,91811b98,128,128,1
levels/Sk5Ed/Sk5Ed.tex.xbx,251,81873328,16,32,5
levels/Sk5Ed/Sk5Ed.tex.xbx,252,34abe774,64,64,5
levels/Sk5Ed/Sk5Ed.tex.xbx,253,2de5f2d0,128,64,1
levels/Sk5Ed/Sk5Ed.tex.xbx,254,8c78eab8,64,64,1
levels/Sk5Ed/Sk5Ed.tex.xbx,255,f4680b60,16,16,1
levels/Sk5Ed/Sk5Ed.tex.xbx,256,247fca9c,128,128,1
levels/Sk5Ed/Sk5Ed.tex.xbx,257,76582bdc,64,64,5
levels/Sk5Ed/Sk5Ed.tex.xbx,258,52d9ade8,32,64,1
levels/Sk5Ed/Sk5Ed.tex.xbx,259,beb9f334,64,64,1
levels/Sk5Ed/Sk5Ed.tex.xbx,260,cfa160dc,128,32,1
levels/Sk5Ed/Sk5Ed.tex.xbx,261,122bb064,64,128,1
levels/Sk5Ed/Sk5Ed.tex.xbx,262,e8550190,64,128,1
levels/Sk5Ed/Sk5Ed.tex.xbx,263,c2472104,32,128,5
levels/Sk5Ed/Sk5Ed.tex.xbx,264,46feae44,128,128,5
levels/Sk5Ed/Sk5Ed.tex.xbx,265,8debf178,128,128,5
levels/Sk5Ed/Sk5Ed.tex.xbx,266,02865e78,32,32,1
levels/Sk5Ed/Sk5Ed.tex.xbx,267,9cc763b8,128,128,5
levels/Sk5Ed/Sk5Ed.tex.xbx,268,f8f8ea90,128,128,5
levels/Sk5Ed/Sk5Ed.tex.xbx,269,f1614840,128,64,5
levels/Sk5Ed/Sk5Ed.tex.xbx,270,7116e5f4,128,64,5
levels/Sk5Ed/Sk5Ed.tex.xbx,271,557d6388,128,128,5
levels/Sk5Ed/Sk5Ed.tex.xbx,272,4bafea34,128,128,1
levels/Sk5Ed/Sk5Ed.tex.xbx,273,43d9e48c,128,128,5
levels/Sk5Ed/Sk5Ed.tex.xbx,274,c14ac874,128,128,1
levels/Sk5Ed/Sk5Ed.tex.xbx,275,b34f820c,64,64,1
levels/Sk5Ed/Sk5Ed.tex.xbx,276,babc019c,128,128,1
levels/Sk5Ed/Sk5Ed.tex.xbx,277,e9b6a694,128,128,5
levels/Sk5Ed/Sk5Ed.tex.xbx,278,06f16f44,128,128,1
levels/Sk5Ed/Sk5Ed.tex.xbx,279,23f4d7c8,128,128,1
levels/Sk5Ed/Sk5Ed.tex.xbx,280,3083d758,32,32,1
levels/Sk5Ed/Sk5Ed.tex.xbx,281,494b1148,64,128,1
levels/Sk5Ed/Sk5Ed.tex.xbx,282,463ebd78,64,128,1
levels/Sk5Ed/Sk5Ed.tex.xbx,283,24868c14,128,128,5
levels/Sk5Ed/Sk5Ed.tex.xbx,284,7df52d7c,128,64,1
levels/Sk5Ed/Sk5Ed.tex.xbx,285,b268d2c0,128,128,1
levels/Sk5Ed/Sk5Ed.tex.xbx,286,fcc7579c,128,128,1
levels/Sk5Ed/Sk5Ed.tex.xbx,287,797d4598,128,128,1
levels/Sk5Ed/Sk5Ed.tex.xbx,288,9664aeac,128,128,1
levels/Sk5Ed/Sk5Ed.tex.xbx,289,85994f44,128,64,1
levels/Sk5Ed/Sk5Ed.tex.xbx,290,ad6e2028,128,128,1
levels/Sk5Ed/Sk5Ed.tex.xbx,291,0198936c,64,64,1
levels/Sk5Ed/Sk5Ed.tex.xbx,292,f0915e90,64,64,5
levels/Sk5Ed/Sk5Ed.tex.xbx,293,4ad3cd90,128,128,1
levels/Sk5Ed/Sk5Ed.tex.xbx,294,162ce334,128,128,5
levels/Sk5Ed/Sk5Ed.tex.xbx,295,948608c8,256,256,5
levels/Sk5Ed/Sk5Ed.tex.xbx,296,1c2dd908,64,128,5
levels/Sk5Ed/Sk5Ed.tex.xbx,297,01ee4314,64,64,1
levels/Sk5Ed/Sk5Ed.tex.xbx,298,e1d665fc,64,64,1
levels/Sk5Ed/Sk5Ed.tex.xbx,299,304ba0a8,64,64,1
levels/Sk5Ed/Sk5Ed.tex.xbx,300,f8eb0ca4,64,64,5
levels/Sk5Ed/Sk5Ed.tex.xbx,301,edf9fe68,64,64,1
levels/Sk5Ed/Sk5Ed.tex.xbx,302,be6ad7a4,128,64,5
levels/Sk5Ed/Sk5Ed.tex.xbx,303,0bc26cbc,64,64,1
levels/Sk5Ed/Sk5Ed.tex.xbx,304,955594fc,64,64,5
levels/Sk5Ed/Sk5Ed.tex.xbx,305,151832c0,128,128,1
levels/Sk5Ed/Sk5Ed.tex.xbx,306,1d7db7bc,128,64,5
levels/Sk5Ed/Sk5Ed.tex.xbx,307,c259d3d0,64,64,5
levels/Sk5Ed/Sk5Ed.tex.xbx,308,35295310,128,128,5
levels/Sk5Ed/Sk5Ed.tex.xbx,309,ba74be30,128,64,5
levels/Sk5Ed/Sk5Ed.tex.xbx,310,18354aec,128,128,1
levels/Sk5Ed/Sk5Ed.tex.xbx,311,a6b827dc,128,128,5
levels/Sk5Ed/Sk5Ed.tex.xbx,312,32d9e9ec,128,128,5
levels/Sk5Ed/Sk5Ed.tex.xbx,313,09be8374,128,128,5
levels/Sk5Ed/Sk5Ed.tex.xbx,314,6ee77874,32,64,5
levels/Sk5Ed/Sk5Ed.tex.xbx,315,c1d20bec,128,128,5
levels/Sk5Ed/Sk5Ed.tex.xbx,316,a56d8274,128,128,5
levels/Sk5Ed/Sk5Ed.tex.xbx,317,de4c4f58,128,128,5
levels/Sk5Ed/Sk5Ed.tex.xbx,318,fb30c330,128,128,5
levels/Sk5Ed/Sk5Ed.tex.xbx,319,5ae17c64,32,32,1
levels/Sk5Ed/Sk5Ed.tex.xbx,320,ef5316dc,64,64,5
levels/Sk5Ed/Sk5Ed.tex.xbx,321,77ecc8f0,64,64,5
levels/Sk5Ed/Sk5Ed.tex.xbx,322,a6b04b00,32,64,5
levels/Sk5Ed/Sk5Ed.tex.xbx,323,5c1d8e44,64,16,5
levels/Sk5Ed/Sk5Ed.tex.xbx,324,979fe67c,64,16,5
levels/Sk5Ed/Sk5Ed.tex.xbx,325,a6580ef0,64,64,5
levels/Sk5Ed/Sk5Ed.tex.xbx,326,9dc2b8a4,128,128,5
levels/Sk5Ed/Sk5Ed.tex.xbx,327,de038cc4,64,128,5
levels/Sk5Ed/Sk5Ed.tex.xbx,328,97a691c4,128,64,5
levels/Sk5Ed/Sk5Ed.tex.xbx,329,b0dc8f14,32,32,5
levels/Sk5Ed/Sk5Ed.tex.xbx,330,6bf4ce04,128,128,5
levels/Sk5Ed/Sk5Ed.tex.xbx,331,5b7b2580,128,128,5
levels/Sk5Ed/Sk5Ed.tex.xbx,332,c34b24f4,128,128,5
levels/Sk5Ed/Sk5Ed.tex.xbx,333,214a9f84,128,128,5
levels/Sk5Ed/Sk5Ed.tex.xbx,334,b5bfe6c0,128,128,5
levels/Sk5Ed/Sk5Ed.tex.xbx,335,b17f76c8,128,128,5
levels/Sk5Ed/Sk5Ed.tex.xbx,336,58aaa5c8,32,128,5
levels/Sk5Ed/Sk5Ed.tex.xbx,337,e56c12c8,128,128,5
levels/Sk5Ed/Sk5Ed.tex.xbx,338,39f966dc,16,16,1
levels/Sk5Ed/Sk5Ed.tex.xbx,339,c7cf10b0,128,128,5
levels/Sk5Ed/Sk5Ed.tex.xbx,340,b54f8e38,128,128,1
levels/Sk5Ed/Sk5Ed.tex.xbx,341,20c5280c,128,128,1
levels/Sk5Ed/Sk5Ed.tex.xbx,342,9b257370,64,32,1
levels/Sk5Ed/Sk5Ed.tex.xbx,343,9e185748,64,128,5
levels/Sk5Ed/Sk5Ed.tex.xbx,344,fe5bc4b8,128,128,5
levels/Sk5Ed/Sk5Ed.tex.xbx,345,fd980ddc,64,64,1
levels/Sk5Ed/Sk5Ed.tex.xbx,346,585af834,128,128,1
levels/Sk5Ed/Sk5Ed.tex.xbx,347,0e46b5d8,64,32,1
levels/Sk5Ed/Sk5Ed.tex.xbx,348,caa9e6a8,128,128,1
levels/Sk5Ed/Sk5Ed.tex.xbx,349,5b70fe9c,128,128,5
levels/Sk5Ed/Sk5Ed.tex.xbx,350,d84a4224,64,64,1
levels/Sk5Ed/Sk5Ed.tex.xbx,351,cded09c8,128,32,1
levels/Sk5Ed/Sk5Ed.tex.xbx,352,a831a490,128,128,5
levels/Sk5Ed/Sk5Ed.tex.xbx,353,59f63060,64,64,1
levels/Sk5Ed/Sk5Ed.tex.xbx,354,c4ebfe6c,32,32,1
levels/Sk5Ed/Sk5Ed.tex.xbx,355,5cbc5214,64,128,5
levels/Sk5Ed/Sk5Ed.tex.xbx,356,c58cd614,64,64,5
levels/Sk5Ed/Sk5Ed.tex.xbx,357,7fac85c4,16,16,5
levels/Sk5Ed/Sk5Ed.tex.xbx,358,08003840,16,64,5
levels/Sk5Ed/Sk5Ed.tex.xbx,359,6e374380,32,32,5
levels/Sk5Ed/Sk5Ed.tex.xbx,360,4fe90e48,64,64,1
levels/Sk5Ed/Sk5Ed.tex.xbx,361,8181f958,32,32,5
levels/Sk5Ed/Sk5Ed.tex.xbx,362,38f5b9e4,64,64,1
levels/Sk5Ed/Sk5Ed.tex.xbx,363,0c8c2ea0,128,64,5
levels/Sk5Ed/Sk5Ed.tex.xbx,364,aa680c60,64,128,1
levels/Sk5Ed/Sk5Ed.tex.xbx,365,344943bc,64,128,5
levels/Sk5Ed/Sk5Ed.tex.xbx,366,4d651bd8,64,128,5
levels/Sk5Ed/Sk5Ed.tex.xbx,367,1baf58f0,128,64,1
levels/Sk5Ed/Sk5Ed.tex.xbx,368,52a24de0,64,64,1
levels/Sk5Ed/Sk5Ed.tex.xbx,369,842cfb64,64,64,1
levels/Sk5Ed/Sk5Ed.tex.xbx,370,42f8ea64,64,64,1
levels/Sk5Ed/Sk5Ed.tex.xbx,371,7115fa5c,64,64,1
levels/Sk5Ed/Sk5Ed.tex.xbx,372,2052a320,32,16,1
levels/Sk5Ed/Sk5Ed.tex.xbx,373,c47feb0c,64,64,1
levels/Sk5Ed/Sk5Ed.tex.xbx,374,9fc17694,64,64,1
levels/Sk5Ed/Sk5Ed.tex.xbx,375,5c139188,64,64,1
levels/Sk5Ed/Sk5Ed.tex.xbx,376,48a03fec,128,128,5
levels/Sk5Ed/Sk5Ed.tex.xbx,377,acd06c50,64,64,5
levels/Sk5Ed/Sk5Ed.tex.xbx,378,00ab0000,64,64,1
levels/Sk5Ed/Sk5Ed.tex.xbx,379,323d9978,32,32,1
levels/Sk5Ed/Sk5Ed.tex.xbx,380,9ea6d090,32,32,1
levels/Sk5Ed/Sk5Ed.tex.xbx,381,d3762868,64,32,1
levels/Sk5Ed/Sk5Ed.tex.xbx,382,ae776e7c,8,32,1
levels/Sk5Ed/Sk5Ed.tex.xbx,383,4fd56e30,128,128,1
levels/Sk5Ed/Sk5Ed.tex.xbx,384,7f412518,128,128,1
levels/Sk5Ed/Sk5Ed.tex.xbx,385,5d4a0bc4,32,32,1
levels/Sk5Ed/Sk5Ed.tex.xbx,386,5d46db84,64,64,1
levels/Sk5Ed/Sk5Ed.tex.xbx,387,634fff1c,128,128,5
levels/Sk5Ed/Sk5Ed.tex.xbx,388,4f8c19a4,128,128,1
levels/Sk5Ed/Sk5Ed.tex.xbx,389,4c32a7fc,128,128,5
levels/Sk5Ed/Sk5Ed.tex.xbx,390,c101dfa0,64,128,5
levels/Sk5Ed/Sk5Ed.tex.xbx,391,eca772fc,64,64,5
levels/Sk5Ed/Sk5Ed.tex.xbx,392,28f59c40,32,32,1
levels/Sk5Ed/Sk5Ed.tex.xbx,393,091f8f60,64,64,1
levels/Sk5Ed/Sk5Ed.tex.xbx,394,d7aa36e4,64,64,5
levels/Sk5Ed/Sk5Ed.tex.xbx,395,3c9e48d8,128,128,1
levels/Sk5Ed/Sk5Ed.tex.xbx,396,ccd80c68,128,128,5
levels/Sk5Ed/Sk5Ed.tex.xbx,397,3d47b57c,128,64,5
levels/Sk5Ed/Sk5Ed.tex.xbx,398,9a7665dc,32,32,5
levels/Sk5Ed/Sk5Ed.tex.xbx,399,6c0423c8,128,128,1
levels/Sk5Ed/Sk5Ed.tex.xbx,400,4dfbd4e8,128,128,5
levels/Sk5Ed/Sk5Ed.tex.xbx,401,e795acd0,128,128,5
levels/Sk5Ed/Sk5Ed.tex.xbx,402,904a1638,128,128,5
levels/Sk5Ed/Sk5Ed.tex.xbx,403,d77a6c34,128,128,5
levels/Sk5Ed/Sk5Ed.tex.xbx,404,c67208a4,16,64,1
levels/Sk5Ed/Sk5Ed.tex.xbx,405,08090488,32,32,5
levels/Sk5Ed/Sk5Ed.tex.xbx,406,4a3a2504,64,64,5
levels/Sk5Ed/Sk5Ed.tex.xbx,407,1e7a8858,32,64,1
levels/Sk5Ed/Sk5Ed.tex.xbx,408,ab466af4,32,32,5
levels/Sk5Ed/Sk5Ed.tex.xbx,409,818e0e6c,128,128,5
levels/Sk5Ed/Sk5Ed.tex.xbx,410,9645ca90,32,32,1
levels/Sk5Ed/Sk5Ed.tex.xbx,411,680ee83c,128,16,5
levels/Sk5Ed/Sk5Ed.tex.xbx,412,a550c410,32,128,1
levels/Sk5Ed/Sk5Ed.tex.xbx,413,8db88aec,64,64,1
levels/Sk5Ed/Sk5Ed.tex.xbx,414,b23f4680,32,64,5
levels/Sk5Ed/Sk5Ed.tex.xbx,415,7970a308,64,64,5
levels/Sk5Ed/Sk5Ed.tex.xbx,416,30c30594,64,64,5
levels/Sk5Ed/Sk5Ed.tex.xbx,417,4d194e5c,64,64,1
levels/Sk5Ed/Sk5Ed.tex.xbx,418,2d7b8c0c,64,32,5
levels/Sk5Ed/Sk5Ed.tex.xbx,419,cc04f86c,128,128,1
levels/Sk5Ed/Sk5Ed.tex.xbx,420,7b26c5b8,128,128,1
levels/Sk5Ed/Sk5Ed.tex.xbx,421,c770dd88,32,32,1
levels/Sk5Ed/Sk5Ed.tex.xbx,422,82653130,32,64,5
levels/Sk5Ed/Sk5Ed.tex.xbx,423,1ab7fd7c,32,16,2
levels/Sk5Ed/Sk5Ed.tex.xbx,424,589b91a8,64,64,5
levels/Sk5Ed/Sk5Ed.tex.xbx,425,30c49828,64,64,5
levels/Sk5Ed/Sk5Ed.tex.xbx,426,f4523188,64,64,5
levels/Sk5Ed/Sk5Ed.tex.xbx,427,789af844,128,128,1
levels/Sk5Ed/Sk5Ed.tex.xbx,428,1a2cdfb4,64,16,5
levels/Sk5Ed/Sk5Ed.tex.xbx,429,9ff69690,32,32,5
levels/Sk5Ed/Sk5Ed.tex.xbx,430,5a3623ac,128,128,1
levels/Sk5Ed/Sk5Ed.tex.xbx,431,cec3d598,64,64,1
levels/Sk5Ed/Sk5Ed.tex.xbx,432,e970cd64,32,128,5
levels/Sk5Ed/Sk5Ed.tex.xbx,433,88fddbd0,128,128,5
levels/Sk5Ed/Sk5Ed.tex.xbx,434,94882dd4,128,128,5
levels/Sk5Ed/Sk5Ed.tex.xbx,435,6db3612c,128,128,5
levels/Sk5Ed/Sk5Ed.tex.xbx,436,a8239844,128,128,1
levels/Sk5Ed/Sk5Ed.tex.xbx,437,61ccb40c,128,128,1
levels/Sk5Ed/Sk5Ed.tex.xbx,438,f6d68a80,128,128,5
levels/Sk5Ed/Sk5Ed.tex.xbx,439,eb493ec4,128,128,5
levels/Sk5Ed/Sk5Ed.tex.xbx,440,a40e8160,64,64,5
levels/Sk5Ed/Sk5Ed.tex.xbx,441,6debc840,32,128,1
levels/Sk5Ed/Sk5Ed.tex.xbx,442,d0d14448,64,64,1
levels/Sk5Ed/Sk5Ed.tex.xbx,443,cc6fbd40,128,128,5
levels/Sk5Ed/Sk5Ed.tex.xbx,444,f7bd6210,64,64,2
levels/Sk5Ed/Sk5Ed.tex.xbx,445,3841a290,128,128,1
levels/Sk5Ed/Sk5Ed.tex.xbx,446,b0f124c8,64,64,5
levels/Sk5Ed/Sk5Ed.tex.xbx,447,425ef25c,128,128,1
levels/Sk5Ed/Sk5Ed.tex.xbx,448,35dce27c,64,16,1
levels/Sk5Ed/Sk5Ed.tex.xbx,449,97c23a88,128,128,5
levels/Sk5Ed/Sk5Ed.tex.xbx,450,e2c8dab8,128,64,5
levels/Sk5Ed/Sk5Ed.tex.xbx,451,f9b43290,64,128,5
levels/Sk5Ed/Sk5Ed.tex.xbx,452,960cabb8,64,128,5
levels/Sk5Ed/Sk5Ed.tex.xbx,453,b865b724,128,128,5
levels/Sk5Ed/Sk5Ed.tex.xbx,454,3c4ee790,64,32,1
levels/Sk5Ed/Sk5Ed.tex.xbx,455,66daff20,128,128,5
levels/Sk5Ed/Sk5Ed.tex.xbx,456,3a303438,32,32,5
levels/Sk5Ed/Sk5Ed.tex.xbx,457,349daab0,128,128,5
levels/Sk5Ed/Sk5Ed.tex.xbx,458,28b1cde0,128,128,1
levels/Sk5Ed/Sk5Ed.tex.xbx,459,c0347444,128,64,5
levels/Sk5Ed/Sk5Ed.tex.xbx,460,62f64a38,64,32,5
levels/Sk5Ed/Sk5Ed.tex.xbx,461,204dc3c8,128,128,1
levels/Sk5Ed/Sk5Ed.tex.xbx,462,6fc6f6a0,128,128,1
levels/Sk5Ed/Sk5Ed.tex.xbx,463,bb3942a4,128,128,1
levels/Sk5Ed/Sk5Ed.tex.xbx,464,acd1a13c,64,64,1
levels/Sk5Ed/Sk5Ed.tex.xbx,465,3cd74354,128,128,5
levels/Sk5Ed/Sk5Ed.tex.xbx,466,c62e277c,128,128,5
levels/Sk5Ed/Sk5Ed.tex.xbx,467,6fa9c1c0,64,64,5
levels/Sk5Ed/Sk5Ed.tex.xbx,468,f901badc,128,64,5
levels/Sk5Ed/Sk5Ed.tex.xbx,469,7498c63c,128,64,5
levels/Sk5Ed/Sk5Ed.tex.xbx,470,4a7b725c,64,64,2
levels/Sk5Ed/Sk5Ed.tex.xbx,471,29f351b8,128,128,1
levels/Sk5Ed/Sk5Ed.tex.xbx,472,c2a12340,32,32,1
levels/Sk5Ed/Sk5Ed.tex.xbx,473,953f4784,64,64,5
levels/Sk5Ed/Sk5Ed.tex.xbx,474,4911f2e0,128,64,1
levels/Sk5Ed/Sk5Ed.tex.xbx,475,72c0c068,64,64,1
levels/Sk5Ed/Sk5Ed.tex.xbx,476,fd342b14,64,64,5
levels/Sk5Ed/Sk5Ed.tex.xbx,477,f3ef6cc0,64,32,1
levels/Sk5Ed/Sk5Ed.tex.xbx,478,77cfe4c8,64,128,1
levels/Sk5Ed/Sk5Ed.tex.xbx,479,ea1c7344,128,128,1
levels/Sk5Ed/Sk5Ed.tex.xbx,480,4f8035a8,64,32,1
levels/Sk5Ed/Sk5Ed.tex.xbx,481,20173b48,64,32,1
levels/Sk5Ed/Sk5Ed.tex.xbx,482,5a63e044,64,64,5
levels/Sk5Ed/Sk5Ed.tex.xbx,483,6f967ac8,64,32,1
levels/Sk5Ed/Sk5Ed.tex.xbx,484,603b1fc4,128,64,5
levels/Sk5Ed/Sk5Ed.tex.xbx,485,f6629628,128,128,1
levels/Sk5Ed/Sk5Ed.tex.xbx,486,6c6f9a1c,128,128,1
levels/Sk5Ed/Sk5Ed.tex.xbx,487,eabf07e8,128,128,1
levels/Sk5Ed/Sk5Ed.tex.xbx,488,77f3cfe4,128,128,1
levels/Sk5Ed/Sk5Ed.tex.xbx,489,10d4f718,128,64,1
levels/Sk5Ed/Sk5Ed.tex.xbx,490,1c4c41bc,64,128,1
levels/Sk5Ed/Sk5Ed.tex.xbx,491,3c5e2c5c,64,64,1
levels/Sk5Ed/Sk5Ed.tex.xbx,492,2a4cb5b4,64,128,1
levels/Sk5Ed/Sk5Ed.tex.xbx,493,c5473f2c,128,64,5
levels/Sk5Ed/Sk5Ed.tex.xbx,494,a211d0bc,64,64,1
levels/Sk5Ed/Sk5Ed.tex.xbx,495,7facf2b0,128,128,5
levels/Sk5Ed/Sk5Ed.tex.xbx,496,f2e0c284,32,32,5
levels/Sk5Ed/Sk5Ed.tex.xbx,497,1fd495c0,32,32,5
levels/Sk5Ed/Sk5Ed.tex.xbx,498,836a07c8,64,64,5
levels/Sk5Ed/Sk5Ed.tex.xbx,499,76b22c10,128,128,1
levels/Sk5Ed/Sk5Ed.tex.xbx,500,6c8b3990,256,256,1
levels/Sk5Ed/Sk5Ed.tex.xbx,501,24386010,128,128,1
levels/Sk5Ed/Sk5Ed.tex.xbx,502,7d7f5590,256,128,1
levels/Sk5Ed/Sk5Ed.tex.xbx,503,71f1f114,256,128,1
levels/Sk5Ed/Sk5Ed.tex.xbx,504,1414b02c,128,128,1
levels/Sk5Ed/Sk5Ed.tex.xbx,505,8819fca0,32,32,1
levels/Sk5Ed/Sk5Ed.tex.xbx,506,e5a7e820,128,64,5
levels/Sk5Ed/Sk5Ed.tex.xbx,507,81f60fc0,64,32,1
levels/Sk5Ed/Sk5Ed.tex.xbx,508,bef1bc90,128,128,1
levels/Sk5Ed/Sk5Ed.tex.xbx,509,ba0b68b0,128,128,1
levels/Sk5Ed/Sk5Ed.tex.xbx,510,e8d0470c,128,128,5
levels/Sk5Ed/Sk5Ed.tex.xbx,511,46053da0,64,64,5
levels/Sk5Ed/Sk5Ed.tex.xbx,512,49bbc4a8,64,64,5
levels/Sk5Ed/Sk5Ed.tex.xbx,513,2046b3e0,32,32,1
levels/Sk5Ed/Sk5Ed.tex.xbx,514,5fe4fd8c,128,128,5
levels/Sk5Ed/Sk5Ed.tex.xbx,515,e7290210,128,64,5
levels/Sk5Ed/Sk5Ed.tex.xbx,516,fc787a14,128,128,1
levels/Sk5Ed/Sk5Ed.tex.xbx,517,1b5d322c,32,64,1
levels/Sk5Ed/Sk5Ed.tex.xbx,518,a357fd70,128,128,5
levels/Sk5Ed/Sk5Ed.tex.xbx,519,c90e9e08,128,128,1
levels/Sk5Ed/Sk5Ed.tex.xbx,520,f88540cc,128,128,5
levels/Sk5Ed/Sk5Ed.tex.xbx,521,0c73f5ec,128,128,5
levels/Sk5Ed/Sk5Ed.tex.xbx,522,838631e4,16,16,5
levels/Sk5Ed/Sk5Ed.tex.xbx,523,e9ffb560,128,128,5
levels/Sk5Ed/Sk5Ed.tex.xbx,524,87cd6c74,64,64,5
levels/Sk5Ed/Sk5Ed.tex.xbx,525,abc9ebac,64,64,1
levels/Sk5Ed/Sk5Ed.tex.xbx,526,86086680,128,128,1
levels/Sk5Ed/Sk5Ed.tex.xbx,527,49e32898,64,32,1
levels/Sk5Ed/Sk5Ed.tex.xbx,528,7a007ac0,128,128,1
levels/Sk5Ed/Sk5Ed.tex.xbx,529,024ce978,64,64,2
levels/Sk5Ed/Sk5Ed.tex.xbx,530,f640f2c8,128,128,1
levels/Sk5Ed/Sk5Ed.tex.xbx,531,66b7e264,128,128,5
levels/Sk5Ed/Sk5Ed.tex.xbx,532,9a69d89c,128,128,5
levels/Sk5Ed/Sk5Ed.tex.xbx,533,6cbfff9c,64,64,5
levels/Sk5Ed/Sk5Ed.tex.xbx,534,bc07bd38,64,128,5
levels/Sk5Ed/Sk5Ed.tex.xbx,535,80bec428,128,128,5
levels/Sk5Ed/Sk5Ed.tex.xbx,536,aec52a18,64,64,5
levels/Sk5Ed/Sk5Ed.tex.xbx,537,a8b45e70,32,64,1
levels/Sk5Ed/Sk5Ed.tex.xbx,538,ca7099a4,128,128,1
levels/Sk5Ed/Sk5Ed.tex.xbx,539,9d9b77c0,64,64,5
levels/Sk5Ed/Sk5Ed.tex.xbx,540,10a9cba0,128,128,5
levels/Sk5Ed/Sk5Ed.tex.xbx,541,12633d8c,128,32,5
levels/Sk5Ed/Sk5Ed.tex.xbx,542,cc4c72f4,16,16,1
levels/Sk5Ed/Sk5Ed.tex.xbx,543,f696504c,32,32,1
levels/Sk5Ed/Sk5Ed_net.tex.xbx,0,61ef1888,128,128,1
levels/Sk5Ed/Sk5Ed_net.tex.xbx,1,65ade720,64,128,1
levels/Sk5Ed/Sk5Ed_net.tex.xbx,2,194ca3f8,128,64,5
levels/Sk5Ed/Sk5Ed_net.tex.xbx,3,019d95b8,64,64,1
levels/Sk5Ed/Sk5Ed_net.tex.xbx,4,8b569668,32,32,5
levels/Sk5Ed/Sk5Ed_net.tex.xbx,5,09163644,32,32,5
levels/Sk5Ed/Sk5Ed_net.tex.xbx,6,d0f40808,64,64,1
levels/Sk5Ed/Sk5Ed_net.tex.xbx,7,dc37aeb4,64,64,5
levels/Sk5Ed/Sk5Ed_net.tex.xbx,8,731f5ef0,64,64,5
levels/Sk5Ed/Sk5Ed_net.tex.xbx,9,078917bc,64,64,5
levels/Sk5Ed/Sk5Ed_net.tex.xbx,10,45bda61c,64,32,1
levels/Sk5Ed/Sk5Ed_net.tex.xbx,11,470ea6c0,64,128,1
levels/Sk5Ed/Sk5Ed_net.tex.xbx,12,cc107458,128,128,5
levels/Sk5Ed/Sk5Ed_net.tex.xbx,13,1785f7b0,128,128,5
levels/Sk5Ed/Sk5Ed_net.tex.xbx,14,8cc4a5c0,32,32,5
levels/Sk5Ed/Sk5Ed_net.tex.xbx,15,7c3addb4,128,128,1
levels/Sk5Ed/Sk5Ed_net.tex.xbx,16,ffb9903c,128,128,1
levels/Sk5Ed/Sk5Ed_net.tex.xbx,17,1146f668,128,128,1
levels/Sk5Ed/Sk5Ed_net.tex.xbx,18,a61d0a5c,128,128,1
levels/Sk5Ed/Sk5Ed_net.tex.xbx,19,4e9e72d0,128,128,1
levels/Sk5Ed/Sk5Ed_net.tex.xbx,20,abdfa49c,128,128,1
levels/Sk5Ed/Sk5Ed_net.tex.xbx,21,9ffbbce0,64,16,1
levels/Sk5Ed/Sk5Ed_net.tex.xbx,22,4e867c64,64,32,1
levels/Sk5Ed/Sk5Ed_net.tex.xbx,23,2a85c13c,128,128,1
levels/Sk5Ed/Sk5Ed_net.tex.xbx,24,93edb380,64,32,1
levels/Sk5Ed/Sk5Ed_net.tex.xbx,25,f8fafbb4,64,128,1
levels/Sk5Ed/Sk5Ed_net.tex.xbx,26,2b6d6064,128,64,1
levels/Sk5Ed/Sk5Ed_net.tex.xbx,27,ccd12248,128,128,1
levels/Sk5Ed/Sk5Ed_net.tex.xbx,28,6bac33f8,128,128,1
levels/Sk5Ed/Sk5Ed_net.tex.xbx,29,da885524,128,64,1
levels/Sk5Ed/Sk5Ed_net.tex.xbx,30,6f1035c0,16,16,1
levels/Sk5Ed/Sk5Ed_net.tex.xbx,31,26b6ce48,32,32,1
levels/Sk5Ed/Sk5Ed_net.tex.xbx,32,21139534,128,128,1
levels/Sk5Ed/Sk5Ed_net.tex.xbx,33,cca0f470,128,128,1
levels/Sk5Ed/Sk5Ed_net.tex.xbx,34,44ac1d2c,128,128,1
levels/Sk5Ed/Sk5Ed_net.tex.xbx,35,614c4c20,32,32,1
levels/Sk5Ed/Sk5Ed_net.tex.xbx,36,8cc1aa24,32,16,1
levels/Sk5Ed/Sk5Ed_net.tex.xbx,37,6a885f40,16,32,2
levels/Sk5Ed/Sk5Ed_net.tex.xbx,38,d17d237c,64,64,1
levels/Sk5Ed/Sk5Ed_net.tex.xbx,39,b9063114,32,32,5
levels/Sk5Ed/Sk5Ed_net.tex.xbx,40,f829285c,128,128,1
levels/Sk5Ed/Sk5Ed_net.tex.xbx,41,98c837b4,64,64,5
levels/Sk5Ed/Sk5Ed_net.tex.xbx,42,99f7bd5c,32,128,5
levels/Sk5Ed/Sk5Ed_net.tex.xbx,43,be39594c,128,128,1
levels/Sk5Ed/Sk5Ed_net.tex.xbx,44,285deef4,128,128,1
levels/Sk5Ed/Sk5Ed_net.tex.xbx,45,5a2595a8,64,128,1
levels/Sk5Ed/Sk5Ed_net.tex.xbx,46,a6b17970,128,256,1
levels/Sk5Ed/Sk5Ed_net.tex.xbx,47,820cdae0,32,128,1
levels/Sk5Ed/Sk5Ed_net.tex.xbx,48,89a18f20,128,256,1
levels/Sk5Ed/Sk5Ed_net.tex.xbx,49,d2ffb90c,64,32,1
levels/Sk5Ed/Sk5Ed_net.tex.xbx,50,dccc3bd0,32,32,1
levels/Sk5Ed/Sk5Ed_net.tex.xbx,51,45e7b778,8,64,1
levels/Sk5Ed/Sk5Ed_net.tex.xbx,52,3c61b9f8,128,64,5
levels/Sk5Ed/Sk5Ed_net.tex.xbx,53,6021d188,32,32,5
levels/Sk5Ed/Sk5Ed_net.tex.xbx,54,53392af0,32,128,1
levels/Sk5Ed/Sk5Ed_net.tex.xbx,55,7a2a2c50,128,128,1
levels/Sk5Ed/Sk5Ed_net.tex.xbx,56,762b60b0,128,64,1
levels/Sk5Ed/Sk5Ed_net.tex.xbx,57,6aa0a8f4,128,64,1
levels/Sk5Ed/Sk5Ed_net.tex.xbx,58,81c6cbb4,32,64,1
levels/Sk5Ed/Sk5Ed_net.tex.xbx,59,678929a4,64,64,1
levels/Sk5Ed/Sk5Ed_net.tex.xbx,60,91b59f50,128,128,5
levels/Sk5Ed/Sk5Ed_net.tex.xbx,61,0d092ef8,128,128,5
levels/Sk5Ed/Sk5Ed_net.tex.xbx,62,1b96ca4c,128,128,5
levels/Sk5Ed/Sk5Ed_net.tex.xbx,63,7cebfad8,128,128,1
levels/Sk5Ed/Sk5Ed_net.tex.xbx,64,88763b6c,128,128,1
levels/Sk5Ed/Sk5Ed_net.tex.xbx,65,044ac6f4,64,64,1
levels/Sk5Ed/Sk5Ed_net.tex.xbx,66,910e9fc4,64,64,1
levels/Sk5Ed/Sk5Ed_net.tex.xbx,67,f9645bfc,64,64,1
levels/Sk5Ed/Sk5Ed_net.tex.xbx,68,73e309c8,64,64,1
levels/Sk5Ed/Sk5Ed_net.tex.xbx,69,c45eddd8,128,32,1
levels/Sk5Ed/Sk5Ed_net.tex.xbx,70,7818ce70,64,64,1
levels/Sk5Ed/Sk5Ed_net.tex.xbx,71,ebddb98c,64,64,1
levels/Sk5Ed/Sk5Ed_net.tex.xbx,72,8135c9b0,128,32,5
levels/Sk5Ed/Sk5Ed_net.tex.xbx,73,f0169e6c,128,128,1
levels/Sk5Ed/Sk5Ed_net.tex.xbx,74,206f3910,64,64,1
levels/Sk5Ed/Sk5Ed_net.tex.xbx,75,b0d62b30,64,64,5
levels/Sk5Ed/Sk5Ed_net.tex.xbx,76,087eb264,64,128,1
levels/Sk5Ed/Sk5Ed_net.tex.xbx,77,8b8c2764,128,256,1
levels/Sk5Ed/Sk5Ed_net.tex.xbx,78,53c0eb2c,128,64,1
levels/Sk5Ed/Sk5Ed_net.tex.xbx,79,824e8b18,128,64,1
levels/Sk5Ed/Sk5Ed_net.tex.xbx,80,cb2f1214,64,64,2
levels/Sk5Ed/Sk5Ed_net.tex.xbx,81,d71b3ac0,32,32,2
levels/Sk5Ed/Sk5Ed_net.tex.xbx,82,22a57b84,32,32,1
levels/Sk5Ed/Sk5Ed_net.tex.xbx,83,47b63f9c,64,32,5
levels/Sk5Ed/Sk5Ed_net.tex.xbx,84,e4217060,128,64,1
levels/Sk5Ed/Sk5Ed_net.tex.xbx,85,1593d5e4,32,32,1
levels/Sk5Ed/Sk5Ed_net.tex.xbx,86,879f01e8,64,64,1
levels/Sk5Ed/Sk5Ed_net.tex.xbx,87,ddff15f0,64,64,5
levels/Sk5Ed/Sk5Ed_net.tex.xbx,88,e384e5f8,32,32,5
levels/Sk5Ed/Sk5Ed_net.tex.xbx,89,a4b247d8,128,128,1
levels/Sk5Ed/Sk5Ed_net.tex.xbx,90,ff8fda94,64,32,1
levels/Sk5Ed/Sk5Ed_net.tex.xbx,91,3cdbc38c,256,256,1
levels/Sk5Ed/Sk5Ed_net.tex.xbx,92,06da7698,64,16,1
levels/Sk5Ed/Sk5Ed_net.tex.xbx,93,20e0fe98,128,128,1
levels/Sk5Ed/Sk5Ed_net.tex.xbx,94,94fac79c,128,128,1
levels/Sk5Ed/Sk5Ed_net.tex.xbx,95,1c79d9dc,128,64,1
levels/Sk5Ed/Sk5Ed_net.tex.xbx,96,208339f4,64,32,1
levels/Sk5Ed/Sk5Ed_net.tex.xbx,97,05a47aac,256,256,1
levels/Sk5Ed/Sk5Ed_net.tex.xbx,98,a5a2eb1c,128,128,1
levels/Sk5Ed/Sk5Ed_net.tex.xbx,99,8497f150,16,16,1
levels/Sk5Ed/Sk5Ed_net.tex.xbx,100,ee892084,128,256,1
levels/Sk5Ed/Sk5Ed_net.tex.xbx,101,14857d50,64,64,1
levels/Sk5Ed/Sk5Ed_net.tex.xbx,102,c00fc954,64,64,2
levels/Sk5Ed/Sk5Ed_net.tex.xbx,103,bfaf416c,128,128,1
levels/Sk5Ed/Sk5Ed_net.tex.xbx,104,b60a55c8,64,64,5
levels/Sk5Ed/Sk5Ed_net.tex.xbx,105,69dffddc,128,128,5
levels/Sk5Ed/Sk5Ed_net.tex.xbx,106,955530c0,128,128,5
levels/Sk5Ed/Sk5Ed_net.tex.xbx,107,7619f7f4,128,128,5
levels/Sk5Ed/Sk5Ed_net.tex.xbx,108,f883c264,32,16,5
levels/Sk5Ed/Sk5Ed_net.tex.xbx,109,7fd1c064,128,128,5
levels/Sk5Ed/Sk5Ed_net.tex.xbx,110,1d7408dc,128,128,5
levels/Sk5Ed/Sk5Ed_net.tex.xbx,111,065f8484,128,128,5
levels/Sk5Ed/Sk5Ed_net.tex.xbx,112,36bdbf4c,128,128,5
levels/Sk5Ed/Sk5Ed_net.tex.xbx,113,5b994a3c,32,16,5
levels/Sk5Ed/Sk5Ed_net.tex.xbx,114,f4d531c0,128,128,1
levels/Sk5Ed/Sk5Ed_net.tex.xbx,115,8a6aef84,128,64,1
levels/Sk5Ed/Sk5Ed_net.tex.xbx,116,c68c8850,128,32,1
levels/Sk5Ed/Sk5Ed_net.tex.xbx,117,40ca9584,128,128,5
levels/Sk5Ed/Sk5Ed_net.tex.xbx,118,a311ccf4,128,128,1
levels/Sk5Ed/Sk5Ed_net.tex.xbx,119,9ef596c0,64,16,5
levels/Sk5Ed/Sk5Ed_net.tex.xbx,120,02ca26c8,64,64,5
levels/Sk5Ed/Sk5Ed_net.tex.xbx,121,9538176c,128,128,1
levels/Sk5Ed/Sk5Ed_net.tex.xbx,122,27319c68,128,64,1
levels/Sk5Ed/Sk5Ed_net.tex.xbx,123,3a038128,64,64,1
levels/Sk5Ed/Sk5Ed_net.tex.xbx,124,96783000,16,16,1
levels/Sk5Ed/Sk5Ed_net.tex.xbx,125,6ef42da4,128,128,1
levels/Sk5Ed/Sk5Ed_net.tex.xbx,126,f2f03574,128,32,1
levels/Sk5Ed/Sk5Ed_net.tex.xbx,127,a381dba0,128,128,1
levels/Sk5Ed/Sk5Ed_net.tex.xbx,128,9d3c4f3c,32,32,1
levels/Sk5Ed/Sk5Ed_net.tex.xbx,129,b3baeb5c,128,128,1
levels/Sk5Ed/Sk5Ed_net.tex.xbx,130,f2a5666c,64,64,5
levels/Sk5Ed/Sk5Ed_net.tex.xbx,131,a3ae9cbc,32,32,1
levels/Sk5Ed/Sk5Ed_net.tex.xbx,132,13fc3bcc,64,32,1
levels/Sk5Ed/Sk5Ed_net.tex.xbx,133,a3d214ac,128,128,1
levels/Sk5Ed/Sk5Ed_net.tex.xbx,134,8bb3cc8c,128,128,5
levels/Sk5Ed/Sk5Ed_net.tex.xbx,135,6b22195c,128,128,1
levels/Sk5Ed/Sk5Ed_net.tex.xbx,136,ea856668,128,128,1
levels/Sk5Ed/Sk5Ed_net.tex.xbx,137,d19a75e0,32,32,5
levels/Sk5Ed/Sk5Ed_net.tex.xbx,138,4027c364,64,64,5
levels/Sk5Ed/Sk5Ed_net.tex.xbx,139,3100ba58,64,128,1
levels/Sk5Ed/Sk5Ed_net.tex.xbx,140,def447d4,8,8,5
levels/Sk5Ed/Sk5Ed_net.tex.xbx,141,8409bab0,32,32,1
levels/Sk5Ed/Sk5Ed_net.tex.xbx,142,cbf80e28,32,32,5
levels/Sk5Ed/Sk5Ed_net.tex.xbx,143,f6b4c704,64,64,1
levels/Sk5Ed/Sk5Ed_net.tex.xbx,144,14bb29ac,64,64,1
levels/Sk5Ed/Sk5Ed_net.tex.xbx,145,1b5f90b8,32,64,1
levels/Sk5Ed/Sk5Ed_net.tex.xbx,146,cbc37c70,128,32,2
levels/Sk5Ed/Sk5Ed_net.tex.xbx,147,6ec91a4c,32,64,5
levels/Sk5Ed/Sk5Ed_net.tex.xbx,148,393d496c,32,32,5
levels/Sk5Ed/Sk5Ed_net.tex.xbx,149,6ead0784,32,32,5
levels/Sk5Ed/Sk5Ed_net.tex.xbx,150,bf21b6dc,32,32,5
levels/Sk5Ed/Sk5Ed_net.tex.xbx,151,1f46073c,64,64,1
levels/Sk5Ed/Sk5Ed_net.tex.xbx,152,acf4281c,16,64,2
levels/Sk5Ed/Sk5Ed_net.tex.xbx,153,930417dc,64,64,2
levels/Sk5Ed/Sk5Ed_net.tex.xbx,154,dd0ea9a0,32,64,1
levels/Sk5Ed/Sk5Ed_net.tex.xbx,155,dfa9d6d0,32,32,1
levels/Sk5Ed/Sk5Ed_net.tex.xbx,156,f199df38,64,32,1
levels/Sk5Ed/Sk5Ed_net.tex.xbx,157,7007e6ec,64,64,1
levels/Sk5Ed/Sk5Ed_net.tex.xbx,158,4bc9df3c,128,32,1
levels/Sk5Ed/Sk5Ed_net.tex.xbx,159,a34b6348,64,128,5
levels/Sk5Ed/Sk5Ed_net.tex.xbx,160,1feac500,128,128,5
levels/Sk5Ed/Sk5Ed_net.tex.xbx,161,f1750144,128,128,1
levels/Sk5Ed/Sk5Ed_net.tex.xbx,162,030f983c,128,128,5
levels/Sk5Ed/Sk5Ed_net.tex.xbx,163,0899ace8,64,64,5
levels/Sk5Ed/Sk5Ed_net.tex.xbx,164,2de69b04,128,128,5
levels/Sk5Ed/Sk5Ed_net.tex.xbx,165,32f037ec,128,128,5
levels/Sk5Ed/Sk5Ed_net.tex.xbx,166,4a950000,128,128,5
levels/Sk5Ed/Sk5Ed_net.tex.xbx,167,628e9e48,128,128,5
levels/Sk5Ed/Sk5Ed_net.tex.xbx,168,d369a7e8,128,64,5
levels/Sk5Ed/Sk5Ed_net.tex.xbx,169,709f78e8,128,128,5
levels/Sk5Ed/Sk5Ed_net.tex.xbx,170,2ca10560,128,64,5
levels/Sk5Ed/Sk5Ed_net.tex.xbx,171,0ad635d8,128,64,5
levels/Sk5Ed/Sk5Ed_net.tex.xbx,172,f1ca69f4,128,64,1
levels/Sk5Ed/Sk5Ed_net.tex.xbx,173,8e79ffd0,128,64,5
levels/Sk5Ed/Sk5Ed_net.tex.xbx,174,3cf127f0,128,64,5
levels/Sk5Ed/Sk5Ed_net.tex.xbx,175,19f5cdac,64,64,5
levels/Sk5Ed/Sk5Ed_net.tex.xbx,176,b3c4516c,64,128,5
levels/Sk5Ed/Sk5Ed_net.tex.xbx,177,86525c78,32,64,5
levels/Sk5Ed/Sk5Ed_net.tex.xbx,178,b6a4a570,32,32,5
levels/Sk5Ed/Sk5Ed_net.tex.xbx,179,6377a6b8,64,32,5
levels/Sk5Ed/Sk5Ed_net.tex.xbx,180,d2f21afc,128,128,1
levels/Sk5Ed/Sk5Ed_net.tex.xbx,181,013b94ac,32,32,5
levels/Sk5Ed/Sk5Ed_net.tex.xbx,182,479889ac,16,32,5
levels/Sk5Ed/Sk5Ed_net.tex.xbx,183,7010bcf0,32,32,5
levels/Sk5Ed/Sk5Ed_net.tex.xbx,184,b3b65ee8,128,128,1
levels/Sk5Ed/Sk5Ed_net.tex.xbx,185,7b07bdf0,64,64,1
levels/Sk5Ed/Sk5Ed_net.tex.xbx,186,1bcf6434,32,32,1
levels/Sk5Ed/Sk5Ed_net.tex.xbx,187,2f4b6138,128,128,2
levels/Sk5Ed/Sk5Ed_net.tex.xbx,188,6b5ce470,32,8,1
levels/Sk5Ed/Sk5Ed_net.tex.xbx,189,e47eb55c,32,8,2
levels/Sk5Ed/Sk5Ed_net.tex.xbx,190,3815b9ac,32,32,5
levels/Sk5Ed/Sk5Ed_net.tex.xbx,191,00ee3a9c,64,64,2
levels/Sk5Ed/Sk5Ed_net.tex.xbx,192,99cf2534,64,16,1
levels/Sk5Ed/Sk5Ed_net.tex.xbx,193,f3a2f440,64,64,1
levels/Sk5Ed/Sk5Ed_net.tex.xbx,194,bfd54cc8,128,128,1
levels/Sk5Ed/Sk5Ed_net.tex.xbx,195,d49a4d5c,64,64,1
levels/Sk5Ed/Sk5Ed_net.tex.xbx,196,99d6c7c0,128,128,1
levels/Sk5Ed/Sk5Ed_net.tex.xbx,197,11c36684,64,32,5
levels/Sk5Ed/Sk5Ed_net.tex.xbx,198,657f7c24,64,32,5
levels/Sk5Ed/Sk5Ed_net.tex.xbx,199,d077a794,128,64,5
levels/Sk5Ed/Sk5Ed_net.tex.xbx,200,ae43b800,128,128,1
levels/Sk5Ed/Sk5Ed_net.tex.xbx,201,039073d0,64,64,5
levels/Sk5Ed/Sk5Ed_net.tex.xbx,202,2995e750,128,128,5
levels/Sk5Ed/Sk5Ed_net.tex.xbx,203,d0be1c50,128,128,5
levels/Sk5Ed/Sk5Ed_net.tex.xbx,204,f505c5d4,128,128,1
levels/Sk5Ed/Sk5Ed_net.tex.xbx,205,424bda54,128,128,5
levels/Sk5Ed/Sk5Ed_net.tex.xbx,206,1355e030,128,128,5
levels/Sk5Ed/Sk5Ed_net.tex.xbx,207,ee0bddd0,128,128,5
levels/Sk5Ed/Sk5Ed_net.tex.xbx,208,f2536480,64,32,1
levels/Sk5Ed/Sk5Ed_net.tex.xbx,209,053edf88,16,16,5
levels/Sk5Ed/Sk5Ed_net.tex.xbx,210,b51aff54,64,64,1
levels/Sk5Ed/Sk5Ed_net.tex.xbx,211,69904750,16,32,1
levels/Sk5Ed/Sk5Ed_net.tex.xbx,212,f3fb4d00,128,128,1
levels/Sk5Ed/Sk5Ed_net.tex.xbx,213,b06e6200,64,128,5
levels/Sk5Ed/Sk5Ed_net.tex.xbx,214,a88b6c10,32,64,5
levels/Sk5Ed/Sk5Ed_net.tex.xbx,215,92196724,128,64,5
levels/Sk5Ed/Sk5Ed_net.tex.xbx,216,e59cad3c,64,64,1
levels/Sk5Ed/Sk5Ed_net.tex.xbx,217,2567c8c0,128,64,1
levels/Sk5Ed/Sk5Ed_net.tex.xbx,218,f6ccb978,64,32,1
levels/Sk5Ed/Sk5Ed_net.tex.xbx,219,737d27d4,32,8,1
levels/Sk5Ed/Sk5Ed_net.tex.xbx,220,85aa29cc,128,128,5
levels/Sk5Ed/Sk5Ed_net.tex.xbx,221,a0489a20,64,64,5
levels/Sk5Ed/Sk5Ed_net.tex.xbx,222,f6e56e48,128,64,5
levels/Sk5Ed/Sk5Ed_net.tex.xbx,223,8a39f648,32,32,1
levels/Sk5Ed/Sk5Ed_net.tex.xbx,224,705b5704,64,128,2
levels/Sk5Ed/Sk5Ed_net.tex.xbx,225,ddb55de4,32,64,5
levels/Sk5Ed/Sk5Ed_net.tex.xbx,226,c36fe198,32,32,5
levels/Sk5Ed/Sk5Ed_net.tex.xbx,227,39519544,64,64,5
levels/Sk5Ed/Sk5Ed_net.tex.xbx,228,284de6f8,8,16,5
levels/Sk5Ed/Sk5Ed_net.tex.xbx,229,5adeef18,64,64,1
levels/Sk5Ed/Sk5Ed_net.tex.xbx,230,9094dac8,32,64,5
levels/Sk5Ed/Sk5Ed_net.tex.xbx,231,3c3c1f74,64,32,5
levels/Sk5Ed/Sk5Ed_net.tex.xbx,232,5c072edc,64,128,5
levels/Sk5Ed/Sk5Ed_net.tex.xbx,233,08b77768,16,8,5
levels/Sk5Ed/Sk5Ed_net.tex.xbx,234,00b9a384,64,128,5
levels/Sk5Ed/Sk5Ed_net.tex.xbx,235,565fbd70,64,64,1
levels/Sk5Ed/Sk5Ed_net.tex.xbx,236,5bcbb414,128,128,1
levels/Sk5Ed/Sk5Ed_net.tex.xbx,237,ea10ec20,64,64,1
levels/Sk5Ed/Sk5Ed_net.tex.xbx,238,a3be20b0,64,64,5
levels/Sk5Ed/Sk5Ed_net.tex.xbx,239,cd1b2f50,128,128,1
levels/Sk5Ed/Sk5Ed_net.tex.xbx,240,23f84760,128,128,1
levels/Sk5Ed/Sk5Ed_net.tex.xbx,241,78388c68,128,128,1
levels/Sk5Ed/Sk5Ed_net.tex.xbx,242,fbeea01c,64,128,1
levels/Sk5Ed/Sk5Ed_net.tex.xbx,243,fd049254,64,64,1
levels/Sk5Ed/Sk5Ed_net.tex.xbx,244,2b8f3450,32,64,1
levels/Sk5Ed/Sk5Ed_net.tex.xbx,245,dfdbcee8,16,16,1
levels/Sk5Ed/Sk5Ed_net.tex.xbx,246,dcaa53f0,128,128,5
levels/Sk5Ed/Sk5Ed_net.tex.xbx,247,fca3fa38,128,128,5
levels/Sk5Ed/Sk5Ed_net.tex.xbx,248,4e37b2b4,128,128,1
levels/Sk5Ed/Sk5Ed_net.tex.xbx,249,4dd13b38,128,128,5
levels/Sk5Ed/Sk5Ed_net.tex.xbx,250,91811b98,128,128,1
levels/Sk5Ed/Sk5Ed_net.tex.xbx,251,81873328,16,32,5
levels/Sk5Ed/Sk5Ed_net.tex.xbx,252,34abe774,64,64,5
levels/Sk5Ed/Sk5Ed_net.tex.xbx,253,2de5f2d0,128,64,1
levels/Sk5Ed/Sk5Ed_net.tex.xbx,254,8c78eab8,64,64,1
levels/Sk5Ed/Sk5Ed_net.tex.xbx,255,f4680b60,16,16,1
levels/Sk5Ed/Sk5Ed_net.tex.xbx,256,247fca9c,128,128,1
levels/Sk5Ed/Sk5Ed_net.tex.xbx,257,76582bdc,64,64,5
levels/Sk5Ed/Sk5Ed_net.tex.xbx,258,52d9ade8,32,64,1
levels/Sk5Ed/Sk5Ed_net.tex.xbx,259,beb9f334,64,64,1
levels/Sk5Ed/Sk5Ed_net.tex.xbx,260,cfa160dc,128,32,1
levels/Sk5Ed/Sk5Ed_net.tex.xbx,261,122bb064,64,128,1
levels/Sk5Ed/Sk5Ed_net.tex.xbx,262,e8550190,64,128,1
levels/Sk5Ed/Sk5Ed_net.tex.xbx,263,c2472104,32,128,5
levels/Sk5Ed/Sk5Ed_net.tex.xbx,264,46feae44,128,128,5
levels/Sk5Ed/Sk5Ed_net.tex.xbx,265,8debf178,128,128,5
levels/Sk5Ed/Sk5Ed_net.tex.xbx,266,02865e78,32,32,1
levels/Sk5Ed/Sk5Ed_net.tex.xbx,267,9cc763b8,128,128,5
levels/Sk5Ed/Sk5Ed_net.tex.xbx,268,f8f8ea90,128,128,5
levels/Sk5Ed/Sk5Ed_net.tex.xbx,269,f1614840,128,64,5
levels/Sk5Ed/Sk5Ed_net.tex.xbx,270,7116e5f4,128,64,5
levels/Sk5Ed/Sk5Ed_net.tex.xbx,271,557d6388,128,128,5
levels/Sk5Ed/Sk5Ed_net.tex.xbx,272,4bafea34,128,128,1
levels/Sk5Ed/Sk5Ed_net.tex.xbx,273,43d9e48c,128,128,5
levels/Sk5Ed/Sk5Ed_net.tex.xbx,274,c14ac874,128,128,1
levels/Sk5Ed/Sk5Ed_net.tex.xbx,275,b34f820c,64,64,1
levels/Sk5Ed/Sk5Ed_net.tex.xbx,276,babc019c,128,128,1
levels/Sk5Ed/Sk5Ed_net.tex.xbx,277,e9b6a694,128,128,5
levels/Sk5Ed/Sk5Ed_net.tex.xbx,278,06f16f44,128,128,1
levels/Sk5Ed/Sk5Ed_net.tex.xbx,279,23f4d7c8,128,128,1
levels/Sk5Ed/Sk5Ed_net.tex.xbx,280,3083d758,32,32,1
levels/Sk5Ed/Sk5Ed_net.tex.xbx,281,494b1148,64,128,1
levels/Sk5Ed/Sk5Ed_net.tex.xbx,282,463ebd78,64,128,1
levels/Sk5Ed/Sk5Ed_net.tex.xbx,283,24868c14,128,128,5
levels/Sk5Ed/Sk5Ed_net.tex.xbx,284,7df52d7c,128,64,1
levels/Sk5Ed/Sk5Ed_net.tex.xbx,285,b268d2c0,128,128,1
levels/Sk5Ed/Sk5Ed_net.tex.xbx,286,fcc7579c,128,128,1
levels/Sk5Ed/Sk5Ed_net.tex.xbx,287,797d4598,128,128,1
levels/Sk5Ed/Sk5Ed_net.tex.xbx,288,9664aeac,128,128,1
levels/Sk5Ed/Sk5Ed_net.tex.xbx,289,85994f44,128,64,1
levels/Sk5Ed/Sk5Ed_net.tex.xbx,290,ad6e2028,128,128,1
levels/Sk5Ed/Sk5Ed_net.tex.xbx,291,0198936c,64,64,1
levels/Sk5Ed/Sk5Ed_net.tex.xbx,292,f0915e90,64,64,5
levels/Sk5Ed/Sk5Ed_net.tex.xbx,293,4ad3cd90,128,128,1
levels/Sk5Ed/Sk5Ed_net.tex.xbx,294,162ce334,128,128,5
levels/Sk5Ed/Sk5Ed_net.tex.xbx,295,948608c8,256,256,5
levels/Sk5Ed/Sk5Ed_net.tex.xbx,296,1c2dd908,64,128,5
levels/Sk5Ed/Sk5Ed_net.tex.xbx,297,01ee4314,64,64,1
levels/Sk5Ed/Sk5Ed_net.tex.xbx,298,e1d665fc,64,64,1
levels/Sk5Ed/Sk5Ed_net.tex.xbx,299,304ba0a8,64,64,1
levels/Sk5Ed/Sk5Ed_net.tex.xbx,300,f8eb0ca4,64,64,5
levels/Sk5Ed/Sk5Ed_net.tex.xbx,301,edf9fe68,64,64,1
levels/Sk5Ed/Sk5Ed_net.tex.xbx,302,be6ad7a4,128,64,5
levels/Sk5Ed/Sk5Ed_net.tex.xbx,303,0bc26cbc,64,64,1
levels/Sk5Ed/Sk5Ed_net.tex.xbx,304,955594fc,64,64,5
levels/Sk5Ed/Sk5Ed_net.tex.xbx,305,151832c0,128,128,1
levels/Sk5Ed/Sk5Ed_net.tex.xbx,306,1d7db7bc,128,64,5
levels/Sk5Ed/Sk5Ed_net.tex.xbx,307,c259d3d0,64,64,5
levels/Sk5Ed/Sk5Ed_net.tex.xbx,308,35295310,128,128,5
levels/Sk5Ed/Sk5Ed_net.tex.xbx,309,ba74be30,128,64,5
levels/Sk5Ed/Sk5Ed_net.tex.xbx,310,18354aec,128,128,1
levels/Sk5Ed/Sk5Ed_net.tex.xbx,311,a6b827dc,128,128,5
levels/Sk5Ed/Sk5Ed_net.tex.xbx,312,32d9e9ec,128,128,5
levels/Sk5Ed/Sk5Ed_net.tex.xbx,313,09be8374,128,128,5
levels/Sk5Ed/Sk5Ed_net.tex.xbx,314,6ee77874,32,64,5
levels/Sk5Ed/Sk5Ed_net.tex.xbx,315,c1d20bec,128,128,5
levels/Sk5Ed/Sk5Ed_net.tex.xbx,316,a56d8274,128,128,5
levels/Sk5Ed/Sk5Ed_net.tex.xbx,317,de4c4f58,128,128,5
levels/Sk5Ed/Sk5Ed_net.tex.xbx,318,fb30c330,128,128,5
levels/Sk5Ed/Sk5Ed_net.tex.xbx,319,5ae17c64,32,32,1
levels/Sk5Ed/Sk5Ed_net.tex.xbx,320,ef5316dc,64,64,5
levels/Sk5Ed/Sk5Ed_net.tex.xbx,321,77ecc8f0,64,64,5
levels/Sk5Ed/Sk5Ed_net.tex.xbx,322,a6b04b00,32,64,5
levels/Sk5Ed/Sk5Ed_net.tex.xbx,323,5c1d8e44,64,16,5
levels/Sk5Ed/Sk5Ed_net.tex.xbx,324,979fe67c,64,16,5
levels/Sk5Ed/Sk5Ed_net.tex.xbx,325,a6580ef0,64,64,5
levels/Sk5Ed/Sk5Ed_net.tex.xbx,326,9dc2b8a4,128,128,5
levels/Sk5Ed/Sk5Ed_net.tex.xbx,327,de038cc4,64,128,5
levels/Sk5Ed/Sk5Ed_net.tex.xbx,328,97a691c4,128,64,5
levels/Sk5Ed/Sk5Ed_net.tex.xbx,329,b0dc8f14,32,32,5
levels/Sk5Ed/Sk5Ed_net.tex.xbx,330,6bf4ce04,128,128,5
levels/Sk5Ed/Sk5Ed_net.tex.xbx,331,5b7b2580,128,128,5
levels/Sk5Ed/Sk5Ed_net.tex.xbx,332,c34b24f4,128,128,5
levels/Sk5Ed/Sk5Ed_net.tex.xbx,333,214a9f84,128,128,5
levels/Sk5Ed/Sk5Ed_net.tex.xbx,334,b5bfe6c0,128,128,5
levels/Sk5Ed/Sk5Ed_net.tex.xbx,335,b17f76c8,128,128,5
levels/Sk5Ed/Sk5Ed_net.tex.xbx,336,58aaa5c8,32,128,5
levels/Sk5Ed/Sk5Ed_net.tex.xbx,337,e56c12c8,128,128,5
levels/Sk5Ed/Sk5Ed_net.tex.xbx,338,39f966dc,16,16,1
levels/Sk5Ed/Sk5Ed_net.tex.xbx,339,c7cf10b0,128,128,5
levels/Sk5Ed/Sk5Ed_net.tex.xbx,340,b54f8e38,128,128,1
levels/Sk5Ed/Sk5Ed_net.tex.xbx,341,20c5280c,128,128,1
levels/Sk5Ed/Sk5Ed_net.tex.xbx,342,9b257370,64,32,1
levels/Sk5Ed/Sk5Ed_net.tex.xbx,343,9e185748,64,128,5
levels/Sk5Ed/Sk5Ed_net.tex.xbx,344,fe5bc4b8,128,128,5
levels/Sk5Ed/Sk5Ed_net.tex.xbx,345,fd980ddc,64,64,1
levels/Sk5Ed/Sk5Ed_net.tex.xbx,346,585af834,128,128,1
levels/Sk5Ed/Sk5Ed_net.tex.xbx,347,0e46b5d8,64,32,1
levels/Sk5Ed/Sk5Ed_net.tex.xbx,348,caa9e6a8,128,128,1
levels/Sk5Ed/Sk5Ed_net.tex.xbx,349,5b70fe9c,128,128,5
levels/Sk5Ed/Sk5Ed_net.tex.xbx,350,d84a4224,64,64,1
levels/Sk5Ed/Sk5Ed_net.tex.xbx,351,cded09c8,128,32,1
levels/Sk5Ed/Sk5Ed_net.tex.xbx,352,a831a490,128,128,5
levels/Sk5Ed/Sk5Ed_net.tex.xbx,353,59f63060,64,64,1
levels/Sk5Ed/Sk5Ed_net.tex.xbx,354,c4ebfe6c,32,32,1
levels/Sk5Ed/Sk5Ed_net.tex.xbx,355,5cbc5214,64,128,5
levels/Sk5Ed/Sk5Ed_net.tex.xbx,356,c58cd614,64,64,5
levels/Sk5Ed/Sk5Ed_net.tex.xbx,357,7fac85c4,16,16,5
levels/Sk5Ed/Sk5Ed_net.tex.xbx,358,08003840,16,64,5
levels/Sk5Ed/Sk5Ed_net.tex.xbx,359,6e374380,32,32,5
levels/Sk5Ed/Sk5Ed_net.tex.xbx,360,4fe90e48,64,64,1
levels/Sk5Ed/Sk5Ed_net.tex.xbx,361,8181f958,32,32,5
levels/Sk5Ed/Sk5Ed_net.tex.xbx,362,38f5b9e4,64,64,1
levels/Sk5Ed/Sk5Ed_net.tex.xbx,363,0c8c2ea0,128,64,5
levels/Sk5Ed/Sk5Ed_net.tex.xbx,364,aa680c60,64,128,1
levels/Sk5Ed/Sk5Ed_net.tex.xbx,365,344943bc,64,128,5
levels/Sk5Ed/Sk5Ed_net.tex.xbx,366,4d651bd8,64,128,5
levels/Sk5Ed/Sk5Ed_net.tex.xbx,367,1baf58f0,128,64,1
levels/Sk5Ed/Sk5Ed_net.tex.xbx,368,52a24de0,64,64,1
levels/Sk5Ed/Sk5Ed_net.tex.xbx,369,842cfb64,64,64,1
levels/Sk5Ed/Sk5Ed_net.tex.xbx,370,42f8ea64,64,64,1
levels/Sk5Ed/Sk5Ed_net.tex.xbx,371,7115fa5c,64,64,1
levels/Sk5Ed/Sk5Ed_net.tex.xbx,372,2052a320,32,16,1
levels/Sk5Ed/Sk5Ed_net.tex.xbx,373,c47feb0c,64,64,1
levels/Sk5Ed/Sk5Ed_net.tex.xbx,374,9fc17694,64,64,1
levels/Sk5Ed/Sk5Ed_net.tex.xbx,375,5c139188,64,64,1
levels/Sk5Ed/Sk5Ed_net.tex.xbx,376,48a03fec,128,128,5
levels/Sk5Ed/Sk5Ed_net.tex.xbx,377,acd06c50,64,64,5
levels/Sk5Ed/Sk5Ed_net.tex.xbx,378,00ab0000,64,64,1
levels/Sk5Ed/Sk5Ed_net.tex.xbx,379,323d9978,32,32,1
levels/Sk5Ed/Sk5Ed_net.tex.xbx,380,9ea6d090,32,32,1
levels/Sk5Ed/Sk5Ed_net.tex.xbx,381,d3762868,64,32,1
levels/Sk5Ed/Sk5Ed_net.tex.xbx,382,ae776e7c,8,32,1
levels/Sk5Ed/Sk5Ed_net.tex.xbx,383,4fd56e30,128,128,1
levels/Sk5Ed/Sk5Ed_net.tex.xbx,384,7f412518,128,128,1
levels/Sk5Ed/Sk5Ed_net.tex.xbx,385,5d4a0bc4,32,32,1
levels/Sk5Ed/Sk5Ed_net.tex.xbx,386,5d46db84,64,64,1
levels/Sk5Ed/Sk5Ed_net.tex.xbx,387,634fff1c,128,128,5
levels/Sk5Ed/Sk5Ed_net.tex.xbx,388,4f8c19a4,128,128,1
levels/Sk5Ed/Sk5Ed_net.tex.xbx,389,4c32a7fc,128,128,5
levels/Sk5Ed/Sk5Ed_net.tex.xbx,390,c101dfa0,64,128,5
levels/Sk5Ed/Sk5Ed_net.tex.xbx,391,eca772fc,64,64,5
levels/Sk5Ed/Sk5Ed_net.tex.xbx,392,28f59c40,32,32,1
levels/Sk5Ed/Sk5Ed_net.tex.xbx,393,091f8f60,64,64,1
levels/Sk5Ed/Sk5Ed_net.tex.xbx,394,d7aa36e4,64,64,5
levels/Sk5Ed/Sk5Ed_net.tex.xbx,395,3c9e48d8,128,128,1
levels/Sk5Ed/Sk5Ed_net.tex.xbx,396,ccd80c68,128,128,5
levels/Sk5Ed/Sk5Ed_net.tex.xbx,397,3d47b57c,128,64,5
levels/Sk5Ed/Sk5Ed_net.tex.xbx,398,9a7665dc,32,32,5
levels/Sk5Ed/Sk5Ed_net.tex.xbx,399,6c0423c8,128,128,1
levels/Sk5Ed/Sk5Ed_net.tex.xbx,400,4dfbd4e8,128,128,5
levels/Sk5Ed/Sk5Ed_net.tex.xbx,401,e795acd0,128,128,5
levels/Sk5Ed/Sk5Ed_net.tex.xbx,402,904a1638,128,128,5
levels/Sk5Ed/Sk5Ed_net.tex.xbx,403,d77a6c34,128,128,5
levels/Sk5Ed/Sk5Ed_net.tex.xbx,404,c67208a4,16,64,1
levels/Sk5Ed/Sk5Ed_net.tex.xbx,405,08090488,32,32,5
levels/Sk5Ed/Sk5Ed_net.tex.xbx,406,4a3a2504,64,64,5
levels/Sk5Ed/Sk5Ed_net.tex.xbx,407,1e7a8858,32,64,1
levels/Sk5Ed/Sk5Ed_net.tex.xbx,408,ab466af4,32,32,5
levels/Sk5Ed/Sk5Ed_net.tex.xbx,409,818e0e6c,128,128,5
levels/Sk5Ed/Sk5Ed_net.tex.xbx,410,9645ca90,32,32,1
levels/Sk5Ed/Sk5Ed_net.tex.xbx,411,680ee83c,128,16,5
levels/Sk5Ed/Sk5Ed_net.tex.xbx,412,a550c410,32,128,1
levels/Sk5Ed/Sk5Ed_net.tex.xbx,413,8db88aec,64,64,1
levels/Sk5Ed/Sk5Ed_net.tex.xbx,414,b23f4680,32,64,5
levels/Sk5Ed/Sk5Ed_net.tex.xbx,415,7970a308,64,64,5
levels/Sk5Ed/Sk5Ed_net.tex.xbx,416,30c30594,64,64,5
levels/Sk5Ed/Sk5Ed_net.tex.xbx,417,4d194e5c,64,64,1
levels/Sk5Ed/Sk5Ed_net.tex.xbx,418,2d7b8c0c,64,32,5
levels/Sk5Ed/Sk5Ed_net.tex.xbx,419,cc04f86c,128,128,1
levels/Sk5Ed/Sk5Ed_net.tex.xbx,420,7b26c5b8,128,128,1
levels/Sk5Ed/Sk5Ed_net.tex.xbx,421,c770dd88,32,32,1
levels/Sk5Ed/Sk5Ed_net.tex.xbx,422,82653130,32,64,5
levels/Sk5Ed/Sk5Ed_net.tex.xbx,423,1ab7fd7c,32,16,2
levels/Sk5Ed/Sk5Ed_net.tex.xbx,424,589b91a8,64,64,5
levels/Sk5Ed/Sk5Ed_net.tex.xbx,425,30c49828,64,64,5
levels/Sk5Ed/Sk5Ed_net.tex.xbx,426,f4523188,64,64,5
levels/Sk5Ed/Sk5Ed_net.tex.xbx,427,789af844,128,128,1
levels/Sk5Ed/Sk5Ed_net.tex.xbx,428,1a2cdfb4,64,16,5
levels/Sk5Ed/Sk5Ed_net.tex.xbx,429,9ff69690,32,32,5
levels/Sk5Ed/Sk5Ed_net.tex.xbx,430,5a3623ac,128,128,1
levels/Sk5Ed/Sk5Ed_net.tex.xbx,431,cec3d598,64,64,1
levels/Sk5Ed/Sk5Ed_net.tex.xbx,432,e970cd64,32,128,5
levels/Sk5Ed/Sk5Ed_net.tex.xbx,433,88fddbd0,128,128,5
levels/Sk5Ed/Sk5Ed_net.tex.xbx,434,94882dd4,128,128,5
levels/Sk5Ed/Sk5Ed_net.tex.xbx,435,6db3612c,128,128,5
levels/Sk5Ed/Sk5Ed_net.tex.xbx,436,a8239844,128,128,1
levels/Sk5Ed/Sk5Ed_net.tex.xbx,437,61ccb40c,128,128,1
levels/Sk5Ed/Sk5Ed_net.tex.xbx,438,f6d68a80,128,128,5
levels/Sk5Ed/Sk5Ed_net.tex.xbx,439,eb493ec4,128,128,5
levels/Sk5Ed/Sk5Ed_net.tex.xbx,440,a40e8160,64,64,5
levels/Sk5Ed/Sk5Ed_net.tex.xbx,441,6debc840,32,128,1
levels/Sk5Ed/Sk5Ed_net.tex.xbx,442,d0d14448,64,64,1
levels/Sk5Ed/Sk5Ed_net.tex.xbx,443,cc6fbd40,128,128,5
levels/Sk5Ed/Sk5Ed_net.tex.xbx,444,f7bd6210,64,64,2
levels/Sk5Ed/Sk5Ed_net.tex.xbx,445,3841a290,128,128,1
levels/Sk5Ed/Sk5Ed_net.tex.xbx,446,b0f124c8,64,64,5
levels/Sk5Ed/Sk5Ed_net.tex.xbx,447,425ef25c,128,128,1
levels/Sk5Ed/Sk5Ed_net.tex.xbx,448,35dce27c,64,16,1
levels/Sk5Ed/Sk5Ed_net.tex.xbx,449,97c23a88,128,128,5
levels/Sk5Ed/Sk5Ed_net.tex.xbx,450,e2c8dab8,128,64,5
levels/Sk5Ed/Sk5Ed_net.tex.xbx,451,f9b43290,64,128,5
levels/Sk5Ed/Sk5Ed_net.tex.xbx,452,960cabb8,64,128,5
levels/Sk5Ed/Sk5Ed_net.tex.xbx,453,b865b724,128,128,5
levels/Sk5Ed/Sk5Ed_net.tex.xbx,454,3c4ee790,64,32,1
levels/Sk5Ed/Sk5Ed_net.tex.xbx,455,66daff20,128,128,5
levels/Sk5Ed/Sk5Ed_net.tex.xbx,456,3a303438,32,32,5
levels/Sk5Ed/Sk5Ed_net.tex.xbx,457,349daab0,128,128,5
levels/Sk5Ed/Sk5Ed_net.tex.xbx,458,28b1cde0,128,128,1
levels/Sk5Ed/Sk5Ed_net.tex.xbx,459,c0347444,128,64,5
levels/Sk5Ed/Sk5Ed_net.tex.xbx,460,62f64a38,64,32,5
levels/Sk5Ed/Sk5Ed_net.tex.xbx,461,204dc3c8,128,128,1
levels/Sk5Ed/Sk5Ed_net.tex.xbx,462,6fc6f6a0,128,128,1
levels/Sk5Ed/Sk5Ed_net.tex.xbx,463,bb3942a4,128,128,1
levels/Sk5Ed/Sk5Ed_net.tex.xbx,464,acd1a13c,64,64,1
levels/Sk5Ed/Sk5Ed_net.tex.xbx,465,3cd74354,128,128,5
levels/Sk5Ed/Sk5Ed_net.tex.xbx,466,c62e277c,128,128,5
levels/Sk5Ed/Sk5Ed_net.tex.xbx,467,6fa9c1c0,64,64,5
levels/Sk5Ed/Sk5Ed_net.tex.xbx,468,f901badc,128,64,5
levels/Sk5Ed/Sk5Ed_net.tex.xbx,469,7498c63c,128,64,5
levels/Sk5Ed/Sk5Ed_net.tex.xbx,470,4a7b725c,64,64,2
levels/Sk5Ed/Sk5Ed_net.tex.xbx,471,29f351b8,128,128,1
levels/Sk5Ed/Sk5Ed_net.tex.xbx,472,c2a12340,32,32,1
levels/Sk5Ed/Sk5Ed_net.tex.xbx,473,953f4784,64,64,5
levels/Sk5Ed/Sk5Ed_net.tex.xbx,474,4911f2e0,128,64,1
levels/Sk5Ed/Sk5Ed_net.tex.xbx,475,72c0c068,64,64,1
levels/Sk5Ed/Sk5Ed_net.tex.xbx,476,fd342b14,64,64,5
levels/Sk5Ed/Sk5Ed_net.tex.xbx,477,f3ef6cc0,64,32,1
levels/Sk5Ed/Sk5Ed_net.tex.xbx,478,77cfe4c8,64,128,1
levels/Sk5Ed/Sk5Ed_net.tex.xbx,479,ea1c7344,128,128,1
levels/Sk5Ed/Sk5Ed_net.tex.xbx,480,4f8035a8,64,32,1
levels/Sk5Ed/Sk5Ed_net.tex.xbx,481,20173b48,64,32,1
levels/Sk5Ed/Sk5Ed_net.tex.xbx,482,5a63e044,64,64,5
levels/Sk5Ed/Sk5Ed_net.tex.xbx,483,6f967ac8,64,32,1
levels/Sk5Ed/Sk5Ed_net.tex.xbx,484,603b1fc4,128,64,5
levels/Sk5Ed/Sk5Ed_net.tex.xbx,485,f6629628,128,128,1
levels/Sk5Ed/Sk5Ed_net.tex.xbx,486,6c6f9a1c,128,128,1
levels/Sk5Ed/Sk5Ed_net.tex.xbx,487,eabf07e8,128,128,1
levels/Sk5Ed/Sk5Ed_net.tex.xbx,488,77f3cfe4,128,128,1
levels/Sk5Ed/Sk5Ed_net.tex.xbx,489,10d4f718,128,64,1
levels/Sk5Ed/Sk5Ed_net.tex.xbx,490,1c4c41bc,64,128,1
levels/Sk5Ed/Sk5Ed_net.tex.xbx,491,3c5e2c5c,64,64,1
levels/Sk5Ed/Sk5Ed_net.tex.xbx,492,2a4cb5b4,64,128,1
levels/Sk5Ed/Sk5Ed_net.tex.xbx,493,c5473f2c,128,64,5
levels/Sk5Ed/Sk5Ed_net.tex.xbx,494,a211d0bc,64,64,1
levels/Sk5Ed/Sk5Ed_net.tex.xbx,495,7facf2b0,128,128,5
levels/Sk5Ed/Sk5Ed_net.tex.xbx,496,f2e0c284,32,32,5
levels/Sk5Ed/Sk5Ed_net.tex.xbx,497,1fd495c0,32,32,5
levels/Sk5Ed/Sk5Ed_net.tex.xbx,498,836a07c8,64,64,5
levels/Sk5Ed/Sk5Ed_net.tex.xbx,499,76b22c10,128,128,1
levels/Sk5Ed/Sk5Ed_net.tex.xbx,500,6c8b3990,256,256,1
levels/Sk5Ed/Sk5Ed_net.tex.xbx,501,24386010,128,128,1
levels/Sk5Ed/Sk5Ed_net.tex.xbx,502,7d7f5590,256,128,1
levels/Sk5Ed/Sk5Ed_net.tex.xbx,503,71f1f114,256,128,1
levels/Sk5Ed/Sk5Ed_net.tex.xbx,504,1414b02c,128,128,1
levels/Sk5Ed/Sk5Ed_net.tex.xbx,505,8819fca0,32,32,1
levels/Sk5Ed/Sk5Ed_net.tex.xbx,506,e5a7e820,128,64,5
levels/Sk5Ed/Sk5Ed_net.tex.xbx,507,81f60fc0,64,32,1
levels/Sk5Ed/Sk5Ed_net.tex.xbx,508,bef1bc90,128,128,1
levels/Sk5Ed/Sk5Ed_net.tex.xbx,509,ba0b68b0,128,128,1
levels/Sk5Ed/Sk5Ed_net.tex.xbx,510,e8d0470c,128,128,5
levels/Sk5Ed/Sk5Ed_net.tex.xbx,511,46053da0,64,64,5
levels/Sk5Ed/Sk5Ed_net.tex.xbx,512,49bbc4a8,64,64,5
levels/Sk5Ed/Sk5Ed_net.tex.xbx,513,2046b3e0,32,32,1
levels/Sk5Ed/Sk5Ed_net.tex.xbx,514,5fe4fd8c,128,128,5
levels/Sk5Ed/Sk5Ed_net.tex.xbx,515,e7290210,128,64,5
levels/Sk5Ed/Sk5Ed_net.tex.xbx,516,fc787a14,128,128,1
levels/Sk5Ed/Sk5Ed_net.tex.xbx,517,1b5d322c,32,64,1
levels/Sk5Ed/Sk5Ed_net.tex.xbx,518,a357fd70,128,128,5
levels/Sk5Ed/Sk5Ed_net.tex.xbx,519,c90e9e08,128,128,1
levels/Sk5Ed/Sk5Ed_net.tex.xbx,520,f88540cc,128,128,5
levels/Sk5Ed/Sk5Ed_net.tex.xbx,521,0c73f5ec,128,128,5
levels/Sk5Ed/Sk5Ed_net.tex.xbx,522,838631e4,16,16,5
levels/Sk5Ed/Sk5Ed_net.tex.xbx,523,e9ffb560,128,128,5
levels/Sk5Ed/Sk5Ed_net.tex.xbx,524,87cd6c74,64,64,5
levels/Sk5Ed/Sk5Ed_net.tex.xbx,525,abc9ebac,64,64,1
levels/Sk5Ed/Sk5Ed_net.tex.xbx,526,86086680,128,128,1
levels/Sk5Ed/Sk5Ed_net.tex.xbx,527,49e32898,64,32,1
levels/Sk5Ed/Sk5Ed_net.tex.xbx,528,7a007ac0,128,128,1
levels/Sk5Ed/Sk5Ed_net.tex.xbx,529,024ce978,64,64,2
levels/Sk5Ed/Sk5Ed_net.tex.xbx,530,f640f2c8,128,128,1
levels/Sk5Ed/Sk5Ed_net.tex.xbx,531,66b7e264,128,128,5
levels/Sk5Ed/Sk5Ed_net.tex.xbx,532,9a69d89c,128,128,5
levels/Sk5Ed/Sk5Ed_net.tex.xbx,533,6cbfff9c,64,64,5
levels/Sk5Ed/Sk5Ed_net.tex.xbx,534,bc07bd38,64,128,5
levels/Sk5Ed/Sk5Ed_net.tex.xbx,535,80bec428,128,128,5
levels/Sk5Ed/Sk5Ed_net.tex.xbx,536,aec52a18,64,64,5
levels/Sk5Ed/Sk5Ed_net.tex.xbx,537,a8b45e70,32,64,1
levels/Sk5Ed/Sk5Ed_net.tex.xbx,538,ca7099a4,128,128,1
levels/Sk5Ed/Sk5Ed_net.tex.xbx,539,9d9b77c0,64,64,5
levels/Sk5Ed/Sk5Ed_net.tex.xbx,540,10a9cba0,128,128,5
levels/Sk5Ed/Sk5Ed_net.tex.xbx,541,12633d8c,128,32,5
levels/Sk5Ed/Sk5Ed_net.tex.xbx,542,cc4c72f4,16,16,1
levels/Sk5Ed/Sk5Ed_net.tex.xbx,543,f696504c,32,32,1
levels/Sk5Ed2_Shell/Sk5Ed2_Shell.tex.xbx,0,e7d9769c,64,64,1
levels/Sk5Ed2_Shell/Sk5Ed2_Shell.tex.xbx,1,c468e320,128,128,5
levels/Sk5Ed2_Shell/Sk5Ed2_Shell.tex.xbx,2,bfc9a9a8,128,128,1
levels/Sk5Ed2_Shell/Sk5Ed2_Shell.tex.xbx,3,3d436370,64,64,1
levels/Sk5Ed2_Shell/Sk5Ed2_Shell.tex.xbx,4,f70a3df0,32,32,1
levels/Sk5Ed2_Shell/Sk5Ed2_Shell.tex.xbx,5,c2c63224,128,128,5
levels/Sk5Ed2_Shell/Sk5Ed2_Shell.tex.xbx,6,0a8759bc,128,128,5
levels/Sk5Ed2_Shell/Sk5Ed2_Shell.tex.xbx,7,571a7980,32,32,1
levels/Sk5Ed2_Shell/Sk5Ed2_Shell.tex.xbx,8,131084e8,64,64,5
levels/Sk5Ed2_Shell/Sk5Ed2_Shell.tex.xbx,9,1538ac84,64,64,1
levels/Sk5Ed2_Shell/Sk5Ed2_Shell.tex.xbx,10,8ba54ce4,64,64,1
levels/Sk5Ed2_Shell/Sk5Ed2_Shell.tex.xbx,11,15a208dc,64,64,5
levels/Sk5Ed2_Shell/Sk5Ed2_Shell.tex.xbx,12,1e98f394,32,32,5
levels/Sk5Ed2_Shell/Sk5Ed2_Shell.tex.xbx,13,e79ac4bc,32,32,5
levels/Sk5Ed2_Shell/Sk5Ed2_Shell.tex.xbx,14,2a236ca8,16,16,1
levels/Sk5Ed2_Shell/Sk5Ed2_Shell.tex.xbx,15,46ef39d0,128,128,5
levels/Sk5Ed2_Shell/Sk5Ed2_Shell.tex.xbx,16,722574c4,64,16,2
levels/Sk5Ed2_Shell/Sk5Ed2_Shell.tex.xbx,17,a522e52c,128,128,5
levels/Sk5Ed2_Shell/Sk5Ed2_Shell.tex.xbx,18,162bc990,8,8,1
levels/Sk5Ed2_Shell/Sk5Ed2_Shell.tex.xbx,19,6b304114,128,64,5
levels/Sk5Ed2_Shell/Sk5Ed2_Shell.tex.xbx,20,387eaa4c,128,128,5
levels/Sk5Ed2_Shell/Sk5Ed2_Shell.tex.xbx,21,e0fb1a2c,128,32,5
levels/Sk5Ed2_Shell/Sk5Ed2_Shell.tex.xbx,22,93c4b31c,128,32,5
levels/Sk5Ed2_Shell/Sk5Ed2_Shell.tex.xbx,23,0f7b3b44,128,32,5
levels/Sk5Ed2_Shell/Sk5Ed2_Shell.tex.xbx,24,aaaf4044,64,64,5
levels/Sk5Ed2_Shell/Sk5Ed2_Shell.tex.xbx,25,e68fb21c,128,32,5
levels/Sk5Ed2_Shell/Sk5Ed2_Shell.tex.xbx,26,3b32fb00,128,64,5
levels/Sk5Ed2_Shell/Sk5Ed2_Shell.tex.xbx,27,006228c0,64,128,5
levels/Sk5Ed2_Shell/Sk5Ed2_Shell.tex.xbx,28,060484f4,64,64,5
levels/Sk5Ed2_Shell/Sk5Ed2_Shell.tex.xbx,29,07083314,128,32,5
levels/Sk5Ed2_Shell/Sk5Ed2_Shell.tex.xbx,30,a47c0f38,64,64,1
levels/Sk5Ed2_Shell/Sk5Ed2_Shell.tex.xbx,31,2612414c,64,64,5
levels/Sk5Ed2_Shell/Sk5Ed2_Shell.tex.xbx,32,fb0ca670,32,32,1
levels/Sk5Ed2_Shell/Sk5Ed2_Shell.tex.xbx,33,23972f08,64,64,5
levels/Sk5Ed2_Shell/Sk5Ed2_Shell.tex.xbx,34,5b904638,32,32,2
levels/Sk5Ed2_Shell/Sk5Ed2_Shell_net.tex.xbx,0,e7d9769c,64,64,1
levels/Sk5Ed2_Shell/Sk5Ed2_Shell_net.tex.xbx,1,c468e320,128,128,5
levels/Sk5Ed2_Shell/Sk5Ed2_Shell_net.tex.xbx,2,bfc9a9a8,128,128,1
levels/Sk5Ed2_Shell/Sk5Ed2_Shell_net.tex.xbx,3,3d436370,64,64,1
levels/Sk5Ed2_Shell/Sk5Ed2_Shell_net.tex.xbx,4,f70a3df0,32,32,1
levels/Sk5Ed2_Shell/Sk5Ed2_Shell_net.tex.xbx,5,c2c63224,128,128,5
levels/Sk5Ed2_Shell/Sk5Ed2_Shell_net.tex.xbx,6,0a8759bc,128,128,5
levels/Sk5Ed2_Shell/Sk5Ed2_Shell_net.tex.xbx,7,571a7980,32,32,1
levels/Sk5Ed2_Shell/Sk5Ed2_Shell_net.tex.xbx,8,131084e8,64,64,5
levels/Sk5Ed2_Shell/Sk5Ed2_Shell_net.tex.xbx,9,1538ac84,64,64,1
levels/Sk5Ed2_Shell/Sk5Ed2_Shell_net.tex.xbx,10,8ba54ce4,64,64,1
levels/Sk5Ed2_Shell/Sk5Ed2_Shell_net.tex.xbx,11,15a208dc,64,64,5
levels/Sk5Ed2_Shell/Sk5Ed2_Shell_net.tex.xbx,12,1e98f394,32,32,5
levels/Sk5Ed2_Shell/Sk5Ed2_Shell_net.tex.xbx,13,e79ac4bc,32,32,5
levels/Sk5Ed2_Shell/Sk5Ed2_Shell_net.tex.xbx,14,2a236ca8,16,16,1
levels/Sk5Ed2_Shell/Sk5Ed2_Shell_net.tex.xbx,15,46ef39d0,128,128,5
levels/Sk5Ed2_Shell/Sk5Ed2_Shell_net.tex.xbx,16,722574c4,64,16,2
levels/Sk5Ed2_Shell/Sk5Ed2_Shell_net.tex.xbx,17,a522e52c,128,128,5
levels/Sk5Ed2_Shell/Sk5Ed2_Shell_net.tex.xbx,18,162bc990,8,8,1
levels/Sk5Ed2_Shell/Sk5Ed2_Shell_net.tex.xbx,19,6b304114,128,64,5
levels/Sk5Ed2_Shell/Sk5Ed2_Shell_net.tex.xbx,20,387eaa4c,128,128,5
levels/Sk5Ed2_Shell/Sk5Ed2_Shell_net.tex.xbx,21,e0fb1a2c,128,32,5
levels/Sk5Ed2_Shell/Sk5Ed2_Shell_net.tex.xbx,22,93c4b31c,128,32,5
levels/Sk5Ed2_Shell/Sk5Ed2_Shell_net.tex.xbx,23,0f7b3b44,128,32,5
levels/Sk5Ed2_Shell/Sk5Ed2_Shell_net.tex.xbx,24,aaaf4044,64,64,5
levels/Sk5Ed2_Shell/Sk5Ed2_Shell_net.tex.xbx,25,e68fb21c,128,32,5
levels/Sk5Ed2_Shell/Sk5Ed2_Shell_net.tex.xbx,26,3b32fb00,128,64,5
levels/Sk5Ed2_Shell/Sk5Ed2_Shell_net.tex.xbx,27,006228c0,64,128,5
levels/Sk5Ed2_Shell/Sk5Ed2_Shell_net.tex.xbx,28,060484f4,64,64,5
levels/Sk5Ed2_Shell/Sk5Ed2_Shell_net.tex.xbx,29,07083314,128,32,5
levels/Sk5Ed2_Shell/Sk5Ed2_Shell_net.tex.xbx,30,a47c0f38,64,64,1
levels/Sk5Ed2_Shell/Sk5Ed2_Shell_net.tex.xbx,31,2612414c,64,64,5
levels/Sk5Ed2_Shell/Sk5Ed2_Shell_net.tex.xbx,32,fb0ca670,32,32,1
levels/Sk5Ed2_Shell/Sk5Ed2_Shell_net.tex.xbx,33,23972f08,64,64,5
levels/Sk5Ed2_Shell/Sk5Ed2_Shell_net.tex.xbx,34,5b904638,32,32,2
levels/Sk5Ed2_Sky/Sk5Ed2_Sky.tex.xbx,0,82bb2d1c,128,128,1
levels/Sk5Ed2_Sky/Sk5Ed2_Sky.tex.xbx,1,8e458c88,128,128,1
levels/Sk5Ed2_Sky/Sk5Ed2_Sky.tex.xbx,2,59cfc644,128,128,1
levels/Sk5Ed2_Sky/Sk5Ed2_Sky.tex.xbx,3,1f04b544,128,128,1
levels/Sk5Ed2_Sky/Sk5Ed2_Sky.tex.xbx,4,a58d2434,64,64,1
levels/Sk5Ed2_Sky/Sk5Ed2_Sky_net.tex.xbx,0,82bb2d1c,128,128,1
levels/Sk5Ed2_Sky/Sk5Ed2_Sky_net.tex.xbx,1,8e458c88,128,128,1
levels/Sk5Ed2_Sky/Sk5Ed2_Sky_net.tex.xbx,2,59cfc644,128,128,1
levels/Sk5Ed2_Sky/Sk5Ed2_Sky_net.tex.xbx,3,1f04b544,128,128,1
levels/Sk5Ed2_Sky/Sk5Ed2_Sky_net.tex.xbx,4,a58d2434,64,64,1
levels/Sk5Ed3_Shell/Sk5Ed3_Shell.tex.xbx,0,e9a70ac8,128,128,1
levels/Sk5Ed3_Shell/Sk5Ed3_Shell.tex.xbx,1,b1125cd8,128,128,5
levels/Sk5Ed3_Shell/Sk5Ed3_Shell.tex.xbx,2,9a80d1d0,128,128,1
levels/Sk5Ed3_Shell/Sk5Ed3_Shell.tex.xbx,3,2aa034c4,16,32,1
levels/Sk5Ed3_Shell/Sk5Ed3_Shell.tex.xbx,4,840b7468,128,64,5
levels/Sk5Ed3_Shell/Sk5Ed3_Shell.tex.xbx,5,4b2338b0,64,32,1
levels/Sk5Ed3_Shell/Sk5Ed3_Shell.tex.xbx,6,309abe24,128,32,5
levels/Sk5Ed3_Shell/Sk5Ed3_Shell.tex.xbx,7,cc5888b4,64,32,5
levels/Sk5Ed3_Shell/Sk5Ed3_Shell.tex.xbx,8,12dd25c0,32,32,5
levels/Sk5Ed3_Shell/Sk5Ed3_Shell.tex.xbx,9,731ec73c,64,32,5
levels/Sk5Ed3_Shell/Sk5Ed3_Shell.tex.xbx,10,14bc57d8,64,64,5
levels/Sk5Ed3_Shell/Sk5Ed3_Shell.tex.xbx,11,67960b94,128,128,5
levels/Sk5Ed3_Shell/Sk5Ed3_Shell.tex.xbx,12,193a0f9c,64,64,5
levels/Sk5Ed3_Shell/Sk5Ed3_Shell.tex.xbx,13,d6350c10,128,64,5
levels/Sk5Ed3_Shell/Sk5Ed3_Shell.tex.xbx,14,ab61b7c0,32,32,1
levels/Sk5Ed3_Shell/Sk5Ed3_Shell.tex.xbx,15,ec8f3b98,128,64,5
levels/Sk5Ed3_Shell/Sk5Ed3_Shell.tex.xbx,16,a6b7ed7c,128,32,5
levels/Sk5Ed3_Shell/Sk5Ed3_Shell.tex.xbx,17,0c9d9a14,128,64,5
levels/Sk5Ed3_Shell/Sk5Ed3_Shell.tex.xbx,18,a93691e8,64,64,5
levels/Sk5Ed3_Shell/Sk5Ed3_Shell.tex.xbx,19,e5080060,64,64,5
levels/Sk5Ed3_Shell/Sk5Ed3_Shell.tex.xbx,20,e5f2e58c,64,64,5
levels/Sk5Ed3_Shell/Sk5Ed3_Shell.tex.xbx,21,3f30d924,64,64,5
levels/Sk5Ed3_Shell/Sk5Ed3_Shell.tex.xbx,22,89b5753c,32,32,5
levels/Sk5Ed3_Shell/Sk5Ed3_Shell.tex.xbx,23,0ffb8b40,16,32,5
levels/Sk5Ed3_Shell/Sk5Ed3_Shell.tex.xbx,24,e25525f8,32,32,1
levels/Sk5Ed3_Shell/Sk5Ed3_Shell.tex.xbx,25,66bddad8,64,64,5
levels/Sk5Ed3_Shell/Sk5Ed3_Shell.tex.xbx,26,6326e0dc,128,128,5
levels/Sk5Ed3_Shell/Sk5Ed3_Shell.tex.xbx,27,a1e69fd8,128,64,5
levels/Sk5Ed3_Shell/Sk5Ed3_Shell.tex.xbx,28,607b6fb4,64,128,5
levels/Sk5Ed3_Shell/Sk5Ed3_Shell.tex.xbx,29,e0f12410,64,64,1
levels/Sk5Ed3_Shell/Sk5Ed3_Shell.tex.xbx,30,4ad3cd90,128,128,1
levels/Sk5Ed3_Shell/Sk5Ed3_Shell.tex.xbx,31,baf076b4,128,128,5
levels/Sk5Ed3_Shell/Sk5Ed3_Shell.tex.xbx,32,d52e08b4,32,64,5
levels/Sk5Ed3_Shell/Sk5Ed3_Shell.tex.xbx,33,3ae2edf0,32,32,5
levels/Sk5Ed3_Shell/Sk5Ed3_Shell.tex.xbx,34,0be84cd8,32,32,2
levels/Sk5Ed3_Shell/Sk5Ed3_Shell.tex.xbx,35,0ba919dc,64,32,5
levels/Sk5Ed3_Shell/Sk5Ed3_Shell.tex.xbx,36,fa365fc8,64,32,5
levels/Sk5Ed3_Shell/Sk5Ed3_Shell.tex.xbx,37,9589edc0,64,32,5
levels/Sk5Ed3_Shell/Sk5Ed3_Shell.tex.xbx,38,e321acc0,64,32,5
levels/Sk5Ed3_Shell/Sk5Ed3_Shell.tex.xbx,39,be9f24c8,64,32,5
levels/Sk5Ed3_Shell/Sk5Ed3_Shell.tex.xbx,40,6a2ce4dc,64,32,5
levels/Sk5Ed3_Shell/Sk5Ed3_Shell.tex.xbx,41,2e945984,64,32,5
levels/Sk5Ed3_Shell/Sk5Ed3_Shell.tex.xbx,42,a12ae2dc,64,32,5
levels/Sk5Ed3_Shell/Sk5Ed3_Shell.tex.xbx,43,3be98f98,16,32,5
levels/Sk5Ed3_Shell/Sk5Ed3_Shell.tex.xbx,44,9ec55cc4,16,32,5
levels/Sk5Ed3_Shell/Sk5Ed3_Shell.tex.xbx,45,02f9d19c,16,32,5
levels/Sk5Ed3_Shell/Sk5Ed3_Shell.tex.xbx,46,7e04a2a4,64,128,5
levels/Sk5Ed3_Shell/Sk5Ed3_Shell.tex.xbx,47,c2835c0c,32,64,5
levels/Sk5Ed3_Shell/Sk5Ed3_Shell.tex.xbx,48,6f73e4ac,32,32,5
levels/Sk5Ed3_Shell/Sk5Ed3_Shell.tex.xbx,49,70fcc7f0,64,64,1
levels/Sk5Ed3_Shell/Sk5Ed3_Shell.tex.xbx,50,cde74a98,16,32,1
levels/Sk5Ed3_Shell/Sk5Ed3_Shell.tex.xbx,51,2c443998,16,16,5
levels/Sk5Ed3_Shell/Sk5Ed3_Shell.tex.xbx,52,54e673b4,16,32,1
levels/Sk5Ed3_Shell/Sk5Ed3_Shell.tex.xbx,53,3959feac,16,64,5
levels/Sk5Ed3_Shell/Sk5Ed3_Shell.tex.xbx,54,4e3d4158,8,8,5
levels/Sk5Ed3_Shell/Sk5Ed3_Shell.tex.xbx,55,966495b4,8,8,5
levels/Sk5Ed3_Shell/Sk5Ed3_Shell.tex.xbx,56,c958d2f0,16,16,5
levels/Sk5Ed3_Shell/Sk5Ed3_Shell.tex.xbx,57,4325b3dc,64,64,5
levels/Sk5Ed3_Shell/Sk5Ed3_Shell.tex.xbx,58,ce9b05c8,64,64,5
levels/Sk5Ed3_Shell/Sk5Ed3_Shell.tex.xbx,59,5e9a3a84,64,64,5
levels/Sk5Ed3_Shell/Sk5Ed3_Shell.tex.xbx,60,f302bfcc,16,16,5
levels/Sk5Ed3_Shell/Sk5Ed3_Shell.tex.xbx,61,1e8d0678,16,16,5
levels/Sk5Ed3_Shell/Sk5Ed3_Shell.tex.xbx,62,fc9da010,32,16,5
levels/Sk5Ed3_Shell/Sk5Ed3_Shell.tex.xbx,63,9fb287ec,64,64,5
levels/Sk5Ed3_Shell/Sk5Ed3_Shell.tex.xbx,64,f584b2dc,128,128,5
levels/Sk5Ed3_Shell/Sk5Ed3_Shell.tex.xbx,65,270f16c8,64,128,5
levels/Sk5Ed3_Shell/Sk5Ed3_Shell.tex.xbx,66,6e256f24,128,128,5
levels/Sk5Ed3_Shell/Sk5Ed3_Shell.tex.xbx,67,ec079e5c,128,128,5
levels/Sk5Ed3_Shell/Sk5Ed3_Shell.tex.xbx,68,1859d018,128,128,5
levels/Sk5Ed3_Shell/Sk5Ed3_Shell.tex.xbx,69,6f4cba34,32,128,1
levels/Sk5Ed3_Shell/Sk5Ed3_Shell.tex.xbx,70,32c9e544,128,128,5
levels/Sk5Ed3_Shell/Sk5Ed3_Shell.tex.xbx,71,53264380,128,128,5
levels/Sk5Ed3_Shell/Sk5Ed3_Shell.tex.xbx,72,90232d64,128,128,1
levels/Sk5Ed3_Shell/Sk5Ed3_Shell.tex.xbx,73,58ebb870,128,128,5
levels/Sk5Ed3_Shell/Sk5Ed3_Shell_net.tex.xbx,0,e9a70ac8,128,128,1
levels/Sk5Ed3_Shell/Sk5Ed3_Shell_net.tex.xbx,1,b1125cd8,128,128,5
levels/Sk5Ed3_Shell/Sk5Ed3_Shell_net.tex.xbx,2,9a80d1d0,128,128,1
levels/Sk5Ed3_Shell/Sk5Ed3_Shell_net.tex.xbx,3,2aa034c4,16,32,1
levels/Sk5Ed3_Shell/Sk5Ed3_Shell_net.tex.xbx,4,840b7468,128,64,5
levels/Sk5Ed3_Shell/Sk5Ed3_Shell_net.tex.xbx,5,4b2338b0,64,32,1
levels/Sk5Ed3_Shell/Sk5Ed3_Shell_net.tex.xbx,6,309abe24,128,32,5
levels/Sk5Ed3_Shell/Sk5Ed3_Shell_net.tex.xbx,7,cc5888b4,64,32,5
levels/Sk5Ed3_Shell/Sk5Ed3_Shell_net.tex.xbx,8,12dd25c0,32,32,5
levels/Sk5Ed3_Shell/Sk5Ed3_Shell_net.tex.xbx,9,731ec73c,64,32,5
levels/Sk5Ed3_Shell/Sk5Ed3_Shell_net.tex.xbx,10,14bc57d8,64,64,5
levels/Sk5Ed3_Shell/Sk5Ed3_Shell_net.tex.xbx,11,67960b94,128,128,5
levels/Sk5Ed3_Shell/Sk5Ed3_Shell_net.tex.xbx,12,193a0f9c,64,64,5
levels/Sk5Ed3_Shell/Sk5Ed3_Shell_net.tex.xbx,13,d6350c10,128,64,5
levels/Sk5Ed3_Shell/Sk5Ed3_Shell_net.tex.xbx,14,ab61b7c0,32,32,1
levels/Sk5Ed3_Shell/Sk5Ed3_Shell_net.tex.xbx,15,ec8f3b98,128,64,5
levels/Sk5Ed3_Shell/Sk5Ed3_Shell_net.tex.xbx,16,a6b7ed7c,128,32,5
levels/Sk5Ed3_Shell/Sk5Ed3_Shell_net.tex.xbx,17,0c9d9a14,128,64,5
levels/Sk5Ed3_Shell/Sk5Ed3_Shell_net.tex.xbx,18,a93691e8,64,64,5
levels/Sk5Ed3_Shell/Sk5Ed3_Shell_net.tex.xbx,19,e5080060,64,64,5
levels/Sk5Ed3_Shell/Sk5Ed3_Shell_net.tex.xbx,20,e5f2e58c,64,64,5
levels/Sk5Ed3_Shell/Sk5Ed3_Shell_net.tex.xbx,21,3f30d924,64,64,5
levels/Sk5Ed3_Shell/Sk5Ed3_Shell_net.tex.xbx,22,89b5753c,32,32,5
levels/Sk5Ed3_Shell/Sk5Ed3_Shell_net.tex.xbx,23,0ffb8b40,16,32,5
levels/Sk5Ed3_Shell/Sk5Ed3_Shell_net.tex.xbx,24,e25525f8,32,32,1
levels/Sk5Ed3_Shell/Sk5Ed3_Shell_net.tex.xbx,25,66bddad8,64,64,5
levels/Sk5Ed3_Shell/Sk5Ed3_Shell_net.tex.xbx,26,6326e0dc,128,128,5
levels/Sk5Ed3_Shell/Sk5Ed3_Shell_net.tex.xbx,27,a1e69fd8,128,64,5
levels/Sk5Ed3_Shell/Sk5Ed3_Shell_net.tex.xbx,28,607b6fb4,64,128,5
levels/Sk5Ed3_Shell/Sk5Ed3_Shell_net.tex.xbx,29,e0f12410,64,64,1
levels/Sk5Ed3_Shell/Sk5Ed3_Shell_net.tex.xbx,30,4ad3cd90,128,128,1
levels/Sk5Ed3_Shell/Sk5Ed3_Shell_net.tex.xbx,31,baf076b4,128,128,5
levels/Sk5Ed3_Shell/Sk5Ed3_Shell_net.tex.xbx,32,d52e08b4,32,64,5
levels/Sk5Ed3_Shell/Sk5Ed3_Shell_net.tex.xbx,33,3ae2edf0,32,32,5
levels/Sk5Ed3_Shell/Sk5Ed3_Shell_net.tex.xbx,34,0be84cd8,32,32,2
levels/Sk5Ed3_Shell/Sk5Ed3_Shell_net.tex.xbx,35,0ba919dc,64,32,5
levels/Sk5Ed3_Shell/Sk5Ed3_Shell_net.tex.xbx,36,fa365fc8,64,32,5
levels/Sk5Ed3_Shell/Sk5Ed3_Shell_net.tex.xbx,37,9589edc0,64,32,5
levels/Sk5Ed3_Shell/Sk5Ed3_Shell_net.tex.xbx,38,e321acc0,64,32,5
levels/Sk5Ed3_Shell/Sk5Ed3_Shell_net.tex.xbx,39,be9f24c8,64,32,5
levels/Sk5Ed3_Shell/Sk5Ed3_Shell_net.tex.xbx,40,6a2ce4dc,64,32,5
levels/Sk5Ed3_Shell/Sk5Ed3_Shell_net.tex.xbx,41,2e945984,64,32,5
levels/Sk5Ed3_Shell/Sk5Ed3_Shell_net.tex.xbx,42,a12ae2dc,64,32,5
levels/Sk5Ed3_Shell/Sk5Ed3_Shell_net.tex.xbx,43,3be98f98,16,32,5
levels/Sk5Ed3_Shell/Sk5Ed3_Shell_net.tex.xbx,44,9ec55cc4,16,32,5
levels/Sk5Ed3_Shell/Sk5Ed3_Shell_net.tex.xbx,45,02f9d19c,16,32,5
levels/Sk5Ed3_Shell/Sk5Ed3_Shell_net.tex.xbx,46,7e04a2a4,64,128,5
levels/Sk5Ed3_Shell/Sk5Ed3_Shell_net.tex.xbx,47,c2835c0c,32,64,5
levels/Sk5Ed3_Shell/Sk5Ed3_Shell_net.tex.xbx,48,6f73e4ac,32,32,5
levels/Sk5Ed3_Shell/Sk5Ed3_Shell_net.tex.xbx,49,70fcc7f0,64,64,1
levels/Sk5Ed3_Shell/Sk5Ed3_Shell_net.tex.xbx,50,cde74a98,16,32,1
levels/Sk5Ed3_Shell/Sk5Ed3_Shell_net.tex.xbx,51,2c443998,16,16,5
levels/Sk5Ed3_Shell/Sk5Ed3_Shell_net.tex.xbx,52,54e673b4,16,32,1
levels/Sk5Ed3_Shell/Sk5Ed3_Shell_net.tex.xbx,53,3959feac,16,64,5
levels/Sk5Ed3_Shell/Sk5Ed3_Shell_net.tex.xbx,54,4e3d4158,8,8,5
levels/Sk5Ed3_Shell/Sk5Ed3_Shell_net.tex.xbx,55,966495b4,8,8,5
levels/Sk5Ed3_Shell/Sk5Ed3_Shell_net.tex.xbx,56,c958d2f0,16,16,5
levels/Sk5Ed3_Shell/Sk5Ed3_Shell_net.tex.xbx,57,4325b3dc,64,64,5
levels/Sk5Ed3_Shell/Sk5Ed3_Shell_net.tex.xbx,58,ce9b05c8,64,64,5
levels/Sk5Ed3_Shell/Sk5Ed3_Shell_net.tex.xbx,59,5e9a3a84,64,64,5
levels/Sk5Ed3_Shell/Sk5Ed3_Shell_net.tex.xbx,60,f302bfcc,16,16,5
levels/Sk5Ed3_Shell/Sk5Ed3_Shell_net.tex.xbx,61,1e8d0678,16,16,5
levels/Sk5Ed3_Shell/Sk5Ed3_Shell_net.tex.xbx,62,fc9da010,32,16,5
levels/Sk5Ed3_Shell/Sk5Ed3_Shell_net.tex.xbx,63,9fb287ec,64,64,5
levels/Sk5Ed3_Shell/Sk5Ed3_Shell_net.tex.xbx,64,f584b2dc,128,128,5
levels/Sk5Ed3_Shell/Sk5Ed3_Shell_net.tex.xbx,65,270f16c8,64,128,5
levels/Sk5Ed3_Shell/Sk5Ed3_Shell_net.tex.xbx,66,6e256f24,128,128,5
levels/Sk5Ed3_Shell/Sk5Ed3_Shell_net.tex.xbx,67,ec079e5c,128,128,5
levels/Sk5Ed3_Shell/Sk5Ed3_Shell_net.tex.xbx,68,1859d018,128,128,5
levels/Sk5Ed3_Shell/Sk5Ed3_Shell_net.tex.xbx,69,6f4cba34,32,128,1
levels/Sk5Ed3_Shell/Sk5Ed3_Shell_net.tex.xbx,70,32c9e544,128,128,5
levels/Sk5Ed3_Shell/Sk5Ed3_Shell_net.tex.xbx,71,53264380,128,128,5
levels/Sk5Ed3_Shell/Sk5Ed3_Shell_net.tex.xbx,72,90232d64,128,128,1
levels/Sk5Ed3_Shell/Sk5Ed3_Shell_net.tex.xbx,73,58ebb870,128,128,5
levels/Sk5Ed3_Sky/Sk5Ed3_Sky.tex.xbx,0,6c36462c,128,128,1
levels/Sk5Ed3_Sky/Sk5Ed3_Sky.tex.xbx,1,80c38018,128,128,1
levels/Sk5Ed3_Sky/Sk5Ed3_Sky.tex.xbx,2,5551ad34,128,128,1
levels/Sk5Ed3_Sky/Sk5Ed3_Sky.tex.xbx,3,f088b834,128,128,1
levels/Sk5Ed3_Sky/Sk5Ed3_Sky_net.tex.xbx,0,6c36462c,128,128,1
levels/Sk5Ed3_Sky/Sk5Ed3_Sky_net.tex.xbx,1,80c38018,128,128,1
levels/Sk5Ed3_Sky/Sk5Ed3_Sky_net.tex.xbx,2,5551ad34,128,128,1
levels/Sk5Ed3_Sky/Sk5Ed3_Sky_net.tex.xbx,3,f088b834,128,128,1
levels/Sk5Ed4_Shell/Sk5Ed4_Shell.tex.xbx,0,e9a70ac8,128,128,1
levels/Sk5Ed4_Shell/Sk5Ed4_Shell.tex.xbx,1,b1125cd8,128,128,5
levels/Sk5Ed4_Shell/Sk5Ed4_Shell.tex.xbx,2,9a80d1d0,128,128,1
levels/Sk5Ed4_Shell/Sk5Ed4_Shell.tex.xbx,3,51628b68,128,64,5
levels/Sk5Ed4_Shell/Sk5Ed4_Shell.tex.xbx,4,e7c7afb8,64,64,1
levels/Sk5Ed4_Shell/Sk5Ed4_Shell.tex.xbx,5,81211104,16,32,1
levels/Sk5Ed4_Shell/Sk5Ed4_Shell.tex.xbx,6,a911bd10,64,64,1
levels/Sk5Ed4_Shell/Sk5Ed4_Shell.tex.xbx,7,9eaff794,32,8,2
levels/Sk5Ed4_Shell/Sk5Ed4_Shell.tex.xbx,8,571a7980,32,32,1
levels/Sk5Ed4_Shell/Sk5Ed4_Shell.tex.xbx,9,a8eb5c68,32,32,5
levels/Sk5Ed4_Shell/Sk5Ed4_Shell.tex.xbx,10,b86c2464,32,32,5
levels/Sk5Ed4_Shell/Sk5Ed4_Shell.tex.xbx,11,cb2071e4,64,128,1
levels/Sk5Ed4_Shell/Sk5Ed4_Shell.tex.xbx,12,cc36e3c8,128,32,5
levels/Sk5Ed4_Shell/Sk5Ed4_Shell.tex.xbx,13,7f5b2b80,128,128,1
levels/Sk5Ed4_Shell/Sk5Ed4_Shell.tex.xbx,14,38a8a978,64,32,2
levels/Sk5Ed4_Shell/Sk5Ed4_Shell.tex.xbx,15,39001e5c,128,32,2
levels/Sk5Ed4_Shell/Sk5Ed4_Shell.tex.xbx,16,ce63dd44,32,32,5
levels/Sk5Ed4_Shell/Sk5Ed4_Shell.tex.xbx,17,e91fbe1c,64,64,5
levels/Sk5Ed4_Shell/Sk5Ed4_Shell.tex.xbx,18,f1f0bdc4,128,64,5
levels/Sk5Ed4_Shell/Sk5Ed4_Shell.tex.xbx,19,557f8b4c,128,32,5
levels/Sk5Ed4_Shell/Sk5Ed4_Shell.tex.xbx,20,cae66254,64,32,5
levels/Sk5Ed4_Shell/Sk5Ed4_Shell.tex.xbx,21,384f9218,128,32,5
levels/Sk5Ed4_Shell/Sk5Ed4_Shell.tex.xbx,22,6251c52c,64,32,5
levels/Sk5Ed4_Shell/Sk5Ed4_Shell.tex.xbx,23,c7b4b450,128,32,5
levels/Sk5Ed4_Shell/Sk5Ed4_Shell.tex.xbx,24,73c47118,128,32,5
levels/Sk5Ed4_Shell/Sk5Ed4_Shell.tex.xbx,25,96d90170,128,32,5
levels/Sk5Ed4_Shell/Sk5Ed4_Shell.tex.xbx,26,c65adb4c,64,32,5
levels/Sk5Ed4_Shell/Sk5Ed4_Shell.tex.xbx,27,bcecfe34,16,16,1
levels/Sk5Ed4_Shell/Sk5Ed4_Shell.tex.xbx,28,a1d75d0c,64,128,5
levels/Sk5Ed4_Shell/Sk5Ed4_Shell.tex.xbx,29,f2f95e9c,64,64,1
levels/Sk5Ed4_Shell/Sk5Ed4_Shell.tex.xbx,30,2bbc123c,128,64,5
levels/Sk5Ed4_Shell/Sk5Ed4_Shell.tex.xbx,31,9460a144,32,16,5
levels/Sk5Ed4_Shell/Sk5Ed4_Shell.tex.xbx,32,546f0b70,128,32,5
levels/Sk5Ed4_Shell/Sk5Ed4_Shell.tex.xbx,33,27d9d62c,128,32,5
levels/Sk5Ed4_Shell/Sk5Ed4_Shell.tex.xbx,34,57e52df8,64,32,5
levels/Sk5Ed4_Shell/Sk5Ed4_Shell.tex.xbx,35,a40a3df8,128,32,5
levels/Sk5Ed4_Shell/Sk5Ed4_Shell.tex.xbx,36,2f459754,64,32,5
levels/Sk5Ed4_Shell/Sk5Ed4_Shell.tex.xbx,37,5520789c,16,128,1
levels/Sk5Ed4_Shell/Sk5Ed4_Shell.tex.xbx,38,5762239c,64,64,5
levels/Sk5Ed4_Shell/Sk5Ed4_Shell.tex.xbx,39,cce8073c,128,64,5
levels/Sk5Ed4_Shell/Sk5Ed4_Shell.tex.xbx,40,4b664834,128,32,5
levels/Sk5Ed4_Shell/Sk5Ed4_Shell.tex.xbx,41,c58bb4e4,128,32,5
levels/Sk5Ed4_Shell/Sk5Ed4_Shell.tex.xbx,42,73fb0a4c,64,32,5
levels/Sk5Ed4_Shell/Sk5Ed4_Shell.tex.xbx,43,d3677018,128,32,5
levels/Sk5Ed4_Shell/Sk5Ed4_Shell.tex.xbx,44,2f5c3360,32,32,5
levels/Sk5Ed4_Shell/Sk5Ed4_Shell.tex.xbx,45,cdcf361c,32,64,5
levels/Sk5Ed4_Shell/Sk5Ed4_Shell.tex.xbx,46,b28a8654,32,32,5
levels/Sk5Ed4_Shell/Sk5Ed4_Shell.tex.xbx,47,b6d89358,64,64,5
levels/Sk5Ed4_Shell/Sk5Ed4_Shell.tex.xbx,48,e263448c,32,32,5
levels/Sk5Ed4_Shell/Sk5Ed4_Shell.tex.xbx,49,533c7584,64,32,5
levels/Sk5Ed4_Shell/Sk5Ed4_Shell.tex.xbx,50,1f19bb54,64,32,5
levels/Sk5Ed4_Shell/Sk5Ed4_Shell.tex.xbx,51,f38c7b50,64,32,1
levels/Sk5Ed4_Shell/Sk5Ed4_Shell.tex.xbx,52,3724fb30,64,32,5
levels/Sk5Ed4_Shell/Sk5Ed4_Shell.tex.xbx,53,3e259134,128,32,5
levels/Sk5Ed4_Shell/Sk5Ed4_Shell.tex.xbx,54,1bdeaec4,64,64,1
levels/Sk5Ed4_Shell/Sk5Ed4_Shell.tex.xbx,55,c8d77a64,128,64,5
levels/Sk5Ed4_Shell/Sk5Ed4_Shell_net.tex.xbx,0,e9a70ac8,128,128,1
levels/Sk5Ed4_Shell/Sk5Ed4_Shell_net.tex.xbx,1,b1125cd8,128,128,5
levels/Sk5Ed4_Shell/Sk5Ed4_Shell_net.tex.xbx,2,9a80d1d0,128,128,1
levels/Sk5Ed4_Shell/Sk5Ed4_Shell_net.tex.xbx,3,51628b68,128,64,5
levels/Sk5Ed4_Shell/Sk5Ed4_Shell_net.tex.xbx,4,e7c7afb8,64,64,1
levels/Sk5Ed4_Shell/Sk5Ed4_Shell_net.tex.xbx,5,81211104,16,32,1
levels/Sk5Ed4_Shell/Sk5Ed4_Shell_net.tex.xbx,6,a911bd10,64,64,1
levels/Sk5Ed4_Shell/Sk5Ed4_Shell_net.tex.xbx,7,9eaff794,32,8,2
levels/Sk5Ed4_Shell/Sk5Ed4_Shell_net.tex.xbx,8,571a7980,32,32,1
levels/Sk5Ed4_Shell/Sk5Ed4_Shell_net.tex.xbx,9,a8eb5c68,32,32,5
levels/Sk5Ed4_Shell/Sk5Ed4_Shell_net.tex.xbx,10,b86c2464,32,32,5
levels/Sk5Ed4_Shell/Sk5Ed4_Shell_net.tex.xbx,11,cb2071e4,64,128,1
levels/Sk5Ed4_Shell/Sk5Ed4_Shell_net.tex.xbx,12,cc36e3c8,128,32,5
levels/Sk5Ed4_Shell/Sk5Ed4_Shell_net.tex.xbx,13,7f5b2b80,128,128,1
levels/Sk5Ed4_Shell/Sk5Ed4_Shell_net.tex.xbx,14,38a8a978,64,32,2
levels/Sk5Ed4_Shell/Sk5Ed4_Shell_net.tex.xbx,15,39001e5c,128,32,2
levels/Sk5Ed4_Shell/Sk5Ed4_Shell_net.tex.xbx,16,ce63dd44,32,32,5
levels/Sk5Ed4_Shell/Sk5Ed4_Shell_net.tex.xbx,17,e91fbe1c,64,64,5
levels/Sk5Ed4_Shell/Sk5Ed4_Shell_net.tex.xbx,18,f1f0bdc4,128,64,5
levels/Sk5Ed4_Shell/Sk5Ed4_Shell_net.tex.xbx,19,557f8b4c,128,32,5
levels/Sk5Ed4_Shell/Sk5Ed4_Shell_net.tex.xbx,20,cae66254,64,32,5
levels/Sk5Ed4_Shell/Sk5Ed4_Shell_net.tex.xbx,21,384f9218,128,32,5
levels/Sk5Ed4_Shell/Sk5Ed4_Shell_net.tex.xbx,22,6251c52c,64,32,5
levels/Sk5Ed4_Shell/Sk5Ed4_Shell_net.tex.xbx,23,c7b4b450,128,32,5
levels/Sk5Ed4_Shell/Sk5Ed4_Shell_net.tex.xbx,24,73c47118,128,32,5
levels/Sk5Ed4_Shell/Sk5Ed4_Shell_net.tex.xbx,25,96d90170,128,32,5
levels/Sk5Ed4_Shell/Sk5Ed4_Shell_net.tex.xbx,26,c65adb4c,64,32,5
levels/Sk5Ed4_Shell/Sk5Ed4_Shell_net.tex.xbx,27,bcecfe34,16,16,1
levels/Sk5Ed4_Shell/Sk5Ed4_Shell_net.tex.xbx,28,a1d75d0c,64,128,5
levels/Sk5Ed4_Shell/Sk5Ed4_Shell_net.tex.xbx,29,f2f95e9c,64,64,1
levels/Sk5Ed4_Shell/Sk5Ed4_Shell_net.tex.xbx,30,2bbc123c,128,64,5
levels/Sk5Ed4_Shell/Sk5Ed4_Shell_net.tex.xbx,31,9460a144,32,16,5
levels/Sk5Ed4_Shell/Sk5Ed4_Shell_net.tex.xbx,32,546f0b70,128,32,5
levels/Sk5Ed4_Shell/Sk5Ed4_Shell_net.tex.xbx,33,27d9d62c,128,32,5
levels/Sk5Ed4_Shell/Sk5Ed4_Shell_net.tex.xbx,34,57e52df8,64,32,5
levels/Sk5Ed4_Shell/Sk5Ed4_Shell_net.tex.xbx,35,a40a3df8,128,32,5
levels/Sk5Ed4_Shell/Sk5Ed4_Shell_net.tex.xbx,36,2f459754,64,32,5
levels/Sk5Ed4_Shell/Sk5Ed4_Shell_net.tex.xbx,37,5520789c,16,128,1
levels/Sk5Ed4_Shell/Sk5Ed4_Shell_net.tex.xbx,38,5762239c,64,64,5
levels/Sk5Ed4_Shell/Sk5Ed4_Shell_net.tex.xbx,39,cce8073c,128,64,5
levels/Sk5Ed4_Shell/Sk5Ed4_Shell_net.tex.xbx,40,4b664834,128,32,5
levels/Sk5Ed4_Shell/Sk5Ed4_Shell_net.tex.xbx,41,c58bb4e4,128,32,5
levels/Sk5Ed4_Shell/Sk5Ed4_Shell_net.tex.xbx,42,73fb0a4c,64,32,5
levels/Sk5Ed4_Shell/Sk5Ed4_Shell_net.tex.xbx,43,d3677018,128,32,5
levels/Sk5Ed4_Shell/Sk5Ed4_Shell_net.tex.xbx,44,2f5c3360,32,32,5
levels/Sk5Ed4_Shell/Sk5Ed4_Shell_net.tex.xbx,45,cdcf361c,32,64,5
levels/Sk5Ed4_Shell/Sk5Ed4_Shell_net.tex.xbx,46,b28a8654,32,32,5
levels/Sk5Ed4_Shell/Sk5Ed4_Shell_net.tex.xbx,47,b6d89358,64,64,5
levels/Sk5Ed4_Shell/Sk5Ed4_Shell_net.tex.xbx,48,e263448c,32,32,5
levels/Sk5Ed4_Shell/Sk5Ed4_Shell_net.tex.xbx,49,533c7584,64,32,5
levels/Sk5Ed4_Shell/Sk5Ed4_Shell_net.tex.xbx,50,1f19bb54,64,32,5
levels/Sk5Ed4_Shell/Sk5Ed4_Shell_net.tex.xbx,51,f38c7b50,64,32,1
levels/Sk5Ed4_Shell/Sk5Ed4_Shell_net.tex.xbx,52,3724fb30,64,32,5
levels/Sk5Ed4_Shell/Sk5Ed4_Shell_net.tex.xbx,53,3e259134,128,32,5
levels/Sk5Ed4_Shell/Sk5Ed4_Shell_net.tex.xbx,54,1bdeaec4,64,64,1
levels/Sk5Ed4_Shell/Sk5Ed4_Shell_net.tex.xbx,55,c8d77a64,128,64,5
levels/Sk5Ed4_Sky/Sk5Ed4_Sky.tex.xbx,0,eb94e12c,128,128,1
levels/Sk5Ed4_Sky/Sk5Ed4_Sky.tex.xbx,1,1a1fa518,128,128,1
levels/Sk5Ed4_Sky/Sk5Ed4_Sky.tex.xbx,2,4ea9ac34,128,128,1
levels/Sk5Ed4_Sky/Sk5Ed4_Sky.tex.xbx,3,a72a7134,128,128,1
levels/Sk5Ed4_Sky/Sk5Ed4_Sky_net.tex.xbx,0,eb94e12c,128,128,1
levels/Sk5Ed4_Sky/Sk5Ed4_Sky_net.tex.xbx,1,1a1fa518,128,128,1
levels/Sk5Ed4_Sky/Sk5Ed4_Sky_net.tex.xbx,2,4ea9ac34,128,128,1
levels/Sk5Ed4_Sky/Sk5Ed4_Sky_net.tex.xbx,3,a72a7134,128,128,1
levels/Sk5Ed5_Sky/Sk5Ed5_Sky.tex.xbx,0,6c36462c,128,128,1
levels/Sk5Ed5_Sky/Sk5Ed5_Sky.tex.xbx,1,80c38018,128,128,1
levels/Sk5Ed5_Sky/Sk5Ed5_Sky.tex.xbx,2,5551ad34,128,128,1
levels/Sk5Ed5_Sky/Sk5Ed5_Sky.tex.xbx,3,f088b834,128,128,1
levels/Sk5Ed5_Sky/Sk5Ed5_Sky_net.tex.xbx,0,6c36462c,128,128,1
levels/Sk5Ed5_Sky/Sk5Ed5_Sky_net.tex.xbx,1,80c38018,128,128,1
levels/Sk5Ed5_Sky/Sk5Ed5_Sky_net.tex.xbx,2,5551ad34,128,128,1
levels/Sk5Ed5_Sky/Sk5Ed5_Sky_net.tex.xbx,3,f088b834,128,128,1
levels/Sk5Ed_Shell/Sk5Ed_Shell.tex.xbx,0,571a7980,32,32,1
levels/Sk5Ed_Shell/Sk5Ed_Shell.tex.xbx,1,f77b7f24,64,64,5
levels/Sk5Ed_Shell/Sk5Ed_Shell.tex.xbx,2,c8f46010,128,128,5
levels/Sk5Ed_Shell/Sk5Ed_Shell.tex.xbx,3,40f6fedc,64,64,1
levels/Sk5Ed_Shell/Sk5Ed_Shell.tex.xbx,4,42aedabc,128,64,5
levels/Sk5Ed_Shell/Sk5Ed_Shell.tex.xbx,5,d7d89810,32,32,5
levels/Sk5Ed_Shell/Sk5Ed_Shell.tex.xbx,6,2917a2b4,64,64,5
levels/Sk5Ed_Shell/Sk5Ed_Shell.tex.xbx,7,d01fa360,64,64,5
levels/Sk5Ed_Shell/Sk5Ed_Shell.tex.xbx,8,773bde60,64,64,5
levels/Sk5Ed_Shell/Sk5Ed_Shell.tex.xbx,9,85466d94,64,32,5
levels/Sk5Ed_Shell/Sk5Ed_Shell.tex.xbx,10,e97af40c,64,32,5
levels/Sk5Ed_Shell/Sk5Ed_Shell.tex.xbx,11,9c5b050c,128,32,5
levels/Sk5Ed_Shell/Sk5Ed_Shell.tex.xbx,12,c0657894,128,32,5
levels/Sk5Ed_Shell/Sk5Ed_Shell.tex.xbx,13,14efd110,128,32,5
levels/Sk5Ed_Shell/Sk5Ed_Shell.tex.xbx,14,26de6150,128,32,5
levels/Sk5Ed_Shell/Sk5Ed_Shell.tex.xbx,15,b177de3c,128,64,5
levels/Sk5Ed_Shell/Sk5Ed_Shell.tex.xbx,16,25ed9868,128,64,5
levels/Sk5Ed_Shell/Sk5Ed_Shell.tex.xbx,17,94212ee8,128,64,5
levels/Sk5Ed_Shell/Sk5Ed_Shell_net.tex.xbx,0,571a7980,32,32,1
levels/Sk5Ed_Shell/Sk5Ed_Shell_net.tex.xbx,1,f77b7f24,64,64,5
levels/Sk5Ed_Shell/Sk5Ed_Shell_net.tex.xbx,2,c8f46010,128,128,5
levels/Sk5Ed_Shell/Sk5Ed_Shell_net.tex.xbx,3,40f6fedc,64,64,1
levels/Sk5Ed_Shell/Sk5Ed_Shell_net.tex.xbx,4,42aedabc,128,64,5
levels/Sk5Ed_Shell/Sk5Ed_Shell_net.tex.xbx,5,d7d89810,32,32,5
levels/Sk5Ed_Shell/Sk5Ed_Shell_net.tex.xbx,6,2917a2b4,64,64,5
levels/Sk5Ed_Shell/Sk5Ed_Shell_net.tex.xbx,7,d01fa360,64,64,5
levels/Sk5Ed_Shell/Sk5Ed_Shell_net.tex.xbx,8,773bde60,64,64,5
levels/Sk5Ed_Shell/Sk5Ed_Shell_net.tex.xbx,9,85466d94,64,32,5
levels/Sk5Ed_Shell/Sk5Ed_Shell_net.tex.xbx,10,e97af40c,64,32,5
levels/Sk5Ed_Shell/Sk5Ed_Shell_net.tex.xbx,11,9c5b050c,128,32,5
levels/Sk5Ed_Shell/Sk5Ed_Shell_net.tex.xbx,12,c0657894,128,32,5
levels/Sk5Ed_Shell/Sk5Ed_Shell_net.tex.xbx,13,14efd110,128,32,5
levels/Sk5Ed_Shell/Sk5Ed_Shell_net.tex.xbx,14,26de6150,128,32,5
levels/Sk5Ed_Shell/Sk5Ed_Shell_net.tex.xbx,15,b177de3c,128,64,5
levels/Sk5Ed_Shell/Sk5Ed_Shell_net.tex.xbx,16,25ed9868,128,64,5
levels/Sk5Ed_Shell/Sk5Ed_Shell_net.tex.xbx,17,94212ee8,128,64,5
levels/Sk5Ed_Sky/Sk5Ed_Sky.tex.xbx,0,eb94e12c,128,128,1
levels/Sk5Ed_Sky/Sk5Ed_Sky.tex.xbx,1,1a1fa518,128,128,1
levels/Sk5Ed_Sky/Sk5Ed_Sky.tex.xbx,2,4ea9ac34,128,128,1
levels/Sk5Ed_Sky/Sk5Ed_Sky.tex.xbx,3,a72a7134,128,128,1
levels/Sk5Ed_Sky/Sk5Ed_Sky_net.tex.xbx,0,eb94e12c,128,128,1
levels/Sk5Ed_Sky/Sk5Ed_Sky_net.tex.xbx,1,1a1fa518,128,128,1
levels/Sk5Ed_Sky/Sk5Ed_Sky_net.tex.xbx,2,4ea9ac34,128,128,1
levels/Sk5Ed_Sky/Sk5Ed_Sky_net.tex.xbx,3,a72a7134,128,128,1
levels/TR/TR.tex.xbx,0,7f76c558,8,8,1
levels/TR/TR.tex.xbx,1,476d8264,128,64,5
levels/TR/TR.tex.xbx,2,133ed4cc,64,64,1
levels/TR/TR.tex.xbx,3,7e64273c,64,64,1
levels/TR/TR.tex.xbx,4,fa9803ac,64,64,1
levels/TR/TR.tex.xbx,5,d18d5c2c,128,32,1
levels/TR/TR.tex.xbx,6,95b2e634,64,32,1
levels/TR/TR.tex.xbx,7,37538c04,64,64,1
levels/TR/TR.tex.xbx,8,4899c0c8,32,64,1
levels/TR/TR.tex.xbx,9,e297958c,64,64,1
levels/TR/TR.tex.xbx,10,ea52dd88,32,32,5
levels/TR/TR.tex.xbx,11,53ac6d1c,64,64,1
levels/TR/TR.tex.xbx,12,a78c17e8,128,128,5
levels/TR/TR.tex.xbx,13,b0b480c0,64,64,1
levels/TR/TR.tex.xbx,14,22399a58,64,128,1
levels/TR/TR.tex.xbx,15,0f4bf900,64,64,5
levels/TR/TR.tex.xbx,16,8efff318,64,64,5
levels/TR/TR.tex.xbx,17,6e41e2e0,32,16,1
levels/TR/TR.tex.xbx,18,3f9fc1e0,64,64,2
levels/TR/TR.tex.xbx,19,a2ced228,128,128,5
levels/TR/TR.tex.xbx,20,f3af1130,16,64,1
levels/TR/TR.tex.xbx,21,58aa9cf8,128,128,1
levels/TR/TR.tex.xbx,22,c83046bc,128,128,1
levels/TR/TR.tex.xbx,23,2046b3e0,32,32,1
levels/TR/TR.tex.xbx,24,5fe4fd8c,128,128,5
levels/TR/TR.tex.xbx,25,e7290210,128,64,5
levels/TR/TR.tex.xbx,26,c3285eb4,64,64,5
levels/TR/TR.tex.xbx,27,ba0b68b0,128,128,1
levels/TR/TR.tex.xbx,28,49c7ce48,64,64,5
levels/TR/TR.tex.xbx,29,98223ab8,128,128,5
levels/TR/TR.tex.xbx,30,a57060d0,64,128,5
levels/TR/TR.tex.xbx,31,79001ab0,128,128,5
levels/TR/TR.tex.xbx,32,d3a9a798,128,128,1
levels/TR/TR.tex.xbx,33,522fdb50,32,64,5
levels/TR/TR.tex.xbx,34,5eaf0120,64,64,5
levels/TR/TR.tex.xbx,35,c857c63c,128,128,5
levels/TR/TR.tex.xbx,36,647df22c,128,128,1
levels/TR/TR.tex.xbx,37,0e4053cc,64,64,5
levels/TR/TR.tex.xbx,38,f0e592fc,64,64,5
levels/TR/TR.tex.xbx,39,c0354094,64,128,5
levels/TR/TR.tex.xbx,40,7039b818,32,32,5
levels/TR/TR.tex.xbx,41,49726eb8,32,32,5
levels/TR/TR.tex.xbx,42,573f8198,64,128,5
levels/TR/TR.tex.xbx,43,7d509b44,64,64,5
levels/TR/TR.tex.xbx,44,4782f710,32,32,5
levels/TR/TR.tex.xbx,45,0fde9dc8,32,128,5
levels/TR/TR.tex.xbx,46,47fa4a8c,32,32,1
levels/TR/TR.tex.xbx,47,d9477c7c,64,32,5
levels/TR/TR.tex.xbx,48,bdf9f124,64,16,5
levels/TR/TR.tex.xbx,49,496c4520,32,32,5
levels/TR/TR.tex.xbx,50,e0895524,128,128,1
levels/TR/TR.tex.xbx,51,566e87fc,64,64,5
levels/TR/TR.tex.xbx,52,a4fc2ea8,64,32,5
levels/TR/TR.tex.xbx,53,9d368e74,128,128,1
levels/TR/TR.tex.xbx,54,a57b8988,128,128,5
levels/TR/TR.tex.xbx,55,19d0f9a4,64,64,5
levels/TR/TR.tex.xbx,56,3cf559c8,128,128,5
levels/TR/TR.tex.xbx,57,b8e43260,64,128,5
levels/TR/TR.tex.xbx,58,c8e2ae5c,32,128,5
levels/TR/TR.tex.xbx,59,32d897d8,32,32,2
levels/TR/TR.tex.xbx,60,3528f10c,64,64,1
levels/TR/TR.tex.xbx,61,1414b02c,128,128,1
levels/TR/TR.tex.xbx,62,5c8f6678,64,128,5
levels/TR/TR.tex.xbx,63,5b6a5d4c,64,128,5
levels/TR/TR.tex.xbx,64,561586dc,64,128,5
levels/TR/TR.tex.xbx,65,5dba6558,64,64,5
levels/TR/TR.tex.xbx,66,c843bfa0,64,32,5
levels/TR/TR.tex.xbx,67,0cb58c30,64,64,5
levels/TR/TR.tex.xbx,68,daef7844,128,64,5
levels/TR/TR.tex.xbx,69,0e97c064,128,128,1
levels/TR/TR.tex.xbx,70,e8d0470c,128,128,5
levels/TR/TR.tex.xbx,71,46053da0,64,64,5
levels/TR/TR.tex.xbx,72,49bbc4a8,64,64,5
levels/TR/TR.tex.xbx,73,9b082460,128,128,1
levels/TR/TR.tex.xbx,74,38979730,64,64,5
levels/TR/TR.tex.xbx,75,5abc3628,128,128,1
levels/TR/TR.tex.xbx,76,6893b658,64,32,1
levels/TR/TR.tex.xbx,77,65fe3ce0,64,64,1
levels/TR/TR.tex.xbx,78,eb61d1d0,32,32,1
levels/TR/TR.tex.xbx,79,73ad0078,64,32,1
levels/TR/TR.tex.xbx,80,70f75938,32,32,5
levels/TR/TR.tex.xbx,81,bcc04a40,32,32,1
levels/TR/TR.tex.xbx,82,b0da2ad0,128,128,1
levels/TR/TR.tex.xbx,83,65b60120,128,128,5
levels/TR/TR.tex.xbx,84,66f5ebec,32,32,5
levels/TR/TR.tex.xbx,85,3ba03e44,64,64,5
levels/TR/TR.tex.xbx,86,a47b1cb8,64,64,5
levels/TR/TR.tex.xbx,87,86c9bb68,32,32,5
levels/TR/TR.tex.xbx,88,50709f78,8,32,2
levels/TR/TR.tex.xbx,89,3d1519e0,64,64,2
levels/TR/TR.tex.xbx,90,a90845e4,64,64,5
levels/TR/TR.tex.xbx,91,46baa2d8,64,64,5
levels/TR/TR.tex.xbx,92,61a44af0,64,32,1
levels/TR/TR.tex.xbx,93,cf509900,64,32,1
levels/TR/TR.tex.xbx,94,462a4234,128,128,1
levels/TR/TR.tex.xbx,95,01209120,128,128,5
levels/TR/TR.tex.xbx,96,18bea2a0,128,128,5
levels/TR/TR.tex.xbx,97,83280220,128,128,5
levels/TR/TR.tex.xbx,98,612fd4b0,128,128,5
levels/TR/TR.tex.xbx,99,88265e58,128,128,1
levels/TR/TR.tex.xbx,100,749f7cc4,128,128,1
levels/TR/TR.tex.xbx,101,a42b0410,64,64,5
levels/TR/TR.tex.xbx,102,1886a0b8,64,128,1
levels/TR/TR.tex.xbx,103,78a04594,128,128,5
levels/TR/TR.tex.xbx,104,4d01d900,64,32,1
levels/TR/TR.tex.xbx,105,d58d5f1c,32,16,5
levels/TR/TR.tex.xbx,106,c91815a8,128,128,5
levels/TR/TR.tex.xbx,107,b6a4a570,32,32,5
levels/TR/TR.tex.xbx,108,0ad635d8,128,64,5
levels/TR/TR.tex.xbx,109,b3c4516c,64,128,5
levels/TR/TR.tex.xbx,110,86525c78,32,64,5
levels/TR/TR.tex.xbx,111,6377a6b8,64,32,5
levels/TR/TR.tex.xbx,112,7677469c,64,64,1
levels/TR/TR.tex.xbx,113,3c9306c4,32,32,5
levels/TR/TR.tex.xbx,114,3b2c2b40,128,128,1
levels/TR/TR.tex.xbx,115,0d3f58b0,128,128,1
levels/TR/TR.tex.xbx,116,c16a3dd4,128,64,5
levels/TR/TR.tex.xbx,117,e2f66940,128,32,5
levels/TR/TR.tex.xbx,118,8eeeff44,64,64,1
levels/TR/TR.tex.xbx,119,ef2d7a18,16,32,5
levels/TR/TR.tex.xbx,120,0b508f1c,32,64,1
levels/TR/TR.tex.xbx,121,1b28fd80,32,64,5
levels/TR/TR.tex.xbx,122,6dd839e4,16,64,1
levels/TR/TR.tex.xbx,123,96f26598,64,64,5
levels/TR/TR.tex.xbx,124,dd6fcaa8,64,64,5
levels/TR/TR.tex.xbx,125,cc0d21b0,128,128,1
levels/TR/TR.tex.xbx,126,5ada6878,128,64,5
levels/TR/TR.tex.xbx,127,6c7bfed4,128,128,1
levels/TR/TR.tex.xbx,128,6bba8d98,128,128,1
levels/TR/TR.tex.xbx,129,2e84ff14,128,128,5
levels/TR/TR.tex.xbx,130,5715fbd8,64,64,5
levels/TR/TR.tex.xbx,131,d9eb95d4,64,64,5
levels/TR/TR.tex.xbx,132,df6b7e04,128,128,5
levels/TR/TR.tex.xbx,133,8af8f80c,64,32,1
levels/TR/TR.tex.xbx,134,2ee80e58,32,32,1
levels/TR/TR.tex.xbx,135,94a64ae4,64,64,2
levels/TR/TR.tex.xbx,136,6d3e1260,64,64,1
levels/TR/TR.tex.xbx,137,29c74dcc,64,64,5
levels/TR/TR.tex.xbx,138,22fb1c30,128,64,1
levels/TR/TR.tex.xbx,139,a71eff9c,32,64,5
levels/TR/TR.tex.xbx,140,1f46ac88,32,32,1
levels/TR/TR.tex.xbx,141,62128a74,64,64,5
levels/TR/TR.tex.xbx,142,8cd95018,64,64,5
levels/TR/TR.tex.xbx,143,2dcb10c8,128,128,1
levels/TR/TR.tex.xbx,144,41d3f078,128,128,1
levels/TR/TR.tex.xbx,145,a86418d4,128,128,5
levels/TR/TR.tex.xbx,146,729f56e8,128,128,1
levels/TR/TR.tex.xbx,147,4402d6d0,128,128,5
levels/TR/TR.tex.xbx,148,f6c03348,64,64,1
levels/TR/TR.tex.xbx,149,533d6408,64,64,5
levels/TR/TR.tex.xbx,150,682749c8,128,128,5
levels/TR/TR.tex.xbx,151,ea0f6a18,64,64,1
levels/TR/TR.tex.xbx,152,c011070c,32,16,2
levels/TR/TR.tex.xbx,153,2e81be98,32,16,1
levels/TR/TR.tex.xbx,154,c86fbf88,64,64,5
levels/TR/TR.tex.xbx,155,e11f6134,32,32,5
levels/TR/TR.tex.xbx,156,47f87f18,64,64,5
levels/TR/TR.tex.xbx,157,4c47f270,32,32,5
levels/TR/TR.tex.xbx,158,9bd13f34,64,64,1
levels/TR/TR.tex.xbx,159,77e62650,32,64,2
levels/TR/TR.tex.xbx,160,ea0c23f8,16,32,5
levels/TR/TR.tex.xbx,161,083f3d10,64,128,5
levels/TR/TR.tex.xbx,162,1b7e654c,16,64,5
levels/TR/TR.tex.xbx,163,c0e6e3a4,64,16,1
levels/TR/TR.tex.xbx,164,94d16ae4,64,64,1
levels/TR/TR.tex.xbx,165,b59aef84,128,64,5
levels/TR/TR.tex.xbx,166,70d5a418,8,8,1
levels/TR/TR.tex.xbx,167,47b67480,64,64,5
levels/TR/TR.tex.xbx,168,5078a3f8,128,64,5
levels/TR/TR.tex.xbx,169,4ab6e5fc,64,32,1
levels/TR/TR.tex.xbx,170,d863b304,8,16,1
levels/TR/TR.tex.xbx,171,abadfea8,32,64,1
levels/TR/TR.tex.xbx,172,23f7ad78,128,128,1
levels/TR/TR.tex.xbx,173,90624df8,128,128,1
levels/TR/TR.tex.xbx,174,8b20261c,128,128,5
levels/TR/TR.tex.xbx,175,672157b0,64,32,5
levels/TR/TR.tex.xbx,176,afdca7ec,128,8,5
levels/TR/TR.tex.xbx,177,2e582038,128,128,1
levels/TR/TR.tex.xbx,178,54b0596c,32,64,5
levels/TR/TR.tex.xbx,179,24cb32a0,128,128,1
levels/TR/TR.tex.xbx,180,2f2df248,128,128,5
levels/TR/TR.tex.xbx,181,1cbe4064,256,256,1
levels/TR/TR.tex.xbx,182,6693ab34,128,128,5
levels/TR/TR.tex.xbx,183,53b6d2bc,32,32,1
levels/TR/TR.tex.xbx,184,30186adc,64,32,1
levels/TR/TR.tex.xbx,185,ed7b59b8,128,64,1
levels/TR/TR.tex.xbx,186,55a2d940,128,64,5
levels/TR/TR.tex.xbx,187,676d0cd8,32,32,5
levels/TR/TR.tex.xbx,188,e7dd1ff8,32,16,1
levels/TR/TR.tex.xbx,189,f375b538,128,128,5
levels/TR/TR.tex.xbx,190,935e96d8,16,16,5
levels/TR/TR.tex.xbx,191,8819fca0,32,32,1
levels/TR/TR.tex.xbx,192,4522b9a0,64,128,5
levels/TR/TR.tex.xbx,193,2b2a15a8,64,128,1
levels/TR/TR.tex.xbx,194,1d1fcc0c,128,64,5
levels/TR/TR.tex.xbx,195,fd9d05b8,64,32,5
levels/TR/TR.tex.xbx,196,33bca04c,128,128,5
levels/TR/TR.tex.xbx,197,e0828d90,128,64,5
levels/TR/TR.tex.xbx,198,aeaead48,32,64,1
levels/TR/TR.tex.xbx,199,660f1a94,32,128,5
levels/TR/TR.tex.xbx,200,9c82209c,128,128,1
levels/TR/TR.tex.xbx,201,86ba53a4,128,64,5
levels/TR/TR.tex.xbx,202,f84088c8,128,128,1
levels/TR/TR.tex.xbx,203,a663debc,32,64,1
levels/TR/TR.tex.xbx,204,42c0eff0,128,128,5
levels/TR/TR.tex.xbx,205,fd1be5d8,32,32,5
levels/TR/TR.tex.xbx,206,48826850,128,128,1
levels/TR/TR.tex.xbx,207,9105141c,64,32,1
levels/TR/TR.tex.xbx,208,8353be4c,128,128,1
levels/TR/TR.tex.xbx,209,ad6fc780,64,64,5
levels/TR/TR.tex.xbx,210,e5a7e820,128,64,5
levels/TR/TR.tex.xbx,211,1aadd864,128,64,1
levels/TR/TR.tex.xbx,212,a8b45e70,32,64,1
levels/TR/TR.tex.xbx,213,8f970e08,64,64,5
levels/TR/TR.tex.xbx,214,8557c6bc,32,32,1
levels/TR/TR.tex.xbx,215,05dd68c0,64,32,1
levels/TR/TR.tex.xbx,216,a3777bbc,64,32,5
levels/TR/TR.tex.xbx,217,9d94f780,128,64,1
levels/TR/TR.tex.xbx,218,457ab588,128,64,1
levels/TR/TR.tex.xbx,219,df184a78,64,64,5
levels/TR/TR.tex.xbx,220,6421a7e0,64,64,5
levels/TR/TR.tex.xbx,221,43791964,128,128,1
levels/TR/TR.tex.xbx,222,177aaf68,128,128,5
levels/TR/TR.tex.xbx,223,d0fd4ef8,64,64,5
levels/TR/TR.tex.xbx,224,0d787990,64,32,1
levels/TR/TR.tex.xbx,225,bef1bc90,128,128,1
levels/TR/TR.tex.xbx,226,8c443e90,128,128,1
levels/TR/TR.tex.xbx,227,949035c0,128,128,1
levels/TR/TR.tex.xbx,228,16e4df40,64,32,1
levels/TR/TR.tex.xbx,229,85737d80,64,64,1
levels/TR/TR.tex.xbx,230,4b974414,64,64,5
levels/TR/TR.tex.xbx,231,2d75e468,128,128,5
levels/TR/TR.tex.xbx,232,bd811f70,128,32,5
levels/TR/TR.tex.xbx,233,81f60fc0,64,32,1
levels/TR/TR.tex.xbx,234,49224af8,64,32,1
levels/TR/TR.tex.xbx,235,baa37600,8,8,5
levels/TR/TR.tex.xbx,236,b7314028,16,64,1
levels/TR/TR.tex.xbx,237,8257cb4c,128,128,5
levels/TR/TR.tex.xbx,238,2297c42c,128,32,1
levels/TR/TR.tex.xbx,239,853c83b8,64,64,1
levels/TR/TR.tex.xbx,240,4e1f281c,64,128,2
levels/TR/TR.tex.xbx,241,68bc62bc,32,64,5
levels/TR/TR.tex.xbx,242,d7c5ae3c,32,32,5
levels/TR/TR.tex.xbx,243,1df5b780,128,128,1
levels/TR/TR.tex.xbx,244,1579f780,128,64,5
levels/TR/TR.tex.xbx,245,2e57bd9c,32,32,5
levels/TR/TR.tex.xbx,246,855ede00,128,128,1
levels/TR/TR.tex.xbx,247,b2c48cc0,64,16,5
levels/TR/TR.tex.xbx,248,3d915cd8,64,64,5
levels/TR/TR.tex.xbx,249,f022767c,32,32,2
levels/TR/TR.tex.xbx,250,8f14ca70,16,32,5
levels/TR/TR.tex.xbx,251,c3517e78,32,32,1
levels/TR/TR.tex.xbx,252,51060bd4,128,128,1
levels/TR/TR.tex.xbx,253,d8171d9c,64,16,5
levels/TR/TR.tex.xbx,254,6691f478,128,128,1
levels/TR/TR.tex.xbx,255,50862afc,8,8,5
levels/TR/TR.tex.xbx,256,be2d469c,64,64,1
levels/TR/TR.tex.xbx,257,e2ce6d74,128,64,5
levels/TR/TR.tex.xbx,258,055fe394,64,64,5
levels/TR/TR.tex.xbx,259,6b80f850,32,32,1
levels/TR/TR.tex.xbx,260,d1137db4,64,64,5
levels/TR/TR.tex.xbx,261,9ca35398,128,64,5
levels/TR/TR.tex.xbx,262,3f88b8f0,128,64,5
levels/TR/TR.tex.xbx,263,28e26bfc,64,16,5
levels/TR/TR.tex.xbx,264,1ecc0b70,128,64,5
levels/TR/TR.tex.xbx,265,b2b31c10,64,64,1
levels/TR/TR.tex.xbx,266,71e89ccc,128,128,1
levels/TR/TR.tex.xbx,267,60b4ec70,32,32,5
levels/TR/TR.tex.xbx,268,64d28cd8,64,16,5
levels/TR/TR.tex.xbx,269,0ed099a4,64,64,1
levels/TR/TR.tex.xbx,270,0871c234,64,64,1
levels/TR/TR.tex.xbx,271,cc579e5c,128,128,5
levels/TR/TR.tex.xbx,272,7c22ba60,64,64,5
levels/TR/TR.tex.xbx,273,b9d78380,128,128,1
levels/TR/TR.tex.xbx,274,6e1cd8bc,128,128,1
levels/TR/TR.tex.xbx,275,61b709f0,32,32,1
levels/TR/TR.tex.xbx,276,60e38b4c,64,64,1
levels/TR/TR.tex.xbx,277,14b1cdf0,64,64,5
levels/TR/TR.tex.xbx,278,bc842c2c,32,32,1
levels/TR/TR.tex.xbx,279,088a7c54,128,64,5
levels/TR/TR.tex.xbx,280,c9d691e0,128,128,5
levels/TR/TR.tex.xbx,281,a4276a94,128,128,5
levels/TR/TR.tex.xbx,282,e6155740,64,64,5
levels/TR/TR.tex.xbx,283,ea5e9c58,64,64,5
levels/TR/TR.tex.xbx,284,b1568c40,64,32,2
levels/TR/TR.tex.xbx,285,2fd44140,64,64,5
levels/TR/TR.tex.xbx,286,25cca158,128,128,5
levels/TR/TR.tex.xbx,287,eaf854b8,32,32,5
levels/TR/TR.tex.xbx,288,654c8bb0,128,128,5
levels/TR/TR.tex.xbx,289,bd170c70,64,64,1
levels/TR/TR.tex.xbx,290,6b89ad34,64,32,1
levels/TR/TR.tex.xbx,291,38b0fdd8,16,16,5
levels/TR/TR.tex.xbx,292,4ff95a74,64,64,5
levels/TR/TR.tex.xbx,293,6b9a7874,64,64,5
levels/TR/TR.tex.xbx,294,281d4624,32,64,5
levels/TR/TR.tex.xbx,295,c4db6610,16,32,5
levels/TR/TR.tex.xbx,296,36661394,32,32,5
levels/TR/TR.tex.xbx,297,39da9a0c,16,32,2
levels/TR/TR.tex.xbx,298,24fc9948,32,32,5
levels/TR/TR.tex.xbx,299,13f1b104,128,128,5
levels/TR/TR.tex.xbx,300,6d4edce8,64,64,1
levels/TR/TR.tex.xbx,301,653ec514,16,16,5
levels/TR/TR.tex.xbx,302,a54d6d80,64,64,5
levels/TR/TR.tex.xbx,303,1c260b20,64,64,5
levels/TR/TR.tex.xbx,304,c0fa2b58,128,128,5
levels/TR/TR.tex.xbx,305,03858b78,64,64,1
levels/TR/TR.tex.xbx,306,51aaf910,128,128,5
levels/TR/TR.tex.xbx,307,4f038630,128,64,1
levels/TR/TR.tex.xbx,308,33baf5e8,64,32,5
levels/TR/TR.tex.xbx,309,70d94d98,64,32,5
levels/TR/TR.tex.xbx,310,5d526bec,64,32,5
levels/TR/TR.tex.xbx,311,18841178,64,32,1
levels/TR/TR.tex.xbx,312,567b4108,128,128,1
levels/TR/TR.tex.xbx,313,53c5b51c,64,32,5
levels/TR/TR.tex.xbx,314,0543025c,64,32,5
levels/TR/TR.tex.xbx,315,245f1204,64,32,5
levels/TR/TR.tex.xbx,316,9fae9c4c,128,128,1
levels/TR/TR.tex.xbx,317,7be32798,64,64,5
levels/TR/TR.tex.xbx,318,01f2fcb0,128,128,5
levels/TR/TR.tex.xbx,319,134502fc,64,64,5
levels/TR/TR.tex.xbx,320,8a35f094,64,64,1
levels/TR/TR.tex.xbx,321,f05bca18,64,32,1
levels/TR/TR.tex.xbx,322,5be29eb0,64,64,1
levels/TR/TR.tex.xbx,323,9a64cc80,32,32,5
levels/TR/TR.tex.xbx,324,8e603c90,16,64,5
levels/TR/TR.tex.xbx,325,bce320a8,16,16,5
levels/TR/TR.tex.xbx,326,1685e310,64,64,1
levels/TR/TR.tex.xbx,327,dc4012e8,64,64,1
levels/TR/TR.tex.xbx,328,d8de7228,64,64,5
levels/TR/TR.tex.xbx,329,7617edc0,64,64,5
levels/TR/TR.tex.xbx,330,3f5d3898,128,128,1
levels/TR/TR.tex.xbx,331,88de86d8,64,32,5
levels/TR/TR.tex.xbx,332,53dc6f58,16,32,1
levels/TR/TR.tex.xbx,333,2a58ad98,128,128,1
levels/TR/TR.tex.xbx,334,ac31a970,128,128,5
levels/TR/TR.tex.xbx,335,34ac80c0,128,128,1
levels/TR/TR.tex.xbx,336,6e393030,128,128,5
levels/TR/TR.tex.xbx,337,61224be4,64,128,5
levels/TR/TR.tex.xbx,338,1e07b228,64,32,5
levels/TR/TR.tex.xbx,339,c7c65b80,128,128,1
levels/TR/TR.tex.xbx,340,8fae5fbc,128,128,1
levels/TR/TR.tex.xbx,341,064781d0,32,32,5
levels/TR/TR.tex.xbx,342,66c745b0,64,64,5
levels/TR/TR.tex.xbx,343,6983a5b4,64,64,1
levels/TR/TR.tex.xbx,344,1391ede4,64,128,5
levels/TR/TR.tex.xbx,345,f7ae7098,64,64,1
levels/TR/TR.tex.xbx,346,a92ebd00,64,32,1
levels/TR/TR.tex.xbx,347,db93df14,32,32,5
levels/TR/TR.tex.xbx,348,8d5dc04c,32,32,5
levels/TR/TR.tex.xbx,349,f80584dc,128,256,1
levels/TR/TR.tex.xbx,350,3598bc5c,128,128,5
levels/TR/TR.tex.xbx,351,298dc770,64,64,1
levels/TR/TR.tex.xbx,352,facaea8c,64,64,1
levels/TR/TR.tex.xbx,353,f0535690,128,256,1
levels/TR/TR.tex.xbx,354,4f0343ac,128,64,5
levels/TR/TR.tex.xbx,355,4d6e16b8,64,64,5
levels/TR/TR.tex.xbx,356,3e2fecdc,128,128,5
levels/TR/TR.tex.xbx,357,5c229d04,128,128,5
levels/TR/TR.tex.xbx,358,88d482d4,32,128,1
levels/TR/TR.tex.xbx,359,acede7b8,64,128,1
levels/TR/TR.tex.xbx,360,3f1ac150,128,128,1
levels/TR/TR.tex.xbx,361,62106184,128,32,5
levels/TR/TR.tex.xbx,362,e4718734,64,32,5
levels/TR/TR.tex.xbx,363,1ea00c50,32,32,1
levels/TR/TR.tex.xbx,364,8b840a98,128,128,5
levels/TR/TR.tex.xbx,365,8cb35704,64,32,1
levels/TR/TR.tex.xbx,366,d00cc75c,128,32,1
levels/TR/TR.tex.xbx,367,cc392ac8,128,128,1
levels/TR/TR.tex.xbx,368,330e2e3c,128,128,1
levels/TR/TR.tex.xbx,369,613df240,128,128,1
levels/TR/TR.tex.xbx,370,cad4dfb8,64,64,1
levels/TR/TR.tex.xbx,371,0cd3d874,32,64,5
levels/TR/TR.tex.xbx,372,be5783d4,64,64,5
levels/TR/TR.tex.xbx,373,92df4d78,32,128,5
levels/TR/TR.tex.xbx,374,2fc9c5d0,64,64,5
levels/TR/TR.tex.xbx,375,34764c78,128,128,1
levels/TR/TR.tex.xbx,376,676ce8cc,64,64,1
levels/TR/TR.tex.xbx,377,fd4cecac,16,128,5
levels/TR/TR.tex.xbx,378,d3908554,128,128,1
levels/TR/TR.tex.xbx,379,7229fdc0,64,64,1
levels/TR/TR.tex.xbx,380,4d544b10,32,32,1
levels/TR/TR.tex.xbx,381,6cca83e8,128,128,5
levels/TR/TR.tex.xbx,382,ccc8fb94,128,128,5
levels/TR/TR.tex.xbx,383,9f12fad0,64,64,2
levels/TR/TR.tex.xbx,384,fbe74e14,128,64,5
levels/TR/TR.tex.xbx,385,73ea1390,64,64,5
levels/TR/TR.tex.xbx,386,c66a4e90,64,64,5
levels/TR/TR.tex.xbx,387,2f559eb8,64,64,1
levels/TR/TR.tex.xbx,388,550e2170,16,32,1
levels/TR/TR.tex.xbx,389,3c5f198c,16,16,1
levels/TR/TR.tex.xbx,390,1545b6ac,32,128,5
levels/TR/TR.tex.xbx,391,597a2bb4,32,32,5
levels/TR/TR.tex.xbx,392,d245e438,64,64,5
levels/TR/TR.tex.xbx,393,25cdc2ec,128,128,5
levels/TR/TR.tex.xbx,394,e1461e30,32,64,5
levels/TR/TR.tex.xbx,395,1449850c,256,128,5
levels/TR/TR.tex.xbx,396,d27a3b70,128,128,5
levels/TR/TR.tex.xbx,397,a91febb4,32,32,1
levels/TR/TR.tex.xbx,398,4ff6f894,128,128,5
levels/TR/TR.tex.xbx,399,ee8226b8,16,64,1
levels/TR/TR.tex.xbx,400,472c918c,32,64,5
levels/TR/TR.tex.xbx,401,23132014,64,32,5
levels/TR/TR.tex.xbx,402,64475b14,16,64,1
levels/TR/TR.tex.xbx,403,fff7d28c,16,16,1
levels/TR/TR.tex.xbx,404,9ba1f7b8,32,128,5
levels/TR/TR.tex.xbx,405,50ba5c24,32,128,5
levels/TR/TR.tex.xbx,406,4ef5b0cc,64,128,1
levels/TR/TR.tex.xbx,407,be6ff6e0,16,16,1
levels/TR/TR.tex.xbx,408,a0681578,64,32,1
levels/TR/TR.tex.xbx,409,c3d688d0,32,32,5
levels/TR/TR.tex.xbx,410,9c47aa20,64,64,5
levels/TR/TR.tex.xbx,411,bd24b06c,64,64,1
levels/TR/TR.tex.xbx,412,6ec3718c,128,64,5
levels/TR/TR.tex.xbx,413,804dd7b8,32,32,1
levels/TR/TR.tex.xbx,414,e3f24690,64,64,5
levels/TR/TR.tex.xbx,415,a3333b90,32,64,5
levels/TR/TR.tex.xbx,416,d1b277c8,128,128,5
levels/TR/TR.tex.xbx,417,033cd1dc,64,128,1
levels/TR/TR.tex.xbx,418,46025010,32,32,1
levels/TR/TR.tex.xbx,419,c268ccdc,128,128,1
levels/TR/TR.tex.xbx,420,a3806834,32,32,1
levels/TR/TR.tex.xbx,421,36f36cc8,128,256,1
levels/TR/TR.tex.xbx,422,012fc820,16,16,5
levels/TR/TR.tex.xbx,423,e8700ef4,128,128,1
levels/TR/TR.tex.xbx,424,57dfa814,16,16,5
levels/TR/TR.tex.xbx,425,d5e046e0,256,64,5
levels/TR/TR.tex.xbx,426,b8c6fe94,16,128,1
levels/TR/TR.tex.xbx,427,9fe7c090,64,128,5
levels/TR/TR.tex.xbx,428,82cd4cb8,8,128,5
levels/TR/TR.tex.xbx,429,e773c190,64,128,5
levels/TR/TR.tex.xbx,430,c45851b8,128,64,1
levels/TR/TR.tex.xbx,431,0a88bf68,64,32,1
levels/TR/TR.tex.xbx,432,5b0ac694,64,64,5
levels/TR/TR.tex.xbx,433,406bfe10,64,32,1
levels/TR/TR.tex.xbx,434,1f966a64,32,32,1
levels/TR/TR.tex.xbx,435,c5c02848,32,16,5
levels/TR/TR.tex.xbx,436,28052e14,16,32,1
levels/TR/TR.tex.xbx,437,c4b6d508,64,32,2
levels/TR/TR.tex.xbx,438,5d2018dc,16,16,1
levels/TR/TR.tex.xbx,439,cb1a648c,32,64,1
levels/TR/TR.tex.xbx,440,c138ce58,64,32,5
levels/TR/TR.tex.xbx,441,d33bf258,32,32,2
levels/TR/TR.tex.xbx,442,cf24ed14,32,64,1
levels/TR/TR.tex.xbx,443,70147218,64,32,1
levels/TR/TR.tex.xbx,444,9b498644,64,32,1
levels/TR/TR.tex.xbx,445,6d154948,64,64,1
levels/TR/TR.tex.xbx,446,d63c40c4,32,32,1
levels/TR/TR.tex.xbx,447,8849c9ac,64,32,5
levels/TR/TR.tex.xbx,448,3ec6a25c,128,128,5
levels/TR/TR.tex.xbx,449,7201c2d0,64,64,1
levels/TR/TR.tex.xbx,450,4cf99e98,64,64,2
levels/TR/TR.tex.xbx,451,ad213fd8,64,64,1
levels/TR/TR.tex.xbx,452,9d30e6b4,128,64,5
levels/TR/TR.tex.xbx,453,71929320,128,256,1
levels/TR/TR.tex.xbx,454,028547f0,16,16,1
levels/TR/TR.tex.xbx,455,94baf984,128,128,1
levels/TR/TR.tex.xbx,456,2d1fa9d0,32,32,1
levels/TR/TR.tex.xbx,457,d761c0d0,32,32,5
levels/TR/TR.tex.xbx,458,0bd478d4,32,8,5
levels/TR/TR.tex.xbx,459,d55ceb14,128,128,1
levels/TR/TR.tex.xbx,460,f72eed94,256,128,5
levels/TR/TR.tex.xbx,461,d21dfe00,64,32,5
levels/TR/TR.tex.xbx,462,8da18f88,64,32,1
levels/TR/TR.tex.xbx,463,e5966924,32,32,5
levels/TR/TR.tex.xbx,464,20f23e10,32,32,1
levels/TR/TR.tex.xbx,465,cc678b94,64,64,1
levels/TR/TR.tex.xbx,466,9057120c,16,16,1
levels/TR/TR.tex.xbx,467,44ccb438,32,32,5
levels/TR/TR.tex.xbx,468,c1379230,32,16,1
levels/TR/TR.tex.xbx,469,793c7a94,32,16,5
levels/TR/TR.tex.xbx,470,8a8cb7f4,16,32,1
levels/TR/TR.tex.xbx,471,14241d20,32,32,1
levels/TR/TR.tex.xbx,472,eca58cc8,32,64,1
levels/TR/TR.tex.xbx,473,453cbdc0,16,16,5
levels/TR/TR.tex.xbx,474,c10a1678,64,16,1
levels/TR/TR.tex.xbx,475,477b8260,128,128,5
levels/TR/TR.tex.xbx,476,98ae3508,64,64,5
levels/TR/TR.tex.xbx,477,3f6a67c0,128,64,1
levels/TR/TR.tex.xbx,478,3a9790b8,32,64,1
levels/TR/TR.tex.xbx,479,a609e88c,32,32,1
levels/TR/TR.tex.xbx,480,8928f47c,32,16,1
levels/TR/TR.tex.xbx,481,3cb1297c,32,32,5
levels/TR/TR.tex.xbx,482,fdfb9a40,128,64,5
levels/TR/TR.tex.xbx,483,1fd20798,32,64,5
levels/TR/TR.tex.xbx,484,1c44dfa8,128,16,5
levels/TR/TR.tex.xbx,485,d0b726fc,16,32,5
levels/TR/TR.tex.xbx,486,50beae44,64,64,1
levels/TR/TR.tex.xbx,487,99779214,64,64,1
levels/TR/TR.tex.xbx,488,7db1e5c0,32,128,1
levels/TR/TR.tex.xbx,489,051cb1dc,128,128,5
levels/TR/TR.tex.xbx,490,ee076184,64,64,5
levels/TR/TR.tex.xbx,491,89242084,64,64,1
levels/TR/TR.tex.xbx,492,b23a1ec0,64,64,1
levels/TR/TR.tex.xbx,493,b238ecdc,64,64,1
levels/TR/TR.tex.xbx,494,3c7a14c0,64,64,1
levels/TR/TR.tex.xbx,495,3702cd2c,16,16,1
levels/TR/TR.tex.xbx,496,ab787918,16,64,1
levels/TR/TR.tex.xbx,497,333d4534,16,16,1
levels/TR/TR.tex.xbx,498,164b4914,128,128,1
levels/TR/TR.tex.xbx,499,5273d88c,128,128,5
levels/TR/TR.tex.xbx,500,39284604,64,32,1
levels/TR/TR.tex.xbx,501,a79df340,128,64,1
levels/TR/TR.tex.xbx,502,75bdf950,64,64,5
levels/TR/TR.tex.xbx,503,acb76168,64,64,1
levels/TR/TR.tex.xbx,504,5fcfd154,64,64,5
levels/TR/TR.tex.xbx,505,412d253c,64,64,1
levels/TR/TR.tex.xbx,506,7df828fc,64,32,1
levels/TR/TR.tex.xbx,507,78fbb1dc,128,128,5
levels/TR/TR.tex.xbx,508,b305c3e4,64,64,5
levels/TR/TR.tex.xbx,509,fccfb684,128,32,5
levels/TR/TR.tex.xbx,510,ab3c4fbc,16,32,1
levels/TR/TR.tex.xbx,511,59b1a9e8,8,64,1
levels/TR/TR.tex.xbx,512,e782dde4,32,32,5
levels/TR/TR.tex.xbx,513,7f9cb280,64,64,5
levels/TR/TR.tex.xbx,514,6e1206c4,64,16,5
levels/TR/TR.tex.xbx,515,f5db6ad8,128,64,1
levels/TR/TR.tex.xbx,516,a2c25dfc,8,64,1
levels/TR/TR.tex.xbx,517,19b19018,32,8,1
levels/TR/TR.tex.xbx,518,f27074ec,128,128,1
levels/TR/TR.tex.xbx,519,0d934e54,32,64,1
levels/TR/TR.tex.xbx,520,5da79d98,128,128,5
levels/TR/TR.tex.xbx,521,3bef5c4c,128,128,1
levels/TR/TR.tex.xbx,522,038829ec,256,128,5
levels/TR/TR.tex.xbx,523,d648c788,128,64,1
levels/TR/TR.tex.xbx,524,7b785af0,64,64,2
levels/TR/TR.tex.xbx,525,cd552cc8,32,64,1
levels/TR/TR.tex.xbx,526,5a6a3ec0,32,64,5
levels/TR/TR.tex.xbx,527,8087f2b0,128,32,5
levels/TR/TR.tex.xbx,528,16d09c38,64,64,5
levels/TR/TR.tex.xbx,529,d3686ce4,128,64,1
levels/TR/TR.tex.xbx,530,3318a7c0,128,32,1
levels/TR/TR.tex.xbx,531,50875fcc,128,32,1
levels/TR/TR.tex.xbx,532,53039d24,64,128,1
levels/TR/TR.tex.xbx,533,c94440ec,128,128,5
levels/TR/TR.tex.xbx,534,27f61960,128,32,1
levels/TR/TR.tex.xbx,535,1c148ad0,128,32,1
levels/TR/TR.tex.xbx,536,a5d85c24,32,64,5
levels/TR/TR.tex.xbx,537,ab9e00e4,128,32,1
levels/TR/TR.tex.xbx,538,facdee80,64,32,5
levels/TR/TR.tex.xbx,539,24bb021c,128,32,1
levels/TR/TR.tex.xbx,540,9b97fe64,128,64,5
levels/TR/TR.tex.xbx,541,7d2bc560,64,64,5
levels/TR/TR.tex.xbx,542,91fa46f4,64,64,5
levels/TR/TR.tex.xbx,543,cb435a0c,128,32,5
levels/TR/TR.tex.xbx,544,ab8464e0,128,64,1
levels/TR/TR.tex.xbx,545,922e6ba8,128,32,1
levels/TR/TR.tex.xbx,546,5fc1f5c8,128,32,1
levels/TR/TR.tex.xbx,547,eec3ff64,128,64,5
levels/TR/TR.tex.xbx,548,b8e3628c,64,64,1
levels/TR/TR.tex.xbx,549,b3a7d8dc,128,128,1
levels/TR/TR.tex.xbx,550,7ae12f38,128,128,1
levels/TR/TR.tex.xbx,551,8c53870c,128,128,1
levels/TR/TR.tex.xbx,552,1c4a6130,32,32,5
levels/TR/TR.tex.xbx,553,0a07e2c0,64,64,5
levels/TR/TR.tex.xbx,554,ce31c3f8,64,128,2
levels/TR/TR.tex.xbx,555,42a74500,128,128,1
levels/TR/TR.tex.xbx,556,89b55ebc,64,32,5
levels/TR/TR.tex.xbx,557,998cad88,128,32,1
levels/TR/TR.tex.xbx,558,89eca3a8,32,32,1
levels/TR/TR.tex.xbx,559,1503a7a4,32,32,1
levels/TR/TR.tex.xbx,560,073a92f0,32,32,1
levels/TR/TR.tex.xbx,561,e11ae884,128,256,1
levels/TR/TR.tex.xbx,562,b147b4a8,256,128,1
levels/TR/TR.tex.xbx,563,f5128f58,64,64,1
levels/TR/TR.tex.xbx,564,aabb5fa0,128,32,1
levels/TR/TR.tex.xbx,565,1a2cdfb4,64,16,5
levels/TR/TR.tex.xbx,566,af18b948,64,64,1
levels/TR/TR.tex.xbx,567,9ff69690,32,32,5
levels/TR/TR.tex.xbx,568,4445ac94,128,64,5
levels/TR/TR.tex.xbx,569,12c976c0,128,128,5
levels/TR/TR.tex.xbx,570,0d7fdfdc,64,64,5
levels/TR/TR.tex.xbx,571,585af834,128,128,1
levels/TR/TR.tex.xbx,572,c967bf78,64,128,1
levels/TR/TR.tex.xbx,573,c349143c,128,32,1
levels/TR/TR.tex.xbx,574,55ba1d1c,64,32,1
levels/TR/TR.tex.xbx,575,5876b994,64,64,1
levels/TR/TR.tex.xbx,576,5316de34,64,64,1
levels/TR/TR.tex.xbx,577,b6ea5340,32,16,5
levels/TR/TR.tex.xbx,578,a3d86614,64,16,5
levels/TR/TR.tex.xbx,579,ed649cf8,64,128,5
levels/TR/TR.tex.xbx,580,ad35a518,64,64,1
levels/TR/TR.tex.xbx,581,1f9893f4,64,64,5
levels/TR/TR.tex.xbx,582,165ebf10,64,64,5
levels/TR/TR.tex.xbx,583,d41e4034,32,32,1
levels/TR/TR.tex.xbx,584,e69e2288,64,16,1
levels/TR/TR.tex.xbx,585,aaa2af00,64,32,1
levels/TR/TR.tex.xbx,586,1af88c44,32,32,5
levels/TR/TR.tex.xbx,587,7f48161c,16,32,5
levels/TR/TR.tex.xbx,588,80775dac,256,128,5
levels/TR/TR.tex.xbx,589,0f82ea00,16,16,5
levels/TR/TR.tex.xbx,590,0c00201c,64,32,5
levels/TR/TR.tex.xbx,591,021bd1c8,256,128,1
levels/TR/TR.tex.xbx,592,cafc2178,64,64,1
levels/TR/TR.tex.xbx,593,d5491b8c,32,32,5
levels/TR/TR.tex.xbx,594,81bde118,64,64,5
levels/TR/TR.tex.xbx,595,8aca40f8,64,64,5
levels/TR/TR_net.tex.xbx,0,7f76c558,8,8,1
levels/TR/TR_net.tex.xbx,1,476d8264,128,64,5
levels/TR/TR_net.tex.xbx,2,133ed4cc,64,64,1
levels/TR/TR_net.tex.xbx,3,7e64273c,64,64,1
levels/TR/TR_net.tex.xbx,4,fa9803ac,64,64,1
levels/TR/TR_net.tex.xbx,5,d18d5c2c,128,32,1
levels/TR/TR_net.tex.xbx,6,95b2e634,64,32,1
levels/TR/TR_net.tex.xbx,7,37538c04,64,64,1
levels/TR/TR_net.tex.xbx,8,4899c0c8,32,64,1
levels/TR/TR_net.tex.xbx,9,e297958c,64,64,1
levels/TR/TR_net.tex.xbx,10,ea52dd88,32,32,5
levels/TR/TR_net.tex.xbx,11,53ac6d1c,64,64,1
levels/TR/TR_net.tex.xbx,12,a78c17e8,128,128,5
levels/TR/TR_net.tex.xbx,13,b0b480c0,64,64,1
levels/TR/TR_net.tex.xbx,14,22399a58,64,128,1
levels/TR/TR_net.tex.xbx,15,0f4bf900,64,64,5
levels/TR/TR_net.tex.xbx,16,8efff318,64,64,5
levels/TR/TR_net.tex.xbx,17,6e41e2e0,32,16,1
levels/TR/TR_net.tex.xbx,18,3f9fc1e0,64,64,2
levels/TR/TR_net.tex.xbx,19,a2ced228,128,128,5
levels/TR/TR_net.tex.xbx,20,f3af1130,16,64,1
levels/TR/TR_net.tex.xbx,21,58aa9cf8,128,128,1
levels/TR/TR_net.tex.xbx,22,c83046bc,128,128,1
levels/TR/TR_net.tex.xbx,23,2046b3e0,32,32,1
levels/TR/TR_net.tex.xbx,24,5fe4fd8c,128,128,5
levels/TR/TR_net.tex.xbx,25,e7290210,128,64,5
levels/TR/TR_net.tex.xbx,26,c3285eb4,64,64,5
levels/TR/TR_net.tex.xbx,27,ba0b68b0,128,128,1
levels/TR/TR_net.tex.xbx,28,49c7ce48,64,64,5
levels/TR/TR_net.tex.xbx,29,98223ab8,128,128,5
levels/TR/TR_net.tex.xbx,30,a57060d0,64,128,5
levels/TR/TR_net.tex.xbx,31,79001ab0,128,128,5
levels/TR/TR_net.tex.xbx,32,d3a9a798,128,128,1
levels/TR/TR_net.tex.xbx,33,522fdb50,32,64,5
levels/TR/TR_net.tex.xbx,34,5eaf0120,64,64,5
levels/TR/TR_net.tex.xbx,35,c857c63c,128,128,5
levels/TR/TR_net.tex.xbx,36,647df22c,128,128,1
levels/TR/TR_net.tex.xbx,37,0e4053cc,64,64,5
levels/TR/TR_net.tex.xbx,38,f0e592fc,64,64,5
levels/TR/TR_net.tex.xbx,39,c0354094,64,128,5
levels/TR/TR_net.tex.xbx,40,7039b818,32,32,5
levels/TR/TR_net.tex.xbx,41,49726eb8,32,32,5
levels/TR/TR_net.tex.xbx,42,573f8198,64,128,5
levels/TR/TR_net.tex.xbx,43,7d509b44,64,64,5
levels/TR/TR_net.tex.xbx,44,4782f710,32,32,5
levels/TR/TR_net.tex.xbx,45,0fde9dc8,32,128,5
levels/TR/TR_net.tex.xbx,46,47fa4a8c,32,32,1
levels/TR/TR_net.tex.xbx,47,d9477c7c,64,32,5
levels/TR/TR_net.tex.xbx,48,bdf9f124,64,16,5
levels/TR/TR_net.tex.xbx,49,496c4520,32,32,5
levels/TR/TR_net.tex.xbx,50,e0895524,128,128,1
levels/TR/TR_net.tex.xbx,51,566e87fc,64,64,5
levels/TR/TR_net.tex.xbx,52,a4fc2ea8,64,32,5
levels/TR/TR_net.tex.xbx,53,9d368e74,128,128,1
levels/TR/TR_net.tex.xbx,54,a57b8988,128,128,5
levels/TR/TR_net.tex.xbx,55,19d0f9a4,64,64,5
levels/TR/TR_net.tex.xbx,56,3cf559c8,128,128,5
levels/TR/TR_net.tex.xbx,57,b8e43260,64,128,5
levels/TR/TR_net.tex.xbx,58,c8e2ae5c,32,128,5
levels/TR/TR_net.tex.xbx,59,32d897d8,32,32,2
levels/TR/TR_net.tex.xbx,60,3528f10c,64,64,1
levels/TR/TR_net.tex.xbx,61,1414b02c,128,128,1
levels/TR/TR_net.tex.xbx,62,5c8f6678,64,128,5
levels/TR/TR_net.tex.xbx,63,5b6a5d4c,64,128,5
levels/TR/TR_net.tex.xbx,64,561586dc,64,128,5
levels/TR/TR_net.tex.xbx,65,5dba6558,64,64,5
levels/TR/TR_net.tex.xbx,66,c843bfa0,64,32,5
levels/TR/TR_net.tex.xbx,67,0cb58c30,64,64,5
levels/TR/TR_net.tex.xbx,68,daef7844,128,64,5
levels/TR/TR_net.tex.xbx,69,0e97c064,128,128,1
levels/TR/TR_net.tex.xbx,70,e8d0470c,128,128,5
levels/TR/TR_net.tex.xbx,71,46053da0,64,64,5
levels/TR/TR_net.tex.xbx,72,49bbc4a8,64,64,5
levels/TR/TR_net.tex.xbx,73,9b082460,128,128,1
levels/TR/TR_net.tex.xbx,74,38979730,64,64,5
levels/TR/TR_net.tex.xbx,75,5abc3628,128,128,1
levels/TR/TR_net.tex.xbx,76,6893b658,64,32,1
levels/TR/TR_net.tex.xbx,77,65fe3ce0,64,64,1
levels/TR/TR_net.tex.xbx,78,eb61d1d0,32,32,1
levels/TR/TR_net.tex.xbx,79,73ad0078,64,32,1
levels/TR/TR_net.tex.xbx,80,70f75938,32,32,5
levels/TR/TR_net.tex.xbx,81,bcc04a40,32,32,1
levels/TR/TR_net.tex.xbx,82,b0da2ad0,128,128,1
levels/TR/TR_net.tex.xbx,83,65b60120,128,128,5
levels/TR/TR_net.tex.xbx,84,66f5ebec,32,32,5
levels/TR/TR_net.tex.xbx,85,3ba03e44,64,64,5
levels/TR/TR_net.tex.xbx,86,a47b1cb8,64,64,5
levels/TR/TR_net.tex.xbx,87,86c9bb68,32,32,5
levels/TR/TR_net.tex.xbx,88,50709f78,8,32,2
levels/TR/TR_net.tex.xbx,89,3d1519e0,64,64,2
levels/TR/TR_net.tex.xbx,90,a90845e4,64,64,5
levels/TR/TR_net.tex.xbx,91,46baa2d8,64,64,5
levels/TR/TR_net.tex.xbx,92,61a44af0,64,32,1
levels/TR/TR_net.tex.xbx,93,cf509900,64,32,1
levels/TR/TR_net.tex.xbx,94,462a4234,128,128,1
levels/TR/TR_net.tex.xbx,95,01209120,128,128,5
levels/TR/TR_net.tex.xbx,96,18bea2a0,128,128,5
levels/TR/TR_net.tex.xbx,97,83280220,128,128,5
levels/TR/TR_net.tex.xbx,98,612fd4b0,128,128,5
levels/TR/TR_net.tex.xbx,99,88265e58,128,128,1
levels/TR/TR_net.tex.xbx,100,749f7cc4,128,128,1
levels/TR/TR_net.tex.xbx,101,a42b0410,64,64,5
levels/TR/TR_net.tex.xbx,102,1886a0b8,64,128,1
levels/TR/TR_net.tex.xbx,103,78a04594,128,128,5
levels/TR/TR_net.tex.xbx,104,4d01d900,64,32,1
levels/TR/TR_net.tex.xbx,105,d58d5f1c,32,16,5
levels/TR/TR_net.tex.xbx,106,c91815a8,128,128,5
levels/TR/TR_net.tex.xbx,107,b6a4a570,32,32,5
levels/TR/TR_net.tex.xbx,108,0ad635d8,128,64,5
levels/TR/TR_net.tex.xbx,109,b3c4516c,64,128,5
levels/TR/TR_net.tex.xbx,110,86525c78,32,64,5
levels/TR/TR_net.tex.xbx,111,6377a6b8,64,32,5
levels/TR/TR_net.tex.xbx,112,7677469c,64,64,1
levels/TR/TR_net.tex.xbx,113,3c9306c4,32,32,5
levels/TR/TR_net.tex.xbx,114,3b2c2b40,128,128,1
levels/TR/TR_net.tex.xbx,115,0d3f58b0,128,128,1
levels/TR/TR_net.tex.xbx,116,c16a3dd4,128,64,5
levels/TR/TR_net.tex.xbx,117,e2f66940,128,32,5
levels/TR/TR_net.tex.xbx,118,8eeeff44,64,64,1
levels/TR/TR_net.tex.xbx,119,ef2d7a18,16,32,5
levels/TR/TR_net.tex.xbx,120,0b508f1c,32,64,1
levels/TR/TR_net.tex.xbx,121,1b28fd80,32,64,5
levels/TR/TR_net.tex.xbx,122,6dd839e4,16,64,1
levels/TR/TR_net.tex.xbx,123,96f26598,64,64,5
levels/TR/TR_net.tex.xbx,124,dd6fcaa8,64,64,5
levels/TR/TR_net.tex.xbx,125,cc0d21b0,128,128,1
levels/TR/TR_net.tex.xbx,126,5ada6878,128,64,5
levels/TR/TR_net.tex.xbx,127,6c7bfed4,128,128,1
levels/TR/TR_net.tex.xbx,128,6bba8d98,128,128,1
levels/TR/TR_net.tex.xbx,129,2e84ff14,128,128,5
levels/TR/TR_net.tex.xbx,130,5715fbd8,64,64,5
levels/TR/TR_net.tex.xbx,131,d9eb95d4,64,64,5
levels/TR/TR_net.tex.xbx,132,df6b7e04,128,128,5
levels/TR/TR_net.tex.xbx,133,8af8f80c,64,32,1
levels/TR/TR_net.tex.xbx,134,2ee80e58,32,32,1
levels/TR/TR_net.tex.xbx,135,94a64ae4,64,64,2
levels/TR/TR_net.tex.xbx,136,6d3e1260,64,64,1
levels/TR/TR_net.tex.xbx,137,29c74dcc,64,64,5
levels/TR/TR_net.tex.xbx,138,22fb1c30,128,64,1
levels/TR/TR_net.tex.xbx,139,a71eff9c,32,64,5
levels/TR/TR_net.tex.xbx,140,1f46ac88,32,32,1
levels/TR/TR_net.tex.xbx,141,62128a74,64,64,5
levels/TR/TR_net.tex.xbx,142,8cd95018,64,64,5
levels/TR/TR_net.tex.xbx,143,2dcb10c8,128,128,1
levels/TR/TR_net.tex.xbx,144,41d3f078,128,128,1
levels/TR/TR_net.tex.xbx,145,a86418d4,128,128,5
levels/TR/TR_net.tex.xbx,146,729f56e8,128,128,1
levels/TR/TR_net.tex.xbx,147,4402d6d0,128,128,5
levels/TR/TR_net.tex.xbx,148,f6c03348,64,64,1
levels/TR/TR_net.tex.xbx,149,533d6408,64,64,5
levels/TR/TR_net.tex.xbx,150,682749c8,128,128,5
levels/TR/TR_net.tex.xbx,151,ea0f6a18,64,64,1
levels/TR/TR_net.tex.xbx,152,c011070c,32,16,2
levels/TR/TR_net.tex.xbx,153,2e81be98,32,16,1
levels/TR/TR_net.tex.xbx,154,c86fbf88,64,64,5
levels/TR/TR_net.tex.xbx,155,e11f6134,32,32,5
levels/TR/TR_net.tex.xbx,156,47f87f18,64,64,5
levels/TR/TR_net.tex.xbx,157,4c47f270,32,32,5
levels/TR/TR_net.tex.xbx,158,9bd13f34,64,64,1
levels/TR/TR_net.tex.xbx,159,77e62650,32,64,2
levels/TR/TR_net.tex.xbx,160,ea0c23f8,16,32,5
levels/TR/TR_net.tex.xbx,161,083f3d10,64,128,5
levels/TR/TR_net.tex.xbx,162,1b7e654c,16,64,5
levels/TR/TR_net.tex.xbx,163,c0e6e3a4,64,16,1
levels/TR/TR_net.tex.xbx,164,94d16ae4,64,64,1
levels/TR/TR_net.tex.xbx,165,b59aef84,128,64,5
levels/TR/TR_net.tex.xbx,166,70d5a418,8,8,1
levels/TR/TR_net.tex.xbx,167,47b67480,64,64,5
levels/TR/TR_net.tex.xbx,168,5078a3f8,128,64,5
levels/TR/TR_net.tex.xbx,169,4ab6e5fc,64,32,1
levels/TR/TR_net.tex.xbx,170,d863b304,8,16,1
levels/TR/TR_net.tex.xbx,171,abadfea8,32,64,1
levels/TR/TR_net.tex.xbx,172,23f7ad78,128,128,1
levels/TR/TR_net.tex.xbx,173,90624df8,128,128,1
levels/TR/TR_net.tex.xbx,174,8b20261c,128,128,5
levels/TR/TR_net.tex.xbx,175,672157b0,64,32,5
levels/TR/TR_net.tex.xbx,176,afdca7ec,128,8,5
levels/TR/TR_net.tex.xbx,177,2e582038,128,128,1
levels/TR/TR_net.tex.xbx,178,54b0596c,32,64,5
levels/TR/TR_net.tex.xbx,179,24cb32a0,128,128,1
levels/TR/TR_net.tex.xbx,180,2f2df248,128,128,5
levels/TR/TR_net.tex.xbx,181,1cbe4064,256,256,1
levels/TR/TR_net.tex.xbx,182,6693ab34,128,128,5
levels/TR/TR_net.tex.xbx,183,53b6d2bc,32,32,1
levels/TR/TR_net.tex.xbx,184,30186adc,64,32,1
levels/TR/TR_net.tex.xbx,185,ed7b59b8,128,64,1
levels/TR/TR_net.tex.xbx,186,55a2d940,128,64,5
levels/TR/TR_net.tex.xbx,187,676d0cd8,32,32,5
levels/TR/TR_net.tex.xbx,188,e7dd1ff8,32,16,1
levels/TR/TR_net.tex.xbx,189,f375b538,128,128,5
levels/TR/TR_net.tex.xbx,190,935e96d8,16,16,5
levels/TR/TR_net.tex.xbx,191,8819fca0,32,32,1
levels/TR/TR_net.tex.xbx,192,4522b9a0,64,128,5
levels/TR/TR_net.tex.xbx,193,2b2a15a8,64,128,1
levels/TR/TR_net.tex.xbx,194,1d1fcc0c,128,64,5
levels/TR/TR_net.tex.xbx,195,fd9d05b8,64,32,5
levels/TR/TR_net.tex.xbx,196,33bca04c,128,128,5
levels/TR/TR_net.tex.xbx,197,e0828d90,128,64,5
levels/TR/TR_net.tex.xbx,198,aeaead48,32,64,1
levels/TR/TR_net.tex.xbx,199,660f1a94,32,128,5
levels/TR/TR_net.tex.xbx,200,9c82209c,128,128,1
levels/TR/TR_net.tex.xbx,201,86ba53a4,128,64,5
levels/TR/TR_net.tex.xbx,202,f84088c8,128,128,1
levels/TR/TR_net.tex.xbx,203,a663debc,32,64,1
levels/TR/TR_net.tex.xbx,204,42c0eff0,128,128,5
levels/TR/TR_net.tex.xbx,205,fd1be5d8,32,32,5
levels/TR/TR_net.tex.xbx,206,48826850,128,128,1
levels/TR/TR_net.tex.xbx,207,9105141c,64,32,1
levels/TR/TR_net.tex.xbx,208,8353be4c,128,128,1
levels/TR/TR_net.tex.xbx,209,ad6fc780,64,64,5
levels/TR/TR_net.tex.xbx,210,e5a7e820,128,64,5
levels/TR/TR_net.tex.xbx,211,1aadd864,128,64,1
levels/TR/TR_net.tex.xbx,212,a8b45e70,32,64,1
levels/TR/TR_net.tex.xbx,213,8f970e08,64,64,5
levels/TR/TR_net.tex.xbx,214,8557c6bc,32,32,1
levels/TR/TR_net.tex.xbx,215,05dd68c0,64,32,1
levels/TR/TR_net.tex.xbx,216,a3777bbc,64,32,5
levels/TR/TR_net.tex.xbx,217,9d94f780,128,64,1
levels/TR/TR_net.tex.xbx,218,457ab588,128,64,1
levels/TR/TR_net.tex.xbx,219,df184a78,64,64,5
levels/TR/TR_net.tex.xbx,220,6421a7e0,64,64,5
levels/TR/TR_net.tex.xbx,221,43791964,128,128,1
levels/TR/TR_net.tex.xbx,222,177aaf68,128,128,5
levels/TR/TR_net.tex.xbx,223,d0fd4ef8,64,64,5
levels/TR/TR_net.tex.xbx,224,0d787990,64,32,1
levels/TR/TR_net.tex.xbx,225,bef1bc90,128,128,1
levels/TR/TR_net.tex.xbx,226,8c443e90,128,128,1
levels/TR/TR_net.tex.xbx,227,949035c0,128,128,1
levels/TR/TR_net.tex.xbx,228,16e4df40,64,32,1
levels/TR/TR_net.tex.xbx,229,85737d80,64,64,1
levels/TR/TR_net.tex.xbx,230,4b974414,64,64,5
levels/TR/TR_net.tex.xbx,231,2d75e468,128,128,5
levels/TR/TR_net.tex.xbx,232,bd811f70,128,32,5
levels/TR/TR_net.tex.xbx,233,81f60fc0,64,32,1
levels/TR/TR_net.tex.xbx,234,49224af8,64,32,1
levels/TR/TR_net.tex.xbx,235,baa37600,8,8,5
levels/TR/TR_net.tex.xbx,236,b7314028,16,64,1
levels/TR/TR_net.tex.xbx,237,8257cb4c,128,128,5
levels/TR/TR_net.tex.xbx,238,2297c42c,128,32,1
levels/TR/TR_net.tex.xbx,239,853c83b8,64,64,1
levels/TR/TR_net.tex.xbx,240,4e1f281c,64,128,2
levels/TR/TR_net.tex.xbx,241,68bc62bc,32,64,5
levels/TR/TR_net.tex.xbx,242,d7c5ae3c,32,32,5
levels/TR/TR_net.tex.xbx,243,1df5b780,128,128,1
levels/TR/TR_net.tex.xbx,244,1579f780,128,64,5
levels/TR/TR_net.tex.xbx,245,2e57bd9c,32,32,5
levels/TR/TR_net.tex.xbx,246,855ede00,128,128,1
levels/TR/TR_net.tex.xbx,247,b2c48cc0,64,16,5
levels/TR/TR_net.tex.xbx,248,3d915cd8,64,64,5
levels/TR/TR_net.tex.xbx,249,f022767c,32,32,2
levels/TR/TR_net.tex.xbx,250,8f14ca70,16,32,5
levels/TR/TR_net.tex.xbx,251,c3517e78,32,32,1
levels/TR/TR_net.tex.xbx,252,51060bd4,128,128,1
levels/TR/TR_net.tex.xbx,253,d8171d9c,64,16,5
levels/TR/TR_net.tex.xbx,254,6691f478,128,128,1
levels/TR/TR_net.tex.xbx,255,50862afc,8,8,5
levels/TR/TR_net.tex.xbx,256,be2d469c,64,64,1
levels/TR/TR_net.tex.xbx,257,e2ce6d74,128,64,5
levels/TR/TR_net.tex.xbx,258,055fe394,64,64,5
levels/TR/TR_net.tex.xbx,259,6b80f850,32,32,1
levels/TR/TR_net.tex.xbx,260,d1137db4,64,64,5
levels/TR/TR_net.tex.xbx,261,9ca35398,128,64,5
levels/TR/TR_net.tex.xbx,262,3f88b8f0,128,64,5
levels/TR/TR_net.tex.xbx,263,28e26bfc,64,16,5
levels/TR/TR_net.tex.xbx,264,1ecc0b70,128,64,5
levels/TR/TR_net.tex.xbx,265,b2b31c10,64,64,1
levels/TR/TR_net.tex.xbx,266,71e89ccc,128,128,1
levels/TR/TR_net.tex.xbx,267,60b4ec70,32,32,5
levels/TR/TR_net.tex.xbx,268,64d28cd8,64,16,5
levels/TR/TR_net.tex.xbx,269,0ed099a4,64,64,1
levels/TR/TR_net.tex.xbx,270,0871c234,64,64,1
levels/TR/TR_net.tex.xbx,271,cc579e5c,128,128,5
levels/TR/TR_net.tex.xbx,272,7c22ba60,64,64,5
levels/TR/TR_net.tex.xbx,273,b9d78380,128,128,1
levels/TR/TR_net.tex.xbx,274,6e1cd8bc,128,128,1
levels/TR/TR_net.tex.xbx,275,61b709f0,32,32,1
levels/TR/TR_net.tex.xbx,276,60e38b4c,64,64,1
levels/TR/TR_net.tex.xbx,277,14b1cdf0,64,64,5
levels/TR/TR_net.tex.xbx,278,bc842c2c,32,32,1
levels/TR/TR_net.tex.xbx,279,088a7c54,128,64,5
levels/TR/TR_net.tex.xbx,280,c9d691e0,128,128,5
levels/TR/TR_net.tex.xbx,281,a4276a94,128,128,5
levels/TR/TR_net.tex.xbx,282,e6155740,64,64,5
levels/TR/TR_net.tex.xbx,283,ea5e9c58,64,64,5
levels/TR/TR_net.tex.xbx,284,b1568c40,64,32,2
levels/TR/TR_net.tex.xbx,285,2fd44140,64,64,5
levels/TR/TR_net.tex.xbx,286,25cca158,128,128,5
levels/TR/TR_net.tex.xbx,287,eaf854b8,32,32,5
levels/TR/TR_net.tex.xbx,288,654c8bb0,128,128,5
levels/TR/TR_net.tex.xbx,289,bd170c70,64,64,1
levels/TR/TR_net.tex.xbx,290,6b89ad34,64,32,1
levels/TR/TR_net.tex.xbx,291,38b0fdd8,16,16,5
levels/TR/TR_net.tex.xbx,292,4ff95a74,64,64,5
levels/TR/TR_net.tex.xbx,293,6b9a7874,64,64,5
levels/TR/TR_net.tex.xbx,294,281d4624,32,64,5
levels/TR/TR_net.tex.xbx,295,c4db6610,16,32,5
levels/TR/TR_net.tex.xbx,296,36661394,32,32,5
levels/TR/TR_net.tex.xbx,297,39da9a0c,16,32,2
levels/TR/TR_net.tex.xbx,298,24fc9948,32,32,5
levels/TR/TR_net.tex.xbx,299,13f1b104,128,128,5
levels/TR/TR_net.tex.xbx,300,6d4edce8,64,64,1
levels/TR/TR_net.tex.xbx,301,653ec514,16,16,5
levels/TR/TR_net.tex.xbx,302,a54d6d80,64,64,5
levels/TR/TR_net.tex.xbx,303,1c260b20,64,64,5
levels/TR/TR_net.tex.xbx,304,c0fa2b58,128,128,5
levels/TR/TR_net.tex.xbx,305,03858b78,64,64,1
levels/TR/TR_net.tex.xbx,306,51aaf910,128,128,5
levels/TR/TR_net.tex.xbx,307,4f038630,128,64,1
levels/TR/TR_net.tex.xbx,308,33baf5e8,64,32,5
levels/TR/TR_net.tex.xbx,309,70d94d98,64,32,5
levels/TR/TR_net.tex.xbx,310,5d526bec,64,32,5
levels/TR/TR_net.tex.xbx,311,18841178,64,32,1
levels/TR/TR_net.tex.xbx,312,567b4108,128,128,1
levels/TR/TR_net.tex.xbx,313,53c5b51c,64,32,5
levels/TR/TR_net.tex.xbx,314,0543025c,64,32,5
levels/TR/TR_net.tex.xbx,315,245f1204,64,32,5
levels/TR/TR_net.tex.xbx,316,9fae9c4c,128,128,1
levels/TR/TR_net.tex.xbx,317,7be32798,64,64,5
levels/TR/TR_net.tex.xbx,318,01f2fcb0,128,128,5
levels/TR/TR_net.tex.xbx,319,134502fc,64,64,5
levels/TR/TR_net.tex.xbx,320,8a35f094,64,64,1
levels/TR/TR_net.tex.xbx,321,f05bca18,64,32,1
levels/TR/TR_net.tex.xbx,322,5be29eb0,64,64,1
levels/TR/TR_net.tex.xbx,323,9a64cc80,32,32,5
levels/TR/TR_net.tex.xbx,324,8e603c90,16,64,5
levels/TR/TR_net.tex.xbx,325,bce320a8,16,16,5
levels/TR/TR_net.tex.xbx,326,1685e310,64,64,1
levels/TR/TR_net.tex.xbx,327,dc4012e8,64,64,1
levels/TR/TR_net.tex.xbx,328,d8de7228,64,64,5
levels/TR/TR_net.tex.xbx,329,7617edc0,64,64,5
levels/TR/TR_net.tex.xbx,330,3f5d3898,128,128,1
levels/TR/TR_net.tex.xbx,331,88de86d8,64,32,5
levels/TR/TR_net.tex.xbx,332,53dc6f58,16,32,1
levels/TR/TR_net.tex.xbx,333,2a58ad98,128,128,1
levels/TR/TR_net.tex.xbx,334,ac31a970,128,128,5
levels/TR/TR_net.tex.xbx,335,34ac80c0,128,128,1
levels/TR/TR_net.tex.xbx,336,6e393030,128,128,5
levels/TR/TR_net.tex.xbx,337,61224be4,64,128,5
levels/TR/TR_net.tex.xbx,338,1e07b228,64,32,5
levels/TR/TR_net.tex.xbx,339,c7c65b80,128,128,1
levels/TR/TR_net.tex.xbx,340,8fae5fbc,128,128,1
levels/TR/TR_net.tex.xbx,341,064781d0,32,32,5
levels/TR/TR_net.tex.xbx,342,66c745b0,64,64,5
levels/TR/TR_net.tex.xbx,343,6983a5b4,64,64,1
levels/TR/TR_net.tex.xbx,344,1391ede4,64,128,5
levels/TR/TR_net.tex.xbx,345,f7ae7098,64,64,1
levels/TR/TR_net.tex.xbx,346,a92ebd00,64,32,1
levels/TR/TR_net.tex.xbx,347,db93df14,32,32,5
levels/TR/TR_net.tex.xbx,348,8d5dc04c,32,32,5
levels/TR/TR_net.tex.xbx,349,f80584dc,128,256,1
levels/TR/TR_net.tex.xbx,350,3598bc5c,128,128,5
levels/TR/TR_net.tex.xbx,351,298dc770,64,64,1
levels/TR/TR_net.tex.xbx,352,facaea8c,64,64,1
levels/TR/TR_net.tex.xbx,353,f0535690,128,256,1
levels/TR/TR_net.tex.xbx,354,4f0343ac,128,64,5
levels/TR/TR_net.tex.xbx,355,4d6e16b8,64,64,5
levels/TR/TR_net.tex.xbx,356,3e2fecdc,128,128,5
levels/TR/TR_net.tex.xbx,357,5c229d04,128,128,5
levels/TR/TR_net.tex.xbx,358,88d482d4,32,128,1
levels/TR/TR_net.tex.xbx,359,acede7b8,64,128,1
levels/TR/TR_net.tex.xbx,360,3f1ac150,128,128,1
levels/TR/TR_net.tex.xbx,361,62106184,128,32,5
levels/TR/TR_net.tex.xbx,362,e4718734,64,32,5
levels/TR/TR_net.tex.xbx,363,1ea00c50,32,32,1
levels/TR/TR_net.tex.xbx,364,8b840a98,128,128,5
levels/TR/TR_net.tex.xbx,365,8cb35704,64,32,1
levels/TR/TR_net.tex.xbx,366,d00cc75c,128,32,1
levels/TR/TR_net.tex.xbx,367,cc392ac8,128,128,1
levels/TR/TR_net.tex.xbx,368,330e2e3c,128,128,1
levels/TR/TR_net.tex.xbx,369,613df240,128,128,1
levels/TR/TR_net.tex.xbx,370,cad4dfb8,64,64,1
levels/TR/TR_net.tex.xbx,371,0cd3d874,32,64,5
levels/TR/TR_net.tex.xbx,372,be5783d4,64,64,5
levels/TR/TR_net.tex.xbx,373,92df4d78,32,128,5
levels/TR/TR_net.tex.xbx,374,2fc9c5d0,64,64,5
levels/TR/TR_net.tex.xbx,375,34764c78,128,128,1
levels/TR/TR_net.tex.xbx,376,676ce8cc,64,64,1
levels/TR/TR_net.tex.xbx,377,fd4cecac,16,128,5
levels/TR/TR_net.tex.xbx,378,d3908554,128,128,1
levels/TR/TR_net.tex.xbx,379,7229fdc0,64,64,1
levels/TR/TR_net.tex.xbx,380,4d544b10,32,32,1
levels/TR/TR_net.tex.xbx,381,6cca83e8,128,128,5
levels/TR/TR_net.tex.xbx,382,ccc8fb94,128,128,5
levels/TR/TR_net.tex.xbx,383,9f12fad0,64,64,2
levels/TR/TR_net.tex.xbx,384,fbe74e14,128,64,5
levels/TR/TR_net.tex.xbx,385,73ea1390,64,64,5
levels/TR/TR_net.tex.xbx,386,c66a4e90,64,64,5
levels/TR/TR_net.tex.xbx,387,2f559eb8,64,64,1
levels/TR/TR_net.tex.xbx,388,550e2170,16,32,1
levels/TR/TR_net.tex.xbx,389,3c5f198c,16,16,1
levels/TR/TR_net.tex.xbx,390,1545b6ac,32,128,5
levels/TR/TR_net.tex.xbx,391,597a2bb4,32,32,5
levels/TR/TR_net.tex.xbx,392,d245e438,64,64,5
levels/TR/TR_net.tex.xbx,393,25cdc2ec,128,128,5
levels/TR/TR_net.tex.xbx,394,e1461e30,32,64,5
levels/TR/TR_net.tex.xbx,395,1449850c,256,128,5
levels/TR/TR_net.tex.xbx,396,d27a3b70,128,128,5
levels/TR/TR_net.tex.xbx,397,a91febb4,32,32,1
levels/TR/TR_net.tex.xbx,398,4ff6f894,128,128,5
levels/TR/TR_net.tex.xbx,399,ee8226b8,16,64,1
levels/TR/TR_net.tex.xbx,400,472c918c,32,64,5
levels/TR/TR_net.tex.xbx,401,23132014,64,32,5
levels/TR/TR_net.tex.xbx,402,64475b14,16,64,1
levels/TR/TR_net.tex.xbx,403,fff7d28c,16,16,1
levels/TR/TR_net.tex.xbx,404,9ba1f7b8,32,128,5
levels/TR/TR_net.tex.xbx,405,50ba5c24,32,128,5
levels/TR/TR_net.tex.xbx,406,4ef5b0cc,64,128,1
levels/TR/TR_net.tex.xbx,407,be6ff6e0,16,16,1
levels/TR/TR_net.tex.xbx,408,a0681578,64,32,1
levels/TR/TR_net.tex.xbx,409,c3d688d0,32,32,5
levels/TR/TR_net.tex.xbx,410,9c47aa20,64,64,5
levels/TR/TR_net.tex.xbx,411,bd24b06c,64,64,1
levels/TR/TR_net.tex.xbx,412,6ec3718c,128,64,5
levels/TR/TR_net.tex.xbx,413,804dd7b8,32,32,1
levels/TR/TR_net.tex.xbx,414,e3f24690,64,64,5
levels/TR/TR_net.tex.xbx,415,a3333b90,32,64,5
levels/TR/TR_net.tex.xbx,416,d1b277c8,128,128,5
levels/TR/TR_net.tex.xbx,417,033cd1dc,64,128,1
levels/TR/TR_net.tex.xbx,418,46025010,32,32,1
levels/TR/TR_net.tex.xbx,419,c268ccdc,128,128,1
levels/TR/TR_net.tex.xbx,420,a3806834,32,32,1
levels/TR/TR_net.tex.xbx,421,36f36cc8,128,256,1
levels/TR/TR_net.tex.xbx,422,012fc820,16,16,5
levels/TR/TR_net.tex.xbx,423,e8700ef4,128,128,1
levels/TR/TR_net.tex.xbx,424,57dfa814,16,16,5
levels/TR/TR_net.tex.xbx,425,d5e046e0,256,64,5
levels/TR/TR_net.tex.xbx,426,b8c6fe94,16,128,1
levels/TR/TR_net.tex.xbx,427,9fe7c090,64,128,5
levels/TR/TR_net.tex.xbx,428,82cd4cb8,8,128,5
levels/TR/TR_net.tex.xbx,429,e773c190,64,128,5
levels/TR/TR_net.tex.xbx,430,c45851b8,128,64,1
levels/TR/TR_net.tex.xbx,431,0a88bf68,64,32,1
levels/TR/TR_net.tex.xbx,432,5b0ac694,64,64,5
levels/TR/TR_net.tex.xbx,433,406bfe10,64,32,1
levels/TR/TR_net.tex.xbx,434,1f966a64,32,32,1
levels/TR/TR_net.tex.xbx,435,c5c02848,32,16,5
levels/TR/TR_net.tex.xbx,436,28052e14,16,32,1
levels/TR/TR_net.tex.xbx,437,c4b6d508,64,32,2
levels/TR/TR_net.tex.xbx,438,5d2018dc,16,16,1
levels/TR/TR_net.tex.xbx,439,cb1a648c,32,64,1
levels/TR/TR_net.tex.xbx,440,c138ce58,64,32,5
levels/TR/TR_net.tex.xbx,441,d33bf258,32,32,2
levels/TR/TR_net.tex.xbx,442,cf24ed14,32,64,1
levels/TR/TR_net.tex.xbx,443,70147218,64,32,1
levels/TR/TR_net.tex.xbx,444,9b498644,64,32,1
levels/TR/TR_net.tex.xbx,445,6d154948,64,64,1
levels/TR/TR_net.tex.xbx,446,d63c40c4,32,32,1
levels/TR/TR_net.tex.xbx,447,8849c9ac,64,32,5
levels/TR/TR_net.tex.xbx,448,3ec6a25c,128,128,5
levels/TR/TR_net.tex.xbx,449,7201c2d0,64,64,1
levels/TR/TR_net.tex.xbx,450,4cf99e98,64,64,2
levels/TR/TR_net.tex.xbx,451,ad213fd8,64,64,1
levels/TR/TR_net.tex.xbx,452,9d30e6b4,128,64,5
levels/TR/TR_net.tex.xbx,453,71929320,128,256,1
levels/TR/TR_net.tex.xbx,454,028547f0,16,16,1
levels/TR/TR_net.tex.xbx,455,94baf984,128,128,1
levels/TR/TR_net.tex.xbx,456,2d1fa9d0,32,32,1
levels/TR/TR_net.tex.xbx,457,d761c0d0,32,32,5
levels/TR/TR_net.tex.xbx,458,0bd478d4,32,8,5
levels/TR/TR_net.tex.xbx,459,d55ceb14,128,128,1
levels/TR/TR_net.tex.xbx,460,f72eed94,256,128,5
levels/TR/TR_net.tex.xbx,461,d21dfe00,64,32,5
levels/TR/TR_net.tex.xbx,462,8da18f88,64,32,1
levels/TR/TR_net.tex.xbx,463,e5966924,32,32,5
levels/TR/TR_net.tex.xbx,464,20f23e10,32,32,1
levels/TR/TR_net.tex.xbx,465,cc678b94,64,64,1
levels/TR/TR_net.tex.xbx,466,9057120c,16,16,1
levels/TR/TR_net.tex.xbx,467,44ccb438,32,32,5
levels/TR/TR_net.tex.xbx,468,c1379230,32,16,1
levels/TR/TR_net.tex.xbx,469,793c7a94,32,16,5
levels/TR/TR_net.tex.xbx,470,8a8cb7f4,16,32,1
levels/TR/TR_net.tex.xbx,471,14241d20,32,32,1
levels/TR/TR_net.tex.xbx,472,eca58cc8,32,64,1
levels/TR/TR_net.tex.xbx,473,453cbdc0,16,16,5
levels/TR/TR_net.tex.xbx,474,c10a1678,64,16,1
levels/TR/TR_net.tex.xbx,475,477b8260,128,128,5
levels/TR/TR_net.tex.xbx,476,98ae3508,64,64,5
levels/TR/TR_net.tex.xbx,477,3f6a67c0,128,64,1
levels/TR/TR_net.tex.xbx,478,3a9790b8,32,64,1
levels/TR/TR_net.tex.xbx,479,a609e88c,32,32,1
levels/TR/TR_net.tex.xbx,480,8928f47c,32,16,1
levels/TR/TR_net.tex.xbx,481,3cb1297c,32,32,5
levels/TR/TR_net.tex.xbx,482,fdfb9a40,128,64,5
levels/TR/TR_net.tex.xbx,483,1fd20798,32,64,5
levels/TR/TR_net.tex.xbx,484,1c44dfa8,128,16,5
levels/TR/TR_net.tex.xbx,485,d0b726fc,16,32,5
levels/TR/TR_net.tex.xbx,486,50beae44,64,64,1
levels/TR/TR_net.tex.xbx,487,99779214,64,64,1
levels/TR/TR_net.tex.xbx,488,7db1e5c0,32,128,1
levels/TR/TR_net.tex.xbx,489,051cb1dc,128,128,5
levels/TR/TR_net.tex.xbx,490,ee076184,64,64,5
levels/TR/TR_net.tex.xbx,491,89242084,64,64,1
levels/TR/TR_net.tex.xbx,492,b23a1ec0,64,64,1
levels/TR/TR_net.tex.xbx,493,b238ecdc,64,64,1
levels/TR/TR_net.tex.xbx,494,3c7a14c0,64,64,1
levels/TR/TR_net.tex.xbx,495,3702cd2c,16,16,1
levels/TR/TR_net.tex.xbx,496,ab787918,16,64,1
levels/TR/TR_net.tex.xbx,497,333d4534,16,16,1
levels/TR/TR_net.tex.xbx,498,164b4914,128,128,1
levels/TR/TR_net.tex.xbx,499,5273d88c,128,128,5
levels/TR/TR_net.tex.xbx,500,39284604,64,32,1
levels/TR/TR_net.tex.xbx,501,a79df340,128,64,1
levels/TR/TR_net.tex.xbx,502,75bdf950,64,64,5
levels/TR/TR_net.tex.xbx,503,acb76168,64,64,1
levels/TR/TR_net.tex.xbx,504,5fcfd154,64,64,5
levels/TR/TR_net.tex.xbx,505,412d253c,64,64,1
levels/TR/TR_net.tex.xbx,506,7df828fc,64,32,1
levels/TR/TR_net.tex.xbx,507,78fbb1dc,128,128,5
levels/TR/TR_net.tex.xbx,508,b305c3e4,64,64,5
levels/TR/TR_net.tex.xbx,509,fccfb684,128,32,5
levels/TR/TR_net.tex.xbx,510,ab3c4fbc,16,32,1
levels/TR/TR_net.tex.xbx,511,59b1a9e8,8,64,1
levels/TR/TR_net.tex.xbx,512,e782dde4,32,32,5
levels/TR/TR_net.tex.xbx,513,7f9cb280,64,64,5
levels/TR/TR_net.tex.xbx,514,6e1206c4,64,16,5
levels/TR/TR_net.tex.xbx,515,f5db6ad8,128,64,1
levels/TR/TR_net.tex.xbx,516,a2c25dfc,8,64,1
levels/TR/TR_net.tex.xbx,517,19b19018,32,8,1
levels/TR/TR_net.tex.xbx,518,f27074ec,128,128,1
levels/TR/TR_net.tex.xbx,519,0d934e54,32,64,1
levels/TR/TR_net.tex.xbx,520,5da79d98,128,128,5
levels/TR/TR_net.tex.xbx,521,3bef5c4c,128,128,1
levels/TR/TR_net.tex.xbx,522,038829ec,256,128,5
levels/TR/TR_net.tex.xbx,523,d648c788,128,64,1
levels/TR/TR_net.tex.xbx,524,7b785af0,64,64,2
levels/TR/TR_net.tex.xbx,525,cd552cc8,32,64,1
levels/TR/TR_net.tex.xbx,526,5a6a3ec0,32,64,5
levels/TR/TR_net.tex.xbx,527,8087f2b0,128,32,5
levels/TR/TR_net.tex.xbx,528,16d09c38,64,64,5
levels/TR/TR_net.tex.xbx,529,d3686ce4,128,64,1
levels/TR/TR_net.tex.xbx,530,3318a7c0,128,32,1
levels/TR/TR_net.tex.xbx,531,50875fcc,128,32,1
levels/TR/TR_net.tex.xbx,532,53039d24,64,128,1
levels/TR/TR_net.tex.xbx,533,c94440ec,128,128,5
levels/TR/TR_net.tex.xbx,534,27f61960,128,32,1
levels/TR/TR_net.tex.xbx,535,1c148ad0,128,32,1
levels/TR/TR_net.tex.xbx,536,a5d85c24,32,64,5
levels/TR/TR_net.tex.xbx,537,ab9e00e4,128,32,1
levels/TR/TR_net.tex.xbx,538,facdee80,64,32,5
levels/TR/TR_net.tex.xbx,539,24bb021c,128,32,1
levels/TR/TR_net.tex.xbx,540,9b97fe64,128,64,5
levels/TR/TR_net.tex.xbx,541,7d2bc560,64,64,5
levels/TR/TR_net.tex.xbx,542,91fa46f4,64,64,5
levels/TR/TR_net.tex.xbx,543,cb435a0c,128,32,5
levels/TR/TR_net.tex.xbx,544,ab8464e0,128,64,1
levels/TR/TR_net.tex.xbx,545,922e6ba8,128,32,1
levels/TR/TR_net.tex.xbx,546,5fc1f5c8,128,32,1
levels/TR/TR_net.tex.xbx,547,eec3ff64,128,64,5
levels/TR/TR_net.tex.xbx,548,b8e3628c,64,64,1
levels/TR/TR_net.tex.xbx,549,b3a7d8dc,128,128,1
levels/TR/TR_net.tex.xbx,550,7ae12f38,128,128,1
levels/TR/TR_net.tex.xbx,551,8c53870c,128,128,1
levels/TR/TR_net.tex.xbx,552,1c4a6130,32,32,5
levels/TR/TR_net.tex.xbx,553,0a07e2c0,64,64,5
levels/TR/TR_net.tex.xbx,554,ce31c3f8,64,128,2
levels/TR/TR_net.tex.xbx,555,42a74500,128,128,1
levels/TR/TR_net.tex.xbx,556,89b55ebc,64,32,5
levels/TR/TR_net.tex.xbx,557,998cad88,128,32,1
levels/TR/TR_net.tex.xbx,558,89eca3a8,32,32,1
levels/TR/TR_net.tex.xbx,559,1503a7a4,32,32,1
levels/TR/TR_net.tex.xbx,560,073a92f0,32,32,1
levels/TR/TR_net.tex.xbx,561,e11ae884,128,256,1
levels/TR/TR_net.tex.xbx,562,b147b4a8,256,128,1
levels/TR/TR_net.tex.xbx,563,f5128f58,64,64,1
levels/TR/TR_net.tex.xbx,564,aabb5fa0,128,32,1
levels/TR/TR_net.tex.xbx,565,1a2cdfb4,64,16,5
levels/TR/TR_net.tex.xbx,566,af18b948,64,64,1
levels/TR/TR_net.tex.xbx,567,9ff69690,32,32,5
levels/TR/TR_net.tex.xbx,568,4445ac94,128,64,5
levels/TR/TR_net.tex.xbx,569,12c976c0,128,128,5
levels/TR/TR_net.tex.xbx,570,0d7fdfdc,64,64,5
levels/TR/TR_net.tex.xbx,571,585af834,128,128,1
levels/TR/TR_net.tex.xbx,572,c967bf78,64,128,1
levels/TR/TR_net.tex.xbx,573,c349143c,128,32,1
levels/TR/TR_net.tex.xbx,574,55ba1d1c,64,32,1
levels/TR/TR_net.tex.xbx,575,5876b994,64,64,1
levels/TR/TR_net.tex.xbx,576,5316de34,64,64,1
levels/TR/TR_net.tex.xbx,577,b6ea5340,32,16,5
levels/TR/TR_net.tex.xbx,578,a3d86614,64,16,5
levels/TR/TR_net.tex.xbx,579,ed649cf8,64,128,5
levels/TR/TR_net.tex.xbx,580,ad35a518,64,64,1
levels/TR/TR_net.tex.xbx,581,1f9893f4,64,64,5
levels/TR/TR_net.tex.xbx,582,165ebf10,64,64,5
levels/TR/TR_net.tex.xbx,583,d41e4034,32,32,1
levels/TR/TR_net.tex.xbx,584,e69e2288,64,16,1
levels/TR/TR_net.tex.xbx,585,aaa2af00,64,32,1
levels/TR/TR_net.tex.xbx,586,1af88c44,32,32,5
levels/TR/TR_net.tex.xbx,587,7f48161c,16,32,5
levels/TR/TR_net.tex.xbx,588,80775dac,256,128,5
levels/TR/TR_net.tex.xbx,589,0f82ea00,16,16,5
levels/TR/TR_net.tex.xbx,590,0c00201c,64,32,5
levels/TR/TR_net.tex.xbx,591,021bd1c8,256,128,1
levels/TR/TR_net.tex.xbx,592,cafc2178,64,64,1
levels/TR/TR_net.tex.xbx,593,d5491b8c,32,32,5
levels/TR/TR_net.tex.xbx,594,81bde118,64,64,5
levels/TR/TR_net.tex.xbx,595,8aca40f8,64,64,5
levels/TR_Sky/TR_Sky.tex.xbx,0,31095520,128,128,1
levels/TR_Sky/TR_Sky.tex.xbx,1,f41637a0,128,128,1
levels/TR_Sky/TR_Sky.tex.xbx,2,430e1420,128,128,1
levels/TR_Sky/TR_Sky.tex.xbx,3,7e11f6a0,128,128,1
levels/TR_Sky/TR_Sky_net.tex.xbx,0,31095520,128,128,1
levels/TR_Sky/TR_Sky_net.tex.xbx,1,f41637a0,128,128,1
levels/TR_Sky/TR_Sky_net.tex.xbx,2,430e1420,128,128,1
levels/TR_Sky/TR_Sky_net.tex.xbx,3,7e11f6a0,128,128,1
levels/TestLevel/TestLevel.tex.xbx,0,ed748d8c,128,64,1
levels/TestLevel/TestLevel.tex.xbx,1,8270b1d8,128,128,1
levels/TestLevel/TestLevel.tex.xbx,2,242f95e4,128,128,1
levels/TestLevel/TestLevel.tex.xbx,3,b8d9f394,32,64,1
levels/TestLevel/TestLevel.tex.xbx,4,644c4610,32,32,1
levels/TestLevel/TestLevel.tex.xbx,5,f3fb4d00,128,128,1
levels/TestLevel/TestLevel.tex.xbx,6,b06e6200,64,128,5
levels/TestLevel/TestLevel.tex.xbx,7,a88b6c10,32,64,5
levels/TestLevel/TestLevel.tex.xbx,8,92196724,128,64,5
levels/TestLevel/TestLevel.tex.xbx,9,25ef62c0,64,64,1
levels/TestLevel/TestLevel.tex.xbx,10,d3a97dd0,128,64,1
levels/TestLevel/TestLevel.tex.xbx,11,e2fde584,128,128,1
levels/TestLevel/TestLevel.tex.xbx,12,808c0f20,128,64,5
levels/TestLevel/TestLevel.tex.xbx,13,adc331f8,32,64,5
levels/TestLevel/TestLevel.tex.xbx,14,596aaf6c,64,64,5
levels/TestLevel/TestLevel.tex.xbx,15,06457388,64,32,1
levels/TestLevel/TestLevel.tex.xbx,16,734c6950,64,128,1
levels/TestLevel/TestLevel.tex.xbx,17,6f3f4148,128,64,5
levels/TestLevel/TestLevel.tex.xbx,18,dadf5350,128,64,1
levels/TestLevel/TestLevel.tex.xbx,19,cd76f418,64,64,5
levels/TestLevel/TestLevel.tex.xbx,20,1fcc72d4,64,32,1
levels/TestLevel/TestLevel.tex.xbx,21,8a969984,128,128,1
levels/TestLevel/TestLevel.tex.xbx,22,6182fe04,128,64,5
levels/TestLevel/TestLevel.tex.xbx,23,7ac5c998,128,32,5
levels/TestLevel/TestLevel.tex.xbx,24,78fdc278,64,64,5
levels/TestLevel/TestLevel.tex.xbx,25,61b59bf8,64,32,1
levels/TestLevel/TestLevel.tex.xbx,26,ce2b7e5c,16,32,5
levels/TestLevel/TestLevel.tex.xbx,27,62050208,32,32,5
levels/TestLevel/TestLevel.tex.xbx,28,ff7453b4,128,128,1
levels/TestLevel/TestLevel.tex.xbx,29,bb4ef240,32,32,5
levels/TestLevel/TestLevel.tex.xbx,30,67ef9a84,128,128,5
levels/TestLevel/TestLevel.tex.xbx,31,6f1035c0,16,16,1
levels/TestLevel/TestLevel.tex.xbx,32,cb2f1214,64,64,2
levels/TestLevel/TestLevel.tex.xbx,33,d2ffb90c,64,32,1
levels/TestLevel/TestLevel.tex.xbx,34,ca61a414,256,256,1
levels/TestLevel/TestLevel.tex.xbx,35,6008cbf0,128,64,1
levels/TestLevel/TestLevel.tex.xbx,36,b17b2ab4,128,64,1
levels/TestLevel/TestLevel.tex.xbx,37,ed43a3ac,128,64,1
levels/TestLevel/TestLevel.tex.xbx,38,886062ac,128,64,1
levels/TestLevel/TestLevel.tex.xbx,39,045eefb4,128,64,1
levels/TestLevel/TestLevel.tex.xbx,40,18d196f0,128,64,1
levels/TestLevel/TestLevel.tex.xbx,41,5be32cf0,128,64,1
levels/TestLevel/TestLevel.tex.xbx,42,60baf644,32,32,1
levels/TestLevel/TestLevel.tex.xbx,43,abc89338,128,128,1
levels/TestLevel/TestLevel.tex.xbx,44,e526d8a0,32,128,1
levels/TestLevel/TestLevel.tex.xbx,45,c2f57160,16,128,5
levels/TestLevel/TestLevel.tex.xbx,46,23f60dc8,32,32,1
levels/TestLevel/TestLevel.tex.xbx,47,560abe88,8,32,5
levels/TestLevel/TestLevel.tex.xbx,48,7842a564,64,64,5
levels/TestLevel/TestLevel.tex.xbx,49,8365f450,64,64,1
levels/TestLevel/TestLevel.tex.xbx,50,ddfd01f0,64,64,1
levels/TestLevel/TestLevel.tex.xbx,51,fafdb714,64,16,5
levels/TestLevel/TestLevel.tex.xbx,52,fccd2094,64,64,5
levels/TestLevel/TestLevel.tex.xbx,53,b05b04e8,64,64,5
levels/TestLevel/TestLevel.tex.xbx,54,9645ca90,32,32,1
levels/TestLevel/TestLevel.tex.xbx,55,c21a77bc,32,32,5
levels/TestLevel/TestLevel.tex.xbx,56,90794d3c,128,128,1
levels/TestLevel/TestLevel.tex.xbx,57,c9f3e2a8,64,64,1
levels/TestLevel/TestLevel.tex.xbx,58,9a976c98,64,64,2
levels/TestLevel/TestLevel.tex.xbx,59,d9519ee4,128,32,1
levels/TestLevel/TestLevel.tex.xbx,60,9fd60dec,128,128,1
levels/TestLevel/TestLevel.tex.xbx,61,2e84ff14,128,128,5
levels/TestLevel/TestLevel.tex.xbx,62,8b63bb58,128,128,1
levels/TestLevel/TestLevel.tex.xbx,63,d06e43ac,128,64,1
levels/TestLevel/TestLevel.tex.xbx,64,41e3f598,128,128,1
levels/TestLevel/TestLevel.tex.xbx,65,441ec670,128,64,5
levels/TestLevel/TestLevel.tex.xbx,66,c27fe5f0,64,64,1
levels/TestLevel/TestLevel.tex.xbx,67,beac7550,128,32,1
levels/TestLevel/TestLevel.tex.xbx,68,78d95f08,64,64,1
levels/TestLevel/TestLevel.tex.xbx,69,c18023ac,32,32,5
levels/TestLevel/TestLevel_net.tex.xbx,0,ed748d8c,128,64,1
levels/TestLevel/TestLevel_net.tex.xbx,1,8270b1d8,128,128,1
levels/TestLevel/TestLevel_net.tex.xbx,2,242f95e4,128,128,1
levels/TestLevel/TestLevel_net.tex.xbx,3,b8d9f394,32,64,1
levels/TestLevel/TestLevel_net.tex.xbx,4,644c4610,32,32,1
levels/TestLevel/TestLevel_net.tex.xbx,5,f3fb4d00,128,128,1
levels/TestLevel/TestLevel_net.tex.xbx,6,b06e6200,64,128,5
levels/TestLevel/TestLevel_net.tex.xbx,7,a88b6c10,32,64,5
levels/TestLevel/TestLevel_net.tex.xbx,8,92196724,128,64,5
levels/TestLevel/TestLevel_net.tex.xbx,9,25ef62c0,64,64,1
levels/TestLevel/TestLevel_net.tex.xbx,10,d3a97dd0,128,64,1
levels/TestLevel/TestLevel_net.tex.xbx,11,e2fde584,128,128,1
levels/TestLevel/TestLevel_net.tex.xbx,12,808c0f20,128,64,5
levels/TestLevel/TestLevel_net.tex.xbx,13,adc331f8,32,64,5
levels/TestLevel/TestLevel_net.tex.xbx,14,596aaf6c,64,64,5
levels/TestLevel/TestLevel_net.tex.xbx,15,06457388,64,32,1
levels/TestLevel/TestLevel_net.tex.xbx,16,734c6950,64,128,1
levels/TestLevel/TestLevel_net.tex.xbx,17,6f3f4148,128,64,5
levels/TestLevel/TestLevel_net.tex.xbx,18,dadf5350,128,64,1
levels/TestLevel/TestLevel_net.tex.xbx,19,cd76f418,64,64,5
levels/TestLevel/TestLevel_net.tex.xbx,20,1fcc72d4,64,32,1
levels/TestLevel/TestLevel_net.tex.xbx,21,8a969984,128,128,1
levels/TestLevel/TestLevel_net.tex.xbx,22,6182fe04,128,64,5
levels/TestLevel/TestLevel_net.tex.xbx,23,7ac5c998,128,32,5
levels/TestLevel/TestLevel_net.tex.xbx,24,78fdc278,64,64,5
levels/TestLevel/TestLevel_net.tex.xbx,25,61b59bf8,64,32,1
levels/TestLevel/TestLevel_net.tex.xbx,26,ce2b7e5c,16,32,5
levels/TestLevel/TestLevel_net.tex.xbx,27,62050208,32,32,5
levels/TestLevel/TestLevel_net.tex.xbx,28,ff7453b4,128,128,1
levels/TestLevel/TestLevel_net.tex.xbx,29,bb4ef240,32,32,5
levels/TestLevel/TestLevel_net.tex.xbx,30,67ef9a84,128,128,5
levels/TestLevel/TestLevel_net.tex.xbx,31,6f1035c0,16,16,1
levels/TestLevel/TestLevel_net.tex.xbx,32,cb2f1214,64,64,2
levels/TestLevel/TestLevel_net.tex.xbx,33,d2ffb90c,64,32,1
levels/TestLevel/TestLevel_net.tex.xbx,34,ca61a414,256,256,1
levels/TestLevel/TestLevel_net.tex.xbx,35,6008cbf0,128,64,1
levels/TestLevel/TestLevel_net.tex.xbx,36,b17b2ab4,128,64,1
levels/TestLevel/TestLevel_net.tex.xbx,37,ed43a3ac,128,64,1
levels/TestLevel/TestLevel_net.tex.xbx,38,886062ac,128,64,1
levels/TestLevel/TestLevel_net.tex.xbx,39,045eefb4,128,64,1
levels/TestLevel/TestLevel_net.tex.xbx,40,18d196f0,128,64,1
levels/TestLevel/TestLevel_net.tex.xbx,41,5be32cf0,128,64,1
levels/TestLevel/TestLevel_net.tex.xbx,42,60baf644,32,32,1
levels/TestLevel/TestLevel_net.tex.xbx,43,abc89338,128,128,1
levels/TestLevel/TestLevel_net.tex.xbx,44,e526d8a0,32,128,1
levels/TestLevel/TestLevel_net.tex.xbx,45,c2f57160,16,128,5
levels/TestLevel/TestLevel_net.tex.xbx,46,23f60dc8,32,32,1
levels/TestLevel/TestLevel_net.tex.xbx,47,560abe88,8,32,5
levels/TestLevel/TestLevel_net.tex.xbx,48,7842a564,64,64,5
levels/TestLevel/TestLevel_net.tex.xbx,49,8365f450,64,64,1
levels/TestLevel/TestLevel_net.tex.xbx,50,ddfd01f0,64,64,1
levels/TestLevel/TestLevel_net.tex.xbx,51,fafdb714,64,16,5
levels/TestLevel/TestLevel_net.tex.xbx,52,fccd2094,64,64,5
levels/TestLevel/TestLevel_net.tex.xbx,53,b05b04e8,64,64,5
levels/TestLevel/TestLevel_net.tex.xbx,54,9645ca90,32,32,1
levels/TestLevel/TestLevel_net.tex.xbx,55,c21a77bc,32,32,5
levels/TestLevel/TestLevel_net.tex.xbx,56,90794d3c,128,128,1
levels/TestLevel/TestLevel_net.tex.xbx,57,c9f3e2a8,64,64,1
levels/TestLevel/TestLevel_net.tex.xbx,58,9a976c98,64,64,2
levels/TestLevel/TestLevel_net.tex.xbx,59,d9519ee4,128,32,1
levels/TestLevel/TestLevel_net.tex.xbx,60,9fd60dec,128,128,1
levels/TestLevel/TestLevel_net.tex.xbx,61,2e84ff14,128,128,5
levels/TestLevel/TestLevel_net.tex.xbx,62,8b63bb58,128,128,1
levels/TestLevel/TestLevel_net.tex.xbx,63,d06e43ac,128,64,1
levels/TestLevel/TestLevel_net.tex.xbx,64,41e3f598,128,128,1
levels/TestLevel/TestLevel_net.tex.xbx,65,441ec670,128,64,5
levels/TestLevel/TestLevel_net.tex.xbx,66,c27fe5f0,64,64,1
levels/TestLevel/TestLevel_net.tex.xbx,67,beac7550,128,32,1
levels/TestLevel/TestLevel_net.tex.xbx,68,78d95f08,64,64,1
levels/TestLevel/TestLevel_net.tex.xbx,69,c18023ac,32,32,5
levels/TestLevel_Sky/TestLevel_Sky.tex.xbx,0,31095520,128,128,1
levels/TestLevel_Sky/TestLevel_Sky.tex.xbx,1,f41637a0,128,128,1
levels/TestLevel_Sky/TestLevel_Sky.tex.xbx,2,430e1420,128,128,1
levels/TestLevel_Sky/TestLevel_Sky.tex.xbx,3,7e11f6a0,128,128,1
levels/TestLevel_Sky/TestLevel_Sky_net.tex.xbx,0,31095520,128,128,1
levels/TestLevel_Sky/TestLevel_Sky_net.tex.xbx,1,f41637a0,128,128,1
levels/TestLevel_Sky/TestLevel_Sky_net.tex.xbx,2,430e1420,128,128,1
levels/TestLevel_Sky/TestLevel_Sky_net.tex.xbx,3,7e11f6a0,128,128,1
levels/default_sky/default_Sky.tex.xbx,0,31095520,128,128,1
levels/default_sky/default_Sky.tex.xbx,1,f41637a0,128,128,1
levels/default_sky/default_Sky.tex.xbx,2,430e1420,128,128,1
levels/default_sky/default_Sky.tex.xbx,3,7e11f6a0,128,128,1
levels/default_sky/default_Sky_net.tex.xbx,0,31095520,128,128,1
levels/default_sky/default_Sky_net.tex.xbx,1,f41637a0,128,128,1
levels/default_sky/default_Sky_net.tex.xbx,2,430e1420,128,128,1
levels/default_sky/default_Sky_net.tex.xbx,3,7e11f6a0,128,128,1
levels/mainmenu/mainmenu.tex.xbx,0,f0535690,128,256,1
levels/mainmenu/mainmenu.tex.xbx,1,88d482d4,32,128,1
levels/mainmenu/mainmenu.tex.xbx,2,acede7b8,64,128,1
levels/mainmenu/mainmenu.tex.xbx,3,d3908554,256,256,1
levels/mainmenu/mainmenu.tex.xbx,4,6cca83e8,256,256,5
levels/mainmenu/mainmenu.tex.xbx,5,af2384d8,64,64,2
levels/mainmenu/mainmenu.tex.xbx,6,a59ce35c,32,32,1
levels/mainmenu/mainmenu.tex.xbx,7,e2726ae4,32,32,5
levels/mainmenu/mainmenu.tex.xbx,8,e42885e0,256,256,5
levels/mainmenu/mainmenu.tex.xbx,9,80086f24,64,64,5
levels/mainmenu/mainmenu.tex.xbx,10,c19c6c24,64,64,5
levels/mainmenu/mainmenu.tex.xbx,11,ff88bc28,32,32,5
levels/mainmenu/mainmenu.tex.xbx,12,58590040,32,8,5
levels/mainmenu/mainmenu.tex.xbx,13,9d99b7c0,64,64,5
levels/mainmenu/mainmenu.tex.xbx,14,63e10540,32,32,5
levels/mainmenu/mainmenu.tex.xbx,15,8fda1124,64,64,5
levels/mainmenu/mainmenu.tex.xbx,16,b15dc528,32,32,5
levels/mainmenu/mainmenu.tex.xbx,17,e504490c,256,128,5
levels/mainmenu/mainmenu.tex.xbx,18,0cd3d874,32,64,5
levels/mainmenu/mainmenu.tex.xbx,19,be5783d4,64,64,5
levels/mainmenu/mainmenu.tex.xbx,20,92df4d78,32,128,5
levels/mainmenu/mainmenu.tex.xbx,21,2fc9c5d0,64,64,5
levels/mainmenu/mainmenu.tex.xbx,22,34764c78,256,128,1
levels/mainmenu/mainmenu.tex.xbx,23,676ce8cc,128,128,1
levels/mainmenu/mainmenu.tex.xbx,24,fd4cecac,16,128,5
levels/mainmenu/mainmenu.tex.xbx,25,facaea8c,128,128,1
levels/mainmenu/mainmenu.tex.xbx,26,7229fdc0,64,64,1
levels/mainmenu/mainmenu.tex.xbx,27,d761c0d0,32,32,5
levels/mainmenu/mainmenu.tex.xbx,28,0bd478d4,32,8,5
levels/mainmenu/mainmenu.tex.xbx,29,4d544b10,32,32,1
levels/mainmenu/mainmenu.tex.xbx,30,fbe74e14,128,64,5
levels/mainmenu/mainmenu.tex.xbx,31,55d437c4,64,64,5
levels/mainmenu/mainmenu.tex.xbx,32,d392dfd8,64,64,5
levels/mainmenu/mainmenu.tex.xbx,33,7f76c558,8,8,1
levels/mainmenu/mainmenu.tex.xbx,34,4875b248,128,64,5
levels/mainmenu/mainmenu.tex.xbx,35,8d5dc04c,32,32,5
levels/mainmenu/mainmenu.tex.xbx,36,f80584dc,128,256,1
levels/mainmenu/mainmenu.tex.xbx,37,3598bc5c,128,128,5
levels/mainmenu/mainmenu.tex.xbx,38,298dc770,64,64,1
levels/mainmenu/mainmenu.tex.xbx,39,4d6e16b8,64,64,5
levels/mainmenu/mainmenu.tex.xbx,40,3e2fecdc,128,128,5
levels/mainmenu/mainmenu.tex.xbx,41,cad4dfb8,128,128,1
levels/mainmenu/mainmenu.tex.xbx,42,ccc8fb94,256,256,5
levels/mainmenu/mainmenu.tex.xbx,43,9f12fad0,64,64,2
levels/mainmenu/mainmenu.tex.xbx,44,550e2170,16,32,1
levels/mainmenu/mainmenu.tex.xbx,45,3c5f198c,16,16,1
levels/mainmenu/mainmenu.tex.xbx,46,1545b6ac,32,128,5
levels/mainmenu/mainmenu.tex.xbx,47,597a2bb4,32,32,5
levels/mainmenu/mainmenu.tex.xbx,48,d245e438,64,64,5
levels/mainmenu/mainmenu.tex.xbx,49,25cdc2ec,128,128,5
levels/mainmenu/mainmenu.tex.xbx,50,e1461e30,32,64,5
levels/mainmenu/mainmenu.tex.xbx,51,1449850c,256,128,5
levels/mainmenu/mainmenu.tex.xbx,52,d27a3b70,128,128,5
levels/mainmenu/mainmenu.tex.xbx,53,a91febb4,32,32,1
levels/mainmenu/mainmenu.tex.xbx,54,4ff6f894,256,256,5
levels/mainmenu/mainmenu.tex.xbx,55,50ba5c24,64,256,5
levels/mainmenu/mainmenu.tex.xbx,56,4ef5b0cc,64,128,1
levels/mainmenu/mainmenu.tex.xbx,57,be6ff6e0,16,16,1
levels/mainmenu/mainmenu.tex.xbx,58,a0681578,64,32,1
levels/mainmenu/mainmenu.tex.xbx,59,c3d688d0,32,32,5
levels/mainmenu/mainmenu.tex.xbx,60,9c47aa20,64,64,5
levels/mainmenu/mainmenu.tex.xbx,61,bd24b06c,64,64,1
levels/mainmenu/mainmenu.tex.xbx,62,6ec3718c,256,128,5
levels/mainmenu/mainmenu.tex.xbx,63,804dd7b8,32,32,1
levels/mainmenu/mainmenu.tex.xbx,64,e3f24690,64,64,5
levels/mainmenu/mainmenu.tex.xbx,65,a3333b90,32,64,5
levels/mainmenu/mainmenu.tex.xbx,66,b8c6fe94,16,128,1
levels/mainmenu/mainmenu.tex.xbx,67,9fe7c090,64,256,1
levels/mainmenu/mainmenu.tex.xbx,68,82cd4cb8,8,128,5
levels/mainmenu/mainmenu.tex.xbx,69,e773c190,64,256,5
levels/mainmenu/mainmenu.tex.xbx,70,e5966924,32,32,5
levels/mainmenu/mainmenu.tex.xbx,71,eca58cc8,32,64,1
levels/mainmenu/mainmenu.tex.xbx,72,453cbdc0,16,16,5
levels/mainmenu/mainmenu.tex.xbx,73,082d1658,64,64,5
levels/mainmenu/mainmenu.tex.xbx,74,9e173adc,128,128,1
levels/mainmenu/mainmenu.tex.xbx,75,fe1dee20,128,128,5
levels/mainmenu/mainmenu_net.tex.xbx,0,f0535690,128,256,1
levels/mainmenu/mainmenu_net.tex.xbx,1,88d482d4,32,128,1
levels/mainmenu/mainmenu_net.tex.xbx,2,acede7b8,64,128,1
levels/mainmenu/mainmenu_net.tex.xbx,3,d3908554,256,256,1
levels/mainmenu/mainmenu_net.tex.xbx,4,6cca83e8,256,256,5
levels/mainmenu/mainmenu_net.tex.xbx,5,af2384d8,64,64,2
levels/mainmenu/mainmenu_net.tex.xbx,6,a59ce35c,32,32,1
levels/mainmenu/mainmenu_net.tex.xbx,7,e2726ae4,32,32,5
levels/mainmenu/mainmenu_net.tex.xbx,8,e42885e0,256,256,5
levels/mainmenu/mainmenu_net.tex.xbx,9,80086f24,64,64,5
levels/mainmenu/mainmenu_net.tex.xbx,10,c19c6c24,64,64,5
levels/mainmenu/mainmenu_net.tex.xbx,11,ff88bc28,32,32,5
levels/mainmenu/mainmenu_net.tex.xbx,12,58590040,32,8,5
levels/mainmenu/mainmenu_net.tex.xbx,13,9d99b7c0,64,64,5
levels/mainmenu/mainmenu_net.tex.xbx,14,63e10540,32,32,5
levels/mainmenu/mainmenu_net.tex.xbx,15,8fda1124,64,64,5
levels/mainmenu/mainmenu_net.tex.xbx,16,b15dc528,32,32,5
levels/mainmenu/mainmenu_net.tex.xbx,17,e504490c,256,128,5
levels/mainmenu/mainmenu_net.tex.xbx,18,0cd3d874,32,64,5
levels/mainmenu/mainmenu_net.tex.xbx,19,be5783d4,64,64,5
levels/mainmenu/mainmenu_net.tex.xbx,20,92df4d78,32,128,5
levels/mainmenu/mainmenu_net.tex.xbx,21,2fc9c5d0,64,64,5
levels/mainmenu/mainmenu_net.tex.xbx,22,34764c78,256,128,1
levels/mainmenu/mainmenu_net.tex.xbx,23,676ce8cc,128,128,1
levels/mainmenu/mainmenu_net.tex.xbx,24,fd4cecac,16,128,5
levels/mainmenu/mainmenu_net.tex.xbx,25,facaea8c,128,128,1
levels/mainmenu/mainmenu_net.tex.xbx,26,7229fdc0,64,64,1
levels/mainmenu/mainmenu_net.tex.xbx,27,d761c0d0,32,32,5
levels/mainmenu/mainmenu_net.tex.xbx,28,0bd478d4,32,8,5
levels/mainmenu/mainmenu_net.tex.xbx,29,4d544b10,32,32,1
levels/mainmenu/mainmenu_net.tex.xbx,30,fbe74e14,128,64,5
levels/mainmenu/mainmenu_net.tex.xbx,31,55d437c4,64,64,5
levels/mainmenu/mainmenu_net.tex.xbx,32,d392dfd8,64,64,5
levels/mainmenu/mainmenu_net.tex.xbx,33,7f76c558,8,8,1
levels/mainmenu/mainmenu_net.tex.xbx,34,4875b248,128,64,5
levels/mainmenu/mainmenu_net.tex.xbx,35,8d5dc04c,32,32,5
levels/mainmenu/mainmenu_net.tex.xbx,36,f80584dc,128,256,1
levels/mainmenu/mainmenu_net.tex.xbx,37,3598bc5c,128,128,5
levels/mainmenu/mainmenu_net.tex.xbx,38,298dc770,64,64,1
levels/mainmenu/mainmenu_net.tex.xbx,39,4d6e16b8,64,64,5
levels/mainmenu/mainmenu_net.tex.xbx,40,3e2fecdc,128,128,5
levels/mainmenu/mainmenu_net.tex.xbx,41,cad4dfb8,128,128,1
levels/mainmenu/mainmenu_net.tex.xbx,42,ccc8fb94,256,256,5
levels/mainmenu/mainmenu_net.tex.xbx,43,9f12fad0,64,64,2
levels/mainmenu/mainmenu_net.tex.xbx,44,550e2170,16,32,1
levels/mainmenu/mainmenu_net.tex.xbx,45,3c5f198c,16,16,1
levels/mainmenu/mainmenu_net.tex.xbx,46,1545b6ac,32,128,5
levels/mainmenu/mainmenu_net.tex.xbx,47,597a2bb4,32,32,5
levels/mainmenu/mainmenu_net.tex.xbx,48,d245e438,64,64,5
levels/mainmenu/mainmenu_net.tex.xbx,49,25cdc2ec,128,128,5
levels/mainmenu/mainmenu_net.tex.xbx,50,e1461e30,32,64,5
levels/mainmenu/mainmenu_net.tex.xbx,51,1449850c,256,128,5
levels/mainmenu/mainmenu_net.tex.xbx,52,d27a3b70,128,128,5
levels/mainmenu/mainmenu_net.tex.xbx,53,a91febb4,32,32,1
levels/mainmenu/mainmenu_net.tex.xbx,54,4ff6f894,256,256,5
levels/mainmenu/mainmenu_net.tex.xbx,55,50ba5c24,64,256,5
levels/mainmenu/mainmenu_net.tex.xbx,56,4ef5b0cc,64,128,1
levels/mainmenu/mainmenu_net.tex.xbx,57,be6ff6e0,16,16,1
levels/mainmenu/mainmenu_net.tex.xbx,58,a0681578,64,32,1
levels/mainmenu/mainmenu_net.tex.xbx,59,c3d688d0,32,32,5
levels/mainmenu/mainmenu_net.tex.xbx,60,9c47aa20,64,64,5
levels/mainmenu/mainmenu_net.tex.xbx,61,bd24b06c,64,64,1
levels/mainmenu/mainmenu_net.tex.xbx,62,6ec3718c,256,128,5
levels/mainmenu/mainmenu_net.tex.xbx,63,804dd7b8,32,32,1
levels/mainmenu/mainmenu_net.tex.xbx,64,e3f24690,64,64,5
levels/mainmenu/mainmenu_net.tex.xbx,65,a3333b90,32,64,5
levels/mainmenu/mainmenu_net.tex.xbx,66,b8c6fe94,16,128,1
levels/mainmenu/mainmenu_net.tex.xbx,67,9fe7c090,64,256,1
levels/mainmenu/mainmenu_net.tex.xbx,68,82cd4cb8,8,128,5
levels/mainmenu/mainmenu_net.tex.xbx,69,e773c190,64,256,5
levels/mainmenu/mainmenu_net.tex.xbx,70,e5966924,32,32,5
levels/mainmenu/mainmenu_net.tex.xbx,71,eca58cc8,32,64,1
levels/mainmenu/mainmenu_net.tex.xbx,72,453cbdc0,16,16,5
levels/mainmenu/mainmenu_net.tex.xbx,73,082d1658,64,64,5
levels/mainmenu/mainmenu_net.tex.xbx,74,9e173adc,128,128,1
levels/mainmenu/mainmenu_net.tex.xbx,75,fe1dee20,128,128,5
models/Animals/Anl_Bat/anl_bat.tex.xbx,0,62593250,64,64,5
models/Animals/Anl_Bull/anl_bull.tex.xbx,0,ad39e46c,128,128,5
models/Animals/Anl_Bull/anl_bull.tex.xbx,1,065d2ae4,128,128,5
models/Animals/Anl_Cat/Anl_Cat.tex.xbx,0,679ffbb0,128,128,5
models/Animals/Anl_Dog/Anl_Dog.tex.xbx,0,67b239c0,128,128,1
models/Animals/Anl_Dog/anl_dog_grey.tex.xbx,0,08ea89c8,128,128,1
models/Animals/Anl_Dog_Shadow/Anl_Dog_Shadow.tex.xbx,0,fa64bd8c,64,128,5
models/Animals/Anl_ElectricEel/Anl_ElectricEel.tex.xbx,0,fef5d2c0,64,32,5
models/Animals/Anl_Fish/Anl_Fish.tex.xbx,0,08195e9c,64,32,5
models/Animals/Anl_Monkey/anl_monkey.tex.xbx,0,37e3f210,128,128,1
models/Animals/Anl_Parrot/anl_parrot.tex.xbx,0,c091944c,64,64,5
models/Animals/Anl_Pigeon/Anl_Pigeon.tex.xbx,0,8fb63bc0,64,64,5
models/Animals/Anl_Seagull/Anl_Seagull.tex.xbx,0,4dd1d770,64,64,1
models/Animals/Anl_Seagull/Anl_Seagull.tex.xbx,1,9f5f7234,64,64,5
models/Animals/Anl_Seagull/Anl_Seagull.tex.xbx,2,bbd53984,32,16,1
models/Animals/Anl_Shark/Anl_shark.tex.xbx,0,65164794,128,64,1
models/Animals/Anl_Shark/Anl_shark.tex.xbx,1,e0c3b7ec,32,16,1
models/Animals/Anl_Shark/Anl_shark.tex.xbx,2,74c985ec,16,16,5
models/Animals/Anl_Shark/Anl_shark.tex.xbx,3,0a6fd8b0,32,32,1
models/Animals/Anl_Skater/Anl_Sk8_Goat.tex.xbx,0,4ba596a0,128,128,1
models/Animals/Anl_Skater/Anl_Sk8_Goat.tex.xbx,1,972fe2a4,16,32,1
models/Animals/Anl_w_Gorilla/anl_w_gorilla.tex.xbx,0,37e3f210,128,128,1
models/Arrow/Arrow.tex.xbx,0,8454d094,64,128,1
models/Arrow/Arrow.tex.xbx,1,dfea5d0c,32,32,5
models/Board_default/Board_default.tex.xbx,0,062e1858,64,128,1
models/Board_default/Board_default.tex.xbx,1,9afbd3e0,64,128,1
models/Board_default/Board_default.tex.xbx,2,53d50618,64,32,1
models/Board_default/Board_default.tex.xbx,3,1468513c,32,32,1
models/Crown/Crown.tex.xbx,0,b58f61c4,64,64,5
models/Crown/Crown.tex.xbx,1,8dee3830,64,32,1
models/Crown/Crown.tex.xbx,2,359d0590,128,64,5
models/Crown/Crown.tex.xbx,3,25dc42d0,32,64,5
models/Crown/Crown.tex.xbx,4,0ae04d04,16,32,1
models/Crown/Crown.tex.xbx,5,2a1f6688,32,64,5
models/Crown/Crown.tex.xbx,6,7baf0260,32,32,1
models/Crown/Crown.tex.xbx,7,272a21c8,32,32,5
models/Cutscenes/AnchorMan_BODY.tex.xbx,0,2e1d23a0,64,64,1
models/Cutscenes/AnchorMan_BODY.tex.xbx,1,32cde35c,128,128,1
models/Cutscenes/AnchorMan_BODY.tex.xbx,2,830b89d0,32,32,1
models/Cutscenes/AnchorMan_BODY.tex.xbx,3,1543e900,16,64,1
models/Cutscenes/AnchorMan_HEAD.tex.xbx,0,38a59804,256,256,1
models/Cutscenes/AnchorMan_HEAD.tex.xbx,1,b629177c,32,32,1
models/Cutscenes/AnchorMan_HEAD.tex.xbx,2,3b19b71c,32,32,1
models/Cutscenes/BostonChick_FULL.tex.xbx,0,f8e3df38,64,128,1
models/Cutscenes/BostonChick_FULL.tex.xbx,1,88600e88,32,32,1
models/Cutscenes/BostonChick_FULL.tex.xbx,2,64e3fe84,128,128,1
models/Cutscenes/BostonChick_FULL.tex.xbx,3,26be9484,128,128,1
models/Cutscenes/BostonChick_FULL.tex.xbx,4,98627e00,32,32,1
models/Cutscenes/BostonChick_FULL.tex.xbx,5,e22509cc,32,64,5
models/Cutscenes/BostonGuy_BODY.tex.xbx,0,35270850,64,64,1
models/Cutscenes/BostonGuy_BODY.tex.xbx,1,5552e71c,32,32,1
models/Cutscenes/BostonGuy_BODY.tex.xbx,2,c75dba6c,64,64,1
models/Cutscenes/BostonGuy_BODY.tex.xbx,3,fdea18c8,64,128,1
models/Cutscenes/BostonGuy_BODY.tex.xbx,4,53663978,32,32,1
models/Cutscenes/BostonGuy_BODY.tex.xbx,5,f053f2ac,128,128,1
models/Cutscenes/BostonGuy_BODY.tex.xbx,6,780f2098,32,32,1
models/Cutscenes/BostonGuy_BODY.tex.xbx,7,c24925b8,128,256,1
models/Cutscenes/BostonGuy_FULL.tex.xbx,0,35270850,64,64,1
models/Cutscenes/BostonGuy_FULL.tex.xbx,1,5552e71c,32,32,1
models/Cutscenes/BostonGuy_FULL.tex.xbx,2,c75dba6c,64,64,1
models/Cutscenes/BostonGuy_FULL.tex.xbx,3,fdea18c8,64,128,1
models/Cutscenes/BostonGuy_FULL.tex.xbx,4,53663978,32,32,1
models/Cutscenes/BostonGuy_FULL.tex.xbx,5,f053f2ac,128,128,1
models/Cutscenes/BostonGuy_FULL.tex.xbx,6,780f2098,32,32,1
models/Cutscenes/BostonGuy_FULL.tex.xbx,7,c24925b8,128,256,1
models/Cutscenes/BostonGuy_FULL.tex.xbx,8,082df9ec,64,64,5
models/Cutscenes/BostonGuy_FULL.tex.xbx,9,e1f7fec0,256,256,1
models/Cutscenes/BostonGuy_FULL.tex.xbx,10,eca2e3cc,32,32,1
models/Cutscenes/BostonGuy_FULL.tex.xbx,11,5d5cb9d0,32,32,1
models/Cutscenes/BostonGuy_FULL.tex.xbx,12,011b0b30,64,64,5
models/Cutscenes/BostonGuy_HEAD.tex.xbx,0,082df9ec,64,64,5
models/Cutscenes/BostonGuy_HEAD.tex.xbx,1,e1f7fec0,256,256,1
models/Cutscenes/BostonGuy_HEAD.tex.xbx,2,eca2e3cc,32,32,1
models/Cutscenes/BostonGuy_HEAD.tex.xbx,3,5d5cb9d0,32,32,1
models/Cutscenes/BostonGuy_HEAD.tex.xbx,4,011b0b30,64,64,5
models/Cutscenes/Burnquist_BODY.tex.xbx,0,e31e6300,128,128,1
models/Cutscenes/Burnquist_BODY.tex.xbx,1,f23ab6b0,32,32,5
models/Cutscenes/Burnquist_BODY.tex.xbx,2,d99c1db8,64,128,1
models/Cutscenes/Burnquist_BODY.tex.xbx,3,899b1848,32,32,2
models/Cutscenes/Burnquist_BODY.tex.xbx,4,8a9c5610,32,32,1
models/Cutscenes/Burnquist_BODY.tex.xbx,5,34d41ca0,128,128,1
models/Cutscenes/Burnquist_BODY.tex.xbx,6,b6ac2a50,16,16,5
models/Cutscenes/Burnquist_BODY.tex.xbx,7,44860ef8,32,32,2
models/Cutscenes/Burnquist_BODY.tex.xbx,8,25121af0,64,64,1
models/Cutscenes/Burnquist_BODY.tex.xbx,9,efd0ffd4,16,32,5
models/Cutscenes/Burnquist_BODY.tex.xbx,10,db1c9200,32,32,1
models/Cutscenes/Burnquist_HEAD.tex.xbx,0,0b461ef0,256,256,1
models/Cutscenes/Burnquist_HEAD.tex.xbx,1,5f004140,32,32,1
models/Cutscenes/Burnquist_HEAD.tex.xbx,2,a2dc70bc,64,64,1
models/Cutscenes/Burnquist_HEAD.tex.xbx,3,2b5b1794,32,32,5
models/Cutscenes/Burnquist_HEAD.tex.xbx,4,2f443968,32,32,1
models/Cutscenes/CAS_Head.tex.xbx,0,c12aa030,128,128,5
models/Cutscenes/CAS_Head.tex.xbx,1,43d86efc,32,32,2
models/Cutscenes/CAS_Head.tex.xbx,2,8142fc24,32,32,1
models/Cutscenes/CAS_Head.tex.xbx,3,ae9de274,128,128,1
models/Cutscenes/Cut_Bodyguard_FULL.tex.xbx,0,16ef6368,256,256,1
models/Cutscenes/Cut_Bodyguard_FULL.tex.xbx,1,f0c7ebb8,256,256,1
models/Cutscenes/Cut_Bodyguard_FULL.tex.xbx,2,f7edde80,64,64,1
models/Cutscenes/Cut_Bodyguard_FULL.tex.xbx,3,4f65a104,128,256,1
models/Cutscenes/Cut_Bodyguard_FULL.tex.xbx,4,e6455278,64,64,1
models/Cutscenes/Cut_JoelBuff.tex.xbx,0,89e289dc,128,128,1
models/Cutscenes/Cut_JoelBuff.tex.xbx,1,7cec9c74,128,128,1
models/Cutscenes/Cut_JoelBuff.tex.xbx,2,af794264,128,128,1
models/Cutscenes/Cut_NODrunk1_Head.tex.xbx,0,38096f84,256,256,1
models/Cutscenes/Cut_NODrunk2_HEAD.tex.xbx,0,b00bbe98,256,256,1
models/Cutscenes/Cut_NODrunk_BODY.tex.xbx,0,0e45fd64,128,128,1
models/Cutscenes/Cut_NODrunk_BODY.tex.xbx,1,38f72634,128,128,1
models/Cutscenes/Cut_Weeman_Medieval.tex.xbx,0,7231402c,256,256,1
models/Cutscenes/Cut_Weeman_Medieval.tex.xbx,1,0141e86c,128,128,1
models/Cutscenes/Cut_Weeman_Medieval.tex.xbx,2,a3614b20,128,128,1
models/Cutscenes/DrunkGuy_FULL.tex.xbx,0,5f476d70,128,128,1
models/Cutscenes/DrunkGuy_FULL.tex.xbx,1,e2b5e74c,128,128,5
models/Cutscenes/DrunkGuy_FULL.tex.xbx,2,04ed2480,128,64,1
models/Cutscenes/Dummy_BODY.tex.xbx,0,005c224c,256,256,1
models/Cutscenes/Dummy_BODY.tex.xbx,1,4ae0e5c8,128,128,1
models/Cutscenes/Dummy_BODY.tex.xbx,2,281c6348,128,256,1
models/Cutscenes/Dummy_BODY.tex.xbx,3,e867a860,64,128,1
models/Cutscenes/Dummy_BODY.tex.xbx,4,fb0d2430,128,128,1
models/Cutscenes/Face_test.tex.xbx,0,c12aa030,128,128,5
models/Cutscenes/Face_test.tex.xbx,1,43d86efc,32,32,2
models/Cutscenes/Face_test.tex.xbx,2,8142fc24,32,32,1
models/Cutscenes/Face_test.tex.xbx,3,ae9de274,128,128,1
models/Cutscenes/Hawk_BODY.tex.xbx,0,5f6abbd4,64,64,1
models/Cutscenes/Hawk_BODY.tex.xbx,1,d52f7fa8,128,64,5
models/Cutscenes/Hawk_BODY.tex.xbx,2,be73ca20,128,128,1
models/Cutscenes/Hawk_BODY.tex.xbx,3,e70aaa20,64,128,5
models/Cutscenes/Hawk_BODY.tex.xbx,4,cecc9948,32,32,1
models/Cutscenes/Hawk_BODY.tex.xbx,5,eb0bbc98,128,128,1
models/Cutscenes/Hawk_BODY.tex.xbx,6,4f3e3518,32,16,5
models/Cutscenes/Hawk_BODY.tex.xbx,7,6c6976c4,64,64,5
models/Cutscenes/Hawk_BODY.tex.xbx,8,8697155c,32,32,0
models/Cutscenes/Hawk_BODY.tex.xbx,9,72d00abc,128,128,1
models/Cutscenes/Hawk_BODY.tex.xbx,10,b6b28f88,64,64,1
models/Cutscenes/Hawk_BODY.tex.xbx,11,0d80c2a8,16,32,5
models/Cutscenes/Hawk_BODY.tex.xbx,12,1e648080,32,32,1
models/Cutscenes/Hawk_Head.tex.xbx,0,6b2bc874,256,256,1
models/Cutscenes/Hawk_Head.tex.xbx,1,0c2cad94,32,32,1
models/Cutscenes/Hawk_Head.tex.xbx,2,c769d428,32,32,1
models/Cutscenes/Hawk_Head.tex.xbx,3,ae857048,32,32,5
models/Cutscenes/Head_CAS_Male02.tex.xbx,0,c12aa030,128,128,1
models/Cutscenes/Head_CAS_Male02.tex.xbx,1,225e0fcc,64,64,2
models/Cutscenes/Head_CAS_Male02.tex.xbx,2,291c7eac,64,64,2
models/Cutscenes/Head_CAS_Male02.tex.xbx,3,e6aa99ac,32,32,2
models/Cutscenes/Head_CAS_Male02.tex.xbx,4,79259b14,64,32,1
models/Cutscenes/Head_CAS_Male02.tex.xbx,5,8142fc24,32,32,1
models/Cutscenes/Head_CAS_Male02.tex.xbx,6,b060c25c,32,32,1
models/Cutscenes/Head_CAS_Male02b.tex.xbx,0,c12aa030,128,128,1
models/Cutscenes/Head_CAS_Male02b.tex.xbx,1,225e0fcc,64,64,2
models/Cutscenes/Head_CAS_Male02b.tex.xbx,2,291c7eac,64,64,2
models/Cutscenes/Head_CAS_Male02b.tex.xbx,3,e6aa99ac,32,32,2
models/Cutscenes/Head_CAS_Male02b.tex.xbx,4,79259b14,64,32,1
models/Cutscenes/Head_CAS_Male02b.tex.xbx,5,8142fc24,32,32,1
models/Cutscenes/Head_CAS_Male02b.tex.xbx,6,b060c25c,32,32,1
models/Cutscenes/Head_cas_female01.tex.xbx,0,d330a290,64,32,1
models/Cutscenes/Head_cas_female01.tex.xbx,1,5fd7a594,128,128,1
models/Cutscenes/Head_cas_female01.tex.xbx,2,225e0fcc,64,64,2
models/Cutscenes/Head_cas_female01.tex.xbx,3,6b31fa58,64,32,5
models/Cutscenes/Head_cas_female01.tex.xbx,4,b060c25c,32,32,1
models/Cutscenes/Head_cas_female01.tex.xbx,5,8142fc24,32,32,1
models/Cutscenes/Head_cas_female01.tex.xbx,6,ad0eb428,32,32,1
models/Cutscenes/Head_cas_male01.tex.xbx,0,c12aa030,128,128,1
models/Cutscenes/Head_cas_male01.tex.xbx,1,225e0fcc,64,64,2
models/Cutscenes/Head_cas_male01.tex.xbx,2,291c7eac,64,64,2
models/Cutscenes/Head_cas_male01.tex.xbx,3,e6aa99ac,32,32,2
models/Cutscenes/Head_cas_male01.tex.xbx,4,79259b14,64,32,1
models/Cutscenes/Head_cas_male01.tex.xbx,5,8142fc24,32,32,1
models/Cutscenes/Head_cas_male01.tex.xbx,6,b060c25c,32,32,1
models/Cutscenes/Koston_BODY.tex.xbx,0,cd659f40,128,128,1
models/Cutscenes/Koston_BODY.tex.xbx,1,a3bf45fc,128,64,2
models/Cutscenes/Koston_BODY.tex.xbx,2,d8dfaf68,128,64,2
models/Cutscenes/Koston_BODY.tex.xbx,3,e341b710,64,64,1
models/Cutscenes/Koston_BODY.tex.xbx,4,1f98ef4c,64,64,1
models/Cutscenes/Koston_BODY.tex.xbx,5,264bc2e8,16,32,5
models/Cutscenes/Koston_BODY.tex.xbx,6,45ba0920,64,128,1
models/Cutscenes/Koston_BODY.tex.xbx,7,45d74b40,32,32,2
models/Cutscenes/Koston_BODY.tex.xbx,8,181ac3a8,32,32,1
models/Cutscenes/Koston_BODY.tex.xbx,9,8cee8220,32,32,2
models/Cutscenes/Koston_BODY.tex.xbx,10,334a9514,64,128,1
models/Cutscenes/Koston_BODY.tex.xbx,11,2fb5c590,128,128,1
models/Cutscenes/Koston_HEAD.tex.xbx,0,2fb5c590,128,128,1
models/Cutscenes/Koston_HEAD.tex.xbx,1,0ad6613c,128,128,1
models/Cutscenes/Koston_HEAD.tex.xbx,2,8ad2be18,32,32,1
models/Cutscenes/Koston_HEAD.tex.xbx,3,f8830e5c,32,32,1
models/Cutscenes/Koston_HEAD.tex.xbx,4,565dd908,32,32,5
models/Cutscenes/Margera_BODY.tex.xbx,0,539ff140,32,32,1
models/Cutscenes/Margera_BODY.tex.xbx,1,8cee8220,32,32,2
models/Cutscenes/Margera_BODY.tex.xbx,2,45d74b40,32,32,2
models/Cutscenes/Margera_BODY.tex.xbx,3,4eb44018,128,128,1
models/Cutscenes/Margera_BODY.tex.xbx,4,7fb86888,128,128,1
models/Cutscenes/Margera_BODY.tex.xbx,5,779de000,64,64,1
models/Cutscenes/Margera_BODY.tex.xbx,6,0d80c2a8,16,32,5
models/Cutscenes/Margera_BODY.tex.xbx,7,0cf10d9c,128,128,1
models/Cutscenes/Margera_BODY.tex.xbx,8,7d11a08c,32,64,1
models/Cutscenes/Margera_FULL.tex.xbx,0,74da03c4,32,32,1
models/Cutscenes/Margera_FULL.tex.xbx,1,539ff140,32,32,1
models/Cutscenes/Margera_FULL.tex.xbx,2,8cee8220,32,32,2
models/Cutscenes/Margera_FULL.tex.xbx,3,45d74b40,32,32,2
models/Cutscenes/Margera_FULL.tex.xbx,4,1edfe010,64,128,1
models/Cutscenes/Margera_FULL.tex.xbx,5,b95411f8,32,32,5
models/Cutscenes/Margera_FULL.tex.xbx,6,3147a150,32,32,2
models/Cutscenes/Margera_FULL.tex.xbx,7,bd53a688,32,32,2
models/Cutscenes/Margera_FULL.tex.xbx,8,d0c40e38,32,32,2
models/Cutscenes/Margera_FULL.tex.xbx,9,a414e094,64,128,1
models/Cutscenes/Margera_FULL.tex.xbx,10,899b1848,32,32,2
models/Cutscenes/Margera_FULL.tex.xbx,11,44860ef8,32,32,2
models/Cutscenes/Margera_FULL.tex.xbx,12,779de000,64,64,1
models/Cutscenes/Margera_FULL.tex.xbx,13,0d80c2a8,16,32,5
models/Cutscenes/Margera_FULL.tex.xbx,14,4eb44018,128,128,1
models/Cutscenes/Margera_FULL.tex.xbx,15,a7db5794,32,32,1
models/Cutscenes/Margera_FULL.tex.xbx,16,56a3b314,128,128,1
models/Cutscenes/Margera_FULL.tex.xbx,17,0cf10d9c,128,128,1
models/Cutscenes/Margera_FULL.tex.xbx,18,7d11a08c,32,64,1
models/Cutscenes/Margera_FULL.tex.xbx,19,71f8ab9c,32,64,5
models/Cutscenes/Margera_HEAD.tex.xbx,0,a7db5794,32,32,1
models/Cutscenes/Margera_HEAD.tex.xbx,1,2acc1c48,256,256,1
models/Cutscenes/Margera_HEAD.tex.xbx,2,71f8ab9c,32,64,5
models/Cutscenes/Margera_HEAD.tex.xbx,3,74da03c4,32,32,1
models/Cutscenes/Margera_HOOD_BODY.tex.xbx,0,700edc08,128,128,1
models/Cutscenes/Margera_HOOD_BODY.tex.xbx,1,74df96cc,64,128,1
models/Cutscenes/Margera_HOOD_BODY.tex.xbx,2,899b1848,32,32,2
models/Cutscenes/Margera_HOOD_BODY.tex.xbx,3,44860ef8,32,32,2
models/Cutscenes/Margera_HOOD_BODY.tex.xbx,4,dfad7ce8,32,32,1
models/Cutscenes/Margera_HOOD_BODY.tex.xbx,5,0d80c2a8,16,32,5
models/Cutscenes/Margera_HOOD_BODY.tex.xbx,6,2be11940,64,64,1
models/Cutscenes/Margera_HOOD_BODY.tex.xbx,7,8cee8220,32,32,2
models/Cutscenes/Margera_HOOD_BODY.tex.xbx,8,45d74b40,32,32,2
models/Cutscenes/Margera_HOOD_FULL.tex.xbx,0,899b1848,32,32,2
models/Cutscenes/Margera_HOOD_FULL.tex.xbx,1,44860ef8,32,32,2
models/Cutscenes/Margera_HOOD_FULL.tex.xbx,2,dfad7ce8,32,32,1
models/Cutscenes/Margera_HOOD_FULL.tex.xbx,3,0d80c2a8,16,32,5
models/Cutscenes/Margera_HOOD_FULL.tex.xbx,4,2be11940,64,64,1
models/Cutscenes/Margera_HOOD_FULL.tex.xbx,5,8cee8220,32,32,2
models/Cutscenes/Margera_HOOD_FULL.tex.xbx,6,45d74b40,32,32,2
models/Cutscenes/Margera_HOOD_FULL.tex.xbx,7,3b9f4424,256,256,1
models/Cutscenes/Margera_HOOD_FULL.tex.xbx,8,56a3b314,128,128,1
models/Cutscenes/Margera_HOOD_FULL.tex.xbx,9,71f8ab9c,32,64,5
models/Cutscenes/Margera_HOOD_FULL.tex.xbx,10,74da03c4,32,32,1
models/Cutscenes/Margera_HOOD_FULL.tex.xbx,11,700edc08,128,128,1
models/Cutscenes/Margera_HOOD_FULL.tex.xbx,12,74df96cc,64,128,1
models/Cutscenes/Margera_HOOD_FULL.tex.xbx,13,f1c1e630,128,128,5
models/Cutscenes/Mullen_BODY.tex.xbx,0,99aa5b84,128,128,1
models/Cutscenes/Mullen_BODY.tex.xbx,1,a6abbb48,64,32,5
models/Cutscenes/Mullen_BODY.tex.xbx,2,3abe6238,64,64,1
models/Cutscenes/Mullen_BODY.tex.xbx,3,e018ee54,64,64,1
models/Cutscenes/Mullen_BODY.tex.xbx,4,0d80c2a8,16,32,5
models/Cutscenes/Mullen_BODY.tex.xbx,5,9dcbb520,64,128,1
models/Cutscenes/Mullen_BODY.tex.xbx,6,45d74b40,32,32,2
models/Cutscenes/Mullen_BODY.tex.xbx,7,9246f708,32,32,1
models/Cutscenes/Mullen_BODY.tex.xbx,8,8cee8220,32,32,2
models/Cutscenes/Mullen_BODY.tex.xbx,9,de4b2464,128,128,1
models/Cutscenes/Mullen_BODY.tex.xbx,10,899b1848,32,32,2
models/Cutscenes/Mullen_BODY.tex.xbx,11,44860ef8,32,32,2
models/Cutscenes/Mullen_BODY.tex.xbx,12,a4af784c,32,64,1
models/Cutscenes/Mullen_FULL.tex.xbx,0,99aa5b84,128,128,1
models/Cutscenes/Mullen_FULL.tex.xbx,1,a6abbb48,64,32,5
models/Cutscenes/Mullen_FULL.tex.xbx,2,3abe6238,64,64,1
models/Cutscenes/Mullen_FULL.tex.xbx,3,af2263bc,64,32,5
models/Cutscenes/Mullen_FULL.tex.xbx,4,6f1268b8,128,128,1
models/Cutscenes/Mullen_FULL.tex.xbx,5,5ebdb5a4,64,64,1
models/Cutscenes/Mullen_FULL.tex.xbx,6,088119e0,64,64,1
models/Cutscenes/Mullen_FULL.tex.xbx,7,e018ee54,64,64,1
models/Cutscenes/Mullen_FULL.tex.xbx,8,0d80c2a8,16,32,5
models/Cutscenes/Mullen_FULL.tex.xbx,9,9dcbb520,64,128,1
models/Cutscenes/Mullen_FULL.tex.xbx,10,45d74b40,32,32,2
models/Cutscenes/Mullen_FULL.tex.xbx,11,9246f708,32,32,1
models/Cutscenes/Mullen_FULL.tex.xbx,12,8cee8220,32,32,2
models/Cutscenes/Mullen_FULL.tex.xbx,13,de4b2464,128,128,1
models/Cutscenes/Mullen_FULL.tex.xbx,14,899b1848,32,32,2
models/Cutscenes/Mullen_FULL.tex.xbx,15,44860ef8,32,32,2
models/Cutscenes/Mullen_FULL.tex.xbx,16,a4af784c,32,64,1
models/Cutscenes/Mullen_HEAD.tex.xbx,0,af2263bc,64,32,5
models/Cutscenes/Mullen_HEAD.tex.xbx,1,e42399fc,256,256,1
models/Cutscenes/Mullen_HEAD.tex.xbx,2,5ec19a44,32,32,1
models/Cutscenes/Mullen_HEAD.tex.xbx,3,ca5f1f70,32,32,1
models/Cutscenes/Muska_BODY.tex.xbx,0,ce10fa9c,64,64,1
models/Cutscenes/Muska_BODY.tex.xbx,1,125f8ff0,128,128,1
models/Cutscenes/Muska_BODY.tex.xbx,2,a3bf45fc,128,64,2
models/Cutscenes/Muska_BODY.tex.xbx,3,d8dfaf68,128,64,2
models/Cutscenes/Muska_BODY.tex.xbx,4,6ca52cd0,64,64,1
models/Cutscenes/Muska_BODY.tex.xbx,5,8171c818,64,64,1
models/Cutscenes/Muska_BODY.tex.xbx,6,5a3779a8,64,64,1
models/Cutscenes/Muska_BODY.tex.xbx,7,0ce4c220,64,64,1
models/Cutscenes/Muska_BODY.tex.xbx,8,8cee8220,32,32,2
models/Cutscenes/Muska_BODY.tex.xbx,9,45d74b40,32,32,2
models/Cutscenes/Muska_BODY.tex.xbx,10,6595f010,128,128,1
models/Cutscenes/Muska_Head.tex.xbx,0,9034836c,256,256,5
models/Cutscenes/Muska_Head.tex.xbx,1,496ef518,32,64,5
models/Cutscenes/Muska_Head.tex.xbx,2,d4e1912c,64,32,5
models/Cutscenes/Muska_Head.tex.xbx,3,af880750,32,32,1
models/Cutscenes/Muska_Head.tex.xbx,4,f2c3cd10,32,32,1
models/Cutscenes/Nigel_BODY.tex.xbx,0,9ec922ac,32,32,1
models/Cutscenes/Nigel_BODY.tex.xbx,1,185f8d68,32,32,1
models/Cutscenes/Nigel_BODY.tex.xbx,2,d292b368,64,128,1
models/Cutscenes/Nigel_BODY.tex.xbx,3,8562ccc8,64,64,1
models/Cutscenes/Nigel_BODY.tex.xbx,4,fbb955d0,256,256,1
models/Cutscenes/Nigel_BODY_AU_6.tex.xbx,0,9ec922ac,32,32,1
models/Cutscenes/Nigel_BODY_AU_6.tex.xbx,1,185f8d68,32,32,1
models/Cutscenes/Nigel_BODY_AU_6.tex.xbx,2,d292b368,64,128,1
models/Cutscenes/Nigel_BODY_AU_6.tex.xbx,3,8562ccc8,64,64,1
models/Cutscenes/Nigel_BODY_AU_6.tex.xbx,4,fbb955d0,256,256,1
models/Cutscenes/Nigel_BODY_AU_6.tex.xbx,5,0eb89004,64,64,1
models/Cutscenes/Nigel_BODY_SK_9.tex.xbx,0,9ec922ac,32,32,1
models/Cutscenes/Nigel_BODY_SK_9.tex.xbx,1,185f8d68,32,32,1
models/Cutscenes/Nigel_BODY_SK_9.tex.xbx,2,8562ccc8,64,64,1
models/Cutscenes/Nigel_BODY_SK_9.tex.xbx,3,9f282c24,128,128,1
models/Cutscenes/Nigel_BODY_SK_9.tex.xbx,4,ee4b8afc,64,128,1
models/Cutscenes/Nigel_Costume.tex.xbx,0,43369548,64,128,1
models/Cutscenes/Nigel_Costume.tex.xbx,1,74d6eae8,64,64,1
models/Cutscenes/Nigel_Costume.tex.xbx,2,a2908818,32,32,1
models/Cutscenes/Nigel_Costume.tex.xbx,3,df5db118,32,64,5
models/Cutscenes/Nigel_Costume.tex.xbx,4,ace2de64,32,32,1
models/Cutscenes/Nigel_Costume.tex.xbx,5,2b3c9df8,16,32,5
models/Cutscenes/Nigel_Costume.tex.xbx,6,fe69f5d8,32,32,5
models/Cutscenes/Nigel_Costume.tex.xbx,7,a898b5bc,32,32,1
models/Cutscenes/Nigel_Costume.tex.xbx,8,a6b6ad20,128,128,1
models/Cutscenes/Nigel_Costume.tex.xbx,9,9a9a36e4,32,32,1
models/Cutscenes/Nigel_Costume.tex.xbx,10,300e1044,128,128,1
models/Cutscenes/Nigel_FULL.tex.xbx,0,9ec922ac,32,32,1
models/Cutscenes/Nigel_FULL.tex.xbx,1,185f8d68,32,32,1
models/Cutscenes/Nigel_FULL.tex.xbx,2,d292b368,64,128,1
models/Cutscenes/Nigel_FULL.tex.xbx,3,8562ccc8,64,64,1
models/Cutscenes/Nigel_FULL.tex.xbx,4,fbb955d0,256,256,1
models/Cutscenes/Nigel_FULL.tex.xbx,5,75921384,256,256,1
models/Cutscenes/Nigel_FULL.tex.xbx,6,906aeab4,32,32,1
models/Cutscenes/Nigel_FULL.tex.xbx,7,3de6c104,32,32,1
models/Cutscenes/Nigel_FULL.tex.xbx,8,5ac795c0,64,128,5
models/Cutscenes/Nigel_FULL.tex.xbx,9,2b3c9df8,16,32,5
models/Cutscenes/Nigel_FULL.tex.xbx,10,fba410c8,64,64,5
models/Cutscenes/Nigel_FULL_AU_6.tex.xbx,0,9ec922ac,32,32,1
models/Cutscenes/Nigel_FULL_AU_6.tex.xbx,1,185f8d68,32,32,1
models/Cutscenes/Nigel_FULL_AU_6.tex.xbx,2,d292b368,64,128,1
models/Cutscenes/Nigel_FULL_AU_6.tex.xbx,3,8562ccc8,64,64,1
models/Cutscenes/Nigel_FULL_AU_6.tex.xbx,4,fbb955d0,256,256,1
models/Cutscenes/Nigel_FULL_AU_6.tex.xbx,5,0eb89004,64,64,1
models/Cutscenes/Nigel_FULL_AU_6.tex.xbx,6,75921384,256,256,1
models/Cutscenes/Nigel_FULL_AU_6.tex.xbx,7,906aeab4,32,32,1
models/Cutscenes/Nigel_FULL_AU_6.tex.xbx,8,3de6c104,32,32,1
models/Cutscenes/Nigel_FULL_AU_6.tex.xbx,9,5ac795c0,64,128,5
models/Cutscenes/Nigel_FULL_AU_6.tex.xbx,10,2b3c9df8,16,32,5
models/Cutscenes/Nigel_FULL_AU_6.tex.xbx,11,fba410c8,64,64,5
models/Cutscenes/Nigel_HEAD.tex.xbx,0,75921384,256,256,1
models/Cutscenes/Nigel_HEAD.tex.xbx,1,906aeab4,32,32,1
models/Cutscenes/Nigel_HEAD.tex.xbx,2,3de6c104,32,32,1
models/Cutscenes/Nigel_HEAD.tex.xbx,3,5ac795c0,64,128,5
models/Cutscenes/Nigel_HEAD.tex.xbx,4,2b3c9df8,16,32,5
models/Cutscenes/Nigel_HEAD.tex.xbx,5,fba410c8,64,64,5
models/Cutscenes/Paulie_BODY.tex.xbx,0,f52dfb00,128,128,5
models/Cutscenes/Paulie_BODY.tex.xbx,1,537f5148,128,128,1
models/Cutscenes/Paulie_BODY.tex.xbx,2,f5a1a814,128,128,1
models/Cutscenes/Paulie_BODY.tex.xbx,3,f914139c,32,32,1
models/Cutscenes/Paulie_BODY.tex.xbx,4,bafd00f8,64,64,1
models/Cutscenes/Paulie_Full.tex.xbx,0,f52dfb00,128,128,5
models/Cutscenes/Paulie_Full.tex.xbx,1,537f5148,128,128,1
models/Cutscenes/Paulie_Full.tex.xbx,2,f914139c,32,32,1
models/Cutscenes/Paulie_Full.tex.xbx,3,f5a1a814,128,128,1
models/Cutscenes/Paulie_Full.tex.xbx,4,bafd00f8,64,64,1
models/Cutscenes/Paulie_HEAD.tex.xbx,0,a8855bf4,256,256,1
models/Cutscenes/Paulie_HEAD.tex.xbx,1,f52dfb00,128,128,5
models/Cutscenes/Paulie_HEAD.tex.xbx,2,537f5148,128,128,1
models/Cutscenes/Paulie_HEAD.tex.xbx,3,9eadc6f8,64,64,1
models/Cutscenes/Paulie_HEAD.tex.xbx,4,0d94562c,64,64,1
models/Cutscenes/Phil_BODY.tex.xbx,0,126bba60,128,128,1
models/Cutscenes/Phil_BODY.tex.xbx,1,57dd43fc,128,128,1
models/Cutscenes/Phil_BODY2.tex.xbx,0,126bba60,128,128,1
models/Cutscenes/Phil_BODY2.tex.xbx,1,57dd43fc,128,128,1
models/Cutscenes/Phil_BODY2.tex.xbx,2,06750530,256,256,1
models/Cutscenes/Phil_FULL.tex.xbx,0,126bba60,128,128,1
models/Cutscenes/Phil_FULL.tex.xbx,1,57dd43fc,128,128,1
models/Cutscenes/Phil_FULL.tex.xbx,2,06750530,256,256,1
models/Cutscenes/Phil_Gagged.tex.xbx,0,126bba60,256,256,1
models/Cutscenes/Phil_Gagged.tex.xbx,1,57dd43fc,128,128,1
models/Cutscenes/Phil_Gagged.tex.xbx,2,06750530,256,256,1
models/Cutscenes/Phil_Gagged.tex.xbx,3,01a92d68,128,64,1
models/Cutscenes/Phil_HEAD.tex.xbx,0,06750530,256,256,1
models/Cutscenes/Phil_HEAD.tex.xbx,1,7d80f788,64,64,1
models/Cutscenes/Phil_HEAD_Gagged.tex.xbx,0,06750530,256,256,1
models/Cutscenes/Phil_HEAD_Gagged.tex.xbx,1,7d80f788,64,64,1
models/Cutscenes/Phil_HEAD_Gagged.tex.xbx,2,01a92d68,128,64,1
models/Cutscenes/Rampkid_body.tex.xbx,0,1db174ec,128,128,1
models/Cutscenes/Rampkid_body.tex.xbx,1,7088fb70,64,128,1
models/Cutscenes/Rampkid_body.tex.xbx,2,e402a6bc,64,32,1
models/Cutscenes/Rampkid_body.tex.xbx,3,2a7df3a8,64,32,1
models/Cutscenes/Rampkid_glasses.tex.xbx,0,b447cd38,64,32,5
models/Cutscenes/Rampkid_head.tex.xbx,0,db12a4a4,256,256,1
models/Cutscenes/Rampkid_head.tex.xbx,1,cfbf08bc,64,64,1
models/Cutscenes/Rampkid_head.tex.xbx,2,e1f7fec0,256,256,1
models/Cutscenes/Rampkid_head.tex.xbx,3,405ddae4,64,64,1
models/Cutscenes/Rampkid_head.tex.xbx,4,7d80f788,64,64,1
models/Cutscenes/Scream_PED.tex.xbx,0,a6f39e98,128,128,1
models/Cutscenes/Scream_PED.tex.xbx,1,95be0ee0,128,128,1
models/Cutscenes/Scream_PED.tex.xbx,2,c3e3adac,128,128,5
models/Cutscenes/SpainChick_FULL.tex.xbx,0,275198dc,128,128,5
models/Cutscenes/SpainChick_FULL.tex.xbx,1,47d09060,64,128,1
models/Cutscenes/SpainChick_FULL.tex.xbx,2,1950f32c,128,128,5
models/Cutscenes/SpainChick_FULL.tex.xbx,3,3f1c2b04,32,32,5
models/Cutscenes/Sparrow_BODY.tex.xbx,0,6f677f6c,128,128,1
models/Cutscenes/Sparrow_BODY.tex.xbx,1,9273c358,64,128,1
models/Cutscenes/Sparrow_BODY.tex.xbx,2,fceff068,32,32,1
models/Cutscenes/Sparrow_BODY.tex.xbx,3,2856995c,64,64,1
models/Cutscenes/Sparrow_BODY.tex.xbx,4,baf8c5ac,32,32,1
models/Cutscenes/Sparrow_BODY.tex.xbx,5,3a4c8aa0,16,32,5
models/Cutscenes/Sparrow_BODY.tex.xbx,6,54129a08,32,32,5
models/Cutscenes/Sparrow_BODY_TR1B.tex.xbx,0,6f677f6c,128,128,1
models/Cutscenes/Sparrow_BODY_TR1B.tex.xbx,1,ad4c6508,64,128,1
models/Cutscenes/Sparrow_BODY_TR1B.tex.xbx,2,fceff068,32,32,1
models/Cutscenes/Sparrow_BODY_TR1B.tex.xbx,3,2856995c,64,64,1
models/Cutscenes/Sparrow_BODY_TR1B.tex.xbx,4,baf8c5ac,32,32,1
models/Cutscenes/Sparrow_BODY_TR1B.tex.xbx,5,3a4c8aa0,16,32,5
models/Cutscenes/Sparrow_BODY_TR1B.tex.xbx,6,54129a08,32,32,5
models/Cutscenes/Sparrow_FULL.tex.xbx,0,6f677f6c,128,128,1
models/Cutscenes/Sparrow_FULL.tex.xbx,1,9273c358,64,128,1
models/Cutscenes/Sparrow_FULL.tex.xbx,2,fceff068,32,32,1
models/Cutscenes/Sparrow_FULL.tex.xbx,3,2856995c,64,64,1
models/Cutscenes/Sparrow_FULL.tex.xbx,4,baf8c5ac,32,32,1
models/Cutscenes/Sparrow_FULL.tex.xbx,5,3a4c8aa0,16,32,5
models/Cutscenes/Sparrow_FULL.tex.xbx,6,54129a08,32,32,5
models/Cutscenes/Sparrow_FULL.tex.xbx,7,b3eb78a4,128,128,1
models/Cutscenes/Sparrow_FULL.tex.xbx,8,73a76d8c,32,32,1
models/Cutscenes/Sparrow_FULL.tex.xbx,9,f305a2e0,32,32,1
models/Cutscenes/Sparrow_FULL.tex.xbx,10,9348e8ac,32,64,5
models/Cutscenes/Sparrow_Head.tex.xbx,0,52c09e2c,256,256,1
models/Cutscenes/Sparrow_Head.tex.xbx,1,dccabb18,64,128,5
models/Cutscenes/Sparrow_Head.tex.xbx,2,73a76d8c,32,32,1
models/Cutscenes/Sparrow_Head.tex.xbx,3,f305a2e0,32,32,1
models/Cutscenes/Vallely_BODY.tex.xbx,0,80746d40,128,128,5
models/Cutscenes/Vallely_BODY.tex.xbx,1,69bc2b08,64,32,5
models/Cutscenes/Vallely_BODY.tex.xbx,2,7de792d8,64,64,5
models/Cutscenes/Vallely_BODY.tex.xbx,3,94f15878,32,64,1
models/Cutscenes/Vallely_BODY.tex.xbx,4,8cee8220,32,32,2
models/Cutscenes/Vallely_BODY.tex.xbx,5,45d74b40,32,32,2
models/Cutscenes/Vallely_BODY.tex.xbx,6,9237f11c,128,128,1
models/Cutscenes/Vallely_BODY.tex.xbx,7,ba6cef80,32,32,5
models/Cutscenes/Vallely_BODY.tex.xbx,8,44860ef8,32,32,2
models/Cutscenes/Vallely_BODY.tex.xbx,9,899b1848,32,32,2
models/Cutscenes/Vallely_BODY.tex.xbx,10,fd187450,64,64,5
models/Cutscenes/Vallely_BODY.tex.xbx,11,00b807b8,32,32,5
models/Cutscenes/Vallely_BODY.tex.xbx,12,71722d68,32,32,2
models/Cutscenes/Vallely_BODY.tex.xbx,13,d04dc114,64,64,1
models/Cutscenes/Vallely_BODY.tex.xbx,14,0d80c2a8,16,32,5
models/Cutscenes/Vallely_BODY.tex.xbx,15,0c31a220,64,64,1
models/Cutscenes/Vallely_BODY.tex.xbx,16,91d58838,64,64,5
models/Cutscenes/Vallely_BODY.tex.xbx,17,b2cef3b8,64,32,5
models/Cutscenes/Vallely_BODY.tex.xbx,18,bd53a688,32,32,2
models/Cutscenes/Vallely_FULL.tex.xbx,0,fd5da3a0,32,32,1
models/Cutscenes/Vallely_FULL.tex.xbx,1,f32b71ac,32,32,1
models/Cutscenes/Vallely_FULL.tex.xbx,2,ff701200,128,128,1
models/Cutscenes/Vallely_FULL.tex.xbx,3,80746d40,128,128,5
models/Cutscenes/Vallely_FULL.tex.xbx,4,d9df73e4,32,64,5
models/Cutscenes/Vallely_FULL.tex.xbx,5,7de792d8,64,64,5
models/Cutscenes/Vallely_FULL.tex.xbx,6,94f15878,32,64,1
models/Cutscenes/Vallely_FULL.tex.xbx,7,8cee8220,32,32,2
models/Cutscenes/Vallely_FULL.tex.xbx,8,45d74b40,32,32,2
models/Cutscenes/Vallely_FULL.tex.xbx,9,9237f11c,128,128,1
models/Cutscenes/Vallely_FULL.tex.xbx,10,ba6cef80,32,32,5
models/Cutscenes/Vallely_FULL.tex.xbx,11,44860ef8,32,32,2
models/Cutscenes/Vallely_FULL.tex.xbx,12,899b1848,32,32,2
models/Cutscenes/Vallely_FULL.tex.xbx,13,fd187450,64,64,5
models/Cutscenes/Vallely_FULL.tex.xbx,14,00b807b8,32,32,5
models/Cutscenes/Vallely_FULL.tex.xbx,15,71722d68,32,32,2
models/Cutscenes/Vallely_FULL.tex.xbx,16,d04dc114,64,64,1
models/Cutscenes/Vallely_FULL.tex.xbx,17,0d80c2a8,16,32,5
models/Cutscenes/Vallely_FULL.tex.xbx,18,0c31a220,64,64,1
models/Cutscenes/Vallely_FULL.tex.xbx,19,91d58838,64,64,5
models/Cutscenes/Vallely_FULL.tex.xbx,20,b2cef3b8,64,32,5
models/Cutscenes/Vallely_FULL.tex.xbx,21,bd53a688,32,32,2
models/Cutscenes/Vallely_HEAD.tex.xbx,0,f32b71ac,32,32,1
models/Cutscenes/Vallely_HEAD.tex.xbx,1,cb2b6ab0,256,256,1
models/Cutscenes/Vallely_HEAD.tex.xbx,2,fd5da3a0,32,32,1
models/Cutscenes/WeeMan_Body.tex.xbx,0,5b2d8008,128,128,1
models/Cutscenes/WeeMan_Body.tex.xbx,1,9d4e7644,128,128,1
models/Cutscenes/WeeMan_Head.tex.xbx,0,bf8f1378,256,256,1
models/Cutscenes/board_Buddy.tex.xbx,0,0c43dcc4,64,128,1
models/Cutscenes/board_Buddy.tex.xbx,1,72628664,64,128,1
models/Cutscenes/board_Buddy.tex.xbx,2,53d50618,64,32,1
models/Cutscenes/board_Buddy.tex.xbx,3,beb4634c,32,32,1
models/Cutscenes/board_Buddy_Pro.tex.xbx,0,e0b61c80,64,128,1
models/Cutscenes/board_Buddy_Pro.tex.xbx,1,2ddcfb3c,64,128,1
models/Cutscenes/board_Buddy_Pro.tex.xbx,2,53d50618,64,32,1
models/Cutscenes/board_Buddy_Pro.tex.xbx,3,acbe8068,32,32,1
models/Cutscenes/board_Hawk.tex.xbx,0,d35a7290,16,16,1
models/Cutscenes/board_Hawk.tex.xbx,1,53d50618,64,32,1
models/Cutscenes/board_Hawk.tex.xbx,2,beb4634c,32,32,1
models/Cutscenes/board_Hawk.tex.xbx,3,c3345c4c,64,128,1
models/Cutscenes/board_Hawk.tex.xbx,4,5e86bc9c,64,128,1
models/Cutscenes/board_Muska.tex.xbx,0,f1f82224,64,128,1
models/Cutscenes/board_Muska.tex.xbx,1,2ddcfb3c,64,128,1
models/Cutscenes/board_Muska.tex.xbx,2,53d50618,64,32,1
models/Cutscenes/board_Muska.tex.xbx,3,beb4634c,32,32,1
models/Cutscenes/head_cas_female01b.tex.xbx,0,d330a290,64,32,1
models/Cutscenes/head_cas_female01b.tex.xbx,1,5fd7a594,128,128,1
models/Cutscenes/head_cas_female01b.tex.xbx,2,225e0fcc,64,64,2
models/Cutscenes/head_cas_female01b.tex.xbx,3,6b31fa58,64,32,5
models/Cutscenes/head_cas_female01b.tex.xbx,4,b060c25c,32,32,1
models/Cutscenes/head_cas_female01b.tex.xbx,5,8142fc24,32,32,1
models/Cutscenes/head_cas_female01b.tex.xbx,6,ad0eb428,32,32,1
models/Cutscenes/head_cas_female02.tex.xbx,0,c12aa030,128,128,1
models/Cutscenes/head_cas_female02.tex.xbx,1,225e0fcc,64,64,2
models/Cutscenes/head_cas_female02.tex.xbx,2,b060c25c,32,32,1
models/Cutscenes/head_cas_female02b.tex.xbx,0,c12aa030,128,128,1
models/Cutscenes/head_cas_female02b.tex.xbx,1,225e0fcc,64,64,2
models/Cutscenes/head_cas_female02b.tex.xbx,2,b060c25c,32,32,1
models/Cutscenes/head_cas_male01b.tex.xbx,0,c12aa030,128,128,1
models/Cutscenes/head_cas_male01b.tex.xbx,1,225e0fcc,64,64,2
models/Cutscenes/head_cas_male01b.tex.xbx,2,291c7eac,64,64,2
models/Cutscenes/head_cas_male01b.tex.xbx,3,e6aa99ac,32,32,2
models/Cutscenes/head_cas_male01b.tex.xbx,4,79259b14,64,32,1
models/Cutscenes/head_cas_male01b.tex.xbx,5,8142fc24,32,32,1
models/Cutscenes/head_cas_male01b.tex.xbx,6,b060c25c,32,32,1
models/Ed_Cursors/Ed_Cursor_AreaSel/Ed_Cursor_AreaSel.tex.xbx,0,6f1035c0,16,16,1
models/Ed_Cursors/Ed_Cursor_AreaSel/Ed_Cursor_AreaSel.tex.xbx,1,c709c8dc,32,32,1
models/Ed_Cursors/Ed_Cursor_EditRail/Ed_Cursor_EditRail.tex.xbx,0,6f1035c0,16,16,1
models/Ed_Cursors/Ed_Cursor_EditRail/Ed_Cursor_EditRail.tex.xbx,1,8b28dd94,32,32,1
models/Ed_Cursors/Ed_Cursor_FreeRail/Ed_Cursor_FreeRail.tex.xbx,0,6f1035c0,16,16,1
models/Ed_Cursors/Ed_Cursor_FreeRail/Ed_Cursor_FreeRail.tex.xbx,1,7a431c54,32,32,1
models/Ed_Cursors/Ed_Cursor_Gap/Ed_Cursor_Gap.tex.xbx,0,6f1035c0,16,16,1
models/Ed_Cursors/Ed_Cursor_Gap/Ed_Cursor_Gap.tex.xbx,1,ed5971a4,32,32,1
models/Ed_Cursors/Ed_Cursor_Horse/Ed_Cursor_Horse.tex.xbx,0,6f1035c0,16,16,1
models/Ed_Cursors/Ed_Cursor_Horse/Ed_Cursor_Horse.tex.xbx,1,de4b4580,32,32,1
models/Ed_Cursors/Ed_Cursor_P1/Ed_Cursor_P1.tex.xbx,0,6f1035c0,16,16,1
models/Ed_Cursors/Ed_Cursor_P1/Ed_Cursor_P1.tex.xbx,1,f0703324,32,32,1
models/Ed_Cursors/Ed_Cursor_P2/Ed_Cursor_P2.tex.xbx,0,6f1035c0,16,16,1
models/Ed_Cursors/Ed_Cursor_P2/Ed_Cursor_P2.tex.xbx,1,43fe4f80,32,32,1
models/Ed_Cursors/Ed_Cursor_P3/Ed_Cursor_P3.tex.xbx,0,6f1035c0,16,16,1
models/Ed_Cursors/Ed_Cursor_P3/Ed_Cursor_P3.tex.xbx,1,f0703324,32,32,1
models/Ed_Cursors/Ed_Cursor_P4/Ed_Cursor_P4.tex.xbx,0,6f1035c0,16,16,1
models/Ed_Cursors/Ed_Cursor_P4/Ed_Cursor_P4.tex.xbx,1,43fe4f80,32,32,1
models/Ed_Cursors/Ed_Cursor_P5/Ed_Cursor_P5.tex.xbx,0,6f1035c0,16,16,1
models/Ed_Cursors/Ed_Cursor_P5/Ed_Cursor_P5.tex.xbx,1,f0703324,32,32,1
models/Ed_Cursors/Ed_Cursor_P6/Ed_Cursor_P6.tex.xbx,0,6f1035c0,16,16,1
models/Ed_Cursors/Ed_Cursor_P6/Ed_Cursor_P6.tex.xbx,1,43fe4f80,32,32,1
models/Ed_Cursors/Ed_Cursor_P7/Ed_Cursor_P7.tex.xbx,0,6f1035c0,16,16,1
models/Ed_Cursors/Ed_Cursor_P7/Ed_Cursor_P7.tex.xbx,1,f0703324,32,32,1
models/Ed_Cursors/Ed_Cursor_P8/Ed_Cursor_P8.tex.xbx,0,6f1035c0,16,16,1
models/Ed_Cursors/Ed_Cursor_P8/Ed_Cursor_P8.tex.xbx,1,43fe4f80,32,32,1
models/Ed_Cursors/Ed_Cursor_Rail/Ed_Cursor_Rail.tex.xbx,0,6f1035c0,16,16,1
models/Ed_Cursors/Ed_Cursor_Rail/Ed_Cursor_Rail.tex.xbx,1,fbdbc9bc,32,32,1
models/GameObjects/CLASSIC_icon/CLASSIC_icon.tex.xbx,0,cb2632d4,128,128,1
models/GameObjects/CLASSIC_icon/CLASSIC_icon.tex.xbx,1,2552b868,16,16,1
models/GameObjects/COMBO/Goal_COMBO_B/Goal_COMBO_B.tex.xbx,0,4d7c0808,8,8,1
models/GameObjects/COMBO/Goal_COMBO_C/Goal_COMBO_C.tex.xbx,0,4d7c0808,8,8,1
models/GameObjects/COMBO/Goal_COMBO_M/Goal_COMBO_M.tex.xbx,0,4d7c0808,8,8,1
models/GameObjects/COMBO/Goal_COMBO_O/Goal_COMBO_O.tex.xbx,0,4d7c0808,8,8,1
models/GameObjects/Flags/Flag_Blue/Flag_Blue.tex.xbx,0,55d3a364,64,64,5
models/GameObjects/Flags/Flag_Blue/Flag_Blue.tex.xbx,1,a5f97d60,128,64,1
models/GameObjects/Flags/Flag_Blue_Base/Flag_Blue_Base.tex.xbx,0,6ca32328,32,32,1
models/GameObjects/Flags/Flag_Blue_Base/Flag_Blue_Base.tex.xbx,1,71eedcdc,128,64,1
models/GameObjects/Flags/Flag_Blue_Base/Flag_Blue_Base.tex.xbx,2,21da3120,64,32,5
models/GameObjects/Flags/Flag_Green/Flag_Green.tex.xbx,0,55d3a364,64,64,5
models/GameObjects/Flags/Flag_Green/Flag_Green.tex.xbx,1,a5f97d60,128,64,1
models/GameObjects/Flags/Flag_Green_Base/Flag_Green_Base.tex.xbx,0,6ca32328,32,32,1
models/GameObjects/Flags/Flag_Green_Base/Flag_Green_Base.tex.xbx,1,71eedcdc,128,64,1
models/GameObjects/Flags/Flag_Green_Base/Flag_Green_Base.tex.xbx,2,21da3120,64,32,5
models/GameObjects/Flags/Flag_Red/Flag_Red.tex.xbx,0,55d3a364,64,64,5
models/GameObjects/Flags/Flag_Red/Flag_Red.tex.xbx,1,a5f97d60,128,64,1
models/GameObjects/Flags/Flag_Red_Base/Flag_Red_Base.tex.xbx,0,71eedcdc,128,64,1
models/GameObjects/Flags/Flag_Red_Base/Flag_Red_Base.tex.xbx,1,21da3120,64,32,5
models/GameObjects/Flags/Flag_Red_Base/Flag_Red_Base.tex.xbx,2,6ca32328,32,32,1
models/GameObjects/Flags/Flag_Yellow/Flag_Yellow.tex.xbx,0,55d3a364,64,64,5
models/GameObjects/Flags/Flag_Yellow/Flag_Yellow.tex.xbx,1,a5f97d60,128,64,1
models/GameObjects/Flags/Flag_Yellow_Base/Flag_Yellow_Base.tex.xbx,0,6ca32328,32,32,1
models/GameObjects/Flags/Flag_Yellow_Base/Flag_Yellow_Base.tex.xbx,1,71eedcdc,128,64,1
models/GameObjects/Flags/Flag_Yellow_Base/Flag_Yellow_Base.tex.xbx,2,21da3120,64,32,5
models/GameObjects/Goal_Cursor/Goal_Cursor.tex.xbx,0,cb2f1214,64,64,2
models/GameObjects/Goal_Cursor/Goal_Cursor.tex.xbx,1,c097b494,64,16,1
models/GameObjects/Goal_Cursor/Goal_Cursor.tex.xbx,2,18b462dc,256,256,1
models/GameObjects/Goal_Cursor/Goal_Cursor.tex.xbx,3,6f1035c0,16,16,1
models/GameObjects/Goal_Cursor/Goal_Cursor.tex.xbx,4,26b6ce48,32,32,1
models/GameObjects/P1_Cursor/P1_Cursor.tex.xbx,0,cb2f1214,64,64,2
models/GameObjects/P1_Cursor/P1_Cursor.tex.xbx,1,6f1035c0,16,16,1
models/GameObjects/P1_Cursor/P1_Cursor.tex.xbx,2,c097b494,64,16,1
models/GameObjects/P1_Cursor/P1_Cursor.tex.xbx,3,26b6ce48,32,32,1
models/GameObjects/Projectiles/PaintCan/PaintCan.tex.xbx,0,e970cd64,32,128,5
models/GameObjects/Projectiles/SmokeBomb/SmokeBomb.tex.xbx,0,a9ccbcf8,32,32,1
models/GameObjects/Projectiles/SmokeBomb/SmokeBomb.tex.xbx,1,12c7bd78,16,32,5
models/GameObjects/Projectiles/Tomato/Tomato.tex.xbx,0,a151e804,32,32,1
models/GameObjects/Projectiles/apple/apple.tex.xbx,0,5c0a78c0,16,16,1
models/GameObjects/Projectiles/apple/apple.tex.xbx,1,d6c7e5ac,32,32,5
models/GameObjects/Projectiles/beads/beads.tex.xbx,0,535a7510,32,32,5
models/GameObjects/Projectiles/shrimp/shrimp.tex.xbx,0,07145a04,64,32,5
models/GameObjects/Rail_Cursor/Rail_Cursor.tex.xbx,0,6f1035c0,16,16,1
models/GameObjects/Rail_Cursor/Rail_Cursor.tex.xbx,1,c097b494,64,16,1
models/GameObjects/SKATE/Letter_A/Letter_A.tex.xbx,0,4d7c0808,8,8,1
models/GameObjects/SKATE/Letter_E/Letter_E.tex.xbx,0,4d7c0808,8,8,1
models/GameObjects/SKATE/Letter_K/Letter_K.tex.xbx,0,4d7c0808,8,8,1
models/GameObjects/SKATE/Letter_S/Letter_S.tex.xbx,0,4d7c0808,8,8,1
models/GameObjects/SKATE/Letter_T/Letter_T.tex.xbx,0,4d7c0808,8,8,1
models/GameObjects/Secret_Tape/Secret_Tape.tex.xbx,0,3b26ed14,128,32,1
models/GameObjects/Secret_Tape/Secret_Tape.tex.xbx,1,5f48e06c,128,128,5
models/GameObjects/Secret_Tape/Secret_Tape.tex.xbx,2,c671be94,32,32,5
models/GameObjects/VC/a_pickup/a_pickup.tex.xbx,0,3312460c,32,32,1
models/GameObjects/VC/c_pickup/c_pickup.tex.xbx,0,3312460c,32,32,1
models/GameObjects/VC/guest_pass/guest_pass.tex.xbx,0,6d035e04,64,64,2
models/GameObjects/VC/guest_pass/guest_pass.tex.xbx,1,96865adc,32,32,5
models/GameObjects/VC/i_pickup/i_pickup.tex.xbx,0,3312460c,32,32,1
models/GameObjects/VC/luggage_pickup/luggage_pickup.tex.xbx,0,02dd80f4,64,64,5
models/GameObjects/VC/luggage_pickup/luggage_pickup.tex.xbx,1,96865adc,32,32,5
models/GameObjects/VC/passport_pickup/passport_pickup.tex.xbx,0,30b65b74,64,64,5
models/GameObjects/VC/passport_pickup/passport_pickup.tex.xbx,1,96865adc,32,32,5
models/GameObjects/VC/r_pickup/r_pickup.tex.xbx,0,3312460c,32,32,1
models/GameObjects/VC/scjshirt_pickup/scjshirt_pickup.tex.xbx,0,58c0f980,64,64,5
models/GameObjects/VC/scjshirt_pickup/scjshirt_pickup.tex.xbx,1,96865adc,32,32,5
models/GameObjects/VC/shoebox_pickup/shoebox_pickup.tex.xbx,0,96865adc,32,32,5
models/GameObjects/VC/shoebox_pickup/shoebox_pickup.tex.xbx,1,a3a39628,64,64,1
models/GameObjects/VC/trophy_pickup/trophy_pickup.tex.xbx,0,e1a8cb0c,64,64,5
models/GameObjects/VC/trophy_pickup/trophy_pickup.tex.xbx,1,96865adc,32,32,5
models/GameObjects/driving_icon/driving_icon.tex.xbx,0,ca1b49d0,64,64,1
models/GameObjects/pickups/Beer_Stein/Beer_Stein.tex.xbx,0,39184dbc,64,128,1
models/GameObjects/pickups/Beer_Stein/Beer_Stein.tex.xbx,1,1954cf04,128,128,5
models/GameObjects/pickups/Beer_Stein/Beer_Stein.tex.xbx,2,1050de28,32,64,5
models/GameObjects/pickups/Beer_Stein/Beer_Stein.tex.xbx,3,42e2c818,64,64,5
models/GameObjects/pickups/Beer_Stein/Beer_Stein.tex.xbx,4,94e94688,64,64,5
models/GameObjects/pickups/Crystal_Ball/Crystal_Ball.tex.xbx,0,db65f6b0,64,64,1
models/GameObjects/pickups/Crystal_Ball/Crystal_Ball.tex.xbx,1,5a84c3bc,64,32,5
models/GameObjects/pickups/Crystal_Ball/Crystal_Ball.tex.xbx,2,42e2c818,64,64,5
models/GameObjects/pickups/Crystal_Ball/Crystal_Ball.tex.xbx,3,94e94688,64,64,5
models/GameObjects/pickups/Dog_Food/Dog_Food.tex.xbx,0,8e4fbe8c,32,32,5
models/GameObjects/pickups/Dog_Food/Dog_Food.tex.xbx,1,983dd9d4,128,128,1
models/GameObjects/pickups/Dog_Food/Dog_Food.tex.xbx,2,6e66f2e8,64,64,5
models/GameObjects/pickups/Flower_Pot/Flower_Pot.tex.xbx,0,39101be8,32,32,1
models/GameObjects/pickups/Flower_Pot/Flower_Pot.tex.xbx,1,8ef7b8f4,64,64,5
models/GameObjects/pickups/Skateboard/Skateboard.tex.xbx,0,f1a30780,64,256,1
models/GameObjects/pickups/Skateboard/Skateboard.tex.xbx,1,42c74948,64,128,1
models/GameObjects/pickups/Skateboard/Skateboard.tex.xbx,2,c9cb5404,16,16,1
models/GameObjects/pickups/Skateboard/Skateboard.tex.xbx,3,ce39fd5c,64,32,1
models/GameObjects/pickups/Skateboard/Skateboard.tex.xbx,4,1d7a075c,32,32,5
models/GameObjects/pickups/Skateboard/Skateboard.tex.xbx,5,42e2c818,64,64,5
models/GameObjects/pickups/Skateboard/Skateboard.tex.xbx,6,94e94688,64,64,5
models/GameObjects/pickups/Tapas/Tapas.tex.xbx,0,3a873fc0,128,128,5
models/GameObjects/pickups/Tapas/Tapas.tex.xbx,1,42e2c818,64,64,5
models/GameObjects/pickups/Tapas/Tapas.tex.xbx,2,94e94688,64,64,5
models/GameObjects/pickups/Treasure_Chest/Treasure_Chest.tex.xbx,0,844f420c,128,128,5
models/GameObjects/pickups/Voodoo_Doll/Voodoo_Doll.tex.xbx,0,f708fb54,128,128,5
models/GameObjects/pickups/Voodoo_Doll/Voodoo_Doll.tex.xbx,1,94e94688,64,64,5
models/GameObjects/pickups/Voodoo_Doll/Voodoo_Doll.tex.xbx,2,42e2c818,64,64,5
models/GameObjects/pickups/hoagie/hoagie.tex.xbx,0,f768d8c0,64,64,1
models/GameObjects/pickups/hoagie/hoagie.tex.xbx,1,7f0d8268,64,64,5
models/GameObjects/pickups/hoagie/hoagie.tex.xbx,2,87c2dc88,8,8,1
models/GameObjects/pickups/hoagie/hoagie.tex.xbx,3,0d93bf90,64,64,5
models/GameObjects/pickups/hoagie/hoagie.tex.xbx,4,42e2c818,64,64,5
models/GameObjects/pickups/hoagie/hoagie.tex.xbx,5,94e94688,64,64,5
models/GameObjects/pickups/skunk/skunk.tex.xbx,0,5c6c18d0,128,64,1
models/GameObjects/pickups/skunk/skunk.tex.xbx,1,96a59b38,64,64,5
models/GameObjects/pickups/skunk/skunk.tex.xbx,2,d8966a14,32,64,5
models/GameObjects/scavenger_coin/scavenger_coin.tex.xbx,0,5404b90c,128,128,1
models/GoalArrow/GoalArrow.tex.xbx,0,8c9d476c,64,128,1
models/GoalArrow/GoalArrow.tex.xbx,1,567599c0,64,64,1
models/HUD_arrow/HUD_arrow.tex.xbx,0,af34c8c0,64,64,1
models/HUD_arrow/HUD_arrow.tex.xbx,1,dfea5d0c,32,32,5
models/Mdl_Cone/Mdl_Cone.tex.xbx,0,5c4beab4,32,64,1
models/Mdl_Cone/Mdl_Cone.tex.xbx,1,3fc9f074,32,32,1
models/Ped_Female/Ped_F_NO_Censored.tex.xbx,0,d82758a0,64,64,1
models/Ped_Female/Ped_F_NO_Censored.tex.xbx,1,177b8c14,64,32,5
models/Ped_Female/Ped_F_NO_Head01.tex.xbx,0,c56fcbc8,128,128,2
models/Ped_Female/Ped_F_NO_Head02.tex.xbx,0,10e26ddc,128,128,5
models/Ped_Female/Ped_F_NO_Head03.tex.xbx,0,4d5ef484,128,128,5
models/Ped_Female/Ped_F_NO_Head04.tex.xbx,0,f9c70584,128,128,5
models/Ped_Female/Ped_F_NO_Head05.tex.xbx,0,767978dc,128,128,1
models/Ped_Female/Ped_F_NO_Head06.tex.xbx,0,84ebd0c8,128,128,5
models/Ped_Female/Ped_F_NO_Head07.tex.xbx,0,e85440c0,128,128,5
models/Ped_Female/Ped_F_NO_Head08.tex.xbx,0,e9bc3ac8,128,128,5
models/Ped_Female/Ped_F_NO_Legs01.tex.xbx,0,47525bd4,128,128,1
models/Ped_Female/Ped_F_NO_Legs02.tex.xbx,0,b2c79dd0,128,128,5
models/Ped_Female/Ped_F_NO_Legs03.tex.xbx,0,b7772478,128,128,1
models/Ped_Female/Ped_F_NO_Legs04.tex.xbx,0,0fe2f578,128,128,1
models/Ped_Female/Ped_F_NO_Legs05.tex.xbx,0,545c68d0,128,128,1
models/Ped_Female/Ped_F_NO_Legs06.tex.xbx,0,82d220d4,128,128,1
models/Ped_Female/Ped_F_NO_Torso01.tex.xbx,0,874802dc,128,128,1
models/Ped_Female/Ped_F_NO_Torso02.tex.xbx,0,95d5c6c8,128,128,5
models/Ped_Female/Ped_F_NO_Torso03.tex.xbx,0,f9e936c0,128,128,1
models/Ped_Female/Ped_F_NO_Torso04.tex.xbx,0,bec12bc0,128,128,1
models/Ped_Female/Ped_F_NO_Torso05.tex.xbx,0,e2feb5c8,128,128,1
models/Ped_Female/Ped_F_NO_Torso06.tex.xbx,0,2e8c03dc,128,128,1
models/Ped_Female/Ped_F_NO_Torso07.tex.xbx,0,6a338a84,128,128,1
models/Ped_Female/Ped_F_NO_Torso08.tex.xbx,0,bccbf9dc,128,128,1
models/Ped_Male/Australia/Ped_M_AU_Head01.tex.xbx,0,af794264,128,128,1
models/Ped_Male/Australia/Ped_M_AU_Head02.tex.xbx,0,63ec06e0,128,128,1
models/Ped_Male/Australia/Ped_M_AU_Head03.tex.xbx,0,3f547768,128,128,1
models/Ped_Male/Australia/Ped_M_AU_Head05.tex.xbx,0,166ff5e0,128,128,1
models/Ped_Male/Australia/Ped_M_AU_Head06.tex.xbx,0,07e24364,128,128,1
models/Ped_Male/Australia/Ped_M_AU_Head07.tex.xbx,0,8c5eca3c,128,128,1
models/Ped_Male/Australia/Ped_M_AU_Head08.tex.xbx,0,8972b964,128,128,5
models/Ped_Male/Australia/Ped_M_AU_Legs01.tex.xbx,0,455c9258,128,128,1
models/Ped_Male/Australia/Ped_M_AU_Legs02.tex.xbx,0,d9d1f6ec,128,128,1
models/Ped_Male/Australia/Ped_M_AU_Legs03.tex.xbx,0,bd6d6774,128,128,1
models/Ped_Male/Australia/Ped_M_AU_Legs04.tex.xbx,0,7cec9c74,128,128,1
models/Ped_Male/Australia/Ped_M_AU_Legs05.tex.xbx,0,205225ec,128,128,1
models/Ped_Male/Australia/Ped_M_AU_Legs06.tex.xbx,0,f1c7d358,128,128,1
models/Ped_Male/Australia/Ped_M_AU_Torso01.tex.xbx,0,89e289dc,128,128,1
models/Ped_Male/Australia/Ped_M_AU_Torso02.tex.xbx,0,95582fc8,128,128,1
models/Ped_Male/Australia/Ped_M_AU_Torso03.tex.xbx,0,f8e7bdc0,128,128,1
models/Ped_Male/Australia/Ped_M_AU_Torso04.tex.xbx,0,be72bcc0,128,128,1
models/Ped_Male/Australia/Ped_M_AU_Torso05.tex.xbx,0,e1cc34c8,128,128,1
models/Ped_Male/Australia/Ped_M_AU_Torso06.tex.xbx,0,304194dc,128,128,1
models/Ped_Male/Australia/Ped_M_AU_Torso07.tex.xbx,0,6cfd0984,128,128,1
models/Ped_Male/Australia/Ped_M_AU_Torso08.tex.xbx,0,be0972dc,128,128,1
models/Ped_Male/Australia/ped_M_AU_Head04.tex.xbx,0,7ad16c68,128,128,1
models/Ped_Male/Barcelona/Ped_M_BA_Glasses02.tex.xbx,0,2b3178e0,64,32,5
models/Ped_Male/Barcelona/Ped_M_BA_Glasses03.tex.xbx,0,678fe968,64,32,5
models/Ped_Male/Barcelona/Ped_M_BA_Glasses04.tex.xbx,0,0e4bfa68,64,32,5
models/Ped_Male/Barcelona/Ped_M_BA_Head01.tex.xbx,0,af794264,128,128,1
models/Ped_Male/Barcelona/Ped_M_BA_Head02.tex.xbx,0,63ec06e0,128,128,1
models/Ped_Male/Barcelona/Ped_M_BA_Head03.tex.xbx,0,3f547768,128,128,1
models/Ped_Male/Barcelona/Ped_M_BA_Head04.tex.xbx,0,7ad16c68,128,128,1
models/Ped_Male/Barcelona/Ped_M_BA_Head05.tex.xbx,0,166ff5e0,128,128,5
models/Ped_Male/Barcelona/Ped_M_BA_Head06.tex.xbx,0,07e24364,128,128,1
models/Ped_Male/Barcelona/Ped_M_BA_Head07.tex.xbx,0,8c5eca3c,128,128,1
models/Ped_Male/Barcelona/Ped_M_BA_Head08.tex.xbx,0,8972b964,128,128,1
models/Ped_Male/Barcelona/Ped_M_BA_Head09.tex.xbx,0,e54d283c,128,128,1
models/Ped_Male/Barcelona/Ped_M_BA_Legs01.tex.xbx,0,455c9258,128,128,1
models/Ped_Male/Barcelona/Ped_M_BA_Legs02.tex.xbx,0,d9d1f6ec,128,128,1
models/Ped_Male/Barcelona/Ped_M_BA_Legs03.tex.xbx,0,bd6d6774,128,128,1
models/Ped_Male/Barcelona/Ped_M_BA_Legs04.tex.xbx,0,7cec9c74,128,128,1
models/Ped_Male/Barcelona/Ped_M_BA_Legs05.tex.xbx,0,205225ec,128,128,5
models/Ped_Male/Barcelona/Ped_M_BA_Legs06.tex.xbx,0,f1c7d358,128,128,1
models/Ped_Male/Barcelona/Ped_M_BA_Torso01.tex.xbx,0,89e289dc,128,128,1
models/Ped_Male/Barcelona/Ped_M_BA_Torso02.tex.xbx,0,95582fc8,128,128,5
models/Ped_Male/Barcelona/Ped_M_BA_Torso03.tex.xbx,0,f8e7bdc0,128,128,1
models/Ped_Male/Barcelona/Ped_M_BA_Torso04.tex.xbx,0,be72bcc0,128,128,1
models/Ped_Male/Barcelona/Ped_M_BA_Torso05.tex.xbx,0,e1cc34c8,128,128,1
models/Ped_Male/Barcelona/Ped_M_BA_Torso06.tex.xbx,0,304194dc,128,128,1
models/Ped_Male/Barcelona/Ped_M_BA_Torso07.tex.xbx,0,6cfd0984,128,128,1
models/Ped_Male/Barcelona/Ped_M_BA_Torso08.tex.xbx,0,be0972dc,128,128,1
models/Ped_Male/Barcelona/Ped_M_BA_Torso09.tex.xbx,0,a1b6ff84,128,128,1
models/Ped_Male/Barcelona/Ped_M_BA_Torso10.tex.xbx,0,3a7456a4,128,128,1
models/Ped_Male/Barcelona/Ped_M_Cast.tex.xbx,0,0d73f23c,64,64,1
models/Ped_Male/Boston/Ped_M_BO_Glasses01.tex.xbx,0,d9bec064,64,32,5
models/Ped_Male/Boston/Ped_M_BO_Head01.tex.xbx,0,af794264,128,128,1
models/Ped_Male/Boston/Ped_M_BO_Head02.tex.xbx,0,63ec06e0,128,128,1
models/Ped_Male/Boston/Ped_M_BO_Head03.tex.xbx,0,3f547768,128,128,5
models/Ped_Male/Boston/Ped_M_BO_Head04.tex.xbx,0,7ad16c68,128,128,1
models/Ped_Male/Boston/Ped_M_BO_Head05.tex.xbx,0,166ff5e0,128,128,1
models/Ped_Male/Boston/Ped_M_BO_Head06.tex.xbx,0,07e24364,128,128,5
models/Ped_Male/Boston/Ped_M_BO_Head07.tex.xbx,0,8c5eca3c,128,128,5
models/Ped_Male/Boston/Ped_M_BO_Legs01.tex.xbx,0,455c9258,128,128,1
models/Ped_Male/Boston/Ped_M_BO_Legs02.tex.xbx,0,d9d1f6ec,128,128,1
models/Ped_Male/Boston/Ped_M_BO_Legs03.tex.xbx,0,bd6d6774,128,128,1
models/Ped_Male/Boston/Ped_M_BO_Legs04.tex.xbx,0,7cec9c74,128,128,1
models/Ped_Male/Boston/Ped_M_BO_Legs05.tex.xbx,0,205225ec,128,128,1
models/Ped_Male/Boston/Ped_M_BO_Legs06.tex.xbx,0,f1c7d358,128,128,1
models/Ped_Male/Boston/Ped_M_BO_Torso01.tex.xbx,0,89e289dc,128,128,1
models/Ped_Male/Boston/Ped_M_BO_Torso02.tex.xbx,0,95582fc8,128,128,1
models/Ped_Male/Boston/Ped_M_BO_Torso03.tex.xbx,0,f8e7bdc0,128,128,1
models/Ped_Male/Boston/Ped_M_BO_Torso04.tex.xbx,0,be72bcc0,128,128,1
models/Ped_Male/Boston/Ped_M_BO_Torso05.tex.xbx,0,e1cc34c8,128,128,1
models/Ped_Male/Boston/Ped_M_BO_Torso06.tex.xbx,0,304194dc,128,128,1
models/Ped_Male/Boston/Ped_M_BO_Torso07.tex.xbx,0,6cfd0984,128,128,1
models/Ped_Male/Ped_Clipboard.tex.xbx,0,e7b1dde8,32,32,1
models/Ped_Male/Ped_Clipboard.tex.xbx,1,1f24d0e4,64,64,2
models/Ped_Male/Ped_Clipboard.tex.xbx,2,598111e4,32,32,1
models/Ped_Male/Ped_Skateboard.tex.xbx,0,3f65fb40,64,128,1
models/Ped_Male/Ped_Testing.tex.xbx,0,754bf208,128,128,1
models/Ped_Male/Ped_Testing.tex.xbx,1,8952181c,32,32,5
models/Ped_Male/Ped_Testing.tex.xbx,2,e8fb6b84,64,128,5
models/Ped_Male/Ped_Testing.tex.xbx,3,fe3f64c0,32,32,1
models/Ped_Male/Ped_Testing.tex.xbx,4,b1ab5d58,128,128,5
models/Ped_Male/Ped_Testing.tex.xbx,5,9f0533b4,64,64,1
models/Ped_Male/Ped_Testing.tex.xbx,6,029c6398,64,32,5
models/Ped_Male/Skatopia/Ped_M_Head05.tex.xbx,0,2dcd7c6c,128,128,1
models/Ped_Male/Skatopia/Ped_M_SK_Beany.tex.xbx,0,9626e368,64,64,1
models/Ped_Male/Skatopia/Ped_M_SK_HEAD01.tex.xbx,0,b8556d7c,128,128,1
models/Ped_Male/Skatopia/Ped_M_SK_HEAD01.tex.xbx,1,be028ab8,64,64,5
models/Ped_Male/Skatopia/Ped_M_SK_HEAD02.tex.xbx,0,dcb5a248,128,128,1
models/Ped_Male/Skatopia/Ped_M_SK_HEAD03.tex.xbx,0,cb487ae8,128,128,5
models/Ped_Male/Skatopia/Ped_M_SK_HEAD03.tex.xbx,1,89687d68,128,128,1
models/Ped_Male/Skatopia/Ped_M_SK_HEAD04.tex.xbx,0,cd2706f4,128,128,1
models/Ped_Male/Skatopia/Ped_M_SK_LEGS03.tex.xbx,0,7c8b7c90,64,128,1
models/Ped_Male/Skatopia/Ped_M_SK_LEGS03.tex.xbx,1,e406d024,32,32,1
models/Ped_Male/Skatopia/Ped_M_SK_LEGS03_grey.tex.xbx,0,fd5b85fc,64,128,1
models/Ped_Male/Skatopia/Ped_M_SK_LEGS03_grey.tex.xbx,1,e406d024,32,32,1
models/Ped_Male/Skatopia/Ped_M_SK_LEGS03_grey.tex.xbx,2,7c8b7c90,64,128,1
models/Ped_Male/Skatopia/Ped_M_SK_LEGS04.tex.xbx,0,e406d024,32,32,1
models/Ped_Male/Skatopia/Ped_M_SK_LEGS04.tex.xbx,1,7c8b7c90,64,128,1
models/Ped_Male/Skatopia/Ped_M_SK_LEGS04.tex.xbx,2,fd5b85fc,64,128,1
models/Ped_Male/Skatopia/Ped_M_SK_LEGS_grey.tex.xbx,0,fd5b85fc,64,128,1
models/Ped_Male/Skatopia/Ped_M_SK_LEGS_grey.tex.xbx,1,e406d024,32,32,1
models/Ped_Male/Skatopia/Ped_M_SK_LEGS_grey.tex.xbx,2,7c8b7c90,64,128,1
models/Ped_Male/Skatopia/Ped_M_SK_Legs01.tex.xbx,0,92d4cfbc,64,128,1
models/Ped_Male/Skatopia/Ped_M_SK_Legs01.tex.xbx,1,4eb54440,32,32,5
models/Ped_Male/Skatopia/Ped_M_SK_Legs02.tex.xbx,0,d3fbccc4,32,32,1
models/Ped_Male/Skatopia/Ped_M_SK_Legs02.tex.xbx,1,d7bd1b20,64,128,1
models/Ped_Male/Skatopia/Ped_M_SK_Legs05.tex.xbx,0,a152880c,64,128,1
models/Ped_Male/Skatopia/Ped_M_SK_Legs05.tex.xbx,1,4eb54440,32,32,5
models/Ped_Male/Skatopia/Ped_M_SK_Legs06.tex.xbx,0,4e840e34,64,128,1
models/Ped_Male/Skatopia/Ped_M_SK_Legs06.tex.xbx,1,d7bd1b20,64,128,1
models/Ped_Male/Skatopia/Ped_M_SK_Legs06.tex.xbx,2,d3fbccc4,32,32,1
models/Ped_Male/Skatopia/Ped_M_SK_Torso01.tex.xbx,0,395977c8,128,128,1
models/Ped_Male/Skatopia/Ped_M_SK_Torso02.tex.xbx,0,247c3920,128,128,1
models/Ped_Male/Skatopia/Ped_M_SK_Torso02.tex.xbx,1,fe3f64c0,32,32,1
models/Ped_Male/Skatopia/Ped_M_SK_Torso03.tex.xbx,0,55a16d68,128,128,1
models/Ped_Male/Skatopia/Ped_M_SK_Torso04.tex.xbx,0,65674d04,128,128,1
models/Ped_Male/Skatopia/Ped_M_SK_Torso04.tex.xbx,1,d9b46af8,32,32,1
models/Ped_Male/Skatopia/Ped_M_SK_Torso05.tex.xbx,0,571d6d00,128,128,1
models/Ped_Male/Skatopia/Ped_M_SK_Torso05.tex.xbx,1,fe3f64c0,32,32,1
models/Ped_Male/Skatopia/Ped_M_SK_Torso06.tex.xbx,0,9f874d88,128,128,1
models/Ped_Male/Skatopia/Ped_M_SK_Torso06.tex.xbx,1,fe3f64c0,32,32,1
models/Ped_Male/Skatopia/Ped_M_SK_Torso07.tex.xbx,0,0b42cc28,128,128,1
models/Ped_Male/Skatopia/Ped_M_SK_Torso07.tex.xbx,1,fe3f64c0,32,32,1
models/Ped_Male/Skatopia/Ped_M_SK_hat.tex.xbx,0,7d07c258,64,32,5
models/Ped_Male/Skatopia/Ped_M_sk_head05.tex.xbx,0,11ea0694,128,128,1
models/Ped_Male/Skatopia/Ped_M_sk_head05.tex.xbx,1,e62a91fc,64,32,5
models/Ped_Male/Skatopia/Ped_SK_Glasses.tex.xbx,0,be028ab8,64,64,5
models/Ped_Male/Skatopia/Ped_SK_Hat.tex.xbx,0,be028ab8,64,64,5
models/Ped_Male/ped_Burnquist_board.tex.xbx,0,062e1858,64,128,1
models/Ped_Male/ped_Burnquist_board.tex.xbx,1,c541d898,64,128,1
models/Ped_Male/ped_Burnquist_board.tex.xbx,2,60835a54,64,128,1
models/Ped_Male/ped_Burnquist_board.tex.xbx,3,53d50618,64,32,1
models/Ped_Male/ped_Burnquist_board.tex.xbx,4,beb4634c,32,32,1
models/Ped_Male/ped_Hawk_board.tex.xbx,0,afd1474c,64,64,1
models/Ped_Male/ped_Hawk_board.tex.xbx,1,d35a7290,16,16,1
models/Ped_Male/ped_Hawk_board.tex.xbx,2,5a150238,32,32,1
models/Ped_Male/ped_Hawk_board.tex.xbx,3,53a76c18,64,64,1
models/Ped_Male/ped_Koston_board.tex.xbx,0,7742759c,64,64,1
models/Ped_Male/ped_Koston_board.tex.xbx,1,d35a7290,16,16,1
models/Ped_Male/ped_Koston_board.tex.xbx,2,5a150238,32,32,1
models/Ped_Male/ped_Koston_board.tex.xbx,3,53a76c18,64,64,1
models/Ped_Male/ped_Mullen_board.tex.xbx,0,60191dc8,64,64,1
models/Ped_Male/ped_Mullen_board.tex.xbx,1,d35a7290,16,16,1
models/Ped_Male/ped_Mullen_board.tex.xbx,2,5a150238,32,32,1
models/Ped_Male/ped_Mullen_board.tex.xbx,3,53a76c18,64,64,1
models/Ped_Male/ped_Muska_board.tex.xbx,0,b745f444,64,64,1
models/Ped_Male/ped_Muska_board.tex.xbx,1,d35a7290,16,16,1
models/Ped_Male/ped_Muska_board.tex.xbx,2,5a150238,32,32,1
models/Ped_Male/ped_Muska_board.tex.xbx,3,53a76c18,64,64,1
models/Ped_Male/ped_Sheckler_board.tex.xbx,0,062e1858,64,128,1
models/Ped_Male/ped_Sheckler_board.tex.xbx,1,e883fdf8,64,128,1
models/Ped_Male/ped_Sheckler_board.tex.xbx,2,494066d8,64,128,1
models/Ped_Male/ped_Sheckler_board.tex.xbx,3,53d50618,64,32,1
models/Ped_Male/ped_Sheckler_board.tex.xbx,4,beb4634c,32,32,1
models/Ped_Male/ped_Vallely_board.tex.xbx,0,0b04b1e0,64,64,1
models/Ped_Male/ped_Vallely_board.tex.xbx,1,d35a7290,16,16,1
models/Ped_Male/ped_Vallely_board.tex.xbx,2,5a150238,32,32,1
models/Ped_Male/ped_Vallely_board.tex.xbx,3,53a76c18,64,64,1
models/Ped_Male/ped_benfranklin_board.tex.xbx,0,42d82284,64,128,2
models/Ped_Male/ped_benfranklin_board.tex.xbx,1,d35a7290,16,16,1
models/Ped_Male/ped_benfranklin_board.tex.xbx,2,7a45ee28,64,64,5
models/Ped_Male/ped_benfranklin_board.tex.xbx,3,5a150238,32,32,1
models/Ped_Male/ped_benfranklin_board.tex.xbx,4,53a76c18,64,64,1
models/Ped_Male/ped_bullfighter_board.tex.xbx,0,d35a7290,16,16,1
models/Ped_Male/ped_bullfighter_board.tex.xbx,1,7c41fc9c,64,64,5
models/Ped_Male/ped_bullfighter_board.tex.xbx,2,5a150238,32,32,1
models/Ped_Male/ped_bullfighter_board.tex.xbx,3,53a76c18,64,64,1
models/Ped_Male/ped_graffitipunk_board.tex.xbx,0,d35a7290,16,16,1
models/Ped_Male/ped_graffitipunk_board.tex.xbx,1,04c35728,64,64,5
models/Ped_Male/ped_graffitipunk_board.tex.xbx,2,5a150238,32,32,1
models/Ped_Male/ped_graffitipunk_board.tex.xbx,3,53a76c18,64,64,1
models/Ped_Male/ped_jester_board.tex.xbx,0,d35a7290,16,16,1
models/Ped_Male/ped_jester_board.tex.xbx,1,50f9539c,64,64,5
models/Ped_Male/ped_jester_board.tex.xbx,2,5a150238,32,32,1
models/Ped_Male/ped_jester_board.tex.xbx,3,53a76c18,64,64,1
models/Ped_Male/ped_margera_board.tex.xbx,0,d35a7290,16,16,1
models/Ped_Male/ped_margera_board.tex.xbx,1,c5117470,64,128,1
models/Ped_Male/ped_margera_board.tex.xbx,2,5a150238,32,32,1
models/Ped_Male/ped_margera_board.tex.xbx,3,53a76c18,64,64,1
models/Ped_Male/ped_weeman_board.tex.xbx,0,20109134,64,64,1
models/Ped_Male/ped_weeman_board.tex.xbx,1,42d82284,64,128,2
models/Ped_Male/ped_weeman_board.tex.xbx,2,d35a7290,16,16,1
models/Ped_Male/ped_weeman_board.tex.xbx,3,5a150238,32,32,1
models/Ped_Male/ped_weeman_board.tex.xbx,4,53a76c18,64,64,1
models/Ped_Shadow/Ped_Shadow.tex.xbx,0,ebf23fb0,32,32,5
models/Peds/PedPros/PedPro_Burnquist/Pedpro_Burnquist.tex.xbx,0,86766288,128,128,1
models/Peds/PedPros/PedPro_Burnquist/Pedpro_Burnquist.tex.xbx,1,a2dc70bc,64,64,1
models/Peds/PedPros/PedPro_Burnquist/Pedpro_Burnquist.tex.xbx,2,2b5b1794,32,32,5
models/Peds/PedPros/PedPro_Burnquist/Pedpro_Burnquist.tex.xbx,3,e31e6300,128,128,1
models/Peds/PedPros/PedPro_Burnquist/Pedpro_Burnquist.tex.xbx,4,f23ab6b0,32,32,5
models/Peds/PedPros/PedPro_Burnquist/Pedpro_Burnquist.tex.xbx,5,d99c1db8,64,128,1
models/Peds/PedPros/PedPro_Burnquist/Pedpro_Burnquist.tex.xbx,6,899b1848,32,32,2
models/Peds/PedPros/PedPro_Burnquist/Pedpro_Burnquist.tex.xbx,7,8a9c5610,32,32,1
models/Peds/PedPros/PedPro_Burnquist/Pedpro_Burnquist.tex.xbx,8,34d41ca0,128,128,1
models/Peds/PedPros/PedPro_Burnquist/Pedpro_Burnquist.tex.xbx,9,b6ac2a50,16,16,5
models/Peds/PedPros/PedPro_Burnquist/Pedpro_Burnquist.tex.xbx,10,44860ef8,32,32,2
models/Peds/PedPros/PedPro_Burnquist/Pedpro_Burnquist.tex.xbx,11,25121af0,64,64,1
models/Peds/PedPros/PedPro_Burnquist/Pedpro_Burnquist.tex.xbx,12,89be3ba0,16,32,5
models/Peds/PedPros/PedPro_Burnquist/Pedpro_Burnquist.tex.xbx,13,a9c19bf8,16,32,5
models/Peds/PedPros/PedPro_Burnquist/Pedpro_Burnquist.tex.xbx,14,db1c9200,32,32,1
models/Peds/PedPros/PedPro_Hawk/PedPro_Hawk.tex.xbx,0,5f6abbd4,64,64,1
models/Peds/PedPros/PedPro_Hawk/PedPro_Hawk.tex.xbx,1,d52f7fa8,128,64,5
models/Peds/PedPros/PedPro_Hawk/PedPro_Hawk.tex.xbx,2,be73ca20,128,128,1
models/Peds/PedPros/PedPro_Hawk/PedPro_Hawk.tex.xbx,3,e70aaa20,64,128,5
models/Peds/PedPros/PedPro_Hawk/PedPro_Hawk.tex.xbx,4,cecc9948,32,32,1
models/Peds/PedPros/PedPro_Hawk/PedPro_Hawk.tex.xbx,5,eb0bbc98,128,128,1
models/Peds/PedPros/PedPro_Hawk/PedPro_Hawk.tex.xbx,6,4f3e3518,32,16,5
models/Peds/PedPros/PedPro_Hawk/PedPro_Hawk.tex.xbx,7,71722d68,32,32,2
models/Peds/PedPros/PedPro_Hawk/PedPro_Hawk.tex.xbx,8,6c6976c4,64,64,5
models/Peds/PedPros/PedPro_Hawk/PedPro_Hawk.tex.xbx,9,8697155c,32,32,0
models/Peds/PedPros/PedPro_Hawk/PedPro_Hawk.tex.xbx,10,72d00abc,128,128,1
models/Peds/PedPros/PedPro_Hawk/PedPro_Hawk.tex.xbx,11,44860ef8,32,32,2
models/Peds/PedPros/PedPro_Hawk/PedPro_Hawk.tex.xbx,12,899b1848,32,32,2
models/Peds/PedPros/PedPro_Hawk/PedPro_Hawk.tex.xbx,13,39df73a8,64,64,1
models/Peds/PedPros/PedPro_Hawk/PedPro_Hawk.tex.xbx,14,0d80c2a8,16,32,5
models/Peds/PedPros/PedPro_Hawk/PedPro_Hawk.tex.xbx,15,1e648080,32,32,1
models/Peds/PedPros/PedPro_Hawk/PedPro_Hawk.tex.xbx,16,c9e62e50,128,128,1
models/Peds/PedPros/PedPro_Hawk/PedPro_Hawk.tex.xbx,17,ae857048,32,32,5
models/Peds/PedPros/PedPro_Hawk/PedPro_Hawk.tex.xbx,18,0c2cad94,32,32,1
models/Peds/PedPros/PedPro_Hawk/PedPro_Hawk.tex.xbx,19,c769d428,32,32,1
models/Peds/PedPros/PedPro_Koston/PedPro_Koston.tex.xbx,0,2fb5c590,128,128,1
models/Peds/PedPros/PedPro_Koston/PedPro_Koston.tex.xbx,1,0ad6613c,128,128,1
models/Peds/PedPros/PedPro_Koston/PedPro_Koston.tex.xbx,2,565dd908,32,32,5
models/Peds/PedPros/PedPro_Koston/PedPro_Koston.tex.xbx,3,cd659f40,128,128,1
models/Peds/PedPros/PedPro_Koston/PedPro_Koston.tex.xbx,4,45d74b40,32,32,2
models/Peds/PedPros/PedPro_Koston/PedPro_Koston.tex.xbx,5,8cee8220,32,32,2
models/Peds/PedPros/PedPro_Koston/PedPro_Koston.tex.xbx,6,e341b710,64,64,1
models/Peds/PedPros/PedPro_Koston/PedPro_Koston.tex.xbx,7,1f98ef4c,64,64,1
models/Peds/PedPros/PedPro_Koston/PedPro_Koston.tex.xbx,8,334a9514,64,128,1
models/Peds/PedPros/PedPro_Koston/PedPro_Koston.tex.xbx,9,45ba0920,64,128,1
models/Peds/PedPros/PedPro_Koston/PedPro_Koston.tex.xbx,10,181ac3a8,32,32,1
models/Peds/PedPros/PedPro_Koston/PedPro_Koston.tex.xbx,11,89be3ba0,16,32,5
models/Peds/PedPros/PedPro_Koston/PedPro_Koston.tex.xbx,12,8ad2be18,32,32,1
models/Peds/PedPros/PedPro_Koston/PedPro_Koston.tex.xbx,13,b3910df4,32,32,1
models/Peds/PedPros/PedPro_Margera/PedPro_Margera.tex.xbx,0,74da03c4,32,32,1
models/Peds/PedPros/PedPro_Margera/PedPro_Margera.tex.xbx,1,539ff140,32,32,1
models/Peds/PedPros/PedPro_Margera/PedPro_Margera.tex.xbx,2,8cee8220,32,32,2
models/Peds/PedPros/PedPro_Margera/PedPro_Margera.tex.xbx,3,45d74b40,32,32,2
models/Peds/PedPros/PedPro_Margera/PedPro_Margera.tex.xbx,4,1edfe010,64,128,1
models/Peds/PedPros/PedPro_Margera/PedPro_Margera.tex.xbx,5,b95411f8,32,32,5
models/Peds/PedPros/PedPro_Margera/PedPro_Margera.tex.xbx,6,3147a150,32,32,2
models/Peds/PedPros/PedPro_Margera/PedPro_Margera.tex.xbx,7,bd53a688,32,32,2
models/Peds/PedPros/PedPro_Margera/PedPro_Margera.tex.xbx,8,d0c40e38,32,32,2
models/Peds/PedPros/PedPro_Margera/PedPro_Margera.tex.xbx,9,a414e094,64,128,1
models/Peds/PedPros/PedPro_Margera/PedPro_Margera.tex.xbx,10,899b1848,32,32,2
models/Peds/PedPros/PedPro_Margera/PedPro_Margera.tex.xbx,11,44860ef8,32,32,2
models/Peds/PedPros/PedPro_Margera/PedPro_Margera.tex.xbx,12,779de000,64,64,1
models/Peds/PedPros/PedPro_Margera/PedPro_Margera.tex.xbx,13,0d80c2a8,16,32,5
models/Peds/PedPros/PedPro_Margera/PedPro_Margera.tex.xbx,14,4eb44018,128,128,1
models/Peds/PedPros/PedPro_Margera/PedPro_Margera.tex.xbx,15,a7db5794,32,32,1
models/Peds/PedPros/PedPro_Margera/PedPro_Margera.tex.xbx,16,56a3b314,128,128,1
models/Peds/PedPros/PedPro_Margera/PedPro_Margera.tex.xbx,17,0cf10d9c,128,128,1
models/Peds/PedPros/PedPro_Margera/PedPro_Margera.tex.xbx,18,7d11a08c,32,64,1
models/Peds/PedPros/PedPro_Margera/PedPro_Margera.tex.xbx,19,71f8ab9c,32,64,5
models/Peds/PedPros/PedPro_Mullen/Pedpro_Mullen.tex.xbx,0,99aa5b84,128,128,1
models/Peds/PedPros/PedPro_Mullen/Pedpro_Mullen.tex.xbx,1,a6abbb48,64,32,5
models/Peds/PedPros/PedPro_Mullen/Pedpro_Mullen.tex.xbx,2,3abe6238,64,64,1
models/Peds/PedPros/PedPro_Mullen/Pedpro_Mullen.tex.xbx,3,af2263bc,64,32,5
models/Peds/PedPros/PedPro_Mullen/Pedpro_Mullen.tex.xbx,4,6f1268b8,128,128,1
models/Peds/PedPros/PedPro_Mullen/Pedpro_Mullen.tex.xbx,5,5ebdb5a4,64,64,1
models/Peds/PedPros/PedPro_Mullen/Pedpro_Mullen.tex.xbx,6,088119e0,64,64,1
models/Peds/PedPros/PedPro_Mullen/Pedpro_Mullen.tex.xbx,7,e018ee54,64,64,1
models/Peds/PedPros/PedPro_Mullen/Pedpro_Mullen.tex.xbx,8,9dcbb520,64,128,1
models/Peds/PedPros/PedPro_Mullen/Pedpro_Mullen.tex.xbx,9,45d74b40,32,32,2
models/Peds/PedPros/PedPro_Mullen/Pedpro_Mullen.tex.xbx,10,9246f708,32,32,1
models/Peds/PedPros/PedPro_Mullen/Pedpro_Mullen.tex.xbx,11,8cee8220,32,32,2
models/Peds/PedPros/PedPro_Mullen/Pedpro_Mullen.tex.xbx,12,de4b2464,128,128,1
models/Peds/PedPros/PedPro_Mullen/Pedpro_Mullen.tex.xbx,13,899b1848,32,32,2
models/Peds/PedPros/PedPro_Mullen/Pedpro_Mullen.tex.xbx,14,44860ef8,32,32,2
models/Peds/PedPros/PedPro_Mullen/Pedpro_Mullen.tex.xbx,15,a4af784c,32,64,1
models/Peds/PedPros/PedPro_Mullen/Pedpro_Mullen.tex.xbx,16,ed658f30,16,32,5
models/Peds/PedPros/PedPro_Muska/PedPro_Muska.tex.xbx,0,ce10fa9c,64,64,1
models/Peds/PedPros/PedPro_Muska/PedPro_Muska.tex.xbx,1,125f8ff0,128,128,1
models/Peds/PedPros/PedPro_Muska/PedPro_Muska.tex.xbx,2,6ca52cd0,64,64,1
models/Peds/PedPros/PedPro_Muska/PedPro_Muska.tex.xbx,3,8171c818,64,64,1
models/Peds/PedPros/PedPro_Muska/PedPro_Muska.tex.xbx,4,5a3779a8,64,64,1
models/Peds/PedPros/PedPro_Muska/PedPro_Muska.tex.xbx,5,0ce4c220,64,64,1
models/Peds/PedPros/PedPro_Muska/PedPro_Muska.tex.xbx,6,8cee8220,32,32,2
models/Peds/PedPros/PedPro_Muska/PedPro_Muska.tex.xbx,7,45d74b40,32,32,2
models/Peds/PedPros/PedPro_Muska/PedPro_Muska.tex.xbx,8,6595f010,128,128,1
models/Peds/PedPros/PedPro_Muska/PedPro_Muska.tex.xbx,9,82ca7440,128,128,1
models/Peds/PedPros/PedPro_Muska/PedPro_Muska.tex.xbx,10,496ef518,32,64,5
models/Peds/PedPros/PedPro_Muska/PedPro_Muska.tex.xbx,11,d4e1912c,64,32,5
models/Peds/PedPros/PedPro_Muska/PedPro_Muska.tex.xbx,12,af880750,32,32,1
models/Peds/PedPros/PedPro_Muska/PedPro_Muska.tex.xbx,13,f2c3cd10,32,32,1
models/Peds/PedPros/PedPro_Muska/PedPro_Muska.tex.xbx,14,983f7920,32,32,1
models/Peds/PedPros/PedPro_Neversoft/PedPro_Neversoft.tex.xbx,0,34f5607c,32,128,1
models/Peds/PedPros/PedPro_Neversoft/PedPro_Neversoft.tex.xbx,1,16e43eb0,128,64,1
models/Peds/PedPros/PedPro_Neversoft/PedPro_Neversoft.tex.xbx,2,047db998,32,128,1
models/Peds/PedPros/PedPro_Neversoft/PedPro_Neversoft.tex.xbx,3,78f9267c,32,32,1
models/Peds/PedPros/PedPro_Neversoft/PedPro_Neversoft.tex.xbx,4,d7b77c60,64,128,1
models/Peds/PedPros/PedPro_Neversoft/PedPro_Neversoft.tex.xbx,5,04623df0,64,32,1
models/Peds/PedPros/PedPro_Neversoft/PedPro_Neversoft.tex.xbx,6,3fdde138,64,128,1
models/Peds/PedPros/PedPro_Vallely/PedPro_Vallely.tex.xbx,0,fd5da3a0,32,32,1
models/Peds/PedPros/PedPro_Vallely/PedPro_Vallely.tex.xbx,1,f32b71ac,32,32,1
models/Peds/PedPros/PedPro_Vallely/PedPro_Vallely.tex.xbx,2,ff701200,128,128,1
models/Peds/PedPros/PedPro_Vallely/PedPro_Vallely.tex.xbx,3,80746d40,128,128,5
models/Peds/PedPros/PedPro_Vallely/PedPro_Vallely.tex.xbx,4,69bc2b08,64,32,5
models/Peds/PedPros/PedPro_Vallely/PedPro_Vallely.tex.xbx,5,7de792d8,64,64,5
models/Peds/PedPros/PedPro_Vallely/PedPro_Vallely.tex.xbx,6,94f15878,32,64,1
models/Peds/PedPros/PedPro_Vallely/PedPro_Vallely.tex.xbx,7,8cee8220,32,32,2
models/Peds/PedPros/PedPro_Vallely/PedPro_Vallely.tex.xbx,8,45d74b40,32,32,2
models/Peds/PedPros/PedPro_Vallely/PedPro_Vallely.tex.xbx,9,9237f11c,128,128,1
models/Peds/PedPros/PedPro_Vallely/PedPro_Vallely.tex.xbx,10,ba6cef80,32,32,5
models/Peds/PedPros/PedPro_Vallely/PedPro_Vallely.tex.xbx,11,44860ef8,32,32,2
models/Peds/PedPros/PedPro_Vallely/PedPro_Vallely.tex.xbx,12,899b1848,32,32,2
models/Peds/PedPros/PedPro_Vallely/PedPro_Vallely.tex.xbx,13,fd187450,64,64,5
models/Peds/PedPros/PedPro_Vallely/PedPro_Vallely.tex.xbx,14,00b807b8,32,32,5
models/Peds/PedPros/PedPro_Vallely/PedPro_Vallely.tex.xbx,15,71722d68,32,32,2
models/Peds/PedPros/PedPro_Vallely/PedPro_Vallely.tex.xbx,16,d04dc114,64,64,1
models/Peds/PedPros/PedPro_Vallely/PedPro_Vallely.tex.xbx,17,0d80c2a8,16,32,5
models/Peds/PedPros/PedPro_Vallely/PedPro_Vallely.tex.xbx,18,0c31a220,64,64,1
models/Peds/PedPros/PedPro_Vallely/PedPro_Vallely.tex.xbx,19,91d58838,64,64,5
models/Peds/PedPros/PedPro_Vallely/PedPro_Vallely.tex.xbx,20,b2cef3b8,64,32,5
models/Peds/PedPros/PedPro_Vallely/PedPro_Vallely.tex.xbx,21,bd53a688,32,32,2
models/Peds/Ped_Aborigine/Ped_aborigine.tex.xbx,0,73383380,128,128,1
models/Peds/Ped_Aborigine/Ped_aborigine.tex.xbx,1,e970ee9c,64,128,5
models/Peds/Ped_Aborigine/Ped_aborigine.tex.xbx,2,16ee4550,128,128,1
models/Peds/Ped_Aborigine/Ped_aborigine.tex.xbx,3,f0461948,64,32,5
models/Peds/Ped_Alien/Ped_Alien.tex.xbx,0,b91f8910,128,128,1
models/Peds/Ped_Alien/Ped_Alien.tex.xbx,1,b448ae70,64,128,1
models/Peds/Ped_Alien/Ped_Alien.tex.xbx,2,06e657bc,128,128,1
models/Peds/Ped_Alien/Ped_Cape.tex.xbx,0,f8c196ec,128,128,5
models/Peds/Ped_Alien/Ped_Labcoat.tex.xbx,0,2dcba3a4,128,128,1
models/Peds/Ped_Alien/Ped_Labcoat.tex.xbx,1,57ecada0,32,64,5
models/Peds/Ped_Alien/Ped_Labcoat.tex.xbx,2,89620ba4,32,64,5
models/Peds/Ped_Attendant/Ped_attendant.tex.xbx,0,588c1e8c,128,128,1
models/Peds/Ped_Attendant/Ped_attendant.tex.xbx,1,e6f039d4,32,32,1
models/Peds/Ped_Attendant/Ped_attendant.tex.xbx,2,7e2f7fa8,64,128,1
models/Peds/Ped_Attendant/Ped_attendant.tex.xbx,3,20aeca74,128,128,5
models/Peds/Ped_Attendant/Ped_attendant.tex.xbx,4,2eabd298,64,64,1
models/Peds/Ped_BenFranklin/ped_benfranklin.tex.xbx,0,357e7a64,128,128,5
models/Peds/Ped_BenFranklin/ped_benfranklin.tex.xbx,1,3c470028,64,128,1
models/Peds/Ped_BenFranklin/ped_benfranklin.tex.xbx,2,2a293a50,32,32,1
models/Peds/Ped_BenFranklin/ped_benfranklin.tex.xbx,3,f8f0d5bc,32,32,1
models/Peds/Ped_BenFranklin/ped_benfranklin.tex.xbx,4,fbcf9e48,64,32,5
models/Peds/Ped_BenFranklin/ped_benfranklin.tex.xbx,5,beacbb94,32,64,5
models/Peds/Ped_BenFranklin/ped_benfranklin.tex.xbx,6,8f97d118,64,64,5
models/Peds/Ped_BenFranklin/ped_benfranklin.tex.xbx,7,b633cd20,128,128,1
models/Peds/Ped_BenFranklin/ped_benfranklin.tex.xbx,8,e87f8510,64,32,5
models/Peds/Ped_Bigfoot/ped_Bigfoot.tex.xbx,0,f7676620,256,256,1
models/Peds/Ped_Bigfoot/ped_Bigfoot.tex.xbx,1,1a8233b4,256,256,5
models/Peds/Ped_Bigfoot/ped_Bigfoot.tex.xbx,2,2547a36c,256,256,5
models/Peds/Ped_Bigfoot/ped_Bigfoot2.tex.xbx,0,ceeefe0c,128,128,5
models/Peds/Ped_Bigfoot/ped_Bigfoot2.tex.xbx,1,c44c8ce0,128,128,5
models/Peds/Ped_Bigfoot/ped_Bigfoot2.tex.xbx,2,716eb4c0,128,128,5
models/Peds/Ped_BoatCaptain/Ped_boatcaptain.tex.xbx,0,2df54a9c,128,128,1
models/Peds/Ped_BoatCaptain/Ped_boatcaptain.tex.xbx,1,545b8588,64,64,5
models/Peds/Ped_BoatCaptain/Ped_boatcaptain.tex.xbx,2,7afc0670,32,32,5
models/Peds/Ped_BoatCaptain/Ped_boatcaptain.tex.xbx,3,6045c4c0,64,128,1
models/Peds/Ped_BoatCaptain/Ped_boatcaptain.tex.xbx,4,dc203da4,32,32,1
models/Peds/Ped_BoatCaptain/Ped_boatcaptain.tex.xbx,5,6e297f64,128,128,1
models/Peds/Ped_BoatCaptain/Ped_boatcaptain.tex.xbx,6,e125f5a8,32,32,1
models/Peds/Ped_BoatCaptain/Ped_boatcaptain.tex.xbx,7,6f350844,32,32,1
models/Peds/Ped_Boxer/Ped_Boxer.tex.xbx,0,bd15f9fc,128,128,1
models/Peds/Ped_Boxer/Ped_Boxer.tex.xbx,1,25076154,128,128,1
models/Peds/Ped_Boxer/Ped_Boxer.tex.xbx,2,2f722ce4,64,64,1
models/Peds/Ped_Boxer/Ped_Boxer.tex.xbx,3,d3271808,64,128,1
models/Peds/Ped_Boxer/Ped_Boxer.tex.xbx,4,4eb54440,32,32,1
models/Peds/Ped_BratwurstVendor/Ped_bratwurst.tex.xbx,0,e2b289d8,128,128,5
models/Peds/Ped_BratwurstVendor/Ped_bratwurst.tex.xbx,1,342970e0,64,64,5
models/Peds/Ped_BratwurstVendor/Ped_bratwurst.tex.xbx,2,8f1203b4,64,128,1
models/Peds/Ped_BratwurstVendor/Ped_bratwurst.tex.xbx,3,59d71cf0,32,32,1
models/Peds/Ped_BratwurstVendor/Ped_bratwurst.tex.xbx,4,1fb74cb8,32,32,1
models/Peds/Ped_BratwurstVendor/Ped_bratwurst.tex.xbx,5,2994caf0,128,128,1
models/Peds/Ped_BratwurstVendor/Ped_bratwurst.tex.xbx,6,47cdf448,128,128,5
models/Peds/Ped_BratwurstVendor/Ped_bratwurst.tex.xbx,7,6c538dc0,64,32,2
models/Peds/Ped_BullFighter/Ped_bullfighter.tex.xbx,0,70d9fb64,128,128,5
models/Peds/Ped_BullFighter/Ped_bullfighter.tex.xbx,1,feae2e7c,32,32,1
models/Peds/Ped_BullFighter/Ped_bullfighter.tex.xbx,2,1fb74cb8,32,32,1
models/Peds/Ped_BullFighter/Ped_bullfighter.tex.xbx,3,f56e6150,128,128,1
models/Peds/Ped_BullFighter/Ped_bullfighter.tex.xbx,4,22ef229c,64,128,1
models/Peds/Ped_Businesswoman/Ped_businesswoman.tex.xbx,0,16bcbdec,128,128,1
models/Peds/Ped_Businesswoman/Ped_businesswoman.tex.xbx,1,82bdf534,128,128,1
models/Peds/Ped_Businesswoman/Ped_businesswoman.tex.xbx,2,2ca29bd8,64,64,1
models/Peds/Ped_Businesswoman/Ped_businesswoman.tex.xbx,3,7e8c497c,32,32,1
models/Peds/Ped_Businesswoman/Ped_businesswoman.tex.xbx,4,d42057e8,64,128,1
models/Peds/Ped_Businesswoman/Ped_businesswoman.tex.xbx,5,0e6e8df4,32,32,1
models/Peds/Ped_CameraMan/Ped_CameraGlasses.tex.xbx,0,be028ab8,64,64,5
models/Peds/Ped_CameraMan/Ped_CameraMan.tex.xbx,0,18ec1194,128,128,1
models/Peds/Ped_CameraMan/Ped_CameraMan.tex.xbx,1,5655d4c0,128,128,1
models/Peds/Ped_CameraMan/Ped_CameraMan.tex.xbx,2,d2151bc4,32,16,5
models/Peds/Ped_CameraMan/Ped_CameraMan.tex.xbx,3,93ec0710,32,32,5
models/Peds/Ped_CameraMan/Ped_CameraMan.tex.xbx,4,d7bd1b20,64,128,1
models/Peds/Ped_CameraMan/Ped_CameraMan.tex.xbx,5,d3fbccc4,32,32,1
models/Peds/Ped_CameraMan/Ped_Headphones.tex.xbx,0,2d29e344,128,128,1
models/Peds/Ped_Construction/ped_construction.tex.xbx,0,77d6b014,128,128,1
models/Peds/Ped_Construction/ped_construction.tex.xbx,1,e4e43578,64,128,1
models/Peds/Ped_Construction/ped_construction.tex.xbx,2,47f5ff24,32,32,1
models/Peds/Ped_Construction/ped_construction.tex.xbx,3,f9ee689c,128,128,1
models/Peds/Ped_ConstructionWorkers/Ped_Worker_Head01.tex.xbx,0,f1ec2f18,128,128,1
models/Peds/Ped_ConstructionWorkers/Ped_Worker_Head02.tex.xbx,0,ef5a2d38,128,128,1
models/Peds/Ped_ConstructionWorkers/Ped_Worker_JHammer.tex.xbx,0,db4c37e0,32,32,1
models/Peds/Ped_ConstructionWorkers/Ped_Worker_Legs.tex.xbx,0,cf66d9e4,64,128,1
models/Peds/Ped_ConstructionWorkers/Ped_Worker_Legs.tex.xbx,1,0a95b93c,32,32,1
models/Peds/Ped_ConstructionWorkers/Ped_Worker_Torso.tex.xbx,0,dab569cc,128,128,1
models/Peds/Ped_CopAussie/Ped_CopAussie.tex.xbx,0,693303cc,128,128,1
models/Peds/Ped_CopAussie/Ped_CopAussie.tex.xbx,1,f0858990,64,128,1
models/Peds/Ped_CopAussie/Ped_CopAussie.tex.xbx,2,07413d24,128,128,1
models/Peds/Ped_CopAussie/Ped_CopAussie.tex.xbx,3,7b5733a8,32,32,1
models/Peds/Ped_CopAussie/Ped_CopAussie.tex.xbx,4,47e437e8,32,32,1
models/Peds/Ped_CopAussie/Ped_CopAussie.tex.xbx,5,94c5fe4c,16,32,1
models/Peds/Ped_CornVendor/Ped_Cornvendor.tex.xbx,0,5f11e8d8,128,128,1
models/Peds/Ped_CornVendor/Ped_Cornvendor.tex.xbx,1,2cd98b38,64,128,1
models/Peds/Ped_CornVendor/Ped_Cornvendor.tex.xbx,2,d16d6df0,32,32,1
models/Peds/Ped_CornVendor/Ped_Cornvendor.tex.xbx,3,38dd67e0,64,32,5
models/Peds/Ped_CornVendor/Ped_Cornvendor.tex.xbx,4,ce542884,128,128,1
models/Peds/Ped_CornVendor/Ped_Cornvendor.tex.xbx,5,fbb035cc,64,64,5
models/Peds/Ped_Dalek/mallet.tex.xbx,0,fd964970,64,64,1
models/Peds/Ped_Dalek/ped_dalek.tex.xbx,0,fd964970,128,128,1
models/Peds/Ped_Dalek/ped_dalek.tex.xbx,1,514f98dc,128,128,5
models/Peds/Ped_Dalek/ped_dalek.tex.xbx,2,40bf8928,32,32,5
models/Peds/Ped_Dalek/ped_dalek.tex.xbx,3,f9e78538,64,64,5
models/Peds/Ped_Dalek/pencil.tex.xbx,0,f47e4010,64,32,1
models/Peds/Ped_Eric/Ped_Eric.tex.xbx,0,6f677f6c,128,128,1
models/Peds/Ped_Eric/Ped_Eric.tex.xbx,1,9273c358,64,128,1
models/Peds/Ped_Eric/Ped_Eric.tex.xbx,2,fceff068,32,32,1
models/Peds/Ped_Eric/Ped_Eric.tex.xbx,3,2856995c,64,64,1
models/Peds/Ped_Eric/Ped_Eric.tex.xbx,4,baf8c5ac,32,32,1
models/Peds/Ped_Eric/Ped_Eric.tex.xbx,5,3a4c8aa0,16,32,5
models/Peds/Ped_Eric/Ped_Eric.tex.xbx,6,54129a08,32,32,5
models/Peds/Ped_Eric/Ped_Eric.tex.xbx,7,b3eb78a4,128,128,1
models/Peds/Ped_Eric/Ped_Eric.tex.xbx,8,73a76d8c,32,32,1
models/Peds/Ped_Eric/Ped_Eric.tex.xbx,9,f305a2e0,32,32,1
models/Peds/Ped_Eric/Ped_Eric.tex.xbx,10,9348e8ac,32,64,5
models/Peds/Ped_FemaleFull01/Ped_FemaleFull01.tex.xbx,0,8516d8b4,128,128,1
models/Peds/Ped_FemaleFull01/Ped_FemaleFull01.tex.xbx,1,c7241e30,128,128,1
models/Peds/Ped_FemaleFull01/Ped_FemaleFull01.tex.xbx,2,d7af5ed8,128,128,1
models/Peds/Ped_FluteGuy/Ped_Flute.tex.xbx,0,7cfed9c8,64,128,5
models/Peds/Ped_FluteGuy/Ped_FluteGuy.tex.xbx,0,a4153d48,128,128,1
models/Peds/Ped_FluteGuy/Ped_FluteGuy.tex.xbx,1,1b689800,32,32,1
models/Peds/Ped_FluteGuy/Ped_FluteGuy.tex.xbx,2,d0a4b844,64,128,1
models/Peds/Ped_FluteGuy/Ped_FluteGuy.tex.xbx,3,29ca5eac,32,32,1
models/Peds/Ped_FluteGuy/Ped_FluteGuy.tex.xbx,4,26e70430,128,128,1
models/Peds/Ped_GermanCop/Ped_Baton.tex.xbx,0,7b5733a8,32,32,1
models/Peds/Ped_GermanCop/Ped_Baton2.tex.xbx,0,7b5733a8,32,32,1
models/Peds/Ped_GermanCop/Ped_germancop.tex.xbx,0,89bf67d0,128,128,1
models/Peds/Ped_GermanCop/Ped_germancop.tex.xbx,1,f9c2c2b8,32,32,1
models/Peds/Ped_GermanCop/Ped_germancop.tex.xbx,2,8b445034,64,128,5
models/Peds/Ped_GermanCop/Ped_germancop.tex.xbx,3,23c7fc24,32,32,1
models/Peds/Ped_GermanCop/Ped_germancop.tex.xbx,4,2d0ca6e8,128,128,1
models/Peds/Ped_Germandrunk/Ped_GermanDrunkHEAD02.tex.xbx,0,8dc0d200,128,128,5
models/Peds/Ped_Germandrunk/Ped_GermanDrunkHEAD03.tex.xbx,0,127f4b88,128,128,5
models/Peds/Ped_Germandrunk/ped_germandrunk.tex.xbx,0,46b28760,128,128,1
models/Peds/Ped_Germandrunk/ped_germandrunk.tex.xbx,1,e39ee27c,64,128,1
models/Peds/Ped_Germandrunk/ped_germandrunk.tex.xbx,2,ea1b0454,64,32,5
models/Peds/Ped_Germandrunk/ped_germandrunk.tex.xbx,3,cc3b0330,64,64,1
models/Peds/Ped_Germandrunk/ped_germandrunk02full.tex.xbx,0,46b28760,128,128,1
models/Peds/Ped_Germandrunk/ped_germandrunk02full.tex.xbx,1,e39ee27c,64,128,1
models/Peds/Ped_Germandrunk/ped_germandrunk02full.tex.xbx,2,ea1b0454,64,32,5
models/Peds/Ped_Germandrunk/ped_germandrunk02full.tex.xbx,3,cc3b0330,64,64,1
models/Peds/Ped_Germandrunk/ped_germandrunk02full.tex.xbx,4,127f4b88,128,128,5
models/Peds/Ped_Germandrunk/ped_germandrunk03Full.tex.xbx,0,46b28760,128,128,1
models/Peds/Ped_Germandrunk/ped_germandrunk03Full.tex.xbx,1,e39ee27c,64,128,1
models/Peds/Ped_Germandrunk/ped_germandrunk03Full.tex.xbx,2,ea1b0454,64,32,5
models/Peds/Ped_Germandrunk/ped_germandrunk03Full.tex.xbx,3,cc3b0330,64,64,1
models/Peds/Ped_Germandrunk/ped_germandrunk03Full.tex.xbx,4,8dc0d200,128,128,5
models/Peds/Ped_Germandrunk/ped_germandrunkFull.tex.xbx,0,46b28760,128,128,1
models/Peds/Ped_Germandrunk/ped_germandrunkFull.tex.xbx,1,e39ee27c,64,128,1
models/Peds/Ped_Germandrunk/ped_germandrunkFull.tex.xbx,2,ea1b0454,64,32,5
models/Peds/Ped_Germandrunk/ped_germandrunkFull.tex.xbx,3,05bea3b0,128,128,1
models/Peds/Ped_Germandrunk/ped_germandrunkFull.tex.xbx,4,cc3b0330,64,64,1
models/Peds/Ped_Germandrunk/ped_germandrunkHEAD01.tex.xbx,0,05bea3b0,128,128,1
models/Peds/Ped_Germandrunk/ped_germandrunkHEAD01.tex.xbx,1,ea1b0454,64,32,5
models/Peds/Ped_Graffiti02/Ped_Graffiti02.tex.xbx,0,2d94e038,128,128,1
models/Peds/Ped_Graffiti02/Ped_Graffiti02.tex.xbx,1,01fb6a9c,128,128,1
models/Peds/Ped_Graffiti02/Ped_Graffiti02.tex.xbx,2,a5f04750,32,32,1
models/Peds/Ped_Graffiti02/Ped_Graffiti02.tex.xbx,3,a4330950,64,128,5
models/Peds/Ped_Graffiti02/Ped_Graffiti02.tex.xbx,4,0eb4b398,64,64,1
models/Peds/Ped_Graffiti02/Ped_Graffiti02.tex.xbx,5,4eb54440,32,32,1
models/Peds/Ped_Graffiti02/Ped_Graffiti02.tex.xbx,6,42cd7428,32,32,1
models/Peds/Ped_Graffiti02/Ped_Graffiti02.tex.xbx,7,548d16a8,64,64,1
models/Peds/Ped_Graffiti02/Ped_Graffiti02.tex.xbx,8,35503414,64,64,5
models/Peds/Ped_Graffiti02/ped_Spraycan2.tex.xbx,0,a604d8b0,32,64,1
models/Peds/Ped_Graffiti02/ped_spraycan.tex.xbx,0,a604d8b0,32,64,1
models/Peds/Ped_GrafitiPunker/Ped_GrafitiPunker.tex.xbx,0,754bf208,128,128,1
models/Peds/Ped_GrafitiPunker/Ped_GrafitiPunker.tex.xbx,1,8952181c,32,32,5
models/Peds/Ped_GrafitiPunker/Ped_GrafitiPunker.tex.xbx,2,e8fb6b84,64,128,1
models/Peds/Ped_GrafitiPunker/Ped_GrafitiPunker.tex.xbx,3,fe3f64c0,32,32,1
models/Peds/Ped_GrafitiPunker/Ped_GrafitiPunker.tex.xbx,4,b1ab5d58,128,128,5
models/Peds/Ped_GrafitiPunker/Ped_GrafitiPunker.tex.xbx,5,9f0533b4,64,64,1
models/Peds/Ped_GrafitiPunker/Ped_GrafitiPunker.tex.xbx,6,029c6398,64,32,5
models/Peds/Ped_Guitarist/Ped_Banjo.tex.xbx,0,fe6286e8,128,128,1
models/Peds/Ped_Guitarist/Ped_Banjo.tex.xbx,1,6fa140a8,128,128,5
models/Peds/Ped_Guitarist/Ped_Guitar.tex.xbx,0,1d66dd54,128,128,1
models/Peds/Ped_Guitarist/Ped_Guitar.tex.xbx,1,6352a9c0,32,16,1
models/Peds/Ped_Guitarist/Ped_Guitar.tex.xbx,2,4f6bf970,32,32,1
models/Peds/Ped_Guitarist/Ped_Guitar.tex.xbx,3,8ca0ee34,16,16,5
models/Peds/Ped_Guitarist/Ped_Guitarist.tex.xbx,0,1e6f8b24,128,128,1
models/Peds/Ped_Guitarist/Ped_Guitarist.tex.xbx,1,4d010374,64,128,1
models/Peds/Ped_Guitarist/Ped_Guitarist.tex.xbx,2,df834a64,32,32,1
models/Peds/Ped_Guitarist/Ped_Guitarist.tex.xbx,3,6fa140a8,128,128,5
models/Peds/Ped_Imp/Ped_Imp.tex.xbx,0,806c0a78,128,128,5
models/Peds/Ped_Imp/Ped_Imp.tex.xbx,1,32a6d324,128,128,1
models/Peds/Ped_Jazzman1/Ped_jazzman1.tex.xbx,0,b556a588,128,128,1
models/Peds/Ped_Jazzman1/Ped_jazzman1.tex.xbx,1,1b689800,32,32,1
models/Peds/Ped_Jazzman1/Ped_jazzman1.tex.xbx,2,8683b108,64,128,1
models/Peds/Ped_Jazzman1/Ped_jazzman1.tex.xbx,3,29ca5eac,32,32,1
models/Peds/Ped_Jazzman1/Ped_jazzman1.tex.xbx,4,34a91254,128,128,1
models/Peds/Ped_Jazzman1/Ped_tuba.tex.xbx,0,e060798c,64,64,1
models/Peds/Ped_Jazzman1/Ped_tuba.tex.xbx,1,4e6a05f0,64,128,5
models/Peds/Ped_JesseJames/Ped_JesseJames.tex.xbx,0,55250140,128,128,5
models/Peds/Ped_JesseJames/Ped_JesseJames.tex.xbx,1,3baa9180,128,128,1
models/Peds/Ped_JesseJames/Ped_JesseJames.tex.xbx,2,1c95871c,64,128,1
models/Peds/Ped_JesseJames/Ped_JesseJames.tex.xbx,3,73b0b95c,32,32,1
models/Peds/Ped_JesseJames/Ped_JesseJames.tex.xbx,4,37d48830,64,32,5
models/Peds/Ped_Jester/Ped_jester.tex.xbx,0,a36ec850,128,128,5
models/Peds/Ped_Jester/Ped_jester.tex.xbx,1,6b5a6414,64,128,1
models/Peds/Ped_Jester/Ped_jester.tex.xbx,2,99832548,128,128,1
models/Peds/Ped_Jester/Ped_jester.tex.xbx,3,b3c60f70,64,64,5
models/Peds/Ped_JohnnyTurbo/Ped_JohnnyTurbo.tex.xbx,0,2a0b2410,128,128,1
models/Peds/Ped_JohnnyTurbo/Ped_JohnnyTurbo.tex.xbx,1,fd97ad38,128,128,1
models/Peds/Ped_JohnnyTurbo/Ped_JohnnyTurbo.tex.xbx,2,9326c664,32,32,1
models/Peds/Ped_JohnnyTurbo/Ped_JohnnyTurbo.tex.xbx,3,cca262dc,64,128,1
models/Peds/Ped_JohnnyTurbo/Ped_JohnnyTurbo.tex.xbx,4,25264acc,32,32,1
models/Peds/Ped_JohnnyTurbo/Ped_JohnnyTurbo.tex.xbx,5,89dc1e64,32,32,5
models/Peds/Ped_Jordan/Ped_Jordan.tex.xbx,0,714cc458,128,128,1
models/Peds/Ped_Jordan/Ped_Jordan.tex.xbx,1,e3adf45c,32,64,1
models/Peds/Ped_Jordan/Ped_Jordan.tex.xbx,2,1edfe010,64,128,1
models/Peds/Ped_Jordan/Ped_Jordan.tex.xbx,3,015ba168,32,32,1
models/Peds/Ped_Jordan/Ped_Jordan.tex.xbx,4,1fa81758,64,128,1
models/Peds/Ped_Jordan/Ped_Jordan.tex.xbx,5,416673c8,32,32,1
models/Peds/Ped_Jordan/Ped_Jordan.tex.xbx,6,fd28b4a4,128,128,0
models/Peds/Ped_Judge/Ped_Judge.tex.xbx,0,2918a098,128,128,1
models/Peds/Ped_Judge/Ped_Judge.tex.xbx,1,30a127f4,128,256,1
models/Peds/Ped_Judge/Ped_Judge.tex.xbx,2,d905a590,128,128,1
models/Peds/Ped_Lifeguard/ped_lifeguard.tex.xbx,0,3821ffec,128,128,1
models/Peds/Ped_Lifeguard/ped_lifeguard.tex.xbx,1,aae2f16c,64,128,1
models/Peds/Ped_Lifeguard/ped_lifeguard.tex.xbx,2,f266e7c4,64,32,1
models/Peds/Ped_Lifeguard/ped_lifeguard.tex.xbx,3,fcc04820,128,128,1
models/Peds/Ped_Lifeguard/ped_lifesaver.tex.xbx,0,e488e628,64,32,1
models/Peds/Ped_LostSoul/Ped_LostSoul_Body.tex.xbx,0,b8b9f2e0,128,128,1
models/Peds/Ped_LostSoul/Ped_LostSoul_Body.tex.xbx,1,58cd8f50,128,128,1
models/Peds/Ped_LostSoul/Ped_LostSoul_Head01.tex.xbx,0,e2b07f5c,128,128,1
models/Peds/Ped_LostSoul/Ped_LostSoul_Head02.tex.xbx,0,2e3e3748,128,128,1
models/Peds/Ped_LostSoul/Ped_LostSoul_Head03.tex.xbx,0,6a81aa40,128,128,1
models/Peds/Ped_LoungeSinger/Ped_LoungeSinger.tex.xbx,0,359e1484,128,128,1
models/Peds/Ped_LoungeSinger/Ped_LoungeSinger.tex.xbx,1,5cf2a504,128,128,1
models/Peds/Ped_LoungeSinger/Ped_LoungeSinger.tex.xbx,2,13c05f38,64,128,5
models/Peds/Ped_LoungeSinger/Ped_LoungeSinger.tex.xbx,3,7b428e88,32,32,1
models/Peds/Ped_MaleFull01/Ped_MaleFull01.tex.xbx,0,61a539c8,128,128,1
models/Peds/Ped_MaleFull01/Ped_MaleFull01.tex.xbx,1,6cfd0984,128,128,1
models/Peds/Ped_MaleFull01/Ped_MaleFull01.tex.xbx,2,f1c7d358,128,128,1
models/Peds/Ped_MaleFull02/Ped_MaleFull02.tex.xbx,0,5b25f2c4,128,128,1
models/Peds/Ped_MaleFull02/Ped_MaleFull02.tex.xbx,1,205225ec,128,128,1
models/Peds/Ped_MaleFull02/Ped_MaleFull02.tex.xbx,2,a8df2f58,128,128,5
models/Peds/Ped_MaleFull02/Ped_MaleFull02.tex.xbx,3,07e24364,128,128,5
models/Peds/Ped_MetalDetectorGuy/ped_metaldetector.tex.xbx,0,0c5779f0,128,128,1
models/Peds/Ped_MetalDetectorGuy/ped_metaldetector.tex.xbx,1,99eef36c,64,128,1
models/Peds/Ped_MetalDetectorGuy/ped_metaldetector.tex.xbx,2,8333acd8,32,32,1
models/Peds/Ped_MetalDetectorGuy/ped_metaldetector.tex.xbx,3,294046a4,32,32,1
models/Peds/Ped_MetalDetectorGuy/ped_metaldetector.tex.xbx,4,275e6e68,128,128,1
models/Peds/Ped_MetalDetectorGuy/ped_metaldetector.tex.xbx,5,266b0454,64,32,5
models/Peds/Ped_MetalDetectorGuy/ped_metaldetector.tex.xbx,6,080b95d4,64,64,1
models/Peds/Ped_MetalDetectorGuy/ped_metaldetector.tex.xbx,7,df8f0048,64,32,1
models/Peds/Ped_MetalDetectorGuy/ped_metaldetectorobj.tex.xbx,0,41417238,64,128,5
models/Peds/Ped_Mime/Ped_Mime.tex.xbx,0,e6a0ba80,128,128,5
models/Peds/Ped_Mime/Ped_Mime.tex.xbx,1,731835dc,64,128,1
models/Peds/Ped_Mime/Ped_Mime.tex.xbx,2,a6b52488,128,128,1
models/Peds/Ped_Mime/Ped_Mime.tex.xbx,3,08704a84,32,32,1
models/Peds/Ped_Mime/Ped_Mime.tex.xbx,4,10d34978,64,64,1
models/Peds/Ped_Natas/Ped_Natas.tex.xbx,0,8d45a2fc,128,128,1
models/Peds/Ped_Natas/Ped_Natas.tex.xbx,1,e406d024,32,32,1
models/Peds/Ped_Natas/Ped_Natas.tex.xbx,2,14801c60,64,128,1
models/Peds/Ped_Natas/Ped_Natas.tex.xbx,3,cb487ae8,128,128,5
models/Peds/Ped_Native/Ped_Mayan.tex.xbx,0,5a8f12f4,64,64,5
models/Peds/Ped_Native/Ped_Mayan.tex.xbx,1,c6fc736c,128,128,1
models/Peds/Ped_Native/Ped_Native.tex.xbx,0,c6fc736c,128,128,1
models/Peds/Ped_Native/Ped_Native.tex.xbx,1,b34ad7f8,64,128,1
models/Peds/Ped_Native/Ped_Native.tex.xbx,2,8135cc44,128,128,1
models/Peds/Ped_Native/Ped_Native.tex.xbx,3,47ddd20c,64,32,5
models/Peds/Ped_Native/Ped_TikiMan.tex.xbx,0,a4f770d8,64,64,5
models/Peds/Ped_Native/Ped_TikiMan.tex.xbx,1,11b4a520,64,64,1
models/Peds/Ped_Nurse/Ped_Nurse.tex.xbx,0,6e7b0404,128,128,1
models/Peds/Ped_Nurse/Ped_Nurse.tex.xbx,1,0c2070e4,32,32,1
models/Peds/Ped_Nurse/Ped_Nurse.tex.xbx,2,14c6c46c,128,128,1
models/Peds/Ped_Nurse/Ped_Nurse.tex.xbx,3,e68c6f20,64,128,1
models/Peds/Ped_Nurse/Ped_Nurse.tex.xbx,4,3c089e70,64,64,1
models/Peds/Ped_Nurse/Ped_Nurse.tex.xbx,5,9f98d6f0,32,32,1
models/Peds/Ped_Nurse/Ped_Nurse.tex.xbx,6,57ecada0,32,64,5
models/Peds/Ped_Nurse/Ped_Nurse.tex.xbx,7,89620ba4,32,64,5
models/Peds/Ped_Ollie/Ped_Ollie.tex.xbx,0,8e433484,32,128,1
models/Peds/Ped_Ollie/Ped_Ollie.tex.xbx,1,c700bd28,32,32,1
models/Peds/Ped_Ollie/Ped_Ollie.tex.xbx,2,35a25ca4,128,64,1
models/Peds/Ped_Ollie/Ped_Ollie.tex.xbx,3,57152b34,32,128,1
models/Peds/Ped_Ollie/Ped_Ollie.tex.xbx,4,c1d300f0,32,32,1
models/Peds/Ped_Ollie/Ped_Ollie.tex.xbx,5,20bbc3f0,64,128,1
models/Peds/Ped_Paramedic/Ped_Paramedic.tex.xbx,0,64546abc,128,128,1
models/Peds/Ped_Paramedic/Ped_Paramedic.tex.xbx,1,3d64e5a0,64,128,1
models/Peds/Ped_Paramedic/Ped_Paramedic.tex.xbx,2,095a444c,32,32,5
models/Peds/Ped_Paramedic/Ped_Paramedic.tex.xbx,3,dc203da4,32,32,1
models/Peds/Ped_Paramedic/Ped_Paramedic.tex.xbx,4,2dcd7c6c,128,128,1
models/Peds/Ped_Paramedic/Ped_Paramedic.tex.xbx,5,21872670,32,32,1
models/Peds/Ped_Paramedic/Ped_Paramedic.tex.xbx,6,903a6d74,32,32,5
models/Peds/Ped_Photo/Ped_Photo.tex.xbx,0,80ead140,128,128,1
models/Peds/Ped_Photo/Ped_Photo.tex.xbx,1,73fbd400,64,128,1
models/Peds/Ped_Photo/Ped_Photo.tex.xbx,2,fe93925c,32,32,1
models/Peds/Ped_Photo/Ped_Photo.tex.xbx,3,b24b3a00,32,32,1
models/Peds/Ped_Photo/Ped_Photo.tex.xbx,4,47854928,128,128,1
models/Peds/Ped_Photo/Ped_Photo.tex.xbx,5,63736658,32,32,1
models/Peds/Ped_Photoguy/Ped_Photoguy.tex.xbx,0,a97004e8,64,128,1
models/Peds/Ped_Photoguy/Ped_Photoguy.tex.xbx,1,e04c6d04,32,32,1
models/Peds/Ped_Photoguy/Ped_Photoguy.tex.xbx,2,2c180654,128,64,1
models/Peds/Ped_Photoguy/Ped_Photoguy.tex.xbx,3,0d0ffef0,32,32,2
models/Peds/Ped_Photoguy/Ped_Photoguy.tex.xbx,4,a1005fb0,32,128,1
models/Peds/Ped_Photoguy/Ped_Photoguy.tex.xbx,5,0da40c8c,32,32,1
models/Peds/Ped_Photoguy/Ped_Photoguy.tex.xbx,6,f1554900,32,128,1
models/Peds/Ped_Photoguy/Ped_Photoguy.tex.xbx,7,0a02168c,32,64,1
models/Peds/Ped_Pirate/Ped_Pirate.tex.xbx,0,8a7507e0,128,128,5
models/Peds/Ped_Pirate/Ped_Pirate.tex.xbx,1,dd9e733c,64,128,1
models/Peds/Ped_Pirate/Ped_Pirate.tex.xbx,2,3020deec,32,32,1
models/Peds/Ped_Pirate/Ped_Pirate.tex.xbx,3,7f03d5f0,128,128,1
models/Peds/Ped_Pirate/Ped_Pirate.tex.xbx,4,4667c8a8,64,32,5
models/Peds/Ped_Pirate/Ped_Pirate.tex.xbx,5,c091944c,64,64,5
models/Peds/Ped_Proteam/Ped_Ralph_Head.tex.xbx,0,d9c8e888,128,128,1
models/Peds/Ped_Proteam/Ped_Skeezo_Head.tex.xbx,0,87aa21e8,128,128,1
models/Peds/Ped_RampKid/Ped_rampkid.tex.xbx,0,1db174ec,128,128,1
models/Peds/Ped_RampKid/Ped_rampkid.tex.xbx,1,7088fb70,64,128,1
models/Peds/Ped_RampKid/Ped_rampkid.tex.xbx,2,e402a6bc,64,32,1
models/Peds/Ped_RampKid/Ped_rampkid.tex.xbx,3,6ca8ce20,128,128,1
models/Peds/Ped_RampKid/Ped_rampkid.tex.xbx,4,cfbf08bc,64,64,1
models/Peds/Ped_RampKid/Ped_rampkid.tex.xbx,5,2a7df3a8,64,32,1
models/Peds/Ped_RampKid/Ped_rampkid.tex.xbx,6,b447cd38,64,32,5
models/Peds/Ped_Revolution01/Ped_Revolution01.tex.xbx,0,123e01bc,128,128,1
models/Peds/Ped_Revolution01/Ped_Revolution01.tex.xbx,1,790688a0,64,128,1
models/Peds/Ped_Revolution01/Ped_Revolution01.tex.xbx,2,9a42a6a4,32,32,1
models/Peds/Ped_Revolution01/Ped_Revolution01.tex.xbx,3,83e2b3ac,64,64,1
models/Peds/Ped_Revolution01/Ped_Revolution01.tex.xbx,4,ccc8a930,128,128,1
models/Peds/Ped_Revolution01/Ped_Revolution01.tex.xbx,5,fb68e4d8,64,64,1
models/Peds/Ped_Security/Ped_Security_Body.tex.xbx,0,1375aa64,128,128,1
models/Peds/Ped_Security/Ped_Security_Body.tex.xbx,1,be70ae68,64,128,1
models/Peds/Ped_Security/Ped_Security_Body.tex.xbx,2,fe93925c,32,32,1
models/Peds/Ped_Security/Ped_Security_Body.tex.xbx,3,d3947314,32,32,1
models/Peds/Ped_Security/Ped_Security_head03.tex.xbx,0,9249714c,128,128,1
models/Peds/Ped_SecurityGuard01/Ped_SecurityGuard01.tex.xbx,0,b25d6d38,128,128,1
models/Peds/Ped_SecurityGuard01/Ped_SecurityGuard01.tex.xbx,1,bf67f254,64,128,5
models/Peds/Ped_SecurityGuard01/Ped_SecurityGuard01.tex.xbx,2,2a293a50,32,32,1
models/Peds/Ped_SecurityGuard01/Ped_SecurityGuard01.tex.xbx,3,1fb74cb8,32,32,5
models/Peds/Ped_SecurityGuard01/Ped_SecurityGuard01.tex.xbx,4,2f742254,128,128,5
models/Peds/Ped_SecurityGuard01/Ped_SecurityGuard01.tex.xbx,5,7b5733a8,64,64,1
models/Peds/Ped_SecurityGuard01/Ped_SecurityGuard01.tex.xbx,6,9fde7898,32,64,5
models/Peds/Ped_SecurityGuard01/Ped_security01.tex.xbx,0,b25d6d38,128,128,1
models/Peds/Ped_SecurityGuard01/Ped_security01.tex.xbx,1,bf67f254,64,128,1
models/Peds/Ped_SecurityGuard01/Ped_security01.tex.xbx,2,2a293a50,32,32,1
models/Peds/Ped_SecurityGuard01/Ped_security01.tex.xbx,3,1fb74cb8,32,32,1
models/Peds/Ped_SecurityGuard01/Ped_security01.tex.xbx,4,2f742254,128,128,1
models/Peds/Ped_SecurityGuard01/Ped_security01.tex.xbx,5,7b5733a8,32,32,1
models/Peds/Ped_SecurityGuard01/Ped_security01.tex.xbx,6,9fde7898,16,32,1
models/Peds/Ped_ShrimpVendor/Ped_ShrimpVendor.tex.xbx,0,8c08b5f4,128,128,5
models/Peds/Ped_ShrimpVendor/Ped_ShrimpVendor.tex.xbx,1,1461d96c,64,64,5
models/Peds/Ped_ShrimpVendor/Ped_ShrimpVendor.tex.xbx,2,3c9e4434,64,128,1
models/Peds/Ped_ShrimpVendor/Ped_ShrimpVendor.tex.xbx,3,38dd67e0,64,32,5
models/Peds/Ped_ShrimpVendor/Ped_ShrimpVendor.tex.xbx,4,c4f69548,128,128,5
models/Peds/Ped_ShrimpVendor/Ped_ShrimpVendor.tex.xbx,5,5f11e8d8,128,128,5
models/Peds/Ped_ShrimpVendor/Ped_ShrimpVendor.tex.xbx,6,6b3e82e8,128,128,1
models/Peds/Ped_Skater_NY1/Ped_Skater_NY1.tex.xbx,0,e1b3fa18,64,64,1
models/Peds/Ped_Skater_NY1/Ped_Skater_NY1.tex.xbx,1,015ba168,32,32,1
models/Peds/Ped_Skater_NY1/Ped_Skater_NY1.tex.xbx,2,73fbd400,64,128,1
models/Peds/Ped_Skater_NY1/Ped_Skater_NY1.tex.xbx,3,bf51c454,32,32,1
models/Peds/Ped_Skater_NY1/Ped_Skater_NY1.tex.xbx,4,72f05734,128,128,5
models/Peds/Ped_Skater_NY1/Ped_Skater_NY1.tex.xbx,5,174b24c0,64,64,1
models/Peds/Ped_Skater_NY1/Ped_Skater_NY1.tex.xbx,6,d95124f0,128,128,5
models/Peds/Ped_Skater_NY1/Ped_Skater_NY1.tex.xbx,7,e191934c,64,64,5
models/Peds/Ped_SkatopiaGuy/Ped_SkatopiaGuy.tex.xbx,0,aae87710,128,128,5
models/Peds/Ped_SkatopiaGuy/Ped_SkatopiaGuy.tex.xbx,1,4703390c,64,128,1
models/Peds/Ped_SkatopiaGuy/Ped_SkatopiaGuy.tex.xbx,2,d3fbccc4,32,32,1
models/Peds/Ped_SkatopiaGuy/Ped_SkatopiaGuy.tex.xbx,3,dcb5a248,128,128,1
models/Peds/Ped_StarWarsKid/Ped_StarWarsKid.tex.xbx,0,db751258,128,128,1
models/Peds/Ped_StarWarsKid/Ped_StarWarsKid.tex.xbx,1,1c3c7028,64,128,1
models/Peds/Ped_StarWarsKid/Ped_StarWarsKid.tex.xbx,2,2a293a50,32,32,1
models/Peds/Ped_StarWarsKid/Ped_StarWarsKid.tex.xbx,3,86b89c18,64,32,1
models/Peds/Ped_StarWarsKid/Ped_StarWarsKid.tex.xbx,4,ca16c6f4,128,128,1
models/Peds/Ped_StarWarsKid/Ped_StarWarsKid.tex.xbx,5,2da56868,64,32,5
models/Peds/Ped_StarWarsKid/Ped_StarWarsKid.tex.xbx,6,fd7d9abc,64,32,5
models/Peds/Ped_StarWarsKid/Ped_StarWarsKid.tex.xbx,7,7e7e1594,64,32,5
models/Peds/Ped_Steveo/Ped_steveo.tex.xbx,0,2f3b0434,128,128,1
models/Peds/Ped_Steveo/Ped_steveo.tex.xbx,1,e9c76190,64,128,1
models/Peds/Ped_Steveo/Ped_steveo.tex.xbx,2,c1aa07a8,32,32,1
models/Peds/Ped_Steveo/Ped_steveo.tex.xbx,3,8da56164,128,128,1
models/Peds/Ped_Sunbather/Ped_Sunbather.tex.xbx,0,2815f790,128,128,1
models/Peds/Ped_Sunbather/Ped_Sunbather.tex.xbx,1,5ec2aa3c,64,64,1
models/Peds/Ped_Sunbather/Ped_Sunbather.tex.xbx,2,56968894,64,128,1
models/Peds/Ped_Sunbather/Ped_Sunbather.tex.xbx,3,a9163dc8,128,128,1
models/Peds/Ped_Video/Ped_Video.tex.xbx,0,78226d48,128,128,1
models/Peds/Ped_Video/Ped_Video.tex.xbx,1,bf1a9ca8,64,128,1
models/Peds/Ped_Video/Ped_Video.tex.xbx,2,fe93925c,32,32,1
models/Peds/Ped_Video/Ped_Video.tex.xbx,3,b24b3a00,32,32,1
models/Peds/Ped_Video/Ped_Video.tex.xbx,4,c2b10998,128,128,1
models/Peds/Ped_Video/Ped_Video.tex.xbx,5,6896fc94,64,64,1
models/Peds/Ped_Voodoo/Ped_WitchDoctor.tex.xbx,0,cc634d64,128,128,5
models/Peds/Ped_Voodoo/Ped_WitchDoctor.tex.xbx,1,257cf370,128,128,5
models/Peds/Ped_Voodoo/Ped_WitchDoctor.tex.xbx,2,82c143a8,32,32,1
models/Peds/Ped_Voodoo/Ped_WitchDoctor.tex.xbx,3,9b086658,32,32,1
models/Peds/Ped_Voodoo/Ped_WitchDoctor.tex.xbx,4,2a3dae98,64,128,5
models/Peds/Ped_Voodoo/Ped_WitchDoctorCane.tex.xbx,0,ae72d03c,64,64,1
models/Peds/Ped_Voodoo/Ped_WitchDoctorCane.tex.xbx,1,2a3dae98,64,128,5
models/Peds/Ped_WienerMan/ped_wienerman.tex.xbx,0,eb1ba094,128,128,1
models/Peds/Ped_WienerMan/ped_wienerman.tex.xbx,1,925923d4,64,128,1
models/Peds/Ped_WienerMan/ped_wienerman.tex.xbx,2,9d5681e8,128,128,1
models/Peds/Ped_WienerMan/ped_wienerman.tex.xbx,3,af528e28,64,32,1
models/Peds/Ped_WienerMan/ped_wienerman.tex.xbx,4,76af08ec,64,32,5
models/Peds/Ped_ZombieFem01/Ped_ZombieFem01.tex.xbx,0,e41bc4b8,128,128,5
models/Peds/Ped_ZombieFem01/Ped_ZombieFem01.tex.xbx,1,c1c53598,32,32,5
models/Peds/Ped_ZombieFem01/Ped_ZombieFem01.tex.xbx,2,1b58a810,32,32,1
models/Peds/Ped_ZombieFem01/Ped_ZombieFem01.tex.xbx,3,15be9c88,128,128,1
models/Peds/Ped_ZombieFem01/Ped_ZombieFem01.tex.xbx,4,43e3d9d4,64,128,5
models/Peds/Ped_ZombieFem01/Ped_ZombieFem01.tex.xbx,5,99601284,32,32,1
models/Peds/Ped_ZombieFem01/Ped_ZombieFem01.tex.xbx,6,e3250510,64,32,5
models/Peds/Ped_ZombieMale01/Ped_ZombieMale01.tex.xbx,0,3391ebd4,128,128,5
models/Peds/Ped_ZombieMale01/Ped_ZombieMale01.tex.xbx,1,c217ecc8,128,128,1
models/Peds/Ped_ZombieMale01/Ped_ZombieMale01.tex.xbx,2,94974f94,64,128,5
models/Peds/Ped_ZombieMale02/Ped_ZombieMale02.tex.xbx,0,107b6d1c,128,128,5
models/Peds/Ped_ZombieMale02/Ped_ZombieMale02.tex.xbx,1,f4396068,64,128,5
models/Peds/Ped_ZombieMale02/Ped_ZombieMale02.tex.xbx,2,5219a9b4,128,128,1
models/Peds/Ped_hand_Sk8/Ped_hand_Sk8.tex.xbx,0,fb998048,128,128,1
models/Peds/Ped_head_Sk8/Ped_Head_sk8.tex.xbx,0,1e9e3948,128,128,1
models/Peds/ped_CutChemist/Ped_CutChemist.tex.xbx,0,2d29e344,128,128,1
models/Peds/ped_CutChemist/Ped_CutChemist.tex.xbx,1,fb4a4e58,128,128,1
models/Peds/ped_CutChemist/Ped_CutChemist.tex.xbx,2,cfa92078,128,128,1
models/Peds/ped_rollerblader/Ped_rollerblader.tex.xbx,0,a9391160,128,128,1
models/Peds/ped_rollerblader/Ped_rollerblader.tex.xbx,1,8de28cd8,64,64,5
models/Peds/ped_rollerblader/Ped_rollerblader.tex.xbx,2,766d4f80,128,128,1
models/Peds/ped_rollerblader/Ped_rollerblader.tex.xbx,3,5719682c,64,128,5
models/Peds/ped_rollerblader/Ped_rollerblader.tex.xbx,4,8d987ac8,64,64,5
models/Skater_Male/Board_Default.tex.xbx,0,062e1858,64,128,1
models/Skater_Male/Board_Default.tex.xbx,1,42d82284,64,128,2
models/Skater_Male/Board_Default.tex.xbx,2,1c2ed488,64,128,1
models/Skater_Male/Board_Default.tex.xbx,3,d35a7290,16,16,1
models/Skater_Male/Board_Default.tex.xbx,4,53d50618,64,32,1
models/Skater_Male/Board_Default.tex.xbx,5,beb4634c,32,32,1
models/Skater_Male/Extra_Kneepad.tex.xbx,0,fbc1ec18,64,32,1
models/Skater_Male/Extra_Kneepad_big.tex.xbx,0,fbc1ec18,64,32,1
models/Skater_Male/Extra_Parrot.tex.xbx,0,c091944c,64,64,5
models/Skater_Male/Extra_Ring02_L.tex.xbx,0,73c3c3b4,32,32,1
models/Skater_Male/Extra_Ring02_R.tex.xbx,0,73c3c3b4,32,32,1
models/Skater_Male/Extra_Ring03_L.tex.xbx,0,f8574574,32,16,1
models/Skater_Male/Extra_Ring03_R.tex.xbx,0,4fd70b94,32,16,1
models/Skater_Male/Extra_Ring04_L.tex.xbx,0,ec6b8214,32,32,1
models/Skater_Male/Extra_Ring04_R.tex.xbx,0,ec6b8214,32,32,1
models/Skater_Male/Extra_Skeletonarms.tex.xbx,0,9afd4848,32,32,1
models/Skater_Male/Extra_Skeletonarms.tex.xbx,1,cebc6188,32,32,1
models/Skater_Male/Extra_Skeletonhand.tex.xbx,0,9afd4848,32,32,1
models/Skater_Male/Extra_Socks_feet.tex.xbx,0,9fcc1f18,64,64,5
models/Skater_Male/Extra_Watch_L_01.tex.xbx,0,3b058b5c,32,32,1
models/Skater_Male/Extra_Watch_R_01.tex.xbx,0,3b058b5c,32,32,1
models/Skater_Male/Face_Male_01.tex.xbx,0,c12aa030,128,128,1
models/Skater_Male/Face_Male_01.tex.xbx,1,225e0fcc,64,64,2
models/Skater_Male/Face_Male_01.tex.xbx,2,291c7eac,64,64,2
models/Skater_Male/Face_Male_01.tex.xbx,3,e6aa99ac,32,32,2
models/Skater_Male/Face_Male_01.tex.xbx,4,79259b14,64,32,1
models/Skater_Male/Face_Male_01.tex.xbx,5,8142fc24,32,32,1
models/Skater_Male/Face_Male_01.tex.xbx,6,b060c25c,32,32,1
models/Skater_Male/Facemap_male_01.tex.xbx,0,c12aa030,128,128,1
models/Skater_Male/Facemap_male_01.tex.xbx,1,225e0fcc,64,64,2
models/Skater_Male/Facemap_male_01.tex.xbx,2,291c7eac,64,64,2
models/Skater_Male/Facemap_male_01.tex.xbx,3,e6aa99ac,32,32,2
models/Skater_Male/Facemap_male_01.tex.xbx,4,79259b14,64,32,1
models/Skater_Male/Facemap_male_01.tex.xbx,5,8142fc24,32,32,1
models/Skater_Male/Facemap_male_01.tex.xbx,6,b060c25c,32,32,1
models/Skater_Male/Hair_M_Bowl.tex.xbx,0,299e1304,128,64,5
models/Skater_Male/Hair_M_BuzzHAT.tex.xbx,0,2dfa7cd8,64,64,5
models/Skater_Male/Hair_M_CombOver.tex.xbx,0,9bc5737c,64,64,5
models/Skater_Male/Hair_M_Cornrows1.tex.xbx,0,8febb29c,32,128,5
models/Skater_Male/Hair_M_EraserHead.tex.xbx,0,9875ff50,32,32,5
models/Skater_Male/Hair_M_Fritz.tex.xbx,0,9bc5737c,64,64,5
models/Skater_Male/Hair_M_JarHead.tex.xbx,0,280b0244,128,64,5
models/Skater_Male/Hair_M_LibertySpikes.tex.xbx,0,756f607c,64,64,2
models/Skater_Male/Hair_M_Long2.tex.xbx,0,131442cc,128,64,5
models/Skater_Male/Hair_M_Long3.tex.xbx,0,2d99c26c,32,64,5
models/Skater_Male/Hair_M_LongHAT.tex.xbx,0,01aa7ea8,128,64,5
models/Skater_Male/Hair_M_Medium1.tex.xbx,0,cdfbe18c,64,64,5
models/Skater_Male/Hair_M_Medium1.tex.xbx,1,396ea7b8,64,64,1
models/Skater_Male/Hair_M_Medium2.tex.xbx,0,dfadddbc,128,64,5
models/Skater_Male/Hair_M_Medium3.tex.xbx,0,831353e4,128,64,5
models/Skater_Male/Hair_M_Medium4.tex.xbx,0,42928ee4,128,64,5
models/Skater_Male/Hair_M_Medium5.tex.xbx,0,262e1ebc,128,64,5
models/Skater_Male/Hair_M_MediumHAT.tex.xbx,0,7a356d6c,64,64,5
models/Skater_Male/Hair_M_MediumHAT.tex.xbx,1,aec008d8,64,64,1
models/Skater_Male/Hair_M_MediumHAT1.tex.xbx,0,42928ee4,128,64,5
models/Skater_Male/Hair_M_MediumHAT2.tex.xbx,0,831353e4,128,64,5
models/Skater_Male/Hair_M_MediumHAT3.tex.xbx,0,dfadddbc,128,64,5
models/Skater_Male/Hair_M_Pompadour.tex.xbx,0,73d0b720,32,64,1
models/Skater_Male/Hair_M_Pompadour.tex.xbx,1,c4d2cea0,32,64,5
models/Skater_Male/Hair_M_Ponytail1.tex.xbx,0,64a784a8,128,64,5
models/Skater_Male/Hair_M_Ponytail2.tex.xbx,0,701d31fc,128,64,5
models/Skater_Male/Hair_M_PonytailHAT.tex.xbx,0,cdfbe18c,64,64,5
models/Skater_Male/Hair_M_PonytailHAT.tex.xbx,1,396ea7b8,64,64,1
models/Skater_Male/Hair_M_PonytailHAT1.tex.xbx,0,64a784a8,128,64,5
models/Skater_Male/Hair_M_ShortHAT.tex.xbx,0,4138d710,128,64,5
models/Skater_Male/Hair_M_Slick02.tex.xbx,0,4138d710,128,64,5
models/Skater_Male/Hair_M_Slick03.tex.xbx,0,1d074738,128,64,5
models/Skater_Male/Hair_M_Spiked1.tex.xbx,0,9949a9cc,128,64,5
models/Skater_Male/Hair_M_W_Afro.tex.xbx,0,748376c0,32,32,5
models/Skater_Male/Hair_M_W_Afro.tex.xbx,1,c3780e40,16,32,5
models/Skater_Male/Hair_M_W_Buzz.tex.xbx,0,3ba29e38,64,64,5
models/Skater_Male/Hair_M_W_Longhair_A.tex.xbx,0,01aa7ea8,128,64,5
models/Skater_Male/Hair_M_W_Mohawk.tex.xbx,0,756f607c,64,64,2
models/Skater_Male/Hair_M_W_Mullet_A.tex.xbx,0,f0a58650,128,64,5
models/Skater_Male/Hair_part_Side_L.tex.xbx,0,f3f5901c,128,64,5
models/Skater_Male/Hair_part_Side_R.tex.xbx,0,f3f5901c,128,64,5
models/Skater_Male/Hair_part_middle.tex.xbx,0,abcf1bb0,128,64,5
models/Skater_Male/Hands.tex.xbx,0,26148f44,32,32,1
models/Skater_Male/Hat_Brain.tex.xbx,0,904451d4,64,64,1
models/Skater_Male/Hat_Devil.tex.xbx,0,78765e04,32,64,1
models/Skater_Male/Hat_HArd.tex.xbx,0,a293f85c,64,64,1
models/Skater_Male/Hat_HArd.tex.xbx,1,341e3e48,32,16,1
models/Skater_Male/Hat_HawkA.tex.xbx,0,fb19ec7c,64,64,1
models/Skater_Male/Hat_HawkA.tex.xbx,1,b8234f78,64,32,5
models/Skater_Male/Hat_HawkA.tex.xbx,2,4cadf6cc,32,32,5
models/Skater_Male/Hat_HawkB.tex.xbx,0,e6a78d28,128,128,1
models/Skater_Male/Hat_Headphones.tex.xbx,0,133f6100,64,64,1
models/Skater_Male/Hat_Jester.tex.xbx,0,f6062898,32,32,1
models/Skater_Male/Hat_Jester.tex.xbx,1,ea93d0ac,64,64,1
models/Skater_Male/Hat_MardiGras1.tex.xbx,0,82d351d4,64,64,5
models/Skater_Male/Hat_MardiGras2.tex.xbx,0,7748b7d0,64,64,5
models/Skater_Male/Hat_Mask_Gas.tex.xbx,0,849cad7c,64,64,5
models/Skater_Male/Hat_Mask_Wrestler.tex.xbx,0,69a178e8,128,128,1
models/Skater_Male/Hat_Mask_Zoro.tex.xbx,0,b7a260ac,64,32,5
models/Skater_Male/Hat_Metal_Mask.tex.xbx,0,d30a0f0c,64,64,1
models/Skater_Male/Hat_MountainBike.tex.xbx,0,eed2f054,64,64,1
models/Skater_Male/Hat_PaperBag.tex.xbx,0,e3054900,64,64,1
models/Skater_Male/Hat_PaperBag.tex.xbx,1,8142fc24,32,32,1
models/Skater_Male/Hat_Police.tex.xbx,0,1470dd44,64,64,1
models/Skater_Male/Hat_Propeller.tex.xbx,0,79c111a4,64,64,1
models/Skater_Male/Hat_Propeller.tex.xbx,1,8f0fd3d8,32,64,2
models/Skater_Male/Hat_Rabbit.tex.xbx,0,1697a50c,64,64,1
models/Skater_Male/Hat_Rasta.tex.xbx,0,81e4dda4,64,64,1
models/Skater_Male/Hat_Samurai.tex.xbx,0,2377eb10,64,64,5
models/Skater_Male/Hat_Sheckler.tex.xbx,0,fefb8194,64,64,1
models/Skater_Male/Hat_Sheckler.tex.xbx,1,099af150,32,64,5
models/Skater_Male/Hat_Skullcap.tex.xbx,0,3ebc2104,64,64,1
models/Skater_Male/Hat_Space.tex.xbx,0,7bd8b944,64,64,5
models/Skater_Male/Hat_TikiMask.tex.xbx,0,8d827848,64,128,1
models/Skater_Male/Hat_VisorBeanie.tex.xbx,0,52c94d44,64,64,1
models/Skater_Male/Hat_VisorBeanie.tex.xbx,1,8f0fd3d8,32,64,2
models/Skater_Male/Hat_VolcomA.tex.xbx,0,269da910,128,128,1
models/Skater_Male/Hat_VolcomB.tex.xbx,0,bb105094,128,128,1
models/Skater_Male/Hat_VolcomB.tex.xbx,1,9a3162a0,32,32,5
models/Skater_Male/Hat_furry.tex.xbx,0,1e10797c,64,64,1
models/Skater_Male/Hat_furry.tex.xbx,1,3e5e8024,32,32,5
models/Skater_Male/Head_Alien.tex.xbx,0,e6ba060c,128,128,1
models/Skater_Male/Head_Bigfoot.tex.xbx,0,64426b38,128,64,5
models/Skater_Male/Head_Skull01.tex.xbx,0,1e9e3948,128,128,1
models/Skater_Male/Head_Skull01.tex.xbx,1,534a42c4,64,64,1
models/Skater_Male/Kneepad_shorts.tex.xbx,0,59f93514,128,128,1
models/Skater_Male/Kneepad_shorts.tex.xbx,1,44860ef8,32,32,2
models/Skater_Male/Kneepad_shorts.tex.xbx,2,899b1848,32,32,2
models/Skater_Male/Pants_Jogger.tex.xbx,0,9b59714c,128,128,1
models/Skater_Male/Pants_Snow.tex.xbx,0,b7a19fa8,128,128,5
models/Skater_Male/Pants_Snow.tex.xbx,1,899b1848,32,32,2
models/Skater_Male/Pants_Snow.tex.xbx,2,44860ef8,32,32,2
models/Skater_Male/Pants_baggy.tex.xbx,0,b21dfdf0,128,128,1
models/Skater_Male/Pants_baggy.tex.xbx,1,899b1848,32,32,2
models/Skater_Male/Pants_baggy.tex.xbx,2,44860ef8,32,32,2
models/Skater_Male/Pants_plaid_4star.tex.xbx,0,b01943cc,128,128,1
models/Skater_Male/Pants_plaid_4star.tex.xbx,1,899b1848,32,32,2
models/Skater_Male/Pants_plaid_4star.tex.xbx,2,44860ef8,32,32,2
models/Skater_Male/Pants_regular.tex.xbx,0,b21dfdf0,128,128,1
models/Skater_Male/Pants_regular.tex.xbx,1,899b1848,32,32,2
models/Skater_Male/Pants_regular.tex.xbx,2,44860ef8,32,32,2
models/Skater_Male/Pants_tight.tex.xbx,0,b6a36f98,128,128,1
models/Skater_Male/Pants_tight.tex.xbx,1,44860ef8,32,32,2
models/Skater_Male/Pants_tight.tex.xbx,2,899b1848,32,32,2
models/Skater_Male/Shirt_Jacket_Hurley.tex.xbx,0,669bfd10,128,128,1
models/Skater_Male/Shirt_Jacket_Hurley.tex.xbx,1,f4655f9c,64,32,5
models/Skater_Male/Shirt_Jacket_HurleyHood.tex.xbx,0,3881a6e0,64,64,1
models/Skater_Male/Shirt_Jacket_HurleyHood.tex.xbx,1,669bfd10,128,128,1
models/Skater_Male/Shirt_Jacket_HurleyHood.tex.xbx,2,f4655f9c,64,32,5
models/Skater_Male/Shirt_Jacket_Jean.tex.xbx,0,a3f99954,128,128,1
models/Skater_Male/Shirt_Jacket_Jean.tex.xbx,1,d24d6d40,64,128,1
models/Skater_Male/Shirt_Jacket_JeanVest.tex.xbx,0,a3f99954,128,128,1
models/Skater_Male/Shirt_Jacket_JeanVest.tex.xbx,1,d24d6d40,64,128,1
models/Skater_Male/Shirt_Jacket_Nixon_Grey.tex.xbx,0,663eb8a0,128,128,1
models/Skater_Male/Shirt_Jacket_Nixon_Grey.tex.xbx,1,280c36d8,64,128,1
models/Skater_Male/Shirt_Jacket_Nixon_Grey.tex.xbx,2,2ed75834,64,32,5
models/Skater_Male/Shirt_Jacket_Volcom.tex.xbx,0,678a1214,128,128,1
models/Skater_Male/Shirt_Jacket_Volcom.tex.xbx,1,02fd5728,64,128,1
models/Skater_Male/Shirt_Jacket_Volcom.tex.xbx,2,2ed75834,64,32,5
models/Skater_Male/Shirt_Jacket_West.tex.xbx,0,cc9566d0,128,128,1
models/Skater_Male/Shirt_Jacket_quicksilver_Brown.tex.xbx,0,e460f250,128,128,1
models/Skater_Male/Shirt_Jacket_quicksilver_Brown.tex.xbx,1,7868d7d4,64,64,5
models/Skater_Male/Shirt_Jacket_quicksilver_Brown.tex.xbx,2,32c01880,64,128,1
models/Skater_Male/Shirt_Jacket_quicksilver_Brown.tex.xbx,3,f4655f9c,64,32,5
models/Skater_Male/Shirt_Longsleeve.tex.xbx,0,45c452ac,128,128,1
models/Skater_Male/Shirt_Longsleeve.tex.xbx,1,a3bf45fc,128,64,2
models/Skater_Male/Shirt_Longsleeve.tex.xbx,2,d8dfaf68,128,64,2
models/Skater_Male/Shirt_Longsleeve.tex.xbx,3,174b24c0,64,64,1
models/Skater_Male/Shirt_Longsleeve.tex.xbx,4,899b1848,32,32,2
models/Skater_Male/Shirt_Nigel_Costume.tex.xbx,0,43369548,64,128,1
models/Skater_Male/Shirt_Nigel_Costume.tex.xbx,1,74d6eae8,64,64,1
models/Skater_Male/Shirt_Nigel_Costume.tex.xbx,2,a2908818,32,32,1
models/Skater_Male/Shirt_Nigel_Costume.tex.xbx,3,300e1044,128,128,1
models/Skater_Male/Shirt_Nigel_Costume.tex.xbx,4,a898b5bc,32,32,1
models/Skater_Male/Shirt_Nigel_Costume.tex.xbx,5,4410df64,64,64,5
models/Skater_Male/Shirt_Sweater_4star.tex.xbx,0,46e3f5c0,128,128,1
models/Skater_Male/Shirt_baseball-LT.tex.xbx,0,74163400,64,64,5
models/Skater_Male/Shirt_baseball-LT.tex.xbx,1,44860ef8,32,32,2
models/Skater_Male/Shirt_baseball-LT.tex.xbx,2,45c452ac,128,128,1
models/Skater_Male/Shirt_baseball-LT.tex.xbx,3,a3bf45fc,128,64,2
models/Skater_Male/Shirt_baseball-LT.tex.xbx,4,d8dfaf68,128,64,2
models/Skater_Male/Shirt_baseball-t.tex.xbx,0,8267e784,64,64,1
models/Skater_Male/Shirt_baseball-t.tex.xbx,1,45c452ac,128,128,1
models/Skater_Male/Shirt_baseball-t.tex.xbx,2,a3bf45fc,128,64,2
models/Skater_Male/Shirt_baseball-t.tex.xbx,3,d8dfaf68,128,64,2
models/Skater_Male/Shirt_button_Skin_ls.tex.xbx,0,2d41f89c,128,128,5
models/Skater_Male/Shirt_button_Skin_ls.tex.xbx,1,86656b84,64,128,5
models/Skater_Male/Shirt_button_Skin_ls.tex.xbx,2,899b1848,32,32,2
models/Skater_Male/Shirt_hoodydown2.tex.xbx,0,899b1848,32,32,2
models/Skater_Male/Shirt_hoodydown2.tex.xbx,1,56ae4288,64,64,1
models/Skater_Male/Shirt_hoodydown2.tex.xbx,2,a3bf45fc,128,64,2
models/Skater_Male/Shirt_hoodydown2.tex.xbx,3,fd4215ac,64,64,5
models/Skater_Male/Shirt_hoodydown2.tex.xbx,4,50158824,128,128,1
models/Skater_Male/Shirt_jacket_Nixon_blk.tex.xbx,0,2dab2dfc,128,128,1
models/Skater_Male/Shirt_jacket_Nixon_blk.tex.xbx,1,b7df1a84,64,128,1
models/Skater_Male/Shirt_jacket_Nixon_blk.tex.xbx,2,5dca64fc,32,32,5
models/Skater_Male/Shirt_longslv_QuickBlk.tex.xbx,0,fb1d3008,128,128,1
models/Skater_Male/Shirt_longslv_QuickBlk.tex.xbx,1,a8e392ec,64,128,1
models/Skater_Male/Shirt_longslv_QuickBlk.tex.xbx,2,2ed75834,64,32,5
models/Skater_Male/Shirt_longslv_QuickGry.tex.xbx,0,a44fd118,128,128,1
models/Skater_Male/Shirt_longslv_QuickGry.tex.xbx,1,7f0de860,64,128,1
models/Skater_Male/Shirt_longslv_QuickGry.tex.xbx,2,2ed75834,64,32,5
models/Skater_Male/Shirt_tshirt.tex.xbx,0,45c452ac,128,128,1
models/Skater_Male/Shirt_tshirt.tex.xbx,1,a3bf45fc,128,64,2
models/Skater_Male/Shirt_tshirt.tex.xbx,2,d8dfaf68,128,64,2
models/Skater_Male/Shirt_tshirt.tex.xbx,3,174b24c0,64,64,1
models/Skater_Male/Shirt_tshirt_Hurley.tex.xbx,0,c3625bf0,128,128,1
models/Skater_Male/Shirt_tshirt_Hurley.tex.xbx,1,d8dfaf68,128,64,2
models/Skater_Male/Shirt_tshirt_Hurley.tex.xbx,2,a371b188,128,64,1
models/Skater_Male/Shoe_Moonboot.tex.xbx,0,5658efa0,64,64,1
models/Skater_Male/Shoe_Sandals01.tex.xbx,0,81d61f70,64,64,1
models/Skater_Male/Shoe_lowtop.tex.xbx,0,4e14dc7c,64,64,1
models/Skater_Male/Shoe_lowtop.tex.xbx,1,89be3ba0,16,32,5
models/Skater_Male/Shoe_slippers.tex.xbx,0,b4d5d640,64,64,1
models/Skater_Male/Shorts_Bball.tex.xbx,0,9a26e4b4,128,128,1
models/Skater_Male/Shorts_Bball.tex.xbx,1,899b1848,32,32,2
models/Skater_Male/Shorts_Bball.tex.xbx,2,44860ef8,32,32,2
models/Skater_Male/Shorts_Diapers.tex.xbx,0,92f9de94,128,128,1
models/Skater_Male/Shorts_Diapers.tex.xbx,1,899b1848,32,32,2
models/Skater_Male/Shorts_Diapers.tex.xbx,2,44860ef8,32,32,2
models/Skater_Male/Skater_M_Calves.tex.xbx,0,4c0531e0,64,128,1
models/Skater_Male/Skater_M_Calves.tex.xbx,1,beddd148,32,32,2
models/Skater_Male/Skater_M_Calves.tex.xbx,2,bd53a688,32,32,2
models/Skater_Male/Skater_M_Calves.tex.xbx,3,3f617c00,32,32,2
models/Skater_Male/Skater_M_Calves.tex.xbx,4,71722d68,32,32,2
models/Skater_Male/Skater_M_Hands.tex.xbx,0,015ba168,32,32,1
models/Skater_Male/Skater_M_Hands.tex.xbx,1,8cee8220,32,32,2
models/Skater_Male/Skater_M_Hands.tex.xbx,2,45d74b40,32,32,2
models/Skater_Male/Skater_M_Legs.tex.xbx,0,4c0531e0,64,128,1
models/Skater_Male/Skater_M_Legs.tex.xbx,1,3f617c00,32,32,2
models/Skater_Male/Skater_M_Legs.tex.xbx,2,71722d68,32,32,2
models/Skater_Male/Skater_M_Legs.tex.xbx,3,beddd148,32,32,2
models/Skater_Male/Skater_M_Legs.tex.xbx,4,bd53a688,32,32,2
models/Skater_Male/Skater_M_Torso.tex.xbx,0,ae9de274,128,128,1
models/Skater_Male/Skater_M_Torso.tex.xbx,1,86de2e78,64,64,2
models/Skater_Male/Skater_M_Torso.tex.xbx,2,02dd1ee0,64,64,2
models/Skater_Male/Skater_Male.tex.xbx,0,065eaf88,64,64,1
models/Skater_Male/Skater_Male.tex.xbx,1,ace9cec0,32,32,2
models/Skater_Male/Skater_Male.tex.xbx,2,3147a150,32,32,2
models/Skater_Male/Skater_Male.tex.xbx,3,bd53a688,32,32,2
models/Skater_Male/Skater_Male.tex.xbx,4,f5dc4240,64,64,1
models/Skater_Male/Skater_Male.tex.xbx,5,516d8008,32,32,2
models/Skater_Male/Skater_Male.tex.xbx,6,d0c40e38,32,32,2
models/Skater_Male/Skater_Male.tex.xbx,7,45d74b40,32,32,2
models/Skater_Male/Skater_Male.tex.xbx,8,ae9de274,128,128,1
models/Skater_Male/Skater_Male.tex.xbx,9,86de2e78,64,64,2
models/Skater_Male/Skater_Male.tex.xbx,10,02dd1ee0,64,64,2
models/Skater_Male/Skin_Extra_eyes.tex.xbx,0,534a42c4,64,64,1
models/Skater_Male/Skin_Extra_eyes.tex.xbx,1,8142fc24,32,32,1
models/Skater_Male/Specs_Nigel_Costume.tex.xbx,0,4410df64,64,64,5
models/Skater_Male/TShirt_Layerd.tex.xbx,0,45c452ac,128,128,1
models/Skater_Male/TShirt_Layerd.tex.xbx,1,a3bf45fc,128,64,2
models/Skater_Male/TShirt_Layerd.tex.xbx,2,d8dfaf68,128,64,2
models/Skater_Male/TShirt_Layerd.tex.xbx,3,8171c818,64,64,1
models/Skater_Male/Torso_Robot.tex.xbx,0,3c27a508,64,128,1
models/Skater_Male/extra_RobotHands.tex.xbx,0,3c27a508,64,128,1
models/Skater_Male/extra_Spikeband2_L.tex.xbx,0,8ee6cd70,16,16,0
models/Skater_Male/extra_Spikeband2_R.tex.xbx,0,8ee6cd70,16,16,0
models/Skater_Male/extra_Spikeband_L.tex.xbx,0,8ee6cd70,16,16,0
models/Skater_Male/extra_Spikeband_R.tex.xbx,0,8ee6cd70,16,16,0
models/Skater_Male/extra_Spikeneck.tex.xbx,0,8ee6cd70,16,16,0
models/Skater_Male/extra_armband01_L.tex.xbx,0,3e384570,16,16,0
models/Skater_Male/extra_armband01_R.tex.xbx,0,3e384570,16,16,0
models/Skater_Male/extra_backpack.tex.xbx,0,c8840208,64,64,1
models/Skater_Male/extra_backpack02.tex.xbx,0,fd87b488,64,64,1
models/Skater_Male/extra_backpack03.tex.xbx,0,4f78db84,64,64,1
models/Skater_Male/extra_backpack03.tex.xbx,1,10ef84d8,32,16,2
models/Skater_Male/extra_backpack_Graffiti.tex.xbx,0,1d5c4f88,128,128,1
models/Skater_Male/extra_backpack_Graffiti.tex.xbx,1,9217d668,16,16,5
models/Skater_Male/extra_backpack_Matix.tex.xbx,0,f5ea7a30,64,64,1
models/Skater_Male/extra_bullring.tex.xbx,0,a863d274,32,32,1
models/Skater_Male/extra_castL.tex.xbx,0,1fd86e80,32,32,1
models/Skater_Male/extra_castL.tex.xbx,1,36f3a408,8,8,1
models/Skater_Male/extra_castL.tex.xbx,2,5a4d2d80,32,32,5
models/Skater_Male/extra_castR.tex.xbx,0,1fd86e80,32,32,1
models/Skater_Male/extra_castR.tex.xbx,1,36f3a408,8,8,1
models/Skater_Male/extra_castR.tex.xbx,2,5a4d2d80,32,32,5
models/Skater_Male/extra_clocknecklace.tex.xbx,0,1a21dd14,64,64,5
models/Skater_Male/extra_clocknecklace.tex.xbx,1,eb942990,16,16,5
models/Skater_Male/extra_clownnose.tex.xbx,0,218f8ea0,32,32,1
models/Skater_Male/extra_elbowbandL.tex.xbx,0,cebc6188,32,32,1
models/Skater_Male/extra_elbowbandR.tex.xbx,0,cebc6188,32,32,1
models/Skater_Male/extra_elbowpadL.tex.xbx,0,91466c2c,32,64,1
models/Skater_Male/extra_elbowpadL_Big.tex.xbx,0,91466c2c,32,64,1
models/Skater_Male/extra_elbowpadR.tex.xbx,0,91466c2c,32,64,1
models/Skater_Male/extra_elbowpadR_Big.tex.xbx,0,91466c2c,32,64,1
models/Skater_Male/extra_glove_boxing.tex.xbx,0,0b64e3cc,32,32,1
models/Skater_Male/extra_gloves.tex.xbx,0,23fdf25c,32,32,1
models/Skater_Male/extra_gloves_rubber.tex.xbx,0,f2de09cc,32,32,1
models/Skater_Male/extra_gloves_snow.tex.xbx,0,cb056258,32,32,1
models/Skater_Male/extra_socks.tex.xbx,0,9fcc1f18,64,64,5
models/Skater_Male/extra_watch_L.tex.xbx,0,8697155c,32,32,0
models/Skater_Male/extra_watch_L_01_Nixon.tex.xbx,0,7cc2b338,32,32,1
models/Skater_Male/extra_watch_L_02_Nixon.tex.xbx,0,40b173c0,32,32,1
models/Skater_Male/extra_watch_L_03_Nixon.tex.xbx,0,fe6bb508,32,32,1
models/Skater_Male/extra_watch_R.tex.xbx,0,8697155c,32,32,0
models/Skater_Male/extra_watch_R_01_Nixon.tex.xbx,0,7cc2b338,32,32,1
models/Skater_Male/extra_watch_R_02_Nixon.tex.xbx,0,40b173c0,32,32,1
models/Skater_Male/extra_watch_R_03_Nixon.tex.xbx,0,fe6bb508,32,32,1
models/Skater_Male/extra_wings.tex.xbx,0,e2c48238,128,64,5
models/Skater_Male/extra_wristape_L.tex.xbx,0,3e384570,16,16,1
models/Skater_Male/extra_wristape_R.tex.xbx,0,3e384570,16,16,1
models/Skater_Male/extra_wristband3_L.tex.xbx,0,48aed210,32,32,1
models/Skater_Male/extra_wristband3_L.tex.xbx,1,01771310,32,32,5
models/Skater_Male/extra_wristband3_R.tex.xbx,0,48aed210,32,32,1
models/Skater_Male/extra_wristband3_R.tex.xbx,1,01771310,32,32,5
models/Skater_Male/extra_wristband_L.tex.xbx,0,3e384570,16,16,0
models/Skater_Male/extra_wristband_R.tex.xbx,0,3e384570,16,16,0
models/Skater_Male/extra_wristguard_L.tex.xbx,0,33fcadb0,32,64,1
models/Skater_Male/extra_wristguard_R.tex.xbx,0,33fcadb0,32,64,1
models/Skater_Male/hair_m_w_buzzHAT.tex.xbx,0,3ba29e38,64,64,5
models/Skater_Male/hat_Wizard.tex.xbx,0,0fa413f0,64,64,1
models/Skater_Male/hat_Wizard.tex.xbx,1,531b9d98,32,32,5
models/Skater_Male/hat_Wizard.tex.xbx,2,b2bede98,32,32,5
models/Skater_Male/hat_Wizard.tex.xbx,3,de1672b4,32,32,1
models/Skater_Male/hat_bandana.tex.xbx,0,84983b68,64,64,1
models/Skater_Male/hat_beanie.tex.xbx,0,e9630818,64,64,1
models/Skater_Male/hat_beanie.tex.xbx,1,8f0fd3d8,32,64,2
models/Skater_Male/hat_beanie2.tex.xbx,0,3caa77d8,64,64,1
models/Skater_Male/hat_beer.tex.xbx,0,55ef5750,64,64,1
models/Skater_Male/hat_beret.tex.xbx,0,ab4f6968,64,64,1
models/Skater_Male/hat_bowler.tex.xbx,0,60510818,64,64,1
models/Skater_Male/hat_capbackward.tex.xbx,0,7fece0f8,64,64,1
models/Skater_Male/hat_capbackward.tex.xbx,1,8f0fd3d8,32,64,2
models/Skater_Male/hat_capforward.tex.xbx,0,7fece0f8,64,64,1
models/Skater_Male/hat_capforward.tex.xbx,1,8f0fd3d8,32,64,2
models/Skater_Male/hat_china.tex.xbx,0,6bcea8f4,64,64,1
models/Skater_Male/hat_constable.tex.xbx,0,f9621ee0,64,64,1
models/Skater_Male/hat_cowboy.tex.xbx,0,f47fd4f8,64,64,1
models/Skater_Male/hat_crooked_backward.tex.xbx,0,968dab14,64,64,1
models/Skater_Male/hat_crooked_backward.tex.xbx,1,8f0fd3d8,32,64,2
models/Skater_Male/hat_crooked_forward.tex.xbx,0,968dab14,64,64,1
models/Skater_Male/hat_crooked_forward.tex.xbx,1,8f0fd3d8,32,64,2
models/Skater_Male/hat_dunce.tex.xbx,0,ba3259fc,32,32,1
models/Skater_Male/hat_dunce.tex.xbx,1,5454a4d8,64,32,5
models/Skater_Male/hat_gangsterhat.tex.xbx,0,2f63d208,64,64,1
models/Skater_Male/hat_giligan.tex.xbx,0,a93cab98,64,64,1
models/Skater_Male/hat_greenberet.tex.xbx,0,bb1ce210,64,64,1
models/Skater_Male/hat_headband.tex.xbx,0,ef46f194,64,32,5
models/Skater_Male/hat_helmet.tex.xbx,0,1dcd20c8,64,64,1
models/Skater_Male/hat_helmet.tex.xbx,1,8f0fd3d8,32,64,2
models/Skater_Male/hat_helmet2.tex.xbx,0,29fc0668,64,64,1
models/Skater_Male/hat_helmet2.tex.xbx,1,8f0fd3d8,32,64,2
models/Skater_Male/hat_motorbike.tex.xbx,0,c9584810,64,64,1
models/Skater_Male/hat_nurse.tex.xbx,0,5ee7af10,32,32,1
models/Skater_Male/hat_nurse.tex.xbx,1,ca724a94,32,32,5
models/Skater_Male/hat_paper.tex.xbx,0,f8becb40,64,64,1
models/Skater_Male/hat_piratehat.tex.xbx,0,39541610,64,64,1
models/Skater_Male/hat_robin2.tex.xbx,0,7525c3f0,64,64,1
models/Skater_Male/hat_robin2.tex.xbx,1,ca24f5b8,64,16,5
models/Skater_Male/hat_sailor.tex.xbx,0,3c0030c0,64,64,1
models/Skater_Male/hat_smallcap.tex.xbx,0,7fece0f8,64,64,1
models/Skater_Male/hat_smallcap.tex.xbx,1,8f0fd3d8,32,64,2
models/Skater_Male/hat_soldier.tex.xbx,0,b66ede34,64,64,1
models/Skater_Male/hat_sombrero.tex.xbx,0,ef3f4e68,16,16,1
models/Skater_Male/hat_sombrero.tex.xbx,1,7f747964,32,32,1
models/Skater_Male/hat_sombrero.tex.xbx,2,ab01bfe0,32,32,1
models/Skater_Male/hat_spike.tex.xbx,0,85f28230,64,64,1
models/Skater_Male/hat_tall.tex.xbx,0,8df34abc,32,32,1
models/Skater_Male/hat_tophat.tex.xbx,0,0202cb10,64,64,1
models/Skater_Male/hat_trucker.tex.xbx,0,968dab14,64,64,1
models/Skater_Male/hat_trucker.tex.xbx,1,8f0fd3d8,32,64,2
models/Skater_Male/hat_trucker_backward.tex.xbx,0,968dab14,64,64,1
models/Skater_Male/hat_trucker_backward.tex.xbx,1,8f0fd3d8,32,64,2
models/Skater_Male/hat_turban.tex.xbx,0,8a526130,64,64,1
models/Skater_Male/hat_turnedup.tex.xbx,0,eb50cce8,64,64,1
models/Skater_Male/hat_turnedup.tex.xbx,1,8f0fd3d8,32,64,2
models/Skater_Male/hat_viking.tex.xbx,0,1e1d447c,64,64,1
models/Skater_Male/hat_visor.tex.xbx,0,eb79dd50,64,64,1
models/Skater_Male/head_robot.tex.xbx,0,8c96f9a4,128,128,1
models/Skater_Male/head_robot.tex.xbx,1,3c27a508,64,128,1
models/Skater_Male/pant_gatheredcargo.tex.xbx,0,784d9f98,128,128,5
models/Skater_Male/pants_cargolong.tex.xbx,0,610a742c,128,128,1
models/Skater_Male/pants_cargolong.tex.xbx,1,899b1848,32,32,2
models/Skater_Male/pants_cargolong.tex.xbx,2,44860ef8,32,32,2
models/Skater_Male/pants_shortcargo.tex.xbx,0,5d1bece0,128,128,1
models/Skater_Male/pants_shortcargo.tex.xbx,1,44860ef8,32,32,2
models/Skater_Male/pants_shortcargo.tex.xbx,2,899b1848,32,32,2
models/Skater_Male/pants_shorts02.tex.xbx,0,f67bba1c,128,128,1
models/Skater_Male/pants_shorts02.tex.xbx,1,44860ef8,32,32,2
models/Skater_Male/pants_shorts02.tex.xbx,2,899b1848,32,32,2
models/Skater_Male/pants_shortshort.tex.xbx,0,b29acc4c,128,128,5
models/Skater_Male/pants_suit.tex.xbx,0,f1366618,128,128,1
models/Skater_Male/shirt_Bullsuit.tex.xbx,0,95582fc8,128,128,5
models/Skater_Male/shirt_HoodUP_Matix.tex.xbx,0,cb933d24,128,128,1
models/Skater_Male/shirt_HoodUP_Matix.tex.xbx,1,a3bf45fc,128,64,2
models/Skater_Male/shirt_HoodUP_Matix.tex.xbx,2,d8dfaf68,128,64,2
models/Skater_Male/shirt_HoodUP_Matix.tex.xbx,3,6f56c298,64,128,1
models/Skater_Male/shirt_HoodUP_Matix.tex.xbx,4,255687dc,32,16,5
models/Skater_Male/shirt_HoodUP_Matix.tex.xbx,5,61be3ab0,64,64,1
models/Skater_Male/shirt_HoodUP_Matix.tex.xbx,6,25888088,32,64,5
models/Skater_Male/shirt_Hooddwn_Matix.tex.xbx,0,cb933d24,128,128,1
models/Skater_Male/shirt_Hooddwn_Matix.tex.xbx,1,a3bf45fc,128,64,2
models/Skater_Male/shirt_Hooddwn_Matix.tex.xbx,2,d8dfaf68,128,64,2
models/Skater_Male/shirt_Hooddwn_Matix.tex.xbx,3,6f56c298,64,128,1
models/Skater_Male/shirt_Hooddwn_Matix.tex.xbx,4,255687dc,32,16,5
models/Skater_Male/shirt_Hooddwn_Matix.tex.xbx,5,61be3ab0,64,64,1
models/Skater_Male/shirt_Hooddwn_Matix.tex.xbx,6,25888088,32,64,5
models/Skater_Male/shirt_Hooddwn_Volcom.tex.xbx,0,325d7148,128,128,1
models/Skater_Male/shirt_Hooddwn_Volcom.tex.xbx,1,a3bf45fc,128,64,2
models/Skater_Male/shirt_Hooddwn_Volcom.tex.xbx,2,3f36e660,64,128,1
models/Skater_Male/shirt_Hooddwn_Volcom.tex.xbx,3,255687dc,32,16,5
models/Skater_Male/shirt_Hooddwn_Volcom.tex.xbx,4,733d8e28,64,64,5
models/Skater_Male/shirt_Shirt_Skull_4star.tex.xbx,0,18204454,128,128,5
models/Skater_Male/shirt_Shirt_Skull_4star.tex.xbx,1,a3bf45fc,128,64,2
models/Skater_Male/shirt_Shirt_Skull_4star.tex.xbx,2,d8dfaf68,128,64,2
models/Skater_Male/shirt_Shirt_Skull_4star.tex.xbx,3,f97ee6f8,128,128,5
models/Skater_Male/shirt_T_collar_longsleeve.tex.xbx,0,72f05734,128,128,5
models/Skater_Male/shirt_T_collar_longsleeve.tex.xbx,1,a3bf45fc,128,64,2
models/Skater_Male/shirt_T_collar_longsleeve.tex.xbx,2,d8dfaf68,128,64,2
models/Skater_Male/shirt_T_collar_longsleeve.tex.xbx,3,174b24c0,64,64,1
models/Skater_Male/shirt_T_collar_longsleeve.tex.xbx,4,74163400,64,64,5
models/Skater_Male/shirt_T_longsleeve.tex.xbx,0,45c452ac,128,128,1
models/Skater_Male/shirt_T_longsleeve.tex.xbx,1,a3bf45fc,128,64,2
models/Skater_Male/shirt_T_longsleeve.tex.xbx,2,d8dfaf68,128,64,2
models/Skater_Male/shirt_T_longsleeve.tex.xbx,3,8267e784,64,64,1
models/Skater_Male/shirt_T_stripes.tex.xbx,0,45c452ac,128,128,1
models/Skater_Male/shirt_T_stripes.tex.xbx,1,a3bf45fc,128,64,2
models/Skater_Male/shirt_T_stripes.tex.xbx,2,d8dfaf68,128,64,2
models/Skater_Male/shirt_baseballcoat.tex.xbx,0,751849b8,128,128,1
models/Skater_Male/shirt_baseballcoat.tex.xbx,1,d8dfaf68,128,64,2
models/Skater_Male/shirt_baseballcoat.tex.xbx,2,a3bf45fc,128,64,2
models/Skater_Male/shirt_basketball.tex.xbx,0,75fbf288,128,128,1
models/Skater_Male/shirt_basketball.tex.xbx,1,a3bf45fc,128,64,2
models/Skater_Male/shirt_basketball.tex.xbx,2,d8dfaf68,128,64,2
models/Skater_Male/shirt_basketball_LT.tex.xbx,0,75fbf288,128,128,1
models/Skater_Male/shirt_basketball_LT.tex.xbx,1,a3bf45fc,128,64,2
models/Skater_Male/shirt_basketball_LT.tex.xbx,2,d8dfaf68,128,64,2
models/Skater_Male/shirt_basketball_LT.tex.xbx,3,174b24c0,64,64,1
models/Skater_Male/shirt_basketball_T.tex.xbx,0,75fbf288,128,128,1
models/Skater_Male/shirt_basketball_T.tex.xbx,1,a3bf45fc,128,64,2
models/Skater_Male/shirt_basketball_T.tex.xbx,2,d8dfaf68,128,64,2
models/Skater_Male/shirt_basketball_T.tex.xbx,3,174b24c0,64,64,1
models/Skater_Male/shirt_bball_matix.tex.xbx,0,73da0ef0,128,128,1
models/Skater_Male/shirt_bball_matix.tex.xbx,1,508eb510,64,32,5
models/Skater_Male/shirt_button_ls.tex.xbx,0,b5732f80,128,128,1
models/Skater_Male/shirt_button_ls.tex.xbx,1,d8dfaf68,128,64,2
models/Skater_Male/shirt_button_ls.tex.xbx,2,174b24c0,64,64,1
models/Skater_Male/shirt_button_ls.tex.xbx,3,86656b84,64,128,5
models/Skater_Male/shirt_button_open_ls.tex.xbx,0,56ae4288,64,64,1
models/Skater_Male/shirt_button_open_ls.tex.xbx,1,a3bf45fc,128,64,2
models/Skater_Male/shirt_button_open_ls.tex.xbx,2,2d41f89c,128,128,5
models/Skater_Male/shirt_button_open_ls.tex.xbx,3,86656b84,64,128,5
models/Skater_Male/shirt_button_open_ls.tex.xbx,4,899b1848,32,32,2
models/Skater_Male/shirt_button_open_ss.tex.xbx,0,56ae4288,64,64,1
models/Skater_Male/shirt_button_open_ss.tex.xbx,1,a3bf45fc,128,64,2
models/Skater_Male/shirt_button_open_ss.tex.xbx,2,2d41f89c,128,128,5
models/Skater_Male/shirt_button_open_ss.tex.xbx,3,86656b84,64,128,5
models/Skater_Male/shirt_button_open_ss.tex.xbx,4,899b1848,32,32,2
models/Skater_Male/shirt_button_skin_ss.tex.xbx,0,2d41f89c,128,128,5
models/Skater_Male/shirt_button_skin_ss.tex.xbx,1,86656b84,64,128,5
models/Skater_Male/shirt_button_skin_ss.tex.xbx,2,899b1848,32,32,2
models/Skater_Male/shirt_button_skin_ss.tex.xbx,3,56ae4288,64,64,1
models/Skater_Male/shirt_button_skin_ss.tex.xbx,4,a3bf45fc,128,64,2
models/Skater_Male/shirt_button_ss.tex.xbx,0,b5732f80,128,128,1
models/Skater_Male/shirt_button_ss.tex.xbx,1,d8dfaf68,128,64,2
models/Skater_Male/shirt_button_ss.tex.xbx,2,174b24c0,64,64,1
models/Skater_Male/shirt_colur.tex.xbx,0,72f05734,128,128,5
models/Skater_Male/shirt_colur.tex.xbx,1,d8dfaf68,128,64,2
models/Skater_Male/shirt_colur.tex.xbx,2,174b24c0,64,64,1
models/Skater_Male/shirt_jacket_bomber.tex.xbx,0,2e398a74,128,128,5
models/Skater_Male/shirt_jacket_bomber.tex.xbx,1,2fb5a60c,64,128,5
models/Skater_Male/shirt_jacket_bomber.tex.xbx,2,f3a65ef8,32,64,1
models/Skater_Male/shirt_jacket_jogger.tex.xbx,0,a4afc804,128,128,1
models/Skater_Male/shirt_jacket_leather.tex.xbx,0,1faed3f0,128,128,1
models/Skater_Male/shirt_jacket_leather.tex.xbx,1,767a7430,32,128,1
models/Skater_Male/shirt_jacket_leather.tex.xbx,2,a5544788,64,64,1
models/Skater_Male/shirt_longsleeve_stripes.tex.xbx,0,45c452ac,128,128,1
models/Skater_Male/shirt_longsleeve_stripes.tex.xbx,1,a3bf45fc,128,64,2
models/Skater_Male/shirt_longsleeve_stripes.tex.xbx,2,d8dfaf68,128,64,2
models/Skater_Male/shirt_raincamo.tex.xbx,0,fe52f75c,128,128,1
models/Skater_Male/shirt_sleeveless.tex.xbx,0,45c452ac,128,128,1
models/Skater_Male/shirt_sleeveless.tex.xbx,1,a3bf45fc,128,64,2
models/Skater_Male/shirt_sleeveless.tex.xbx,2,d8dfaf68,128,64,2
models/Skater_Male/shirt_suit.tex.xbx,0,c9ff9f98,128,128,1
models/Skater_Male/shirt_thomas.tex.xbx,0,5f5a7428,128,128,1
models/Skater_Male/shoe_Midtops.tex.xbx,0,448789cc,16,32,5
models/Skater_Male/shoe_Midtops.tex.xbx,1,0927c84c,64,64,1
models/Skater_Male/shoe_Slipon.tex.xbx,0,5b9d8a30,64,64,1
models/Skater_Male/shoe_Slipon.tex.xbx,1,87132c74,32,16,5
models/Skater_Male/shoe_Slipon_Hurley_low.tex.xbx,0,df1eebd8,64,64,1
models/Skater_Male/shoe_Vans_lasek.tex.xbx,0,866c167c,64,64,1
models/Skater_Male/shoe_Vans_lasek.tex.xbx,1,448789cc,16,32,5
models/Skater_Male/shoe_bball01.tex.xbx,0,5667a4a4,64,64,1
models/Skater_Male/shoe_bball01.tex.xbx,1,448789cc,16,32,5
models/Skater_Male/shoe_bball02.tex.xbx,0,a28b44e0,64,64,1
models/Skater_Male/shoe_bball02.tex.xbx,1,89be3ba0,16,32,5
models/Skater_Male/shoe_boot.tex.xbx,0,260f9b78,64,64,1
models/Skater_Male/shoe_chuck.tex.xbx,0,107fbb80,64,64,1
models/Skater_Male/shoe_chuck.tex.xbx,1,89be3ba0,16,32,5
models/Skater_Male/shoe_clown.tex.xbx,0,fbd9bf48,64,64,1
models/Skater_Male/shoe_cowboots.tex.xbx,0,6f7bcaac,64,64,5
models/Skater_Male/shoe_creepy.tex.xbx,0,58b2a630,64,64,1
models/Skater_Male/shoe_creepy.tex.xbx,1,89be3ba0,16,32,5
models/Skater_Male/shoe_feet_m.tex.xbx,0,4c0531e0,64,128,1
models/Skater_Male/shoe_feet_m.tex.xbx,1,beddd148,32,32,2
models/Skater_Male/shoe_feet_m.tex.xbx,2,bd53a688,32,32,2
models/Skater_Male/shoe_feet_m.tex.xbx,3,3f617c00,32,32,2
models/Skater_Male/shoe_feet_m.tex.xbx,4,71722d68,32,32,2
models/Skater_Male/shoe_feet_m.tex.xbx,5,7f27f88c,64,64,1
models/Skater_Male/shoe_flamer.tex.xbx,0,5d18d9d8,64,64,1
models/Skater_Male/shoe_flamer.tex.xbx,1,59134124,64,64,1
models/Skater_Male/shoe_flamer.tex.xbx,2,89be3ba0,16,32,5
models/Skater_Male/shoe_flipflop.tex.xbx,0,31429210,64,32,1
models/Skater_Male/shoe_loafer.tex.xbx,0,df8095ac,64,64,1
models/Skater_Male/shoe_snowboot.tex.xbx,0,487b5d80,64,64,5
models/Skater_Male/shoe_wrestler.tex.xbx,0,ebc64b58,128,128,1
models/Skater_Male/shoes_muska.tex.xbx,0,5d594f54,64,64,1
models/Skater_Male/shoes_skate.tex.xbx,0,35fc51a8,64,64,1
models/Skater_Male/shoes_skate.tex.xbx,1,89be3ba0,16,32,5
models/Skater_Male/skin_RobotLegs.tex.xbx,0,3c27a508,64,128,1
models/Skater_Male/specs_Burnquist.tex.xbx,0,6548ff7c,32,32,5
models/Skater_Male/specs_Burnquist.tex.xbx,1,94150368,32,32,5
models/Skater_Male/specs_aviator.tex.xbx,0,0d867368,16,32,5
models/Skater_Male/specs_catseye01.tex.xbx,0,b1e2d2f8,16,32,5
models/Skater_Male/specs_catseye02.tex.xbx,0,b1e2d2f8,16,32,5
models/Skater_Male/specs_eyeball.tex.xbx,0,d6423058,16,32,5
models/Skater_Male/specs_eyeball.tex.xbx,1,5aa60518,32,32,1
models/Skater_Male/specs_eyepatch.tex.xbx,0,b9559ea0,32,32,1
models/Skater_Male/specs_fly.tex.xbx,0,8938e798,16,32,5
models/Skater_Male/specs_geek.tex.xbx,0,996d6808,16,32,5
models/Skater_Male/specs_goggles.tex.xbx,0,996d6808,16,32,5
models/Skater_Male/specs_halfframe.tex.xbx,0,996d6808,16,32,5
models/Skater_Male/specs_hounddog.tex.xbx,0,453d4f10,32,32,5
models/Skater_Male/specs_nightvision.tex.xbx,0,fdcd8ec8,32,32,1
models/Skater_Male/specs_nightvision.tex.xbx,1,bec6eb48,32,32,1
models/Skater_Male/specs_oversized.tex.xbx,0,996d6808,16,32,5
models/Skater_Male/specs_round.tex.xbx,0,996d6808,16,32,5
models/Skater_Male/specs_scuba.tex.xbx,0,7a34f2b8,32,32,5
models/Skater_Male/specs_skigoggles.tex.xbx,0,d6423058,16,32,5
models/Skater_Male/specs_square.tex.xbx,0,996d6808,16,32,5
models/Skater_Male/specs_stylish01.tex.xbx,0,996d6808,16,32,5
models/Skater_Male/specs_stylish02.tex.xbx,0,996d6808,16,32,5
models/Skater_Male/specs_stylish03.tex.xbx,0,996d6808,16,32,5
models/Skater_Male/specs_stylish04.tex.xbx,0,6745e5d8,16,32,5
models/Skater_Male/specs_stylish05.tex.xbx,0,d6423058,16,32,5
models/Skater_Male/specs_stylish06.tex.xbx,0,e54a44d8,16,32,5
models/Skater_Male/specs_stylish07.tex.xbx,0,996d6808,16,32,5
models/Skater_Male/specs_stylish08.tex.xbx,0,996d6808,16,32,5
models/Skater_Male/specs_stylish09.tex.xbx,0,996d6808,16,32,5
models/Skater_Male/specs_stylish10.tex.xbx,0,996d6808,16,32,5
models/Skater_Male/specs_stylish11.tex.xbx,0,996d6808,16,32,5
models/Skater_Male/specs_stylish12.tex.xbx,0,996d6808,16,32,5
models/Skater_Male/specs_stylish13.tex.xbx,0,996d6808,16,32,5
models/Skater_Male/specs_stylish14.tex.xbx,0,996d6808,16,32,5
models/Skater_Male/specs_stylish15.tex.xbx,0,996d6808,16,32,5
models/Skater_Male/specs_stylish15.tex.xbx,1,a85cb7b4,16,16,5
models/Skater_Male/specs_stylish16.tex.xbx,0,996d6808,16,32,5
models/Skater_Male/specs_stylish17.tex.xbx,0,996d6808,16,32,5
models/Skater_Male/specs_stylish18.tex.xbx,0,b1e2d2f8,16,32,5
models/Skater_Male/specs_stylish19.tex.xbx,0,996d6808,16,32,5
models/Skater_Male/specs_stylish20.tex.xbx,0,996d6808,16,32,5
models/Skater_Male/specs_stylish21.tex.xbx,0,996d6808,16,32,5
models/Skater_Male/specs_sunglasses1.tex.xbx,0,d6423058,16,32,5
models/Skater_Male/specs_sunglasses2.tex.xbx,0,d6423058,16,32,5
models/Skater_Male/specs_sunglasses3.tex.xbx,0,d6423058,16,32,5
models/Skater_Pro/Pro_Shekler.tex.xbx,0,9b262fe4,128,128,1
models/Skater_Pro/Pro_Shekler.tex.xbx,1,9d6853a0,32,32,5
models/Skater_Pro/Pro_Shekler.tex.xbx,2,d9b46af8,32,32,1
models/Skater_Pro/Pro_Shekler.tex.xbx,3,d7bd1b20,64,128,1
models/Skater_Pro/Pro_Shekler.tex.xbx,4,1917ada0,64,64,1
models/Skater_Pro/Pro_Shekler.tex.xbx,5,37bda33c,128,128,1
models/Skater_Pro/Pro_Shekler.tex.xbx,6,525ebb74,128,64,5
models/Skater_Pro/Pro_Shekler.tex.xbx,7,f310d068,64,64,5
models/Skater_Pro/Skater_Burnquist.tex.xbx,0,86766288,128,128,1
models/Skater_Pro/Skater_Burnquist.tex.xbx,1,a2dc70bc,64,64,1
models/Skater_Pro/Skater_Burnquist.tex.xbx,2,2b5b1794,32,32,5
models/Skater_Pro/Skater_Burnquist.tex.xbx,3,e31e6300,256,128,1
models/Skater_Pro/Skater_Burnquist.tex.xbx,4,f23ab6b0,32,32,5
models/Skater_Pro/Skater_Burnquist.tex.xbx,5,d99c1db8,128,128,1
models/Skater_Pro/Skater_Burnquist.tex.xbx,6,899b1848,32,32,2
models/Skater_Pro/Skater_Burnquist.tex.xbx,7,8a9c5610,32,32,1
models/Skater_Pro/Skater_Burnquist.tex.xbx,8,34d41ca0,128,128,1
models/Skater_Pro/Skater_Burnquist.tex.xbx,9,b6ac2a50,16,16,5
models/Skater_Pro/Skater_Burnquist.tex.xbx,10,44860ef8,32,32,2
models/Skater_Pro/Skater_Burnquist.tex.xbx,11,25121af0,64,64,1
models/Skater_Pro/Skater_Burnquist.tex.xbx,12,89be3ba0,16,32,5
models/Skater_Pro/Skater_Burnquist.tex.xbx,13,a9c19bf8,16,32,5
models/Skater_Pro/Skater_Burnquist.tex.xbx,14,db1c9200,32,32,1
models/Skater_Pro/Skater_Hawk.tex.xbx,0,5f6abbd4,64,64,1
models/Skater_Pro/Skater_Hawk.tex.xbx,1,d52f7fa8,128,64,5
models/Skater_Pro/Skater_Hawk.tex.xbx,2,be73ca20,128,128,1
models/Skater_Pro/Skater_Hawk.tex.xbx,3,e70aaa20,64,128,5
models/Skater_Pro/Skater_Hawk.tex.xbx,4,cecc9948,32,32,1
models/Skater_Pro/Skater_Hawk.tex.xbx,5,eb0bbc98,128,128,1
models/Skater_Pro/Skater_Hawk.tex.xbx,6,4f3e3518,32,16,5
models/Skater_Pro/Skater_Hawk.tex.xbx,7,71722d68,32,32,2
models/Skater_Pro/Skater_Hawk.tex.xbx,8,6c6976c4,64,64,5
models/Skater_Pro/Skater_Hawk.tex.xbx,9,8697155c,32,32,0
models/Skater_Pro/Skater_Hawk.tex.xbx,10,72d00abc,128,128,1
models/Skater_Pro/Skater_Hawk.tex.xbx,11,44860ef8,32,32,2
models/Skater_Pro/Skater_Hawk.tex.xbx,12,899b1848,32,32,2
models/Skater_Pro/Skater_Hawk.tex.xbx,13,39df73a8,64,64,1
models/Skater_Pro/Skater_Hawk.tex.xbx,14,0d80c2a8,16,32,5
models/Skater_Pro/Skater_Hawk.tex.xbx,15,1e648080,32,32,1
models/Skater_Pro/Skater_Hawk.tex.xbx,16,c9e62e50,128,128,1
models/Skater_Pro/Skater_Hawk.tex.xbx,17,ae857048,32,32,5
models/Skater_Pro/Skater_Hawk.tex.xbx,18,0c2cad94,32,32,1
models/Skater_Pro/Skater_Hawk.tex.xbx,19,c769d428,32,32,1
models/Skater_Pro/Skater_Koston.tex.xbx,0,2fb5c590,128,128,1
models/Skater_Pro/Skater_Koston.tex.xbx,1,0ad6613c,128,128,1
models/Skater_Pro/Skater_Koston.tex.xbx,2,565dd908,32,32,5
models/Skater_Pro/Skater_Koston.tex.xbx,3,45d74b40,32,32,2
models/Skater_Pro/Skater_Koston.tex.xbx,4,8cee8220,32,32,2
models/Skater_Pro/Skater_Koston.tex.xbx,5,cd659f40,128,128,1
models/Skater_Pro/Skater_Koston.tex.xbx,6,e341b710,64,64,1
models/Skater_Pro/Skater_Koston.tex.xbx,7,334a9514,64,128,1
models/Skater_Pro/Skater_Koston.tex.xbx,8,1f98ef4c,64,64,1
models/Skater_Pro/Skater_Koston.tex.xbx,9,45ba0920,64,128,1
models/Skater_Pro/Skater_Koston.tex.xbx,10,181ac3a8,32,32,1
models/Skater_Pro/Skater_Koston.tex.xbx,11,89be3ba0,16,32,5
models/Skater_Pro/Skater_Koston.tex.xbx,12,8ad2be18,32,32,1
models/Skater_Pro/Skater_Koston.tex.xbx,13,b3910df4,32,32,1
models/Skater_Pro/Skater_Lasek.tex.xbx,0,412fde18,128,128,1
models/Skater_Pro/Skater_Lasek.tex.xbx,1,dd943d74,64,64,1
models/Skater_Pro/Skater_Lasek.tex.xbx,2,2a1b99c4,32,32,1
models/Skater_Pro/Skater_Lasek.tex.xbx,3,d1216740,64,128,1
models/Skater_Pro/Skater_Lasek.tex.xbx,4,2f01a48c,128,128,5
models/Skater_Pro/Skater_Lasek.tex.xbx,5,ecf722dc,64,64,1
models/Skater_Pro/Skater_Lasek.tex.xbx,6,0862bcc4,64,32,5
models/Skater_Pro/Skater_Lasek.tex.xbx,7,81a3ac50,64,64,1
models/Skater_Pro/Skater_Margera.tex.xbx,0,74da03c4,32,32,1
models/Skater_Pro/Skater_Margera.tex.xbx,1,539ff140,32,32,1
models/Skater_Pro/Skater_Margera.tex.xbx,2,8cee8220,32,32,2
models/Skater_Pro/Skater_Margera.tex.xbx,3,45d74b40,32,32,2
models/Skater_Pro/Skater_Margera.tex.xbx,4,1edfe010,64,128,1
models/Skater_Pro/Skater_Margera.tex.xbx,5,b95411f8,32,32,5
models/Skater_Pro/Skater_Margera.tex.xbx,6,3147a150,32,32,2
models/Skater_Pro/Skater_Margera.tex.xbx,7,bd53a688,32,32,2
models/Skater_Pro/Skater_Margera.tex.xbx,8,d0c40e38,32,32,2
models/Skater_Pro/Skater_Margera.tex.xbx,9,a414e094,64,128,1
models/Skater_Pro/Skater_Margera.tex.xbx,10,899b1848,32,32,2
models/Skater_Pro/Skater_Margera.tex.xbx,11,44860ef8,32,32,2
models/Skater_Pro/Skater_Margera.tex.xbx,12,779de000,64,64,1
models/Skater_Pro/Skater_Margera.tex.xbx,13,0d80c2a8,16,32,5
models/Skater_Pro/Skater_Margera.tex.xbx,14,4eb44018,128,128,1
models/Skater_Pro/Skater_Margera.tex.xbx,15,a7db5794,32,32,1
models/Skater_Pro/Skater_Margera.tex.xbx,16,56a3b314,128,128,1
models/Skater_Pro/Skater_Margera.tex.xbx,17,0cf10d9c,128,128,1
models/Skater_Pro/Skater_Margera.tex.xbx,18,7d11a08c,32,64,1
models/Skater_Pro/Skater_Margera.tex.xbx,19,71f8ab9c,32,64,5
models/Skater_Pro/Skater_Mullen.tex.xbx,0,99aa5b84,128,128,1
models/Skater_Pro/Skater_Mullen.tex.xbx,1,a6abbb48,64,32,5
models/Skater_Pro/Skater_Mullen.tex.xbx,2,3abe6238,64,64,1
models/Skater_Pro/Skater_Mullen.tex.xbx,3,af2263bc,64,32,5
models/Skater_Pro/Skater_Mullen.tex.xbx,4,6f1268b8,128,128,1
models/Skater_Pro/Skater_Mullen.tex.xbx,5,5ebdb5a4,64,64,1
models/Skater_Pro/Skater_Mullen.tex.xbx,6,088119e0,64,64,1
models/Skater_Pro/Skater_Mullen.tex.xbx,7,e018ee54,64,64,1
models/Skater_Pro/Skater_Mullen.tex.xbx,8,9dcbb520,64,128,1
models/Skater_Pro/Skater_Mullen.tex.xbx,9,45d74b40,32,32,2
models/Skater_Pro/Skater_Mullen.tex.xbx,10,9246f708,32,32,1
models/Skater_Pro/Skater_Mullen.tex.xbx,11,8cee8220,32,32,2
models/Skater_Pro/Skater_Mullen.tex.xbx,12,de4b2464,128,128,1
models/Skater_Pro/Skater_Mullen.tex.xbx,13,899b1848,32,32,2
models/Skater_Pro/Skater_Mullen.tex.xbx,14,44860ef8,32,32,2
models/Skater_Pro/Skater_Mullen.tex.xbx,15,a4af784c,32,64,1
models/Skater_Pro/Skater_Mullen.tex.xbx,16,ed658f30,16,32,5
models/Skater_Pro/Skater_Muska.tex.xbx,0,ce10fa9c,64,64,1
models/Skater_Pro/Skater_Muska.tex.xbx,1,125f8ff0,128,128,1
models/Skater_Pro/Skater_Muska.tex.xbx,2,6ca52cd0,64,64,1
models/Skater_Pro/Skater_Muska.tex.xbx,3,8171c818,64,64,1
models/Skater_Pro/Skater_Muska.tex.xbx,4,5a3779a8,64,64,1
models/Skater_Pro/Skater_Muska.tex.xbx,5,0ce4c220,64,64,1
models/Skater_Pro/Skater_Muska.tex.xbx,6,8cee8220,32,32,2
models/Skater_Pro/Skater_Muska.tex.xbx,7,45d74b40,32,32,2
models/Skater_Pro/Skater_Muska.tex.xbx,8,6595f010,128,128,1
models/Skater_Pro/Skater_Muska.tex.xbx,9,82ca7440,128,128,1
models/Skater_Pro/Skater_Muska.tex.xbx,10,af880750,32,32,1
models/Skater_Pro/Skater_Muska.tex.xbx,11,f2c3cd10,32,32,1
models/Skater_Pro/Skater_Muska.tex.xbx,12,983f7920,32,32,1
models/Skater_Pro/Skater_Muska.tex.xbx,13,496ef518,32,64,5
models/Skater_Pro/Skater_Muska.tex.xbx,14,d4e1912c,64,32,5
models/Skater_Pro/Skater_Vallely.tex.xbx,0,fd5da3a0,32,32,1
models/Skater_Pro/Skater_Vallely.tex.xbx,1,f32b71ac,32,32,1
models/Skater_Pro/Skater_Vallely.tex.xbx,2,ff701200,128,128,1
models/Skater_Pro/Skater_Vallely.tex.xbx,3,80746d40,128,128,5
models/Skater_Pro/Skater_Vallely.tex.xbx,4,69bc2b08,64,32,5
models/Skater_Pro/Skater_Vallely.tex.xbx,5,7de792d8,64,64,5
models/Skater_Pro/Skater_Vallely.tex.xbx,6,94f15878,32,64,1
models/Skater_Pro/Skater_Vallely.tex.xbx,7,8cee8220,32,32,2
models/Skater_Pro/Skater_Vallely.tex.xbx,8,45d74b40,32,32,2
models/Skater_Pro/Skater_Vallely.tex.xbx,9,9237f11c,128,128,1
models/Skater_Pro/Skater_Vallely.tex.xbx,10,ba6cef80,32,32,5
models/Skater_Pro/Skater_Vallely.tex.xbx,11,44860ef8,32,32,2
models/Skater_Pro/Skater_Vallely.tex.xbx,12,899b1848,32,32,2
models/Skater_Pro/Skater_Vallely.tex.xbx,13,fd187450,64,64,5
models/Skater_Pro/Skater_Vallely.tex.xbx,14,00b807b8,32,32,5
models/Skater_Pro/Skater_Vallely.tex.xbx,15,71722d68,32,32,2
models/Skater_Pro/Skater_Vallely.tex.xbx,16,d04dc114,64,64,1
models/Skater_Pro/Skater_Vallely.tex.xbx,17,0d80c2a8,16,32,5
models/Skater_Pro/Skater_Vallely.tex.xbx,18,0c31a220,64,64,1
models/Skater_Pro/Skater_Vallely.tex.xbx,19,91d58838,64,64,5
models/Skater_Pro/Skater_Vallely.tex.xbx,20,b2cef3b8,64,32,5
models/Skater_Pro/Skater_Vallely.tex.xbx,21,bd53a688,32,32,2
models/Skater_Pro/Skater_Weeman.tex.xbx,0,5b2d8008,128,128,1
models/Skater_Pro/Skater_Weeman.tex.xbx,1,9d4e7644,128,128,1
models/Skater_Pro/Skater_Weeman.tex.xbx,2,eb9f3e6c,128,128,1
models/Skater_Secret/Board_Skaboto.tex.xbx,0,d1f3c978,64,64,5
models/Skater_Secret/Board_Skaboto.tex.xbx,1,b9c732a4,64,64,5
models/Skater_Secret/Board_THPS_Hawk.tex.xbx,0,081a3b2c,32,64,1
models/Skater_Secret/Board_THPS_Hawk.tex.xbx,1,8b8c9118,32,32,1
models/Skater_Secret/Board_THPS_Hawk.tex.xbx,2,7b5e2418,32,16,1
models/Skater_Secret/Board_THPS_Hawk.tex.xbx,3,3920196c,16,16,5
models/Skater_Secret/SEC_Skater_Sk8Hand.tex.xbx,0,03d6c894,128,128,1
models/Skater_Secret/SEC_Skater_Sk8Hand.tex.xbx,1,0f648110,128,128,1
models/Skater_Secret/Skater_COD.tex.xbx,0,df446830,128,128,1
models/Skater_Secret/Skater_COD.tex.xbx,1,a5679d64,128,128,1
models/Skater_Secret/Skater_COD.tex.xbx,2,f4193884,128,128,1
models/Skater_Secret/Skater_COD.tex.xbx,3,002978e0,64,64,1
models/Skater_Secret/Skater_COD.tex.xbx,4,f28acc98,64,128,1
models/Skater_Secret/Skater_COD.tex.xbx,5,bba9db28,64,64,1
models/Skater_Secret/Skater_COD.tex.xbx,6,179fad6c,64,64,1
models/Skater_Secret/Skater_COD.tex.xbx,7,9aa7f668,64,64,5
models/Skater_Secret/Skater_COD.tex.xbx,8,c3f3337c,64,128,1
models/Skater_Secret/Skater_COD.tex.xbx,9,b6867be8,64,32,5
models/Skater_Secret/Skater_COD.tex.xbx,10,d775cd68,32,32,1
models/Skater_Secret/Skater_COD.tex.xbx,11,289940b8,32,32,1
models/Skater_Secret/Skater_Nick.tex.xbx,0,78fcb7a0,256,256,1
models/Skater_Secret/Skater_Nick.tex.xbx,1,6a6f51a4,256,256,1
models/Skater_Secret/Skater_Nick.tex.xbx,2,05d1dffc,256,128,1
models/Skater_Secret/Skater_Price.tex.xbx,0,dee29424,512,512,1
models/Skater_Secret/Skater_Price.tex.xbx,1,a8ececa4,256,256,1
models/Skater_Secret/Skater_Price.tex.xbx,2,066a9e44,256,256,1
models/Skater_Secret/Skater_Price.tex.xbx,3,78a49370,256,256,1
models/Skater_Secret/Skater_Price.tex.xbx,4,79d41310,256,256,1
models/Skater_Secret/Skater_Price.tex.xbx,5,77921f54,256,256,1
models/Skater_Secret/Skater_Price.tex.xbx,6,a6b18a28,512,512,1
models/Skater_Secret/Skater_Price.tex.xbx,7,d60e2770,256,128,1
models/Skater_Secret/Skater_Price.tex.xbx,8,338f45a8,256,256,1
models/Skater_Secret/Skater_Price.tex.xbx,9,c77fa7c0,256,256,1
models/Skater_Secret/Skater_Price.tex.xbx,10,5895d214,128,128,1
models/Skater_Secret/Skater_Shrek.tex.xbx,0,808142f0,128,128,1
models/Skater_Secret/Skater_Shrek.tex.xbx,1,2b50d28c,128,128,1
models/Skater_Secret/Skater_Shrek.tex.xbx,2,7ec8c39c,128,128,1
models/Skater_Secret/Skater_THPS_Hawk.tex.xbx,0,082a0fd8,64,64,1
models/Skater_Secret/Skater_THPS_Hawk.tex.xbx,1,a1013860,128,64,1
models/Skater_Secret/Skater_THPS_Hawk.tex.xbx,2,c06715bc,64,32,1
models/Skater_Secret/Skater_THPS_Hawk.tex.xbx,3,dc381844,32,64,1
models/Skater_Secret/Skater_THPS_Hawk.tex.xbx,4,10b8ab60,32,16,1
models/Skater_Secret/Skater_THPS_Hawk.tex.xbx,5,ac507d90,64,64,1
models/Skater_Secret/Skater_THPS_Hawk.tex.xbx,6,a7309934,32,32,1
models/Skater_Secret/board_Shrek.tex.xbx,0,907d0d88,32,32,1
models/Skater_Secret/board_Shrek.tex.xbx,1,2471a350,32,32,1
models/Skater_Secret/board_Shrek.tex.xbx,2,899980d4,64,128,1
models/Skater_Secret/skater_Skaboto.tex.xbx,0,43a7eeb4,128,128,5
models/Skater_Secret/skater_Skaboto.tex.xbx,1,b9c732a4,64,64,5
models/Skater_Secret/skater_Skaboto.tex.xbx,2,434fbec4,64,64,5
models/Skater_female/Facemap_female_01.tex.xbx,0,c12aa030,128,128,1
models/Skater_female/Facemap_female_01.tex.xbx,1,225e0fcc,64,64,2
models/Skater_female/Facemap_female_01.tex.xbx,2,b060c25c,32,32,1
models/Skater_female/Hair_F_Bangs.tex.xbx,0,831353e4,128,64,5
models/Skater_female/Hair_F_Long2.tex.xbx,0,a6ef59e8,64,128,5
models/Skater_female/Hair_F_LongHAT.tex.xbx,0,01aa7ea8,128,64,5
models/Skater_female/Hair_F_MediumHAT.tex.xbx,0,a6ef59e8,64,128,5
models/Skater_female/Hair_F_MediumHAT1.tex.xbx,0,42928ee4,128,64,5
models/Skater_female/Hair_F_MediumHAT3.tex.xbx,0,dfadddbc,128,64,5
models/Skater_female/Hair_F_Mohawk.tex.xbx,0,756f607c,64,64,2
models/Skater_female/Hair_F_Mohawk2.tex.xbx,0,756f607c,64,64,2
models/Skater_female/Hair_F_Ponytail1.tex.xbx,0,64a784a8,128,64,5
models/Skater_female/Hair_F_PonytailHAT1.tex.xbx,0,64a784a8,128,64,5
models/Skater_female/Hair_F_Short.tex.xbx,0,a6ef59e8,64,128,5
models/Skater_female/Hair_M_Ponytail2.tex.xbx,0,701d31fc,128,64,5
models/Skater_female/Pants_Snow.tex.xbx,0,b7a19fa8,128,128,5
models/Skater_female/Pants_Snow.tex.xbx,1,899b1848,32,32,2
models/Skater_female/Pants_Snow.tex.xbx,2,44860ef8,32,32,2
models/Skater_female/Shirt_Longsleeve.tex.xbx,0,c598a350,128,128,1
models/Skater_female/Shirt_Longsleeve.tex.xbx,1,a3bf45fc,128,64,2
models/Skater_female/Shirt_Longsleeve.tex.xbx,2,d8dfaf68,128,64,2
models/Skater_female/Shirt_Longsleeve.tex.xbx,3,4f3ac9c8,64,64,1
models/Skater_female/Shirt_baseball-t.tex.xbx,0,89e65cdc,64,64,1
models/Skater_female/Shirt_baseball-t.tex.xbx,1,c598a350,128,128,1
models/Skater_female/Shirt_baseball-t.tex.xbx,2,a3bf45fc,128,64,2
models/Skater_female/Shirt_baseball-t.tex.xbx,3,d8dfaf68,128,64,2
models/Skater_female/Shirt_button_open_ls.tex.xbx,0,2d41f89c,128,128,5
models/Skater_female/Shirt_button_open_ls.tex.xbx,1,86656b84,64,128,5
models/Skater_female/Shirt_button_open_ls.tex.xbx,2,899b1848,32,32,2
models/Skater_female/Shirt_haltertop.tex.xbx,0,de92e334,128,128,5
models/Skater_female/Skater_F_Hands.tex.xbx,0,c6464bac,64,64,1
models/Skater_female/Skater_F_Legs.tex.xbx,0,bb850270,64,128,1
models/Skater_female/Skater_F_Legs.tex.xbx,1,6431c474,32,32,2
models/Skater_female/Skater_F_Legs.tex.xbx,2,465cb464,32,32,2
models/Skater_female/Skater_F_pvlegs.tex.xbx,0,65b3576c,128,128,1
models/Skater_female/Skater_F_pvlegs.tex.xbx,1,86de2e78,64,64,2
models/Skater_female/Skater_F_pvlegs.tex.xbx,2,02dd1ee0,64,64,2
models/Skater_female/Skater_F_pvlegs.tex.xbx,3,bb850270,64,128,1
models/Skater_female/Skater_F_pvlegs.tex.xbx,4,6431c474,32,32,2
models/Skater_female/Skater_F_pvlegs.tex.xbx,5,465cb464,32,32,2
models/Skater_female/hair_F_Long4.tex.xbx,0,a6ef59e8,64,128,5
models/Skater_female/hair_bushy.tex.xbx,0,a6ef59e8,64,128,5
models/Skater_female/hair_cropped.tex.xbx,0,a6ef59e8,64,128,5
models/Skater_female/hair_pigtails.tex.xbx,0,06215c7c,64,64,5
models/Skater_female/hair_ponytail.tex.xbx,0,a6ef59e8,64,128,5
models/Skater_female/head_Female_01.tex.xbx,0,d330a290,64,32,1
models/Skater_female/head_Female_01.tex.xbx,1,5fd7a594,128,128,1
models/Skater_female/head_Female_01.tex.xbx,2,225e0fcc,64,64,2
models/Skater_female/head_Female_01.tex.xbx,3,6b31fa58,64,32,5
models/Skater_female/head_Female_01.tex.xbx,4,b060c25c,32,32,1
models/Skater_female/head_Female_01.tex.xbx,5,8142fc24,32,32,1
models/Skater_female/head_Female_01.tex.xbx,6,ad0eb428,32,32,1
models/Skater_female/pant_Bellbottoms.tex.xbx,0,59494930,128,128,1
models/Skater_female/pant_ankle.tex.xbx,0,7bc457f8,128,128,1
models/Skater_female/pant_baggy.tex.xbx,0,b21dfdf0,128,128,1
models/Skater_female/pant_baggy.tex.xbx,1,899b1848,32,32,2
models/Skater_female/pant_baggy.tex.xbx,2,44860ef8,32,32,2
models/Skater_female/pant_daisy.tex.xbx,0,248d78ac,128,128,2
models/Skater_female/pant_leather.tex.xbx,0,eb5238b8,64,128,1
models/Skater_female/pant_miniskirt.tex.xbx,0,8add3194,64,64,1
models/Skater_female/pant_regular.tex.xbx,0,59494930,128,128,1
models/Skater_female/pant_shorts.tex.xbx,0,2407d400,128,128,1
models/Skater_female/pant_shortshorts.tex.xbx,0,ae1fbb64,128,128,1
models/Skater_female/pant_tight.tex.xbx,0,59494930,128,128,1
models/Skater_female/pants_cargolong.tex.xbx,0,610a742c,128,128,1
models/Skater_female/pants_cargolong.tex.xbx,1,899b1848,32,32,2
models/Skater_female/pants_cargolong.tex.xbx,2,44860ef8,32,32,2
models/Skater_female/pants_shortcargo.tex.xbx,0,5d1bece0,128,128,1
models/Skater_female/pants_shortcargo.tex.xbx,1,44860ef8,32,32,2
models/Skater_female/pants_shortcargo.tex.xbx,2,899b1848,32,32,2
models/Skater_female/shirt_F_Hoodydown.tex.xbx,0,4f3eddb0,128,128,1
models/Skater_female/shirt_F_Hoodydown.tex.xbx,1,a3bf45fc,128,64,2
models/Skater_female/shirt_F_Hoodydown.tex.xbx,2,d8dfaf68,128,64,2
models/Skater_female/shirt_F_Hoodydown.tex.xbx,3,7aede244,64,128,1
models/Skater_female/shirt_F_Hoodydown.tex.xbx,4,db75b918,64,64,1
models/Skater_female/shirt_F_Hoodydown.tex.xbx,5,25888088,32,64,5
models/Skater_female/shirt_F_Hoodyup.tex.xbx,0,4f3eddb0,128,128,1
models/Skater_female/shirt_F_Hoodyup.tex.xbx,1,a3bf45fc,128,64,2
models/Skater_female/shirt_F_Hoodyup.tex.xbx,2,d8dfaf68,128,64,2
models/Skater_female/shirt_F_Hoodyup.tex.xbx,3,7aede244,64,128,1
models/Skater_female/shirt_F_Hoodyup.tex.xbx,4,db75b918,64,64,1
models/Skater_female/shirt_F_Hoodyup.tex.xbx,5,25888088,32,64,5
models/Skater_female/shirt_SSVneck.tex.xbx,0,e1028640,128,128,1
models/Skater_female/shirt_SSVneck.tex.xbx,1,96b1cc20,64,64,1
models/Skater_female/shirt_T_longsleeve.tex.xbx,0,45c452ac,128,128,1
models/Skater_female/shirt_T_longsleeve.tex.xbx,1,a3bf45fc,128,64,2
models/Skater_female/shirt_T_longsleeve.tex.xbx,2,d8dfaf68,128,64,2
models/Skater_female/shirt_T_longsleeve.tex.xbx,3,74163400,64,64,5
models/Skater_female/shirt_T_longsleeve.tex.xbx,4,44860ef8,32,32,2
models/Skater_female/shirt_baggyvest.tex.xbx,0,4386b760,128,128,1
models/Skater_female/shirt_baggyvest.tex.xbx,1,8ae0aae0,64,64,1
models/Skater_female/shirt_button_ls.tex.xbx,0,ffa421e4,64,128,1
models/Skater_female/shirt_button_ls.tex.xbx,1,69fd89c4,128,128,5
models/Skater_female/shirt_button_open_ss.tex.xbx,0,11df0d5c,128,128,5
models/Skater_female/shirt_button_open_ss.tex.xbx,1,8171c818,64,64,1
models/Skater_female/shirt_coconutbra.tex.xbx,0,742830c4,32,32,1
models/Skater_female/shirt_collar.tex.xbx,0,72f05734,128,128,5
models/Skater_female/shirt_collar.tex.xbx,1,a3bf45fc,128,64,2
models/Skater_female/shirt_collar.tex.xbx,2,d8dfaf68,128,64,2
models/Skater_female/shirt_collar.tex.xbx,3,174b24c0,64,64,1
models/Skater_female/shirt_denimjacket.tex.xbx,0,28e6bd40,64,128,1
models/Skater_female/shirt_denimjacket.tex.xbx,1,d2722d80,64,64,1
models/Skater_female/shirt_denimjacket.tex.xbx,2,843f1878,64,64,1
models/Skater_female/shirt_jersey.tex.xbx,0,c598a350,128,128,1
models/Skater_female/shirt_jersey.tex.xbx,1,a3bf45fc,128,64,2
models/Skater_female/shirt_jersey.tex.xbx,2,d8dfaf68,128,64,2
models/Skater_female/shirt_jersey.tex.xbx,3,4f3ac9c8,64,64,1
models/Skater_female/shirt_jogger.tex.xbx,0,470f50e0,128,128,1
models/Skater_female/shirt_knotted.tex.xbx,0,11df0d5c,128,128,5
models/Skater_female/shirt_knotted.tex.xbx,1,8171c818,64,64,1
models/Skater_female/shirt_sleeveless.tex.xbx,0,89e65cdc,64,64,1
models/Skater_female/shirt_sleeveless.tex.xbx,1,c598a350,128,128,1
models/Skater_female/shirt_sleeveless.tex.xbx,2,a3bf45fc,128,64,2
models/Skater_female/shirt_sleeveless.tex.xbx,3,d8dfaf68,128,64,2
models/Skater_female/shirt_tanktop.tex.xbx,0,56ae4288,64,64,1
models/Skater_female/shirt_tanktop.tex.xbx,1,a3bf45fc,128,64,2
models/Skater_female/shirt_tanktop.tex.xbx,2,d8dfaf68,128,64,2
models/Skater_female/shirt_tanktop_2.tex.xbx,0,56ae4288,64,64,1
models/Skater_female/shirt_tanktop_2.tex.xbx,1,a3bf45fc,128,64,2
models/Skater_female/shirt_tanktop_2.tex.xbx,2,d8dfaf68,128,64,2
models/Skater_female/shirt_tshirt.tex.xbx,0,c598a350,128,128,1
models/Skater_female/shirt_tshirt.tex.xbx,1,a3bf45fc,128,64,2
models/Skater_female/shirt_tshirt.tex.xbx,2,d8dfaf68,128,64,2
models/Skater_female/shirt_tshirt.tex.xbx,3,4f3ac9c8,64,64,1
models/Skater_female/shirt_tube.tex.xbx,0,924fa2cc,128,64,1
models/Skater_female/skater_female.tex.xbx,0,65b3576c,128,128,1
models/Skater_female/skater_female.tex.xbx,1,86de2e78,64,64,2
models/Skater_female/skater_female.tex.xbx,2,02dd1ee0,64,64,2
models/Skater_female/skater_female.tex.xbx,3,61e83740,64,64,1
models/Skater_female/skater_female.tex.xbx,4,217f0828,32,32,2
models/Skater_female/skater_female.tex.xbx,5,a79106e4,32,32,2
models/Skater_female/skater_female.tex.xbx,6,7fba4150,64,64,1
models/Skater_female/skater_female.tex.xbx,7,0451ef18,32,32,2
models/Skater_female/skater_female.tex.xbx,8,8a7bf1f4,32,32,2
models/SpecialItems/BustedBoard/BustedBoard.tex.xbx,0,4634afa8,32,64,1
models/SpecialItems/BustedBoard/BustedBoard.tex.xbx,1,63c16298,64,128,2
models/SpecialItems/BustedBoard/BustedBoard.tex.xbx,2,442d7aa8,32,64,1
models/SpecialItems/BustedBoard/BustedBoard.tex.xbx,3,f536fa28,16,16,1
models/SpecialItems/BustedBoard/BustedBoard.tex.xbx,4,9eae8ae8,16,16,1
models/SpecialItems/BustedBoard/BustedBoard.tex.xbx,5,1db52b68,32,32,1
models/SpecialItems/BustedBoard/BustedBoard.tex.xbx,6,df998b24,64,64,2
models/SpecialItems/Chainsaw/SI_chainsaw.tex.xbx,0,b1e2d0b8,128,128,5
models/SpecialItems/DragTires/SI_DragTires.tex.xbx,0,d77e4f10,128,64,5
models/SpecialItems/Extraboard/Extraboard.tex.xbx,0,3f65fb40,64,128,1
models/SpecialItems/Flag/Flag.tex.xbx,0,c49eb308,32,16,1
models/SpecialItems/Flag/Flag.tex.xbx,1,6e927f74,32,64,1
models/SpecialItems/Flag/Flag.tex.xbx,2,53fc00ac,16,16,1
models/SpecialItems/Flag/Flag.tex.xbx,3,15100eb4,16,32,1
models/SpecialItems/Flag/Flag.tex.xbx,4,d791f6f4,32,32,2
models/SpecialItems/Flag/SI_Flag.tex.xbx,0,2922c7d4,32,16,1
models/SpecialItems/Flag/SI_Flag.tex.xbx,1,a7f80158,16,16,1
models/SpecialItems/Flag/SI_Flag.tex.xbx,2,c8d86e38,32,64,1
models/SpecialItems/Flag/SI_Flag.tex.xbx,3,814d2d38,16,32,1
models/SpecialItems/Flag/SI_Flag.tex.xbx,4,e5f3a510,64,64,2
models/SpecialItems/Flag/SI_Flag.tex.xbx,5,f17e6494,64,64,5
models/SpecialItems/FranklinKite/FranklinKite.tex.xbx,0,ecd9a65c,128,64,5
models/SpecialItems/FranklinKite/FranklinKite.tex.xbx,1,b0661804,32,32,5
models/SpecialItems/Hoagie/SI_Hoagie.tex.xbx,0,f768d8c0,64,64,1
models/SpecialItems/Hoagie/SI_Hoagie.tex.xbx,1,7f0d8268,64,64,5
models/SpecialItems/Hoagie/SI_Hoagie.tex.xbx,2,87c2dc88,8,8,1
models/SpecialItems/Hoagie/SI_Hoagie.tex.xbx,3,0d93bf90,64,64,5
models/SpecialItems/JugglingBalls/SI_JugglingBalls.tex.xbx,0,84695ffc,32,32,1
models/SpecialItems/Spraycan/SI_SprayCan_Double.tex.xbx,0,e970cd64,32,128,1
models/SpecialItems/Spraycan/SprayCan.tex.xbx,0,e970cd64,32,128,5
models/SpecialItems/Sword/SI_Sword.tex.xbx,0,052049f4,128,128,5
models/Special_Arrow/Special_Arrow.tex.xbx,0,f9500bd0,64,64,5
models/Special_Arrow/Special_Arrow.tex.xbx,1,dfea5d0c,32,32,5
models/UI_bg/UI_bg.tex.xbx,0,512738e4,128,64,1
models/Veh/BA/Veh_BA_Boat/Veh_BA_Boat.tex.xbx,0,cca68990,128,128,5
models/Veh/BA/Veh_BA_Boat/Veh_BA_Boat.tex.xbx,1,21193d14,64,64,1
models/Veh/BA/Veh_BA_Bridge_North/Veh_BA_Bridge_North.tex.xbx,0,007b33a0,128,64,5
models/Veh/BA/Veh_BA_Bridge_North/Veh_BA_Bridge_North.tex.xbx,1,997bdac0,32,32,1
models/Veh/BA/Veh_BA_Bridge_North/Veh_BA_Bridge_North.tex.xbx,2,19499a64,128,32,1
models/Veh/BA/Veh_BA_Bridge_North/Veh_BA_Bridge_North.tex.xbx,3,973fed78,64,32,1
models/Veh/BA/Veh_BA_Bridge_South/Veh_BA_Bridge_South.tex.xbx,0,007b33a0,128,64,5
models/Veh/BA/Veh_BA_Bridge_South/Veh_BA_Bridge_South.tex.xbx,1,997bdac0,32,32,1
models/Veh/BA/Veh_BA_Bridge_South/Veh_BA_Bridge_South.tex.xbx,2,19499a64,128,32,1
models/Veh/BA/Veh_BA_Bridge_South/Veh_BA_Bridge_South.tex.xbx,3,973fed78,64,32,1
models/Veh/BA/Veh_BA_Tram/Veh_BA_Tram.tex.xbx,0,362f9534,64,128,5
models/Veh/BA/Veh_BA_Tram/Veh_BA_Tram.tex.xbx,1,197e8edc,64,64,5
models/Veh/BA/Veh_BA_Tram/Veh_BA_Tram.tex.xbx,2,23f60dc8,32,32,1
models/Veh/BA/Veh_BA_Tram/Veh_BA_Tram.tex.xbx,3,3a101d2c,64,64,1
models/Veh/BA/Veh_BA_Tram/Veh_BA_Tram.tex.xbx,4,5dd30600,32,32,5
models/Veh/BA/Veh_BA_Tram/Veh_BA_Tram.tex.xbx,5,7842a564,64,64,5
models/Veh/FL/Veh_PoliceCar_FL/Veh_PoliceCar_FL.tex.xbx,0,8ca5fe44,64,64,5
models/Veh/FL/Veh_PoliceCar_FL/Veh_PoliceCar_FL.tex.xbx,1,a0bf0438,64,64,2
models/Veh/FL/Veh_PoliceCar_FL/Veh_PoliceCar_FL.tex.xbx,2,f6aa2a6c,8,8,1
models/Veh/FL/Veh_PoliceCar_FL/Veh_PoliceCar_FL.tex.xbx,3,09c27f48,64,64,1
models/Veh/FL/Veh_PoliceCar_FL/Veh_PoliceCar_FL.tex.xbx,4,bf625044,64,32,5
models/Veh/FL/Veh_PoliceCar_FL/Veh_PoliceCar_FL.tex.xbx,5,18a9aaac,64,64,1
models/Veh/FL/Veh_PoliceCar_FL/Veh_PoliceCar_FL.tex.xbx,6,6d2da3e4,32,32,5
models/Veh/FL/Veh_PoliceCar_FL/Veh_PoliceCar_FL.tex.xbx,7,e86081f0,32,32,5
models/Veh/FL/Veh_PoliceCar_FL/Veh_PoliceCar_FL.tex.xbx,8,efa26040,16,8,5
models/Veh/FL/Veh_PoliceCar_FL/Veh_PoliceCar_FL.tex.xbx,9,e39af080,32,64,1
models/Veh/FL/Veh_PoliceCar_FL/Veh_PoliceCar_FL.tex.xbx,10,a883ac88,32,32,5
models/Veh/FL/Veh_PoliceCar_FL/Veh_PoliceCar_FL.tex.xbx,11,dc3aca04,128,16,5
models/Veh/FL/Veh_PoliceCar_FL/Veh_PoliceCar_FL.tex.xbx,12,20b785fc,32,32,5
models/Veh/FL/Veh_PoliceCar_FL/Veh_PoliceCar_FL.tex.xbx,13,ec130370,32,32,1
models/Veh/FL/Veh_PoliceCar_FL/Veh_PoliceCar_FL.tex.xbx,14,9e6b5278,64,32,5
models/Veh/FL/Veh_PoliceCar_FL/Veh_PoliceCar_FL.tex.xbx,15,dff97b4c,64,64,5
models/Veh/FL/Veh_PoliceCar_FL/Veh_PoliceCar_FL.tex.xbx,16,a54952bc,32,32,5
models/Veh/FL/Veh_PoliceCar_FL/Veh_PoliceCar_FL.tex.xbx,17,4f6bf970,32,32,1
models/Veh/FL/Veh_PoliceCar_FL/Veh_PoliceCar_FL.tex.xbx,18,a721ea88,32,32,5
models/Veh/FL/Veh_PoliceCar_FL/Veh_PoliceCar_FL.tex.xbx,19,a9306e70,32,32,1
models/Veh/FL/Veh_PoliceCar_FL/Veh_PoliceCar_FL.tex.xbx,20,e260be34,32,16,5
models/Veh/FL/Veh_PoliceCar_FL/Veh_PoliceCar_FL.tex.xbx,21,5cc907e8,32,32,2
models/Veh/FL/Veh_PoliceCar_FL/Veh_PoliceCar_FL.tex.xbx,22,8a02ae48,32,16,5
models/Veh/FL/Veh_PoliceCar_FL/Veh_PoliceCar_FL.tex.xbx,23,69f57780,16,16,5
models/Veh/FL/Veh_PoliceCar_FL/Veh_PoliceCar_FL.tex.xbx,24,5878085c,8,16,1
models/Veh/FL/Veh_PoliceCar_FL/Veh_PoliceCar_FL.tex.xbx,25,b5e92c34,64,128,1
models/Veh/FL/Veh_PoliceCar_FL/Veh_PoliceCar_FL.tex.xbx,26,57caa24c,64,64,5
models/Veh/FL/Veh_PoliceCar_FL/Veh_PoliceCar_FL.tex.xbx,27,c7733f08,64,32,5
models/Veh/HI/Veh_Bus_HI/Veh_Bus_HI.tex.xbx,0,8ca5fe44,64,64,5
models/Veh/HI/Veh_Bus_HI/Veh_Bus_HI.tex.xbx,1,a0bf0438,64,64,2
models/Veh/HI/Veh_Bus_HI/Veh_Bus_HI.tex.xbx,2,9e9d4d2c,32,64,5
models/Veh/HI/Veh_Bus_HI/Veh_Bus_HI.tex.xbx,3,4f6bf970,32,32,1
models/Veh/HI/Veh_Bus_HI/Veh_Bus_HI.tex.xbx,4,623e0b48,64,64,5
models/Veh/HI/Veh_Bus_HI/Veh_Bus_HI.tex.xbx,5,d40f02fc,128,64,5
models/Veh/HI/Veh_Bus_HI/Veh_Bus_HI.tex.xbx,6,5a9b89b8,32,32,5
models/Veh/HI/Veh_Bus_HI/Veh_Bus_HI.tex.xbx,7,a009b33c,32,64,5
models/Veh/HI/Veh_Bus_HI/Veh_Bus_HI.tex.xbx,8,6be410f8,32,32,5
models/Veh/HI/Veh_Bus_HI/Veh_Bus_HI.tex.xbx,9,c776ccb4,64,64,5
models/Veh/HI/Veh_Bus_HI/Veh_Bus_HI.tex.xbx,10,11e51ba0,64,64,5
models/Veh/HI/Veh_Bus_HI/Veh_Bus_HI.tex.xbx,11,faf9d7a8,64,32,5
models/Veh/HI/Veh_Bus_HI/Veh_Bus_HI.tex.xbx,12,e6841efc,64,32,5
models/Veh/HI/Veh_Bus_HI/Veh_Bus_HI.tex.xbx,13,13991f44,32,64,5
models/Veh/HI/Veh_Bus_HI/Veh_Bus_HI.tex.xbx,14,338be5e4,32,32,5
models/Veh/HI/Veh_Bus_HI/Veh_Bus_HI.tex.xbx,15,76c54aa0,32,32,5
models/Veh/HI/Veh_Bus_HI/Veh_Bus_HI.tex.xbx,16,d7e5b3ac,16,32,5
models/Veh/HI/Veh_Bus_HI/Veh_Bus_HI.tex.xbx,17,4ddaa2a8,64,32,5
models/Veh/HI/Veh_Bus_HI/Veh_Bus_HI.tex.xbx,18,f6aa2a6c,8,8,1
models/Veh/HI/Veh_Bus_HI/Veh_Bus_HI.tex.xbx,19,5cc907e8,32,32,2
models/Veh/HI/Veh_Bus_HI/Veh_Bus_HI.tex.xbx,20,35ba96e8,64,64,5
models/Veh/HI/Veh_Bus_HI/Veh_Bus_HI.tex.xbx,21,c7733f08,64,32,5
models/Veh/NJ/Veh_PoliceCar_NJ/Veh_PoliceCar_NJ.tex.xbx,0,8ca5fe44,64,64,5
models/Veh/NJ/Veh_PoliceCar_NJ/Veh_PoliceCar_NJ.tex.xbx,1,a0bf0438,64,64,2
models/Veh/NJ/Veh_PoliceCar_NJ/Veh_PoliceCar_NJ.tex.xbx,2,f6aa2a6c,8,8,1
models/Veh/NJ/Veh_PoliceCar_NJ/Veh_PoliceCar_NJ.tex.xbx,3,09c27f48,64,64,1
models/Veh/NJ/Veh_PoliceCar_NJ/Veh_PoliceCar_NJ.tex.xbx,4,bf625044,64,32,5
models/Veh/NJ/Veh_PoliceCar_NJ/Veh_PoliceCar_NJ.tex.xbx,5,18a9aaac,64,64,1
models/Veh/NJ/Veh_PoliceCar_NJ/Veh_PoliceCar_NJ.tex.xbx,6,fc2b529c,64,16,5
models/Veh/NJ/Veh_PoliceCar_NJ/Veh_PoliceCar_NJ.tex.xbx,7,4f6bf970,32,32,1
models/Veh/NJ/Veh_PoliceCar_NJ/Veh_PoliceCar_NJ.tex.xbx,8,41ec9cc8,32,16,5
models/Veh/NJ/Veh_PoliceCar_NJ/Veh_PoliceCar_NJ.tex.xbx,9,e39af080,32,64,1
models/Veh/NJ/Veh_PoliceCar_NJ/Veh_PoliceCar_NJ.tex.xbx,10,df03609c,32,32,5
models/Veh/NJ/Veh_PoliceCar_NJ/Veh_PoliceCar_NJ.tex.xbx,11,2cc996b4,16,16,5
models/Veh/NJ/Veh_PoliceCar_NJ/Veh_PoliceCar_NJ.tex.xbx,12,20b785fc,32,32,5
models/Veh/NJ/Veh_PoliceCar_NJ/Veh_PoliceCar_NJ.tex.xbx,13,9177c764,64,32,5
models/Veh/NJ/Veh_PoliceCar_NJ/Veh_PoliceCar_NJ.tex.xbx,14,ec130370,32,32,1
models/Veh/NJ/Veh_PoliceCar_NJ/Veh_PoliceCar_NJ.tex.xbx,15,dff97b4c,64,64,5
models/Veh/NJ/Veh_PoliceCar_NJ/Veh_PoliceCar_NJ.tex.xbx,16,100722c8,32,32,5
models/Veh/NJ/Veh_PoliceCar_NJ/Veh_PoliceCar_NJ.tex.xbx,17,877bf700,32,32,5
models/Veh/NJ/Veh_PoliceCar_NJ/Veh_PoliceCar_NJ.tex.xbx,18,efa26040,16,8,5
models/Veh/NJ/Veh_PoliceCar_NJ/Veh_PoliceCar_NJ.tex.xbx,19,a721ea88,32,32,5
models/Veh/NJ/Veh_PoliceCar_NJ/Veh_PoliceCar_NJ.tex.xbx,20,cf3ecadc,32,32,1
models/Veh/NJ/Veh_PoliceCar_NJ/Veh_PoliceCar_NJ.tex.xbx,21,e260be34,32,16,5
models/Veh/NJ/Veh_PoliceCar_NJ/Veh_PoliceCar_NJ.tex.xbx,22,5cc907e8,32,32,2
models/Veh/NJ/Veh_PoliceCar_NJ/Veh_PoliceCar_NJ.tex.xbx,23,8a02ae48,32,16,5
models/Veh/NJ/Veh_PoliceCar_NJ/Veh_PoliceCar_NJ.tex.xbx,24,69f57780,16,16,5
models/Veh/NJ/Veh_PoliceCar_NJ/Veh_PoliceCar_NJ.tex.xbx,25,5878085c,8,16,1
models/Veh/NJ/Veh_PoliceCar_NJ/Veh_PoliceCar_NJ.tex.xbx,26,57caa24c,64,64,5
models/Veh/NJ/Veh_PoliceCar_NJ/Veh_PoliceCar_NJ.tex.xbx,27,c7733f08,64,32,5
models/Veh/NO/Veh_NO_Heli/Veh_NO_Heli.tex.xbx,0,632820bc,64,32,1
models/Veh/NO/Veh_NO_Heli/Veh_NO_Heli.tex.xbx,1,dbb5c0ac,32,32,1
models/Veh/NO/Veh_NO_Heli/Veh_NO_Heli.tex.xbx,2,27730b3c,64,16,5
models/Veh/NO/Veh_NO_Heli/Veh_NO_Heli.tex.xbx,3,c00b4db4,32,32,1
models/Veh/NO/Veh_NO_Heli/Veh_NO_Heli.tex.xbx,4,5180e8f0,32,32,1
models/Veh/NO/Veh_NO_Heli/Veh_NO_Heli.tex.xbx,5,699be2f0,64,64,1
models/Veh/NO/Veh_NO_Heli/Veh_NO_Heli.tex.xbx,6,9dce424c,32,32,1
models/Veh/NO/Veh_NO_Heli/Veh_NO_Heli.tex.xbx,7,2d9350f0,64,16,5
models/Veh/NO/Veh_NO_Heli/Veh_NO_Heli.tex.xbx,8,2922c7d4,32,16,1
models/Veh/NO/Veh_NO_Heli/Veh_NO_Heli.tex.xbx,9,8b201c6c,128,32,1
models/Veh/NO/Veh_NO_Heli/Veh_NO_Heli.tex.xbx,10,1c37770c,64,16,5
models/Veh/NO/Veh_NO_Heli/Veh_NO_Heli.tex.xbx,11,af43c10c,32,32,1
models/Veh/NO/Veh_NO_Heli/Veh_NO_Heli.tex.xbx,12,59354504,128,64,5
models/Veh/NY/Veh_Bus_Javits/Veh_Bus_Javits.tex.xbx,0,651184c0,32,32,1
models/Veh/NY/Veh_Bus_Javits/Veh_Bus_Javits.tex.xbx,1,7d801cb8,64,64,1
models/Veh/NY/Veh_Bus_Javits/Veh_Bus_Javits.tex.xbx,2,db8c3de8,128,64,1
models/Veh/NY/Veh_Bus_Javits/Veh_Bus_Javits.tex.xbx,3,705a795c,64,64,1
models/Veh/NY/Veh_Bus_Javits/Veh_Bus_Javits.tex.xbx,4,afb3b830,128,64,1
models/Veh/NY/Veh_Bus_Javits/Veh_Bus_Javits.tex.xbx,5,38851330,64,64,1
models/Veh/NY/Veh_Bus_Javits/Veh_Bus_Javits.tex.xbx,6,a9dcadd4,128,32,2
models/Veh/NY/Veh_Bus_Javits/Veh_Bus_Javits.tex.xbx,7,4cba96e8,64,32,1
models/Veh/NY/Veh_Bus_Javits/Veh_Bus_Javits.tex.xbx,8,5e372f5c,64,32,1
models/Veh/NY/Veh_Bus_Javits/Veh_Bus_Javits.tex.xbx,9,2a08aa84,64,64,1
models/Veh/NY/Veh_Bus_Javits/Veh_Bus_Javits.tex.xbx,10,5ad16e24,128,128,1
models/Veh/NY/Veh_Bus_Javits/Veh_Bus_Javits.tex.xbx,11,c7e4fbb8,128,32,2
models/Veh/NY/Veh_Bus_Javits/Veh_Bus_Javits.tex.xbx,12,0465fc84,128,128,1
models/Veh/NY/Veh_Bus_Javits/Veh_Bus_Javits.tex.xbx,13,2c67bf60,128,64,2
models/Veh/NY/Veh_Bus_Javits/Veh_Bus_Javits.tex.xbx,14,86e4377c,64,64,5
models/Veh/NY/Veh_Bus_Javits/Veh_Bus_Javits.tex.xbx,15,2eeeebfc,64,64,1
models/Veh/NY/Veh_Bus_Javits/Veh_Bus_Javits.tex.xbx,16,aa7cc288,32,64,5
models/Veh/NY/Veh_Bus_Javits/Veh_Bus_Javits.tex.xbx,17,1e58ecdc,64,64,5
models/Veh/NY/Veh_Bus_Javits/Veh_Bus_Javits.tex.xbx,18,5bf855e4,64,64,5
models/Veh/NY/Veh_Cab_NY/Veh_Cab_NY.tex.xbx,0,a0bf0438,64,64,2
models/Veh/NY/Veh_Cab_NY/Veh_Cab_NY.tex.xbx,1,8ca5fe44,64,64,5
models/Veh/NY/Veh_Cab_NY/Veh_Cab_NY.tex.xbx,2,f6aa2a6c,8,8,1
models/Veh/NY/Veh_Cab_NY/Veh_Cab_NY.tex.xbx,3,09c27f48,64,64,1
models/Veh/NY/Veh_Cab_NY/Veh_Cab_NY.tex.xbx,4,904ec728,64,16,5
models/Veh/NY/Veh_Cab_NY/Veh_Cab_NY.tex.xbx,5,6c81bf68,64,64,5
models/Veh/NY/Veh_Cab_NY/Veh_Cab_NY.tex.xbx,6,18a9aaac,64,64,1
models/Veh/NY/Veh_Cab_NY/Veh_Cab_NY.tex.xbx,7,95bd61b0,16,16,5
models/Veh/NY/Veh_Cab_NY/Veh_Cab_NY.tex.xbx,8,e86081f0,32,32,5
models/Veh/NY/Veh_Cab_NY/Veh_Cab_NY.tex.xbx,9,e39af080,32,64,1
models/Veh/NY/Veh_Cab_NY/Veh_Cab_NY.tex.xbx,10,33165f04,32,32,5
models/Veh/NY/Veh_Cab_NY/Veh_Cab_NY.tex.xbx,11,20b785fc,32,32,5
models/Veh/NY/Veh_Cab_NY/Veh_Cab_NY.tex.xbx,12,efa26040,16,8,5
models/Veh/NY/Veh_Cab_NY/Veh_Cab_NY.tex.xbx,13,1708b870,32,32,5
models/Veh/NY/Veh_Cab_NY/Veh_Cab_NY.tex.xbx,14,ec130370,32,32,1
models/Veh/NY/Veh_Cab_NY/Veh_Cab_NY.tex.xbx,15,dff97b4c,64,64,5
models/Veh/NY/Veh_Cab_NY/Veh_Cab_NY.tex.xbx,16,a721ea88,32,32,5
models/Veh/NY/Veh_Cab_NY/Veh_Cab_NY.tex.xbx,17,9166c284,32,32,5
models/Veh/NY/Veh_Cab_NY/Veh_Cab_NY.tex.xbx,18,e260be34,32,16,5
models/Veh/NY/Veh_Cab_NY/Veh_Cab_NY.tex.xbx,19,5cc907e8,32,32,2
models/Veh/NY/Veh_Cab_NY/Veh_Cab_NY.tex.xbx,20,5ab64518,32,32,1
models/Veh/NY/Veh_Cab_NY/Veh_Cab_NY.tex.xbx,21,57caa24c,64,64,5
models/Veh/NY/Veh_Cab_NY/Veh_Cab_NY.tex.xbx,22,c7733f08,64,32,5
models/Veh/NY/Veh_PoliceCar_BB/Veh_PoliceCar_BB.tex.xbx,0,1e58ecdc,64,64,5
models/Veh/NY/Veh_PoliceCar_BB/Veh_PoliceCar_BB.tex.xbx,1,cfa1cde8,128,128,1
models/Veh/NY/Veh_PoliceCar_BB/Veh_PoliceCar_BB.tex.xbx,2,6e9f91f0,128,32,1
models/Veh/NY/Veh_PoliceCar_BB/Veh_PoliceCar_BB.tex.xbx,3,0f0a8df0,32,32,1
models/Veh/NY/Veh_PoliceCar_BB/Veh_PoliceCar_BB.tex.xbx,4,7d801cb8,64,64,1
models/Veh/NY/Veh_PoliceCar_NY/Veh_PoliceCar_NY.tex.xbx,0,a0bf0438,64,64,2
models/Veh/NY/Veh_PoliceCar_NY/Veh_PoliceCar_NY.tex.xbx,1,8ca5fe44,64,64,5
models/Veh/NY/Veh_PoliceCar_NY/Veh_PoliceCar_NY.tex.xbx,2,f6aa2a6c,8,8,1
models/Veh/NY/Veh_PoliceCar_NY/Veh_PoliceCar_NY.tex.xbx,3,09c27f48,64,64,1
models/Veh/NY/Veh_PoliceCar_NY/Veh_PoliceCar_NY.tex.xbx,4,bf625044,64,32,5
models/Veh/NY/Veh_PoliceCar_NY/Veh_PoliceCar_NY.tex.xbx,5,18a9aaac,64,64,1
models/Veh/NY/Veh_PoliceCar_NY/Veh_PoliceCar_NY.tex.xbx,6,9e6b5278,64,32,5
models/Veh/NY/Veh_PoliceCar_NY/Veh_PoliceCar_NY.tex.xbx,7,e86081f0,32,32,5
models/Veh/NY/Veh_PoliceCar_NY/Veh_PoliceCar_NY.tex.xbx,8,efa26040,16,8,5
models/Veh/NY/Veh_PoliceCar_NY/Veh_PoliceCar_NY.tex.xbx,9,e39af080,32,64,1
models/Veh/NY/Veh_PoliceCar_NY/Veh_PoliceCar_NY.tex.xbx,10,4cb48424,32,64,5
models/Veh/NY/Veh_PoliceCar_NY/Veh_PoliceCar_NY.tex.xbx,11,244bf66c,16,16,5
models/Veh/NY/Veh_PoliceCar_NY/Veh_PoliceCar_NY.tex.xbx,12,20b785fc,32,32,5
models/Veh/NY/Veh_PoliceCar_NY/Veh_PoliceCar_NY.tex.xbx,13,ca0b7ed4,64,32,5
models/Veh/NY/Veh_PoliceCar_NY/Veh_PoliceCar_NY.tex.xbx,14,ec130370,32,32,1
models/Veh/NY/Veh_PoliceCar_NY/Veh_PoliceCar_NY.tex.xbx,15,2eca7dd4,64,16,5
models/Veh/NY/Veh_PoliceCar_NY/Veh_PoliceCar_NY.tex.xbx,16,c5b5eecc,64,32,5
models/Veh/NY/Veh_PoliceCar_NY/Veh_PoliceCar_NY.tex.xbx,17,dff97b4c,64,64,5
models/Veh/NY/Veh_PoliceCar_NY/Veh_PoliceCar_NY.tex.xbx,18,57404778,32,32,5
models/Veh/NY/Veh_PoliceCar_NY/Veh_PoliceCar_NY.tex.xbx,19,a54952bc,32,32,5
models/Veh/NY/Veh_PoliceCar_NY/Veh_PoliceCar_NY.tex.xbx,20,a721ea88,32,32,5
models/Veh/NY/Veh_PoliceCar_NY/Veh_PoliceCar_NY.tex.xbx,21,9166c284,32,32,5
models/Veh/NY/Veh_PoliceCar_NY/Veh_PoliceCar_NY.tex.xbx,22,e260be34,32,16,5
models/Veh/NY/Veh_PoliceCar_NY/Veh_PoliceCar_NY.tex.xbx,23,8a02ae48,32,16,5
models/Veh/NY/Veh_PoliceCar_NY/Veh_PoliceCar_NY.tex.xbx,24,69f57780,16,16,5
models/Veh/NY/Veh_PoliceCar_NY/Veh_PoliceCar_NY.tex.xbx,25,5878085c,8,16,1
models/Veh/NY/Veh_PoliceCar_NY/Veh_PoliceCar_NY.tex.xbx,26,5cc907e8,32,32,2
models/Veh/NY/Veh_PoliceCar_NY/Veh_PoliceCar_NY.tex.xbx,27,57caa24c,64,64,5
models/Veh/NY/Veh_PoliceCar_NY/Veh_PoliceCar_NY.tex.xbx,28,c7733f08,64,32,5
models/Veh/NY/Veh_TaxiUS_BB/Veh_TaxiUS_BB.tex.xbx,0,5b0ac694,64,64,5
models/Veh/NY/Veh_TaxiUS_BB/Veh_TaxiUS_BB.tex.xbx,1,2d1fa9d0,32,32,1
models/Veh/NY/Veh_TaxiUS_BB/Veh_TaxiUS_BB.tex.xbx,2,4cf99e98,64,64,2
models/Veh/NY/Veh_TaxiUS_BB/Veh_TaxiUS_BB.tex.xbx,3,406bfe10,64,32,1
models/Veh/NY/Veh_TaxiUS_BB/Veh_TaxiUS_BB.tex.xbx,4,1f966a64,32,32,1
models/Veh/NY/Veh_TaxiUS_BB/Veh_TaxiUS_BB.tex.xbx,5,c5c02848,32,16,5
models/Veh/NY/Veh_TaxiUS_BB/Veh_TaxiUS_BB.tex.xbx,6,28052e14,16,32,1
models/Veh/NY/Veh_TaxiUS_BB/Veh_TaxiUS_BB.tex.xbx,7,c4b6d508,64,32,2
models/Veh/NY/Veh_TaxiUS_BB/Veh_TaxiUS_BB.tex.xbx,8,5d2018dc,16,16,1
models/Veh/NY/Veh_TaxiUS_BB/Veh_TaxiUS_BB.tex.xbx,9,cb1a648c,32,64,1
models/Veh/NY/Veh_TaxiUS_BB/Veh_TaxiUS_BB.tex.xbx,10,c138ce58,64,32,5
models/Veh/NY/Veh_TaxiUS_BB/Veh_TaxiUS_BB.tex.xbx,11,d33bf258,32,32,2
models/Veh/NY/Veh_TaxiUS_BB/Veh_TaxiUS_BB.tex.xbx,12,cf24ed14,32,64,1
models/Veh/NY/Veh_TaxiUS_BB/Veh_TaxiUS_BB.tex.xbx,13,70147218,64,32,1
models/Veh/NY/Veh_TaxiUS_BB/Veh_TaxiUS_BB.tex.xbx,14,8849c9ac,64,32,5
models/Veh/NY/Veh_TaxiUS_BB/Veh_TaxiUS_BB.tex.xbx,15,9b498644,64,32,1
models/Veh/NY/Veh_TaxiUS_BB/Veh_TaxiUS_BB.tex.xbx,16,6d154948,64,64,1
models/Veh/NY/Veh_TaxiUS_BB/Veh_TaxiUS_BB.tex.xbx,17,d63c40c4,32,32,1
models/Veh/NY/Veh_TaxiUS_BB/Veh_TaxiUS_BB.tex.xbx,18,84943948,128,32,1
models/Veh/NY/Veh_TaxiUS_BB/Veh_TaxiUS_BB.tex.xbx,19,ad213fd8,64,64,1
models/Veh/NY/Veh_TaxiUS_BB/Veh_TaxiUS_BB.tex.xbx,20,3d88a318,128,64,1
models/Veh/NY/Veh_WRX_BB/Veh_WRX_BB.tex.xbx,0,5b0ac694,64,64,5
models/Veh/NY/Veh_WRX_BB/Veh_WRX_BB.tex.xbx,1,0b6ba3a0,64,32,1
models/Veh/NY/Veh_WRX_BB/Veh_WRX_BB.tex.xbx,2,ff1cd2b4,64,32,1
models/Veh/NY/Veh_WRX_BB/Veh_WRX_BB.tex.xbx,3,50b5bcb8,64,64,1
models/Veh/NY/Veh_WRX_BB/Veh_WRX_BB.tex.xbx,4,b3d9d99c,64,32,1
models/Veh/NY/Veh_WRX_BB/Veh_WRX_BB.tex.xbx,5,e034e9a0,128,32,5
models/Veh/NY/Veh_WRX_BB/Veh_WRX_BB.tex.xbx,6,13330344,32,64,1
models/Veh/NY/Veh_WRX_BB/Veh_WRX_BB.tex.xbx,7,c376a8d8,64,32,1
models/Veh/NY/Veh_WRX_BB/Veh_WRX_BB.tex.xbx,8,6ac926b4,64,32,1
models/Veh/NY/Veh_WRX_BB/Veh_WRX_BB.tex.xbx,9,d7ead04c,64,32,5
models/Veh/NY/Veh_WRX_BB/Veh_WRX_BB.tex.xbx,10,ca2b88a8,32,32,1
models/Veh/NY/Veh_WRX_BB/Veh_WRX_BB.tex.xbx,11,5695cc38,32,32,1
models/Veh/NY/Veh_WRX_BB/Veh_WRX_BB.tex.xbx,12,f5e2a5c4,32,32,1
models/Veh/NY/Veh_WRX_BB/Veh_WRX_BB.tex.xbx,13,51d65748,32,32,1
models/Veh/NY/Veh_WRX_BB/Veh_WRX_BB.tex.xbx,14,79711694,64,64,2
models/Veh/ST/Veh_ST_Zip/Veh_ST_Zip.tex.xbx,0,25c3c164,128,128,5
models/Veh/ST/Veh_ST_Zip/Veh_ST_Zip.tex.xbx,1,2d5167a4,128,64,1
models/Veh/ST/Veh_ST_Zip_2/Veh_ST_Zip_2.tex.xbx,0,25c3c164,128,128,5
models/Veh/ST/Veh_ST_Zip_2/Veh_ST_Zip_2.tex.xbx,1,2d5167a4,128,64,1
models/Veh/VEh_SDKart_Gardens/VEh_SDKart_Gardens.tex.xbx,0,8ca5fe44,64,64,5
models/Veh/VEh_SDKart_Gardens/VEh_SDKart_Gardens.tex.xbx,1,a0bf0438,64,64,2
models/Veh/VEh_SDKart_Gardens/VEh_SDKart_Gardens.tex.xbx,2,6b8ba720,32,32,1
models/Veh/VEh_SDKart_Gardens/VEh_SDKart_Gardens.tex.xbx,3,0ee0c820,64,16,1
models/Veh/VEh_SDKart_Gardens/VEh_SDKart_Gardens.tex.xbx,4,61a17a5c,32,16,1
models/Veh/VEh_SDKart_Gardens/VEh_SDKart_Gardens.tex.xbx,5,c0957cc0,64,32,1
models/Veh/VEh_SDKart_Gardens/VEh_SDKart_Gardens.tex.xbx,6,a7509b34,32,32,5
models/Veh/VEh_SDKart_Gardens/VEh_SDKart_Gardens.tex.xbx,7,738bb884,32,32,1
models/Veh/VEh_SDKart_Gardens/VEh_SDKart_Gardens.tex.xbx,8,151fc984,64,64,1
models/Veh/VEh_SDKart_Gardens/VEh_SDKart_Gardens.tex.xbx,9,5d243a00,32,32,5
models/Veh/VEh_SDKart_Gardens/VEh_SDKart_Gardens.tex.xbx,10,50a054dc,32,64,1
models/Veh/VEh_SDKart_Gardens/VEh_SDKart_Gardens.tex.xbx,11,5d0ab1c0,32,32,5
models/Veh/VEh_SDKart_Gardens/VEh_SDKart_Gardens.tex.xbx,12,ff550818,32,32,1
models/Veh/VEh_SDKart_Gardens/VEh_SDKart_Gardens.tex.xbx,13,bd165f24,64,32,1
models/Veh/VEh_SDKart_Gardens/VEh_SDKart_Gardens.tex.xbx,14,5cc907e8,32,32,2
models/Veh/VEh_SDKart_Gardens/VEh_SDKart_Gardens.tex.xbx,15,bae6f534,64,64,1
models/Veh/VEh_SDKart_Gardens/VEh_SDKart_Gardens.tex.xbx,16,e8c66bdc,16,16,1
models/Veh/VEh_SDKart_Gardens/VEh_SDKart_Gardens.tex.xbx,17,7d017cf0,128,64,5
models/Veh/VEh_SDKart_Gardens/VEh_SDKart_Gardens.tex.xbx,18,e13ef498,64,64,5
models/Veh/VEh_SDKart_Gardens/VEh_SDKart_Gardens.tex.xbx,19,c945b758,32,32,1
models/Veh/VEh_SDKart_Gardens/VEh_SDKart_Gardens.tex.xbx,20,cdfb2630,64,32,1
models/Veh/VEh_SDKart_Gardens/VEh_SDKart_Gardens.tex.xbx,21,c7733f08,64,32,5
models/Veh/VEh_SDKart_Gardens/VEh_SDKart_Gardens.tex.xbx,22,bdc24740,64,64,5
models/Veh/Veh_ATV/Veh_ATV.tex.xbx,0,039c69f8,32,32,5
models/Veh/Veh_ATV/Veh_ATV.tex.xbx,1,4c3170bc,8,8,1
models/Veh/Veh_ATV/Veh_ATV.tex.xbx,2,ed298f48,16,16,1
models/Veh/Veh_ATV/Veh_ATV.tex.xbx,3,f5f29118,16,16,1
models/Veh/Veh_ATV/Veh_ATV.tex.xbx,4,047ce52c,32,32,1
models/Veh/Veh_ATV/Veh_ATV.tex.xbx,5,21982834,16,32,1
models/Veh/Veh_ATV/Veh_ATV.tex.xbx,6,148ec9ac,8,8,1
models/Veh/Veh_ATV/Veh_ATV.tex.xbx,7,68c35d34,8,16,1
models/Veh/Veh_ATV/Veh_ATV.tex.xbx,8,c0016f98,8,16,1
models/Veh/Veh_ATV/Veh_ATV.tex.xbx,9,b2b9b3f0,16,16,5
models/Veh/Veh_ATV/Veh_ATV.tex.xbx,10,9462eddc,8,8,1
models/Veh/Veh_ATV/Veh_ATV.tex.xbx,11,aacc25d4,64,64,1
models/Veh/Veh_ATV/Veh_ATV.tex.xbx,12,88ed4bc8,32,16,1
models/Veh/Veh_ATV/Veh_ATV.tex.xbx,13,0cd3c1c0,8,8,1
models/Veh/Veh_ATV/Veh_ATV.tex.xbx,14,ddbf18e8,8,8,1
models/Veh/Veh_ATV/Veh_ATV.tex.xbx,15,4f6bf970,32,32,1
models/Veh/Veh_ATV/Veh_ATV.tex.xbx,16,45a8b62c,32,32,5
models/Veh/Veh_ATV/Veh_ATV.tex.xbx,17,924c0e18,8,16,1
models/Veh/Veh_ATV/Veh_ATV.tex.xbx,18,91335018,32,32,1
models/Veh/Veh_ATV/Veh_ATV.tex.xbx,19,66d9682c,32,16,1
models/Veh/Veh_ATV/Veh_ATV.tex.xbx,20,7b6ecc28,16,16,1
models/Veh/Veh_ATV/Veh_ATV.tex.xbx,21,ac8569c8,16,8,5
models/Veh/Veh_ATV/Veh_ATV.tex.xbx,22,7e13b1e0,32,64,5
models/Veh/Veh_ATV/Veh_ATV.tex.xbx,23,52fbb7f8,32,16,5
models/Veh/Veh_ATV/Veh_ATV.tex.xbx,24,51838ecc,64,64,1
models/Veh/Veh_ATV/Veh_ATV.tex.xbx,25,d7a25b98,16,16,1
models/Veh/Veh_Blimp/Veh_Blimp.tex.xbx,0,8ca5fe44,64,64,5
models/Veh/Veh_Blimp/Veh_Blimp.tex.xbx,1,f6f2a9d0,128,64,5
models/Veh/Veh_Blimp/Veh_Blimp.tex.xbx,2,c37ef1f8,32,32,1
models/Veh/Veh_Blimp/Veh_Blimp.tex.xbx,3,08dc9a40,128,16,1
models/Veh/Veh_Blimp/Veh_Blimp.tex.xbx,4,c7733f08,64,32,5
models/Veh/Veh_Blimp/Veh_Blimp.tex.xbx,5,bdc24740,64,64,5
models/Veh/Veh_Bull/Veh_Bull.tex.xbx,0,8046df98,128,128,5
models/Veh/Veh_Bull/Veh_Bull.tex.xbx,1,91d499ac,128,64,5
models/Veh/Veh_BusUK/Veh_BusUK.tex.xbx,0,db7c7694,128,64,1
models/Veh/Veh_BusUK/Veh_BusUK.tex.xbx,1,1e58ecdc,64,64,5
models/Veh/Veh_BusUK/Veh_BusUK.tex.xbx,2,0b8d0bd0,128,64,1
models/Veh/Veh_BusUK/Veh_BusUK.tex.xbx,3,92fc3584,32,32,1
models/Veh/Veh_BusUK/Veh_BusUK.tex.xbx,4,159ff60c,64,32,5
models/Veh/Veh_BusUK/Veh_BusUK.tex.xbx,5,e41b6160,64,32,5
models/Veh/Veh_BusUK/Veh_BusUK.tex.xbx,6,d24978a8,128,64,1
models/Veh/Veh_BusUK/Veh_BusUK.tex.xbx,7,23cdefc4,128,64,1
models/Veh/Veh_BusUK/Veh_BusUK.tex.xbx,8,e332f0c4,32,32,2
models/Veh/Veh_BusUK/Veh_BusUK.tex.xbx,9,8097a04c,128,32,1
models/Veh/Veh_BusUK/Veh_BusUK.tex.xbx,10,2164e3a0,128,64,2
models/Veh/Veh_BusUK/Veh_BusUK.tex.xbx,11,7818a558,64,64,1
models/Veh/Veh_BusUK/Veh_BusUK.tex.xbx,12,867d2a54,64,64,1
models/Veh/Veh_BusUK/Veh_BusUK.tex.xbx,13,7ccd7b18,64,32,1
models/Veh/Veh_BusUK/Veh_BusUK.tex.xbx,14,cdd861f4,128,64,2
models/Veh/Veh_BusUK/Veh_BusUK.tex.xbx,15,0f0a8df0,32,32,1
models/Veh/Veh_BusUK/Veh_BusUK.tex.xbx,16,47ed83c8,64,64,2
models/Veh/Veh_Camino/Veh_Camino.tex.xbx,0,8ca5fe44,64,64,5
models/Veh/Veh_Camino/Veh_Camino.tex.xbx,1,a0bf0438,64,64,2
models/Veh/Veh_Camino/Veh_Camino.tex.xbx,2,584854d8,64,64,5
models/Veh/Veh_Camino/Veh_Camino.tex.xbx,3,4f6bf970,32,32,1
models/Veh/Veh_Camino/Veh_Camino.tex.xbx,4,6c81bf68,64,64,5
models/Veh/Veh_Camino/Veh_Camino.tex.xbx,5,fb1547b4,32,32,5
models/Veh/Veh_Camino/Veh_Camino.tex.xbx,6,6cb65d00,16,16,5
models/Veh/Veh_Camino/Veh_Camino.tex.xbx,7,9f960288,64,32,5
models/Veh/Veh_Camino/Veh_Camino.tex.xbx,8,27c086f0,32,32,5
models/Veh/Veh_Camino/Veh_Camino.tex.xbx,9,acd5a16c,64,32,5
models/Veh/Veh_Camino/Veh_Camino.tex.xbx,10,a52b5568,32,32,5
models/Veh/Veh_Camino/Veh_Camino.tex.xbx,11,dff97b4c,64,64,5
models/Veh/Veh_Camino/Veh_Camino.tex.xbx,12,05558748,32,32,1
models/Veh/Veh_Camino/Veh_Camino.tex.xbx,13,6be410f8,32,32,5
models/Veh/Veh_Camino/Veh_Camino.tex.xbx,14,f6aa2a6c,8,8,1
models/Veh/Veh_Camino/Veh_Camino.tex.xbx,15,9034dd6c,32,32,1
models/Veh/Veh_Camino/Veh_Camino.tex.xbx,16,4e1b0770,32,16,5
models/Veh/Veh_Camino/Veh_Camino.tex.xbx,17,44bf18d8,64,64,1
models/Veh/Veh_Camino/Veh_Camino.tex.xbx,18,20ffa8b0,32,32,1
models/Veh/Veh_Camino/Veh_Camino.tex.xbx,19,e260be34,32,16,5
models/Veh/Veh_Camino/Veh_Camino.tex.xbx,20,136dc1f4,64,64,1
models/Veh/Veh_Camino/Veh_Camino.tex.xbx,21,42a1c96c,16,16,5
models/Veh/Veh_Camino/Veh_Camino.tex.xbx,22,5cc907e8,32,32,2
models/Veh/Veh_Camino/Veh_Camino.tex.xbx,23,f5234f48,32,16,1
models/Veh/Veh_Camino/Veh_Camino.tex.xbx,24,b5e92c34,64,128,1
models/Veh/Veh_Camino/Veh_Camino.tex.xbx,25,18b67578,64,64,5
models/Veh/Veh_Camino/Veh_Camino.tex.xbx,26,c7733f08,64,32,5
models/Veh/Veh_Chevy_Impala/Veh_Chevy_Impala.tex.xbx,0,8a067220,32,16,5
models/Veh/Veh_Chevy_Impala/Veh_Chevy_Impala.tex.xbx,1,4f6bf970,32,32,1
models/Veh/Veh_Chevy_Impala/Veh_Chevy_Impala.tex.xbx,2,6c81bf68,64,64,5
models/Veh/Veh_Chevy_Impala/Veh_Chevy_Impala.tex.xbx,3,8ca5fe44,64,64,5
models/Veh/Veh_Chevy_Impala/Veh_Chevy_Impala.tex.xbx,4,a0bf0438,64,64,2
models/Veh/Veh_Chevy_Impala/Veh_Chevy_Impala.tex.xbx,5,4ffdf568,64,32,5
models/Veh/Veh_Chevy_Impala/Veh_Chevy_Impala.tex.xbx,6,c4ee98e4,64,32,5
models/Veh/Veh_Chevy_Impala/Veh_Chevy_Impala.tex.xbx,7,bb5bdb7c,16,8,5
models/Veh/Veh_Chevy_Impala/Veh_Chevy_Impala.tex.xbx,8,c188413c,64,32,5
models/Veh/Veh_Chevy_Impala/Veh_Chevy_Impala.tex.xbx,9,7d591bec,32,32,5
models/Veh/Veh_Chevy_Impala/Veh_Chevy_Impala.tex.xbx,10,fb1547b4,32,32,5
models/Veh/Veh_Chevy_Impala/Veh_Chevy_Impala.tex.xbx,11,e63afc28,32,32,5
models/Veh/Veh_Chevy_Impala/Veh_Chevy_Impala.tex.xbx,12,dff97b4c,64,64,5
models/Veh/Veh_Chevy_Impala/Veh_Chevy_Impala.tex.xbx,13,dd38cc64,32,64,5
models/Veh/Veh_Chevy_Impala/Veh_Chevy_Impala.tex.xbx,14,08d87794,64,64,5
models/Veh/Veh_Chevy_Impala/Veh_Chevy_Impala.tex.xbx,15,de4afb5c,32,16,5
models/Veh/Veh_Chevy_Impala/Veh_Chevy_Impala.tex.xbx,16,6be410f8,32,32,5
models/Veh/Veh_Chevy_Impala/Veh_Chevy_Impala.tex.xbx,17,547e96ec,32,32,5
models/Veh/Veh_Chevy_Impala/Veh_Chevy_Impala.tex.xbx,18,2687c180,64,16,5
models/Veh/Veh_Chevy_Impala/Veh_Chevy_Impala.tex.xbx,19,048947c0,64,16,5
models/Veh/Veh_Chevy_Impala/Veh_Chevy_Impala.tex.xbx,20,f6aa2a6c,8,8,1
models/Veh/Veh_Chevy_Impala/Veh_Chevy_Impala.tex.xbx,21,e260be34,32,16,5
models/Veh/Veh_Chevy_Impala/Veh_Chevy_Impala.tex.xbx,22,5cc907e8,32,32,2
models/Veh/Veh_Chevy_Impala/Veh_Chevy_Impala.tex.xbx,23,708cac98,32,32,1
models/Veh/Veh_Chevy_Impala/Veh_Chevy_Impala.tex.xbx,24,7c020cac,32,32,1
models/Veh/Veh_Chevy_Impala/Veh_Chevy_Impala.tex.xbx,25,a7fb03dc,32,64,5
models/Veh/Veh_Chevy_Impala/Veh_Chevy_Impala.tex.xbx,26,edabe3d0,32,16,5
models/Veh/Veh_Chevy_Impala/Veh_Chevy_Impala.tex.xbx,27,b5e92c34,64,128,1
models/Veh/Veh_Chevy_Impala/Veh_Chevy_Impala.tex.xbx,28,35ba96e8,64,64,5
models/Veh/Veh_Chevy_Impala/Veh_Chevy_Impala.tex.xbx,29,c7733f08,64,32,5
models/Veh/Veh_CopperBike/Veh_CopperBike.tex.xbx,0,0f15ae60,32,32,1
models/Veh/Veh_CopperBike/Veh_CopperBike.tex.xbx,1,5ac4636c,64,32,1
models/Veh/Veh_CopperBike/Veh_CopperBike.tex.xbx,2,e569f40c,32,32,1
models/Veh/Veh_CopperBike/Veh_CopperBike.tex.xbx,3,f0dc4238,64,32,1
models/Veh/Veh_CopperBike/Veh_CopperBike.tex.xbx,4,598cb42c,64,64,5
models/Veh/Veh_CopperBike/Veh_CopperBike.tex.xbx,5,b8f4a08c,32,32,1
models/Veh/Veh_CopperBike/Veh_CopperBike.tex.xbx,6,76cff60c,64,16,1
models/Veh/Veh_CopperBike/Veh_CopperBike.tex.xbx,7,e6271da8,64,32,1
models/Veh/Veh_CopperBike/Veh_CopperBike.tex.xbx,8,21ab60dc,64,32,5
models/Veh/Veh_CopperBike/Veh_CopperBike.tex.xbx,9,938b7f2c,64,32,5
models/Veh/Veh_CopperBike/Veh_CopperBike.tex.xbx,10,cba18d9c,64,64,1
models/Veh/Veh_CopperBike/Veh_CopperBike.tex.xbx,11,c55214c4,32,32,1
models/Veh/Veh_CopperBike/Veh_CopperBike.tex.xbx,12,5d2f2908,32,32,1
models/Veh/Veh_CopperBike/Veh_CopperBike.tex.xbx,13,16e9755c,64,64,1
models/Veh/Veh_CopperBike/Veh_CopperBike.tex.xbx,14,325e2de0,64,32,5
models/Veh/Veh_CopperBike/Veh_CopperBike.tex.xbx,15,367aeef4,32,32,1
models/Veh/Veh_CopperBike/Veh_CopperBike.tex.xbx,16,e89f2540,32,32,1
models/Veh/Veh_CopperBike/Veh_CopperBike.tex.xbx,17,3662a468,16,16,1
models/Veh/Veh_CopperBike/Veh_CopperBike.tex.xbx,18,8f42df68,16,16,1
models/Veh/Veh_CopperBike/Veh_CopperBike.tex.xbx,19,9d639f5c,32,32,1
models/Veh/Veh_CopperBike/Veh_CopperBike.tex.xbx,20,8279bf80,64,64,2
models/Veh/Veh_CopperBike/Veh_CopperBike.tex.xbx,21,5b0ac694,64,64,5
models/Veh/Veh_DCShoeTruck/Veh_DCShoeTruck.tex.xbx,0,8ca5fe44,64,64,5
models/Veh/Veh_DCShoeTruck/Veh_DCShoeTruck.tex.xbx,1,a0bf0438,64,64,2
models/Veh/Veh_DCShoeTruck/Veh_DCShoeTruck.tex.xbx,2,260b90ec,64,32,1
models/Veh/Veh_DCShoeTruck/Veh_DCShoeTruck.tex.xbx,3,afd08e28,32,32,1
models/Veh/Veh_DCShoeTruck/Veh_DCShoeTruck.tex.xbx,4,9072a1b4,64,16,1
models/Veh/Veh_DCShoeTruck/Veh_DCShoeTruck.tex.xbx,5,4bc3f460,64,64,5
models/Veh/Veh_DCShoeTruck/Veh_DCShoeTruck.tex.xbx,6,4f6bf970,32,32,1
models/Veh/Veh_DCShoeTruck/Veh_DCShoeTruck.tex.xbx,7,77d291a8,64,64,5
models/Veh/Veh_DCShoeTruck/Veh_DCShoeTruck.tex.xbx,8,71bd0f20,64,64,5
models/Veh/Veh_DCShoeTruck/Veh_DCShoeTruck.tex.xbx,9,dff97b4c,64,64,5
models/Veh/Veh_DCShoeTruck/Veh_DCShoeTruck.tex.xbx,10,f6aa2a6c,8,8,1
models/Veh/Veh_DCShoeTruck/Veh_DCShoeTruck.tex.xbx,11,3e433b7c,64,32,5
models/Veh/Veh_DCShoeTruck/Veh_DCShoeTruck.tex.xbx,12,a5488888,64,64,1
models/Veh/Veh_DCShoeTruck/Veh_DCShoeTruck.tex.xbx,13,7dcca6dc,16,32,1
models/Veh/Veh_DCShoeTruck/Veh_DCShoeTruck.tex.xbx,14,090fdbbc,16,16,1
models/Veh/Veh_DCShoeTruck/Veh_DCShoeTruck.tex.xbx,15,974e41e4,32,32,1
models/Veh/Veh_DCShoeTruck/Veh_DCShoeTruck.tex.xbx,16,18e6e8b4,32,32,1
models/Veh/Veh_DCShoeTruck/Veh_DCShoeTruck.tex.xbx,17,c451aad0,64,64,1
models/Veh/Veh_DCShoeTruck/Veh_DCShoeTruck.tex.xbx,18,80820bf0,32,32,5
models/Veh/Veh_DCShoeTruck/Veh_DCShoeTruck.tex.xbx,19,79bb411c,64,64,1
models/Veh/Veh_DCShoeTruck/Veh_DCShoeTruck.tex.xbx,20,d2f2cbbc,64,16,1
models/Veh/Veh_DCShoeTruck/Veh_DCShoeTruck.tex.xbx,21,f77e3858,32,32,1
models/Veh/Veh_DCShoeTruck/Veh_DCShoeTruck.tex.xbx,22,9b40c530,16,32,1
models/Veh/Veh_DCShoeTruck/Veh_DCShoeTruck.tex.xbx,23,3f22e1d0,32,32,1
models/Veh/Veh_DCShoeTruck/Veh_DCShoeTruck.tex.xbx,24,d3ad27d4,32,32,1
models/Veh/Veh_DCShoeTruck/Veh_DCShoeTruck.tex.xbx,25,cd21d844,64,32,5
models/Veh/Veh_DCShoeTruck/Veh_DCShoeTruck.tex.xbx,26,ea9fd1b8,32,32,1
models/Veh/Veh_DCShoeTruck/Veh_DCShoeTruck.tex.xbx,27,3152667c,32,32,5
models/Veh/Veh_DCShoeTruck/Veh_DCShoeTruck.tex.xbx,28,d6b90cd8,32,32,1
models/Veh/Veh_DCShoeTruck/Veh_DCShoeTruck.tex.xbx,29,b92564b8,32,32,5
models/Veh/Veh_DCShoeTruck/Veh_DCShoeTruck.tex.xbx,30,1b63c088,32,32,5
models/Veh/Veh_DCShoeTruck/Veh_DCShoeTruck.tex.xbx,31,b28404f0,32,32,5
models/Veh/Veh_DCShoeTruck/Veh_DCShoeTruck.tex.xbx,32,5cc907e8,32,32,2
models/Veh/Veh_DCShoeTruck/Veh_DCShoeTruck.tex.xbx,33,c7733f08,64,32,5
models/Veh/Veh_DCShoeTruck/Veh_DCShoeTruck.tex.xbx,34,216e5658,64,64,5
models/Veh/Veh_Duck/veh_duck.tex.xbx,0,91e7d94c,64,64,1
models/Veh/Veh_Duck/veh_duck.tex.xbx,1,1f4cae50,128,128,5
models/Veh/Veh_Duck/veh_duck.tex.xbx,2,cdd74854,128,64,5
models/Veh/Veh_Focus/Veh_Focus.tex.xbx,0,1edb066c,64,32,1
models/Veh/Veh_Focus/Veh_Focus.tex.xbx,1,b8f4a08c,32,32,1
models/Veh/Veh_Focus/Veh_Focus.tex.xbx,2,5b0ac694,64,64,5
models/Veh/Veh_Focus/Veh_Focus.tex.xbx,3,171357fc,32,32,1
models/Veh/Veh_Focus/Veh_Focus.tex.xbx,4,b7524558,64,64,1
models/Veh/Veh_Focus/Veh_Focus.tex.xbx,5,eda3f764,64,64,1
models/Veh/Veh_Focus/Veh_Focus.tex.xbx,6,86903884,64,64,1
models/Veh/Veh_Focus/Veh_Focus.tex.xbx,7,4926a070,32,32,1
models/Veh/Veh_Focus/Veh_Focus.tex.xbx,8,d625eecc,64,32,1
models/Veh/Veh_Focus/Veh_Focus.tex.xbx,9,83f53168,64,64,1
models/Veh/Veh_Focus/Veh_Focus.tex.xbx,10,24b04778,64,32,1
models/Veh/Veh_Focus/Veh_Focus.tex.xbx,11,ccce7e20,16,32,1
models/Veh/Veh_Focus/Veh_Focus.tex.xbx,12,4b45593c,64,16,1
models/Veh/Veh_Focus/Veh_Focus.tex.xbx,13,16a6e0b8,32,32,1
models/Veh/Veh_Focus/Veh_Focus.tex.xbx,14,aa277768,64,32,1
models/Veh/Veh_Focus/Veh_Focus.tex.xbx,15,d3fde518,64,32,1
models/Veh/Veh_Focus/Veh_Focus.tex.xbx,16,1352fc24,32,32,1
models/Veh/Veh_Focus/Veh_Focus.tex.xbx,17,360c480c,64,32,2
models/Veh/Veh_Focus/Veh_Focus.tex.xbx,18,9d639f5c,32,32,1
models/Veh/Veh_Focus/Veh_Focus.tex.xbx,19,b68b7c9c,64,64,2
models/Veh/Veh_Forklift/Veh_Forklift.tex.xbx,0,e324dea0,128,128,5
models/Veh/Veh_Forklift/Veh_Forklift.tex.xbx,1,2e972aa4,128,64,5
models/Veh/Veh_Galaxie/Veh_Galaxie.tex.xbx,0,2ee1ff6c,64,64,5
models/Veh/Veh_Galaxie/Veh_Galaxie.tex.xbx,1,a0bf0438,64,64,2
models/Veh/Veh_Galaxie/Veh_Galaxie.tex.xbx,2,fcf4995c,128,64,1
models/Veh/Veh_Galaxie/Veh_Galaxie.tex.xbx,3,4f6bf970,32,32,1
models/Veh/Veh_Galaxie/Veh_Galaxie.tex.xbx,4,6c81bf68,64,64,5
models/Veh/Veh_Galaxie/Veh_Galaxie.tex.xbx,5,04e3ec94,128,64,1
models/Veh/Veh_Galaxie/Veh_Galaxie.tex.xbx,6,e63afc28,32,32,5
models/Veh/Veh_Galaxie/Veh_Galaxie.tex.xbx,7,8ba59e08,64,32,1
models/Veh/Veh_Galaxie/Veh_Galaxie.tex.xbx,8,7a210964,32,32,2
models/Veh/Veh_Galaxie/Veh_Galaxie.tex.xbx,9,ced5ea78,64,64,5
models/Veh/Veh_Galaxie/Veh_Galaxie.tex.xbx,10,39c2fca4,64,16,1
models/Veh/Veh_Galaxie/Veh_Galaxie.tex.xbx,11,9ffdd3c4,64,64,5
models/Veh/Veh_Galaxie/Veh_Galaxie.tex.xbx,12,f735d9b8,64,64,1
models/Veh/Veh_Galaxie/Veh_Galaxie.tex.xbx,13,3f517d14,32,32,5
models/Veh/Veh_Galaxie/Veh_Galaxie.tex.xbx,14,ef6034dc,64,64,1
models/Veh/Veh_Galaxie/Veh_Galaxie.tex.xbx,15,7fefb830,64,64,5
models/Veh/Veh_Galaxie/Veh_Galaxie.tex.xbx,16,24198ca0,32,32,5
models/Veh/Veh_Galaxie/Veh_Galaxie.tex.xbx,17,c5ddf9f0,32,32,1
models/Veh/Veh_Galaxie/Veh_Galaxie.tex.xbx,18,5cc907e8,32,32,2
models/Veh/Veh_Galaxie/Veh_Galaxie.tex.xbx,19,aaaab5fc,32,32,5
models/Veh/Veh_Galaxie/Veh_Galaxie.tex.xbx,20,e260be34,64,32,5
models/Veh/Veh_Galaxie/Veh_Galaxie.tex.xbx,21,ed266a58,64,32,5
models/Veh/Veh_Galaxie/Veh_Galaxie.tex.xbx,22,5af16190,64,64,5
models/Veh/Veh_GrindNode/Veh_GrindNode.tex.xbx,0,b8607b4c,64,64,2
models/Veh/Veh_Gurney/veh_Gurney.tex.xbx,0,4be0de68,128,128,5
models/Veh/Veh_Half_Pipe/Veh_Half_Pipe.tex.xbx,0,fc787a14,128,128,1
models/Veh/Veh_Half_Pipe/Veh_Half_Pipe.tex.xbx,1,1b5d322c,32,64,1
models/Veh/Veh_Half_Pipe/Veh_Half_Pipe.tex.xbx,2,a357fd70,128,128,5
models/Veh/Veh_Half_Pipe/Veh_Half_Pipe.tex.xbx,3,57e2bc34,128,128,5
models/Veh/Veh_Hearse/Veh_Hearse.tex.xbx,0,8ca5fe44,64,64,5
models/Veh/Veh_Hearse/Veh_Hearse.tex.xbx,1,a0bf0438,64,64,2
models/Veh/Veh_Hearse/Veh_Hearse.tex.xbx,2,584854d8,64,64,5
models/Veh/Veh_Hearse/Veh_Hearse.tex.xbx,3,4f6bf970,32,32,1
models/Veh/Veh_Hearse/Veh_Hearse.tex.xbx,4,6c81bf68,64,64,5
models/Veh/Veh_Hearse/Veh_Hearse.tex.xbx,5,be5b6128,32,32,5
models/Veh/Veh_Hearse/Veh_Hearse.tex.xbx,6,587bc424,32,32,5
models/Veh/Veh_Hearse/Veh_Hearse.tex.xbx,7,bb5bdb7c,32,16,5
models/Veh/Veh_Hearse/Veh_Hearse.tex.xbx,8,dff97b4c,64,64,5
models/Veh/Veh_Hearse/Veh_Hearse.tex.xbx,9,e5a18d28,64,64,1
models/Veh/Veh_Hearse/Veh_Hearse.tex.xbx,10,f7d4c518,64,32,5
models/Veh/Veh_Hearse/Veh_Hearse.tex.xbx,11,ee98a8c8,16,16,5
models/Veh/Veh_Hearse/Veh_Hearse.tex.xbx,12,acd5a16c,64,32,5
models/Veh/Veh_Hearse/Veh_Hearse.tex.xbx,13,fb1547b4,32,32,5
models/Veh/Veh_Hearse/Veh_Hearse.tex.xbx,14,9a59b84c,64,32,5
models/Veh/Veh_Hearse/Veh_Hearse.tex.xbx,15,6be410f8,32,32,5
models/Veh/Veh_Hearse/Veh_Hearse.tex.xbx,16,91d4c220,64,64,5
models/Veh/Veh_Hearse/Veh_Hearse.tex.xbx,17,725ecac0,16,32,5
models/Veh/Veh_Hearse/Veh_Hearse.tex.xbx,18,aaaab5fc,32,32,5
models/Veh/Veh_Hearse/Veh_Hearse.tex.xbx,19,e260be34,64,32,5
models/Veh/Veh_Hearse/Veh_Hearse.tex.xbx,20,5cc907e8,32,32,2
models/Veh/Veh_Hearse/Veh_Hearse.tex.xbx,21,7e9405b8,64,32,5
models/Veh/Veh_Hearse/Veh_Hearse.tex.xbx,22,989902ec,64,64,5
models/Veh/Veh_Hearse/Veh_Hearse.tex.xbx,23,c7733f08,64,32,5
models/Veh/Veh_Lada/Veh_Lada.tex.xbx,0,e0f978ac,32,32,1
models/Veh/Veh_Lada/Veh_Lada.tex.xbx,1,e86081f0,32,32,5
models/Veh/Veh_Lada/Veh_Lada.tex.xbx,2,6c81bf68,64,64,5
models/Veh/Veh_Lada/Veh_Lada.tex.xbx,3,e260be34,32,16,5
models/Veh/Veh_Lada/Veh_Lada.tex.xbx,4,b543ebd0,32,32,5
models/Veh/Veh_Lada/Veh_Lada.tex.xbx,5,a8b3d528,128,64,1
models/Veh/Veh_Lada/Veh_Lada.tex.xbx,6,8ca5fe44,64,64,5
models/Veh/Veh_Lada/Veh_Lada.tex.xbx,7,a0bf0438,64,64,2
models/Veh/Veh_Lada/Veh_Lada.tex.xbx,8,134a9698,16,16,1
models/Veh/Veh_Lada/Veh_Lada.tex.xbx,9,dff97b4c,64,64,5
models/Veh/Veh_Lada/Veh_Lada.tex.xbx,10,08d87794,64,64,5
models/Veh/Veh_Lada/Veh_Lada.tex.xbx,11,560b8558,32,32,1
models/Veh/Veh_Lada/Veh_Lada.tex.xbx,12,c52eac48,32,16,5
models/Veh/Veh_Lada/Veh_Lada.tex.xbx,13,01d725b8,32,32,1
models/Veh/Veh_Lada/Veh_Lada.tex.xbx,14,922b4240,32,32,5
models/Veh/Veh_Lada/Veh_Lada.tex.xbx,15,c78228e4,32,64,5
models/Veh/Veh_Lada/Veh_Lada.tex.xbx,16,2f4cd258,32,16,5
models/Veh/Veh_Lada/Veh_Lada.tex.xbx,17,f6aa2a6c,8,8,1
models/Veh/Veh_Lada/Veh_Lada.tex.xbx,18,b5e92c34,64,128,1
models/Veh/Veh_Lada/Veh_Lada.tex.xbx,19,5cc907e8,32,32,2
models/Veh/Veh_Lada/Veh_Lada.tex.xbx,20,5897f228,64,64,5
models/Veh/Veh_Lada/Veh_Lada.tex.xbx,21,c7733f08,64,32,5
models/Veh/Veh_Limo/Veh_Limo.tex.xbx,0,8ca5fe44,64,64,5
models/Veh/Veh_Limo/Veh_Limo.tex.xbx,1,f6aa2a6c,8,8,1
models/Veh/Veh_Limo/Veh_Limo.tex.xbx,2,09c27f48,64,64,1
models/Veh/Veh_Limo/Veh_Limo.tex.xbx,3,e86081f0,32,32,5
models/Veh/Veh_Limo/Veh_Limo.tex.xbx,4,18a9aaac,64,64,1
models/Veh/Veh_Limo/Veh_Limo.tex.xbx,5,f35ff240,16,16,5
models/Veh/Veh_Limo/Veh_Limo.tex.xbx,6,e39af080,32,64,1
models/Veh/Veh_Limo/Veh_Limo.tex.xbx,7,00db30fc,64,16,5
models/Veh/Veh_Limo/Veh_Limo.tex.xbx,8,5475d510,64,64,5
models/Veh/Veh_Limo/Veh_Limo.tex.xbx,9,dbe04670,32,64,5
models/Veh/Veh_Limo/Veh_Limo.tex.xbx,10,a6003494,64,64,5
models/Veh/Veh_Limo/Veh_Limo.tex.xbx,11,995b2114,64,32,5
models/Veh/Veh_Limo/Veh_Limo.tex.xbx,12,6bf5ca14,64,32,5
models/Veh/Veh_Limo/Veh_Limo.tex.xbx,13,4f6bf970,32,32,1
models/Veh/Veh_Limo/Veh_Limo.tex.xbx,14,dff97b4c,64,64,5
models/Veh/Veh_Limo/Veh_Limo.tex.xbx,15,c0933bb8,8,16,1
models/Veh/Veh_Limo/Veh_Limo.tex.xbx,16,1dc945ec,16,32,5
models/Veh/Veh_Limo/Veh_Limo.tex.xbx,17,c7733f08,64,32,5
models/Veh/Veh_Limo/Veh_Limo.tex.xbx,18,b5e92c34,64,128,1
models/Veh/Veh_Limo/Veh_Limo.tex.xbx,19,cbf4fee4,64,64,5
models/Veh/Veh_Mardi/Veh_Mardi.tex.xbx,0,66becc7c,128,128,1
models/Veh/Veh_Mardi/Veh_Mardi.tex.xbx,1,92316d28,128,128,5
models/Veh/Veh_Mardi/Veh_Mardi.tex.xbx,2,5e7d00f4,64,64,1
models/Veh/Veh_Mini/Veh_Mini.tex.xbx,0,36583b88,64,64,1
models/Veh/Veh_Mini/Veh_Mini.tex.xbx,1,1c91d7a8,32,32,2
models/Veh/Veh_Mini/Veh_Mini.tex.xbx,2,d7b08c28,32,64,1
models/Veh/Veh_Mini/Veh_Mini.tex.xbx,3,0d5e1a80,64,64,5
models/Veh/Veh_Mini/Veh_Mini.tex.xbx,4,b3e616c0,32,32,2
models/Veh/Veh_Mini/Veh_Mini.tex.xbx,5,24daf748,32,64,1
models/Veh/Veh_Mini/Veh_Mini.tex.xbx,6,ac662f00,64,64,5
models/Veh/Veh_Mini/Veh_Mini.tex.xbx,7,63252590,64,64,1
models/Veh/Veh_Mini/Veh_Mini.tex.xbx,8,234090d0,16,32,2
models/Veh/Veh_Mini/Veh_Mini.tex.xbx,9,dd3afe18,64,32,5
models/Veh/Veh_Mini/Veh_Mini.tex.xbx,10,b6596d88,64,32,5
models/Veh/Veh_Mini/Veh_Mini.tex.xbx,11,a7c2c3e8,32,64,1
models/Veh/Veh_Mini/Veh_Mini.tex.xbx,12,61008988,64,32,2
models/Veh/Veh_Mini/Veh_Mini.tex.xbx,13,84b6c3d8,64,32,5
models/Veh/Veh_Mini/Veh_Mini.tex.xbx,14,a8ad2658,64,64,5
models/Veh/Veh_Mini/Veh_Mini.tex.xbx,15,190fd2f4,64,16,1
models/Veh/Veh_Mini/Veh_Mini.tex.xbx,16,f7d31ac0,32,32,1
models/Veh/Veh_Mini/Veh_Mini.tex.xbx,17,7c923670,64,64,2
models/Veh/Veh_MiniBaja/Veh_MiniBaja.tex.xbx,0,bc5259d0,64,64,5
models/Veh/Veh_MiniBaja/Veh_MiniBaja.tex.xbx,1,0464b1c0,32,32,1
models/Veh/Veh_MiniBaja/Veh_MiniBaja.tex.xbx,2,cee57860,32,128,5
models/Veh/Veh_MiniBaja/Veh_MiniBaja.tex.xbx,3,8fbba148,128,32,1
models/Veh/Veh_MiniBaja/Veh_MiniBaja.tex.xbx,4,d9fcc8c8,32,32,5
models/Veh/Veh_MiniBaja/Veh_MiniBaja.tex.xbx,5,dcf890d0,32,32,5
models/Veh/Veh_MiniBaja/Veh_MiniBaja.tex.xbx,6,f1b7af80,32,16,1
models/Veh/Veh_MiniBaja/Veh_MiniBaja.tex.xbx,7,2fd1323c,64,64,5
models/Veh/Veh_MiniBaja/Veh_MiniBaja.tex.xbx,8,ad083e08,32,16,1
models/Veh/Veh_MiniBaja/Veh_MiniBaja.tex.xbx,9,f560f034,64,64,1
models/Veh/Veh_MiniBaja/Veh_MiniBaja.tex.xbx,10,bd07f158,32,32,1
models/Veh/Veh_MiniBaja/Veh_MiniBaja.tex.xbx,11,ee0cdda0,64,64,1
models/Veh/Veh_MiniBaja/Veh_MiniBaja.tex.xbx,12,4f6bf970,32,32,1
models/Veh/Veh_MiniBaja/Veh_MiniBaja.tex.xbx,13,3fc78538,64,32,5
models/Veh/Veh_MiniBaja/Veh_MiniBaja.tex.xbx,14,ddbf18e8,8,8,1
models/Veh/Veh_MiniBaja/Veh_MiniBaja.tex.xbx,15,f32e40e0,64,64,1
models/Veh/Veh_MiniBaja/Veh_MiniBaja.tex.xbx,16,e4101414,8,8,2
models/Veh/Veh_MiniBaja/Veh_MiniBaja.tex.xbx,17,6cdbb670,64,32,5
models/Veh/Veh_MiniBaja/Veh_MiniBaja.tex.xbx,18,7efb7940,32,64,1
models/Veh/Veh_MiniBaja/Veh_MiniBaja.tex.xbx,19,7e13b1e0,32,64,5
models/Veh/Veh_MiniBaja/Veh_MiniBaja.tex.xbx,20,4a7402e8,64,64,5
models/Veh/Veh_MiniBaja/Veh_MiniBaja.tex.xbx,21,a9b774e8,64,64,5
models/Veh/Veh_MiniBaja/Veh_MiniBaja.tex.xbx,22,973f8268,64,64,1
models/Veh/Veh_MiniBaja/Veh_MiniBaja.tex.xbx,23,1d3a3eb4,64,64,5
models/Veh/Veh_MiniKart/Veh_MiniKart.tex.xbx,0,ab909724,128,128,5
models/Veh/Veh_Minivan/Veh_Minivan.tex.xbx,0,8ca5fe44,64,64,5
models/Veh/Veh_Minivan/Veh_Minivan.tex.xbx,1,a0bf0438,64,64,2
models/Veh/Veh_Minivan/Veh_Minivan.tex.xbx,2,cecf0fb4,16,16,1
models/Veh/Veh_Minivan/Veh_Minivan.tex.xbx,3,e24cea64,32,32,5
models/Veh/Veh_Minivan/Veh_Minivan.tex.xbx,4,97ae75c4,64,64,1
models/Veh/Veh_Minivan/Veh_Minivan.tex.xbx,5,e86081f0,32,32,5
models/Veh/Veh_Minivan/Veh_Minivan.tex.xbx,6,b8c77418,32,32,1
models/Veh/Veh_Minivan/Veh_Minivan.tex.xbx,7,071f4a08,64,64,1
models/Veh/Veh_Minivan/Veh_Minivan.tex.xbx,8,5c24e420,32,32,1
models/Veh/Veh_Minivan/Veh_Minivan.tex.xbx,9,5867452c,64,32,5
models/Veh/Veh_Minivan/Veh_Minivan.tex.xbx,10,69f6f2b4,8,16,1
models/Veh/Veh_Minivan/Veh_Minivan.tex.xbx,11,dff97b4c,64,64,5
models/Veh/Veh_Minivan/Veh_Minivan.tex.xbx,12,08d87794,64,64,5
models/Veh/Veh_Minivan/Veh_Minivan.tex.xbx,13,ce08351c,32,32,1
models/Veh/Veh_Minivan/Veh_Minivan.tex.xbx,14,de604108,32,32,1
models/Veh/Veh_Minivan/Veh_Minivan.tex.xbx,15,2f3d287c,32,32,5
models/Veh/Veh_Minivan/Veh_Minivan.tex.xbx,16,f6aa2a6c,8,8,1
models/Veh/Veh_Minivan/Veh_Minivan.tex.xbx,17,5cc907e8,32,32,2
models/Veh/Veh_Minivan/Veh_Minivan.tex.xbx,18,e260be34,32,16,5
models/Veh/Veh_Minivan/Veh_Minivan.tex.xbx,19,237b5628,32,32,1
models/Veh/Veh_Minivan/Veh_Minivan.tex.xbx,20,6b09323c,64,64,5
models/Veh/Veh_Minivan/Veh_Minivan.tex.xbx,21,c7733f08,64,32,5
models/Veh/Veh_MotoSkateboard/Veh_motoSkateboard.tex.xbx,0,0f9d26a4,128,128,1
models/Veh/Veh_MotoSkateboard/Veh_motoSkateboard.tex.xbx,1,012762a0,128,128,5
models/Veh/Veh_NeonType/Veh_NeonType.tex.xbx,0,8ca5fe44,64,64,5
models/Veh/Veh_NeonType/Veh_NeonType.tex.xbx,1,a0bf0438,64,64,2
models/Veh/Veh_NeonType/Veh_NeonType.tex.xbx,2,f6aa2a6c,8,8,1
models/Veh/Veh_NeonType/Veh_NeonType.tex.xbx,3,856008dc,32,64,1
models/Veh/Veh_NeonType/Veh_NeonType.tex.xbx,4,e86081f0,32,32,5
models/Veh/Veh_NeonType/Veh_NeonType.tex.xbx,5,bea3a908,32,32,1
models/Veh/Veh_NeonType/Veh_NeonType.tex.xbx,6,59010ce0,64,32,5
models/Veh/Veh_NeonType/Veh_NeonType.tex.xbx,7,73edc0c8,64,64,1
models/Veh/Veh_NeonType/Veh_NeonType.tex.xbx,8,fe17cc88,16,16,5
models/Veh/Veh_NeonType/Veh_NeonType.tex.xbx,9,cd5a9cb0,32,16,1
models/Veh/Veh_NeonType/Veh_NeonType.tex.xbx,10,dff97b4c,64,64,5
models/Veh/Veh_NeonType/Veh_NeonType.tex.xbx,11,f0168f10,32,32,1
models/Veh/Veh_NeonType/Veh_NeonType.tex.xbx,12,48fa2828,32,32,1
models/Veh/Veh_NeonType/Veh_NeonType.tex.xbx,13,8a6f0f60,32,32,1
models/Veh/Veh_NeonType/Veh_NeonType.tex.xbx,14,9f1d6c6c,32,32,5
models/Veh/Veh_NeonType/Veh_NeonType.tex.xbx,15,23384eb8,16,16,5
models/Veh/Veh_NeonType/Veh_NeonType.tex.xbx,16,5cc907e8,32,32,2
models/Veh/Veh_NeonType/Veh_NeonType.tex.xbx,17,a424a02c,64,64,5
models/Veh/Veh_NeonType/Veh_NeonType.tex.xbx,18,c7733f08,64,32,5
models/Veh/Veh_OldVan/Veh_OldVan.tex.xbx,0,8ca5fe44,64,64,5
models/Veh/Veh_OldVan/Veh_OldVan.tex.xbx,1,a0bf0438,64,64,2
models/Veh/Veh_OldVan/Veh_OldVan.tex.xbx,2,ba4ffb24,128,32,5
models/Veh/Veh_OldVan/Veh_OldVan.tex.xbx,3,4f6bf970,32,32,1
models/Veh/Veh_OldVan/Veh_OldVan.tex.xbx,4,c3663370,64,32,5
models/Veh/Veh_OldVan/Veh_OldVan.tex.xbx,5,aa9a0014,32,64,5
models/Veh/Veh_OldVan/Veh_OldVan.tex.xbx,6,7196b068,32,32,5
models/Veh/Veh_OldVan/Veh_OldVan.tex.xbx,7,6908809c,16,16,5
models/Veh/Veh_OldVan/Veh_OldVan.tex.xbx,8,c24d1d1c,64,32,5
models/Veh/Veh_OldVan/Veh_OldVan.tex.xbx,9,ddf1a544,32,64,5
models/Veh/Veh_OldVan/Veh_OldVan.tex.xbx,10,dff97b4c,64,64,5
models/Veh/Veh_OldVan/Veh_OldVan.tex.xbx,11,e8320fdc,64,32,5
models/Veh/Veh_OldVan/Veh_OldVan.tex.xbx,12,8940102c,32,32,5
models/Veh/Veh_OldVan/Veh_OldVan.tex.xbx,13,314863d0,32,32,5
models/Veh/Veh_OldVan/Veh_OldVan.tex.xbx,14,fb1547b4,32,32,5
models/Veh/Veh_OldVan/Veh_OldVan.tex.xbx,15,f6aa2a6c,8,8,1
models/Veh/Veh_OldVan/Veh_OldVan.tex.xbx,16,e260be34,32,16,5
models/Veh/Veh_OldVan/Veh_OldVan.tex.xbx,17,5cc907e8,32,32,2
models/Veh/Veh_OldVan/Veh_OldVan.tex.xbx,18,35ba96e8,64,64,5
models/Veh/Veh_OldVan/Veh_OldVan.tex.xbx,19,c7733f08,64,32,5
models/Veh/Veh_OldVan/Veh_OldVan.tex.xbx,20,e39af080,32,64,1
models/Veh/Veh_OldVan/Veh_OldVan.tex.xbx,21,4cb48424,32,64,5
models/Veh/Veh_OldVan/Veh_OldVan.tex.xbx,22,244bf66c,16,16,5
models/Veh/Veh_PTCruiser/Veh_PTCruiser.tex.xbx,0,91e3681c,32,32,1
models/Veh/Veh_PTCruiser/Veh_PTCruiser.tex.xbx,1,b8f4a08c,32,32,1
models/Veh/Veh_PTCruiser/Veh_PTCruiser.tex.xbx,2,1e58ecdc,64,64,5
models/Veh/Veh_PTCruiser/Veh_PTCruiser.tex.xbx,3,ef09911c,64,64,1
models/Veh/Veh_PTCruiser/Veh_PTCruiser.tex.xbx,4,7a4a60d0,64,64,1
models/Veh/Veh_PTCruiser/Veh_PTCruiser.tex.xbx,5,5211d0e4,16,32,2
models/Veh/Veh_PTCruiser/Veh_PTCruiser.tex.xbx,6,b5aa3854,32,32,1
models/Veh/Veh_PTCruiser/Veh_PTCruiser.tex.xbx,7,5bf9811c,32,32,1
models/Veh/Veh_PTCruiser/Veh_PTCruiser.tex.xbx,8,256b6764,64,64,1
models/Veh/Veh_PTCruiser/Veh_PTCruiser.tex.xbx,9,888c14ec,32,32,1
models/Veh/Veh_PTCruiser/Veh_PTCruiser.tex.xbx,10,bcf52118,64,64,1
models/Veh/Veh_PTCruiser/Veh_PTCruiser.tex.xbx,11,58b72aec,64,32,1
models/Veh/Veh_PTCruiser/Veh_PTCruiser.tex.xbx,12,6c8dd31c,32,32,1
models/Veh/Veh_PTCruiser/Veh_PTCruiser.tex.xbx,13,c4bba834,32,32,2
models/Veh/Veh_PTCruiser/Veh_PTCruiser.tex.xbx,14,0f0a8df0,32,32,1
models/Veh/Veh_PTCruiser/Veh_PTCruiser.tex.xbx,15,cd7d3e6c,64,64,2
models/Veh/Veh_Pickup/Veh_Pickup.tex.xbx,0,c371fc70,64,64,1
models/Veh/Veh_Pickup/Veh_Pickup.tex.xbx,1,0ddb1c38,32,32,1
models/Veh/Veh_Pickup/Veh_Pickup.tex.xbx,2,2ee1ff6c,64,64,5
models/Veh/Veh_Pickup/Veh_Pickup.tex.xbx,3,dc3c4318,32,32,1
models/Veh/Veh_Pickup/Veh_Pickup.tex.xbx,4,6165f32c,64,32,5
models/Veh/Veh_Pickup/Veh_Pickup.tex.xbx,5,e6d53b98,64,64,1
models/Veh/Veh_Pickup/Veh_Pickup.tex.xbx,6,1b10944c,32,32,1
models/Veh/Veh_Pickup/Veh_Pickup.tex.xbx,7,e65cc624,64,32,1
models/Veh/Veh_Pickup/Veh_Pickup.tex.xbx,8,57b69ffc,64,32,1
models/Veh/Veh_Pickup/Veh_Pickup.tex.xbx,9,22e1b104,32,32,1
models/Veh/Veh_Pickup/Veh_Pickup.tex.xbx,10,1751acf4,64,128,1
models/Veh/Veh_Pickup/Veh_Pickup.tex.xbx,11,a78e0e24,8,8,1
models/Veh/Veh_Pickup/Veh_Pickup.tex.xbx,12,dff97b4c,64,64,5
models/Veh/Veh_Pickup/Veh_Pickup.tex.xbx,13,4f6bf970,32,32,1
models/Veh/Veh_Pickup/Veh_Pickup.tex.xbx,14,d7bae1fc,32,32,1
models/Veh/Veh_Pickup/Veh_Pickup.tex.xbx,15,237b5628,32,32,1
models/Veh/Veh_Pickup/Veh_Pickup.tex.xbx,16,50dea7bc,64,16,1
models/Veh/Veh_Pickup/Veh_Pickup.tex.xbx,17,02c76eb0,64,32,5
models/Veh/Veh_Pickup/Veh_Pickup.tex.xbx,18,ed266a58,64,32,5
models/Veh/Veh_Pickup/Veh_Pickup.tex.xbx,19,22afcd48,64,64,5
models/Veh/Veh_RC/Veh_RC.tex.xbx,0,8ca5fe44,64,64,5
models/Veh/Veh_RC/Veh_RC.tex.xbx,1,a0bf0438,64,64,2
models/Veh/Veh_RC/Veh_RC.tex.xbx,2,bdaa54d8,32,32,5
models/Veh/Veh_RC/Veh_RC.tex.xbx,3,4f6bf970,32,32,1
models/Veh/Veh_RC/Veh_RC.tex.xbx,4,4ad18348,64,16,5
models/Veh/Veh_RC/Veh_RC.tex.xbx,5,df405020,64,16,5
models/Veh/Veh_RC/Veh_RC.tex.xbx,6,2f1fa16c,64,32,1
models/Veh/Veh_RC/Veh_RC.tex.xbx,7,893e2930,16,16,1
models/Veh/Veh_RC/Veh_RC.tex.xbx,8,1b0fe9ac,32,16,5
models/Veh/Veh_RC/Veh_RC.tex.xbx,9,0f1f7294,32,32,1
models/Veh/Veh_RC/Veh_RC.tex.xbx,10,73aa4cf0,64,32,5
models/Veh/Veh_RC/Veh_RC.tex.xbx,11,dff97b4c,64,64,5
models/Veh/Veh_RC/Veh_RC.tex.xbx,12,4b6d3490,64,32,5
models/Veh/Veh_RC/Veh_RC.tex.xbx,13,e935b5b0,32,16,5
models/Veh/Veh_RC/Veh_RC.tex.xbx,14,c4b13870,64,64,5
models/Veh/Veh_RC/Veh_RC.tex.xbx,15,0cc8c15c,16,16,1
models/Veh/Veh_RC/Veh_RC.tex.xbx,16,39a84a48,64,32,5
models/Veh/Veh_RC/Veh_RC.tex.xbx,17,88d8a2b4,64,32,1
models/Veh/Veh_RC/Veh_RC.tex.xbx,18,b0317900,64,32,5
models/Veh/Veh_RC/Veh_RC.tex.xbx,19,3bbb5600,32,16,5
models/Veh/Veh_RC/Veh_RC.tex.xbx,20,3ff78554,32,32,5
models/Veh/Veh_RC/Veh_RC.tex.xbx,21,f6aa2a6c,8,8,1
models/Veh/Veh_RC/Veh_RC.tex.xbx,22,a54d9610,32,16,5
models/Veh/Veh_RC/Veh_RC.tex.xbx,23,5cc907e8,32,32,2
models/Veh/Veh_RC/Veh_RC.tex.xbx,24,e260be34,32,16,5
models/Veh/Veh_RC/Veh_RC.tex.xbx,25,b2d12450,32,32,5
models/Veh/Veh_RC/Veh_RC.tex.xbx,26,b7f8eb6c,32,32,5
models/Veh/Veh_RC/Veh_RC.tex.xbx,27,49ab6784,64,32,5
models/Veh/Veh_RC/Veh_RC.tex.xbx,28,b5e92c34,64,128,1
models/Veh/Veh_RC/Veh_RC.tex.xbx,29,f35cd114,64,64,5
models/Veh/Veh_RC/Veh_RC.tex.xbx,30,c7733f08,64,32,5
models/Veh/Veh_SDKart_Security/Veh_SDKart_Security.tex.xbx,0,8ca5fe44,64,64,5
models/Veh/Veh_SDKart_Security/Veh_SDKart_Security.tex.xbx,1,a0bf0438,64,64,2
models/Veh/Veh_SDKart_Security/Veh_SDKart_Security.tex.xbx,2,6b8ba720,32,32,1
models/Veh/Veh_SDKart_Security/Veh_SDKart_Security.tex.xbx,3,0ee0c820,64,16,1
models/Veh/Veh_SDKart_Security/Veh_SDKart_Security.tex.xbx,4,61a17a5c,32,16,1
models/Veh/Veh_SDKart_Security/Veh_SDKart_Security.tex.xbx,5,c0957cc0,64,32,1
models/Veh/Veh_SDKart_Security/Veh_SDKart_Security.tex.xbx,6,a7509b34,32,32,5
models/Veh/Veh_SDKart_Security/Veh_SDKart_Security.tex.xbx,7,3bddee70,64,32,5
models/Veh/Veh_SDKart_Security/Veh_SDKart_Security.tex.xbx,8,9fd5ff7c,64,32,1
models/Veh/Veh_SDKart_Security/Veh_SDKart_Security.tex.xbx,9,151fc984,64,64,1
models/Veh/Veh_SDKart_Security/Veh_SDKart_Security.tex.xbx,10,5d243a00,32,32,5
models/Veh/Veh_SDKart_Security/Veh_SDKart_Security.tex.xbx,11,50a054dc,32,64,1
models/Veh/Veh_SDKart_Security/Veh_SDKart_Security.tex.xbx,12,5d0ab1c0,32,32,5
models/Veh/Veh_SDKart_Security/Veh_SDKart_Security.tex.xbx,13,bd165f24,64,32,1
models/Veh/Veh_SDKart_Security/Veh_SDKart_Security.tex.xbx,14,5cc907e8,32,32,2
models/Veh/Veh_SDKart_Security/Veh_SDKart_Security.tex.xbx,15,ff550818,32,32,1
models/Veh/Veh_SDKart_Security/Veh_SDKart_Security.tex.xbx,16,738bb884,32,32,1
models/Veh/Veh_SDKart_Security/Veh_SDKart_Security.tex.xbx,17,c945b758,32,32,1
models/Veh/Veh_SDKart_Security/Veh_SDKart_Security.tex.xbx,18,cdfb2630,64,32,1
models/Veh/Veh_SDKart_Security/Veh_SDKart_Security.tex.xbx,19,c7733f08,64,32,5
models/Veh/Veh_SDKart_Security/Veh_SDKart_Security.tex.xbx,20,bdc24740,64,64,5
models/Veh/Veh_SUV/Veh_SUV.tex.xbx,0,8ca5fe44,64,64,5
models/Veh/Veh_SUV/Veh_SUV.tex.xbx,1,a0bf0438,64,64,2
models/Veh/Veh_SUV/Veh_SUV.tex.xbx,2,73a97934,32,32,1
models/Veh/Veh_SUV/Veh_SUV.tex.xbx,3,8850ac1c,32,32,1
models/Veh/Veh_SUV/Veh_SUV.tex.xbx,4,4f6bf970,32,32,1
models/Veh/Veh_SUV/Veh_SUV.tex.xbx,5,8efc5b64,64,64,1
models/Veh/Veh_SUV/Veh_SUV.tex.xbx,6,6b30b444,32,16,5
models/Veh/Veh_SUV/Veh_SUV.tex.xbx,7,20741af8,64,64,5
models/Veh/Veh_SUV/Veh_SUV.tex.xbx,8,7aac18a4,64,64,5
models/Veh/Veh_SUV/Veh_SUV.tex.xbx,9,bb2fe3a4,64,64,5
models/Veh/Veh_SUV/Veh_SUV.tex.xbx,10,b4e66e4c,64,64,1
models/Veh/Veh_SUV/Veh_SUV.tex.xbx,11,dff97b4c,64,64,5
models/Veh/Veh_SUV/Veh_SUV.tex.xbx,12,12c4e23c,64,64,1
models/Veh/Veh_SUV/Veh_SUV.tex.xbx,13,2291ea5c,64,64,5
models/Veh/Veh_SUV/Veh_SUV.tex.xbx,14,089a3c68,32,64,1
models/Veh/Veh_SUV/Veh_SUV.tex.xbx,15,e35ee4a4,32,64,1
models/Veh/Veh_SUV/Veh_SUV.tex.xbx,16,1e1488fc,64,64,1
models/Veh/Veh_SUV/Veh_SUV.tex.xbx,17,9f1b1414,128,64,1
models/Veh/Veh_SUV/Veh_SUV.tex.xbx,18,d79159fc,64,32,1
models/Veh/Veh_SUV/Veh_SUV.tex.xbx,19,e260be34,64,32,5
models/Veh/Veh_SUV/Veh_SUV.tex.xbx,20,f6aa2a6c,8,8,1
models/Veh/Veh_SUV/Veh_SUV.tex.xbx,21,30c34e60,64,32,1
models/Veh/Veh_SUV/Veh_SUV.tex.xbx,22,a550a7e4,64,32,5
models/Veh/Veh_SUV/Veh_SUV.tex.xbx,23,93444d80,32,32,5
models/Veh/Veh_SUV/Veh_SUV.tex.xbx,24,c7733f08,64,32,5
models/Veh/Veh_SUV/Veh_SUV.tex.xbx,25,5cc907e8,32,32,2
models/Veh/Veh_SUV/Veh_SUV.tex.xbx,26,b0d8e354,64,32,1
models/Veh/Veh_SUV/Veh_SUV.tex.xbx,27,817b9b38,64,64,5
models/Veh/Veh_SUV_MUSK/Veh_SUV_MUSK.tex.xbx,0,8ca5fe44,64,64,5
models/Veh/Veh_SUV_MUSK/Veh_SUV_MUSK.tex.xbx,1,a0bf0438,64,64,2
models/Veh/Veh_SUV_MUSK/Veh_SUV_MUSK.tex.xbx,2,73a97934,32,32,1
models/Veh/Veh_SUV_MUSK/Veh_SUV_MUSK.tex.xbx,3,ae4f000c,16,16,1
models/Veh/Veh_SUV_MUSK/Veh_SUV_MUSK.tex.xbx,4,4f6bf970,32,32,1
models/Veh/Veh_SUV_MUSK/Veh_SUV_MUSK.tex.xbx,5,e5471258,32,64,1
models/Veh/Veh_SUV_MUSK/Veh_SUV_MUSK.tex.xbx,6,f92f5f94,16,8,5
models/Veh/Veh_SUV_MUSK/Veh_SUV_MUSK.tex.xbx,7,29c95204,64,64,5
models/Veh/Veh_SUV_MUSK/Veh_SUV_MUSK.tex.xbx,8,7aac18a4,64,64,5
models/Veh/Veh_SUV_MUSK/Veh_SUV_MUSK.tex.xbx,9,db56b740,64,32,1
models/Veh/Veh_SUV_MUSK/Veh_SUV_MUSK.tex.xbx,10,dff97b4c,64,64,5
models/Veh/Veh_SUV_MUSK/Veh_SUV_MUSK.tex.xbx,11,89789f30,32,64,1
models/Veh/Veh_SUV_MUSK/Veh_SUV_MUSK.tex.xbx,12,2291ea5c,64,64,5
models/Veh/Veh_SUV_MUSK/Veh_SUV_MUSK.tex.xbx,13,089a3c68,32,64,1
models/Veh/Veh_SUV_MUSK/Veh_SUV_MUSK.tex.xbx,14,e35ee4a4,32,64,1
models/Veh/Veh_SUV_MUSK/Veh_SUV_MUSK.tex.xbx,15,f6aa2a6c,8,8,1
models/Veh/Veh_SUV_MUSK/Veh_SUV_MUSK.tex.xbx,16,5b325d18,32,16,1
models/Veh/Veh_SUV_MUSK/Veh_SUV_MUSK.tex.xbx,17,e260be34,32,16,5
models/Veh/Veh_SUV_MUSK/Veh_SUV_MUSK.tex.xbx,18,62c4bdb0,32,16,1
models/Veh/Veh_SUV_MUSK/Veh_SUV_MUSK.tex.xbx,19,974f0bf4,32,16,5
models/Veh/Veh_SUV_MUSK/Veh_SUV_MUSK.tex.xbx,20,93444d80,32,32,5
models/Veh/Veh_SUV_MUSK/Veh_SUV_MUSK.tex.xbx,21,5cc907e8,32,32,2
models/Veh/Veh_SUV_MUSK/Veh_SUV_MUSK.tex.xbx,22,b76a2648,32,8,1
models/Veh/Veh_SUV_MUSK/Veh_SUV_MUSK.tex.xbx,23,817b9b38,64,64,5
models/Veh/Veh_SUV_MUSK/Veh_SUV_MUSK.tex.xbx,24,c7733f08,64,32,5
models/Veh/Veh_SUV_THUG/Veh_SUV_THUG.tex.xbx,0,8ca5fe44,64,64,5
models/Veh/Veh_SUV_THUG/Veh_SUV_THUG.tex.xbx,1,a0bf0438,64,64,2
models/Veh/Veh_SUV_THUG/Veh_SUV_THUG.tex.xbx,2,86747fc0,64,32,1
models/Veh/Veh_SUV_THUG/Veh_SUV_THUG.tex.xbx,3,73edc0c8,64,64,1
models/Veh/Veh_SUV_THUG/Veh_SUV_THUG.tex.xbx,4,4f6bf970,32,32,1
models/Veh/Veh_SUV_THUG/Veh_SUV_THUG.tex.xbx,5,aeeb5b60,32,16,5
models/Veh/Veh_SUV_THUG/Veh_SUV_THUG.tex.xbx,6,856008dc,32,64,1
models/Veh/Veh_SUV_THUG/Veh_SUV_THUG.tex.xbx,7,47e8c8a8,32,32,1
models/Veh/Veh_SUV_THUG/Veh_SUV_THUG.tex.xbx,8,f6aa2a6c,8,8,1
models/Veh/Veh_SUV_THUG/Veh_SUV_THUG.tex.xbx,9,dff97b4c,64,64,5
models/Veh/Veh_SUV_THUG/Veh_SUV_THUG.tex.xbx,10,f0168f10,32,32,1
models/Veh/Veh_SUV_THUG/Veh_SUV_THUG.tex.xbx,11,48fa2828,32,32,1
models/Veh/Veh_SUV_THUG/Veh_SUV_THUG.tex.xbx,12,7b1449d4,64,32,1
models/Veh/Veh_SUV_THUG/Veh_SUV_THUG.tex.xbx,13,ea23a0a4,32,32,1
models/Veh/Veh_SUV_THUG/Veh_SUV_THUG.tex.xbx,14,9de453a0,64,32,1
models/Veh/Veh_SUV_THUG/Veh_SUV_THUG.tex.xbx,15,823c8de0,64,32,1
models/Veh/Veh_SUV_THUG/Veh_SUV_THUG.tex.xbx,16,5cc907e8,32,32,2
models/Veh/Veh_SUV_THUG/Veh_SUV_THUG.tex.xbx,17,7d30e1f8,64,64,5
models/Veh/Veh_SUV_THUG/Veh_SUV_THUG.tex.xbx,18,c7733f08,64,32,5
models/Veh/Veh_SUV_THUG/Veh_SUV_THUG.tex.xbx,19,688c2e6c,32,32,5
models/Veh/Veh_Scooter/Veh_Scooter.tex.xbx,0,0d35b740,128,128,5
models/Veh/Veh_Scooter/Veh_Scooter.tex.xbx,1,6f876420,64,64,1
models/Veh/Veh_Scooter/Veh_Scooter.tex.xbx,2,11526500,64,64,1
models/Veh/Veh_Scooter/Veh_Scooter.tex.xbx,3,c985a578,32,32,1
models/Veh/Veh_Scooter/Veh_Scooter.tex.xbx,4,788fe4f0,128,128,5
models/Veh/Veh_Scooter/Veh_Scooter.tex.xbx,5,99b22904,64,32,1
models/Veh/Veh_Scooter/Veh_Scooter.tex.xbx,6,497cd5f8,128,128,1
models/Veh/Veh_Scooter/Veh_Scooter.tex.xbx,7,5cc907e8,32,32,2
models/Veh/Veh_Scooter/Veh_Scooter.tex.xbx,8,a0bf0438,64,64,2
models/Veh/Veh_Sedan/Veh_Sedan.tex.xbx,0,950df8e0,16,16,5
models/Veh/Veh_Sedan/Veh_Sedan.tex.xbx,1,03b6e008,128,128,5
models/Veh/Veh_Sedan/Veh_Sedan.tex.xbx,2,92316d28,128,128,5
models/Veh/Veh_Segmotor/Segmotor.tex.xbx,0,2fd59ae4,128,128,5
models/Veh/Veh_SkitchNode/Veh_SkitchNode.tex.xbx,0,b8607b4c,64,64,2
models/Veh/Veh_SlamCityTruck/Veh_SlamCityTruck.tex.xbx,0,8ca5fe44,64,64,5
models/Veh/Veh_SlamCityTruck/Veh_SlamCityTruck.tex.xbx,1,a0bf0438,64,64,2
models/Veh/Veh_SlamCityTruck/Veh_SlamCityTruck.tex.xbx,2,260b90ec,64,32,1
models/Veh/Veh_SlamCityTruck/Veh_SlamCityTruck.tex.xbx,3,afd08e28,32,32,1
models/Veh/Veh_SlamCityTruck/Veh_SlamCityTruck.tex.xbx,4,9072a1b4,64,16,1
models/Veh/Veh_SlamCityTruck/Veh_SlamCityTruck.tex.xbx,5,4bc3f460,64,64,5
models/Veh/Veh_SlamCityTruck/Veh_SlamCityTruck.tex.xbx,6,4f6bf970,32,32,1
models/Veh/Veh_SlamCityTruck/Veh_SlamCityTruck.tex.xbx,7,68e4583c,64,64,5
models/Veh/Veh_SlamCityTruck/Veh_SlamCityTruck.tex.xbx,8,71bd0f20,64,64,5
models/Veh/Veh_SlamCityTruck/Veh_SlamCityTruck.tex.xbx,9,dff97b4c,64,64,5
models/Veh/Veh_SlamCityTruck/Veh_SlamCityTruck.tex.xbx,10,f6aa2a6c,8,8,1
models/Veh/Veh_SlamCityTruck/Veh_SlamCityTruck.tex.xbx,11,3e433b7c,64,32,5
models/Veh/Veh_SlamCityTruck/Veh_SlamCityTruck.tex.xbx,12,ca427df4,32,32,5
models/Veh/Veh_SlamCityTruck/Veh_SlamCityTruck.tex.xbx,13,a5488888,64,64,1
models/Veh/Veh_SlamCityTruck/Veh_SlamCityTruck.tex.xbx,14,7dcca6dc,16,32,1
models/Veh/Veh_SlamCityTruck/Veh_SlamCityTruck.tex.xbx,15,090fdbbc,16,16,1
models/Veh/Veh_SlamCityTruck/Veh_SlamCityTruck.tex.xbx,16,974e41e4,32,32,1
models/Veh/Veh_SlamCityTruck/Veh_SlamCityTruck.tex.xbx,17,18e6e8b4,32,32,1
models/Veh/Veh_SlamCityTruck/Veh_SlamCityTruck.tex.xbx,18,c451aad0,64,64,1
models/Veh/Veh_SlamCityTruck/Veh_SlamCityTruck.tex.xbx,19,79bb411c,64,64,1
models/Veh/Veh_SlamCityTruck/Veh_SlamCityTruck.tex.xbx,20,d2f2cbbc,64,16,1
models/Veh/Veh_SlamCityTruck/Veh_SlamCityTruck.tex.xbx,21,f77e3858,32,32,1
models/Veh/Veh_SlamCityTruck/Veh_SlamCityTruck.tex.xbx,22,9b40c530,16,32,1
models/Veh/Veh_SlamCityTruck/Veh_SlamCityTruck.tex.xbx,23,3f22e1d0,32,32,1
models/Veh/Veh_SlamCityTruck/Veh_SlamCityTruck.tex.xbx,24,d3ad27d4,32,32,1
models/Veh/Veh_SlamCityTruck/Veh_SlamCityTruck.tex.xbx,25,cd21d844,64,32,5
models/Veh/Veh_SlamCityTruck/Veh_SlamCityTruck.tex.xbx,26,ea9fd1b8,32,32,1
models/Veh/Veh_SlamCityTruck/Veh_SlamCityTruck.tex.xbx,27,3152667c,32,32,5
models/Veh/Veh_SlamCityTruck/Veh_SlamCityTruck.tex.xbx,28,d6b90cd8,32,32,1
models/Veh/Veh_SlamCityTruck/Veh_SlamCityTruck.tex.xbx,29,94de49d8,32,32,5
models/Veh/Veh_SlamCityTruck/Veh_SlamCityTruck.tex.xbx,30,1b63c088,32,32,5
models/Veh/Veh_SlamCityTruck/Veh_SlamCityTruck.tex.xbx,31,b28404f0,32,32,5
models/Veh/Veh_SlamCityTruck/Veh_SlamCityTruck.tex.xbx,32,5cc907e8,32,32,2
models/Veh/Veh_SlamCityTruck/Veh_SlamCityTruck.tex.xbx,33,c7733f08,64,32,5
models/Veh/Veh_SlamCityTruck/Veh_SlamCityTruck.tex.xbx,34,216e5658,64,64,5
models/Veh/Veh_SmallSportscar/Veh_SmallSportscar.tex.xbx,0,8ca5fe44,64,64,5
models/Veh/Veh_SmallSportscar/Veh_SmallSportscar.tex.xbx,1,a0bf0438,64,64,2
models/Veh/Veh_SmallSportscar/Veh_SmallSportscar.tex.xbx,2,635bb46c,256,64,1
models/Veh/Veh_SmallSportscar/Veh_SmallSportscar.tex.xbx,3,59b9162c,16,16,5
models/Veh/Veh_SmallSportscar/Veh_SmallSportscar.tex.xbx,4,e86081f0,32,32,5
models/Veh/Veh_SmallSportscar/Veh_SmallSportscar.tex.xbx,5,ab46b018,16,16,5
models/Veh/Veh_SmallSportscar/Veh_SmallSportscar.tex.xbx,6,37a0f234,16,8,5
models/Veh/Veh_SmallSportscar/Veh_SmallSportscar.tex.xbx,7,ac4aeeb4,32,16,1
models/Veh/Veh_SmallSportscar/Veh_SmallSportscar.tex.xbx,8,c467a204,32,16,5
models/Veh/Veh_SmallSportscar/Veh_SmallSportscar.tex.xbx,9,11e7a180,16,16,5
models/Veh/Veh_SmallSportscar/Veh_SmallSportscar.tex.xbx,10,dff97b4c,64,64,5
models/Veh/Veh_SmallSportscar/Veh_SmallSportscar.tex.xbx,11,ead7356c,64,32,1
models/Veh/Veh_SmallSportscar/Veh_SmallSportscar.tex.xbx,12,eb7f7e6c,32,32,1
models/Veh/Veh_SmallSportscar/Veh_SmallSportscar.tex.xbx,13,dafcff14,32,16,5
models/Veh/Veh_SmallSportscar/Veh_SmallSportscar.tex.xbx,14,cd0f79ec,32,32,5
models/Veh/Veh_SmallSportscar/Veh_SmallSportscar.tex.xbx,15,aafc9744,32,32,1
models/Veh/Veh_SmallSportscar/Veh_SmallSportscar.tex.xbx,16,56ea0d8c,64,32,5
models/Veh/Veh_SmallSportscar/Veh_SmallSportscar.tex.xbx,17,fd556dac,32,32,1
models/Veh/Veh_SmallSportscar/Veh_SmallSportscar.tex.xbx,18,b65e42c4,32,32,1
models/Veh/Veh_SmallSportscar/Veh_SmallSportscar.tex.xbx,19,8dd43c38,16,16,5
models/Veh/Veh_SmallSportscar/Veh_SmallSportscar.tex.xbx,20,93a35884,32,32,1
models/Veh/Veh_SmallSportscar/Veh_SmallSportscar.tex.xbx,21,f6aa2a6c,8,8,1
models/Veh/Veh_SmallSportscar/Veh_SmallSportscar.tex.xbx,22,5cc907e8,32,32,2
models/Veh/Veh_SmallSportscar/Veh_SmallSportscar.tex.xbx,23,e260be34,32,16,5
models/Veh/Veh_SmallSportscar/Veh_SmallSportscar.tex.xbx,24,4f6bf970,32,32,1
models/Veh/Veh_SmallSportscar/Veh_SmallSportscar.tex.xbx,25,7fb2c2f0,16,16,1
models/Veh/Veh_SmallSportscar/Veh_SmallSportscar.tex.xbx,26,2932ca98,64,64,5
models/Veh/Veh_SmallSportscar/Veh_SmallSportscar.tex.xbx,27,c7733f08,64,32,5
models/Veh/Veh_Smart_car/Veh_Smart_Car.tex.xbx,0,b6591ea4,128,128,5
models/Veh/Veh_Smart_car/Veh_Smart_Car.tex.xbx,1,67e65aa0,128,128,5
models/Veh/Veh_Smart_car/Veh_Smart_Car.tex.xbx,2,5cc907e8,32,32,2
models/Veh/Veh_Smart_car/Veh_Smart_Car.tex.xbx,3,a0bf0438,64,64,2
models/Veh/Veh_TaurusType/Veh_TaurusType.tex.xbx,0,8ca5fe44,64,64,5
models/Veh/Veh_TaurusType/Veh_TaurusType.tex.xbx,1,a0bf0438,64,64,2
models/Veh/Veh_TaurusType/Veh_TaurusType.tex.xbx,2,25f827ec,8,32,1
models/Veh/Veh_TaurusType/Veh_TaurusType.tex.xbx,3,e86081f0,32,32,5
models/Veh/Veh_TaurusType/Veh_TaurusType.tex.xbx,4,f6aa2a6c,8,8,1
models/Veh/Veh_TaurusType/Veh_TaurusType.tex.xbx,5,f94d8828,128,64,1
models/Veh/Veh_TaurusType/Veh_TaurusType.tex.xbx,6,9e2ca6f0,64,64,1
models/Veh/Veh_TaurusType/Veh_TaurusType.tex.xbx,7,0df96e94,32,32,1
models/Veh/Veh_TaurusType/Veh_TaurusType.tex.xbx,8,729f5fb4,16,16,1
models/Veh/Veh_TaurusType/Veh_TaurusType.tex.xbx,9,dff97b4c,64,64,5
models/Veh/Veh_TaurusType/Veh_TaurusType.tex.xbx,10,c98a13ac,8,8,1
models/Veh/Veh_TaurusType/Veh_TaurusType.tex.xbx,11,a060da18,64,64,1
models/Veh/Veh_TaurusType/Veh_TaurusType.tex.xbx,12,59010ce0,64,32,5
models/Veh/Veh_TaurusType/Veh_TaurusType.tex.xbx,13,2f21d2ac,32,32,1
models/Veh/Veh_TaurusType/Veh_TaurusType.tex.xbx,14,ff18ee2c,32,32,1
models/Veh/Veh_TaurusType/Veh_TaurusType.tex.xbx,15,d3b25544,32,16,5
models/Veh/Veh_TaurusType/Veh_TaurusType.tex.xbx,16,5cc907e8,32,32,2
models/Veh/Veh_TaurusType/Veh_TaurusType.tex.xbx,17,487ad208,64,64,5
models/Veh/Veh_TaurusType/Veh_TaurusType.tex.xbx,18,c7733f08,64,32,5
models/Veh/Veh_TaxiUK/Veh_TaxiUK.tex.xbx,0,388499e4,64,64,1
models/Veh/Veh_TaxiUK/Veh_TaxiUK.tex.xbx,1,9781ada0,128,32,2
models/Veh/Veh_TaxiUK/Veh_TaxiUK.tex.xbx,2,b8f4a08c,32,32,1
models/Veh/Veh_TaxiUK/Veh_TaxiUK.tex.xbx,3,5b0ac694,64,64,5
models/Veh/Veh_TaxiUK/Veh_TaxiUK.tex.xbx,4,ccf9ec60,64,64,1
models/Veh/Veh_TaxiUK/Veh_TaxiUK.tex.xbx,5,c299c850,64,64,1
models/Veh/Veh_TaxiUK/Veh_TaxiUK.tex.xbx,6,1bed3710,64,32,1
models/Veh/Veh_TaxiUK/Veh_TaxiUK.tex.xbx,7,fc0ebdac,64,64,1
models/Veh/Veh_TaxiUK/Veh_TaxiUK.tex.xbx,8,e8381be8,64,64,1
models/Veh/Veh_TaxiUK/Veh_TaxiUK.tex.xbx,9,a2912e48,64,32,5
models/Veh/Veh_TaxiUK/Veh_TaxiUK.tex.xbx,10,6e03885c,64,32,5
models/Veh/Veh_TaxiUK/Veh_TaxiUK.tex.xbx,11,48eba020,64,64,5
models/Veh/Veh_TaxiUK/Veh_TaxiUK.tex.xbx,12,a998d24c,32,32,2
models/Veh/Veh_TaxiUK/Veh_TaxiUK.tex.xbx,13,2d770e4c,32,64,2
models/Veh/Veh_TaxiUK/Veh_TaxiUK.tex.xbx,14,6c1b8cdc,64,64,1
models/Veh/Veh_TaxiUK/Veh_TaxiUK.tex.xbx,15,d4edf9e4,32,32,2
models/Veh/Veh_TaxiUK/Veh_TaxiUK.tex.xbx,16,9ee959a8,64,32,5
models/Veh/Veh_TaxiUK/Veh_TaxiUK.tex.xbx,17,12ae5ae0,32,16,1
models/Veh/Veh_TaxiUK/Veh_TaxiUK.tex.xbx,18,ecd121f0,32,16,1
models/Veh/Veh_TaxiUK/Veh_TaxiUK.tex.xbx,19,91f6cc0c,32,16,1
models/Veh/Veh_TaxiUK/Veh_TaxiUK.tex.xbx,20,693adc68,32,32,1
models/Veh/Veh_TaxiUK/Veh_TaxiUK.tex.xbx,21,b4b09a3c,32,32,1
models/Veh/Veh_TaxiUK/Veh_TaxiUK.tex.xbx,22,2d1fa9d0,32,32,1
models/Veh/Veh_TaxiUK/Veh_TaxiUK.tex.xbx,23,e68a30f0,64,64,2
models/Veh/Veh_Test/Veh_Test.tex.xbx,0,7f709f14,128,128,5
models/Veh/Veh_TourBus/Veh_TourBus.tex.xbx,0,8ca5fe44,64,64,5
models/Veh/Veh_TourBus/Veh_TourBus.tex.xbx,1,a0bf0438,64,64,2
models/Veh/Veh_TourBus/Veh_TourBus.tex.xbx,2,35ba96e8,64,64,5
models/Veh/Veh_TourBus/Veh_TourBus.tex.xbx,3,c7733f08,64,32,5
models/Veh/Veh_TourBus/Veh_TourBus.tex.xbx,4,4ba8a130,64,64,5
models/Veh/Veh_TourBus/Veh_TourBus.tex.xbx,5,4f6bf970,32,32,1
models/Veh/Veh_TourBus/Veh_TourBus.tex.xbx,6,623e0b48,64,64,5
models/Veh/Veh_TourBus/Veh_TourBus.tex.xbx,7,4e941368,64,64,5
models/Veh/Veh_TourBus/Veh_TourBus.tex.xbx,8,6be410f8,32,32,5
models/Veh/Veh_TourBus/Veh_TourBus.tex.xbx,9,11e51ba0,64,64,5
models/Veh/Veh_TourBus/Veh_TourBus.tex.xbx,10,faf9d7a8,64,32,5
models/Veh/Veh_TourBus/Veh_TourBus.tex.xbx,11,e6841efc,64,32,5
models/Veh/Veh_TourBus/Veh_TourBus.tex.xbx,12,73b36b5c,64,64,5
models/Veh/Veh_TourBus/Veh_TourBus.tex.xbx,13,277d9c58,64,32,5
models/Veh/Veh_TourBus/Veh_TourBus.tex.xbx,14,f5694928,64,64,5
models/Veh/Veh_TourBus/Veh_TourBus.tex.xbx,15,76c54aa0,32,32,5
models/Veh/Veh_TourBus/Veh_TourBus.tex.xbx,16,d7e5b3ac,16,32,5
models/Veh/Veh_TourBus/Veh_TourBus.tex.xbx,17,4ddaa2a8,64,32,5
models/Veh/Veh_TourBus/Veh_TourBus.tex.xbx,18,23f58b74,32,16,5
models/Veh/Veh_TourBus/Veh_TourBus.tex.xbx,19,a009b33c,32,64,5
models/Veh/Veh_TourBus/Veh_TourBus.tex.xbx,20,f6aa2a6c,8,8,1
models/Veh/Veh_TourBus/Veh_TourBus.tex.xbx,21,5cc907e8,32,32,2
models/Veh/Veh_TransAm/Veh_TransAm.tex.xbx,0,b3618204,32,64,5
models/Veh/Veh_TransAm/Veh_TransAm.tex.xbx,1,0ddb1c38,32,32,1
models/Veh/Veh_TransAm/Veh_TransAm.tex.xbx,2,a0bf0438,64,64,2
models/Veh/Veh_TransAm/Veh_TransAm.tex.xbx,3,8ca5fe44,64,64,5
models/Veh/Veh_TransAm/Veh_TransAm.tex.xbx,4,c4363030,64,64,1
models/Veh/Veh_TransAm/Veh_TransAm.tex.xbx,5,defd0808,32,32,1
models/Veh/Veh_TransAm/Veh_TransAm.tex.xbx,6,a26b311c,16,16,5
models/Veh/Veh_TransAm/Veh_TransAm.tex.xbx,7,6c81bf68,64,64,5
models/Veh/Veh_TransAm/Veh_TransAm.tex.xbx,8,58c39674,32,64,1
models/Veh/Veh_TransAm/Veh_TransAm.tex.xbx,9,e9a6fca4,16,16,5
models/Veh/Veh_TransAm/Veh_TransAm.tex.xbx,10,72744840,32,64,1
models/Veh/Veh_TransAm/Veh_TransAm.tex.xbx,11,51d155a8,16,16,5
models/Veh/Veh_TransAm/Veh_TransAm.tex.xbx,12,dff97b4c,64,64,5
models/Veh/Veh_TransAm/Veh_TransAm.tex.xbx,13,4f6bf970,32,32,1
models/Veh/Veh_TransAm/Veh_TransAm.tex.xbx,14,7c176040,32,64,5
models/Veh/Veh_TransAm/Veh_TransAm.tex.xbx,15,8e580278,32,16,5
models/Veh/Veh_TransAm/Veh_TransAm.tex.xbx,16,53e50260,16,16,1
models/Veh/Veh_TransAm/Veh_TransAm.tex.xbx,17,dd05a8e0,16,16,5
models/Veh/Veh_TransAm/Veh_TransAm.tex.xbx,18,1c8b5024,16,32,1
models/Veh/Veh_TransAm/Veh_TransAm.tex.xbx,19,28785064,32,32,5
models/Veh/Veh_TransAm/Veh_TransAm.tex.xbx,20,5cc907e8,32,32,2
models/Veh/Veh_TransAm/Veh_TransAm.tex.xbx,21,1a24860c,32,64,5
models/Veh/Veh_TransAm/Veh_TransAm.tex.xbx,22,06e02f18,32,32,1
models/Veh/Veh_TransAm/Veh_TransAm.tex.xbx,23,e260be34,32,16,5
models/Veh/Veh_TransAm/Veh_TransAm.tex.xbx,24,b5e92c34,64,128,1
models/Veh/Veh_TransAm/Veh_TransAm.tex.xbx,25,c7733f08,64,32,5
models/Veh/Veh_TransAm/Veh_TransAm.tex.xbx,26,b1c31ba4,64,64,5
models/Veh/Veh_Trolley/veh_trolley.tex.xbx,0,63a4e7f0,32,64,2
models/Veh/Veh_Trolley/veh_trolley.tex.xbx,1,ff2b51b0,64,64,5
models/Veh/Veh_Trolley/veh_trolley.tex.xbx,2,d8a70270,64,16,1
models/Veh/Veh_Trolley/veh_trolley.tex.xbx,3,e2aed370,16,64,1
models/Veh/Veh_Trolley/veh_trolley.tex.xbx,4,c7d86b4c,32,32,1
models/Veh/Veh_Trolley/veh_trolley.tex.xbx,5,15c6e35c,64,32,1
models/Veh/Veh_Trolley/veh_trolley.tex.xbx,6,1a369dfc,32,32,1
models/Veh/Veh_Trolley/veh_trolley.tex.xbx,7,fbc5ee28,128,32,1
models/Veh/Veh_Trolley/veh_trolley.tex.xbx,8,506df878,32,64,2
models/Veh/Veh_Trolley/veh_trolley.tex.xbx,9,4b1a1b58,64,64,2
models/Veh/Veh_Trolley/veh_trolley.tex.xbx,10,3a2db730,64,16,1
models/Veh/Veh_Van/Veh_Van.tex.xbx,0,3e46ce60,128,128,5
models/Veh/Veh_Van/Veh_Van.tex.xbx,1,d2b927e4,128,128,5
models/Veh/Veh_Van/Veh_Van.tex.xbx,2,92316d28,128,128,5
models/Veh/Veh_Wheelchair/Veh_Wheelchair.tex.xbx,0,c1479ad0,128,128,5
models/Veh/Veh_Woodie/Veh_Woodie.tex.xbx,0,8ca5fe44,64,64,5
models/Veh/Veh_Woodie/Veh_Woodie.tex.xbx,1,a0bf0438,64,64,2
models/Veh/Veh_Woodie/Veh_Woodie.tex.xbx,2,d110427c,32,32,1
models/Veh/Veh_Woodie/Veh_Woodie.tex.xbx,3,e86081f0,32,32,5
models/Veh/Veh_Woodie/Veh_Woodie.tex.xbx,4,fb1547b4,32,32,5
models/Veh/Veh_Woodie/Veh_Woodie.tex.xbx,5,059b0728,32,32,1
models/Veh/Veh_Woodie/Veh_Woodie.tex.xbx,6,0acc4044,16,16,5
models/Veh/Veh_Woodie/Veh_Woodie.tex.xbx,7,97d5b1d4,32,32,5
models/Veh/Veh_Woodie/Veh_Woodie.tex.xbx,8,7d8cc048,32,8,5
models/Veh/Veh_Woodie/Veh_Woodie.tex.xbx,9,dff97b4c,64,64,5
models/Veh/Veh_Woodie/Veh_Woodie.tex.xbx,10,37e59d1c,64,32,5
models/Veh/Veh_Woodie/Veh_Woodie.tex.xbx,11,d9c22d04,32,32,5
models/Veh/Veh_Woodie/Veh_Woodie.tex.xbx,12,7ea8a38c,64,32,5
models/Veh/Veh_Woodie/Veh_Woodie.tex.xbx,13,adfd602c,32,32,5
models/Veh/Veh_Woodie/Veh_Woodie.tex.xbx,14,688c2e6c,32,32,5
models/Veh/Veh_Woodie/Veh_Woodie.tex.xbx,15,f6aa2a6c,8,8,1
models/Veh/Veh_Woodie/Veh_Woodie.tex.xbx,16,61a57720,32,64,5
models/Veh/Veh_Woodie/Veh_Woodie.tex.xbx,17,2686e428,32,32,5
models/Veh/Veh_Woodie/Veh_Woodie.tex.xbx,18,cb18c148,32,32,5
models/Veh/Veh_Woodie/Veh_Woodie.tex.xbx,19,b5da40c8,32,32,5
models/Veh/Veh_Woodie/Veh_Woodie.tex.xbx,20,d694249c,8,8,5
models/Veh/Veh_Woodie/Veh_Woodie.tex.xbx,21,d9daa200,8,8,5
models/Veh/Veh_Woodie/Veh_Woodie.tex.xbx,22,5cc907e8,32,32,2
models/Veh/Veh_Woodie/Veh_Woodie.tex.xbx,23,e260be34,32,16,5
models/Veh/Veh_Woodie/Veh_Woodie.tex.xbx,24,5f1e54f4,32,32,1
models/Veh/Veh_Woodie/Veh_Woodie.tex.xbx,25,4f6bf970,32,32,1
models/Veh/Veh_Woodie/Veh_Woodie.tex.xbx,26,ce2f7cd8,32,32,1
models/Veh/Veh_Woodie/Veh_Woodie.tex.xbx,27,42a1c96c,16,16,5
models/Veh/Veh_Woodie/Veh_Woodie.tex.xbx,28,c3b71688,64,64,5
models/Veh/Veh_Woodie/Veh_Woodie.tex.xbx,29,c7733f08,64,32,5
models/Veh/veh_Benz_Van/veh_Benz_Van.tex.xbx,0,d9d3d2b8,128,128,5
models/Veh/veh_Benz_Van/veh_Benz_Van.tex.xbx,1,2b5e368c,64,128,1
models/Veh/veh_Benz_Van/veh_Benz_Van.tex.xbx,2,b5ed5f90,8,8,5
models/Veh/veh_Compact_Van/veh_Compact_Van.tex.xbx,0,f161eddc,128,128,5
models/Veh/veh_Compact_Van/veh_Compact_Van.tex.xbx,1,e5d44bc8,128,128,5
models/Veh/veh_HippyVan/veh_HippyVan.tex.xbx,0,f302bfcc,128,128,5
models/Veh/veh_HippyVan/veh_HippyVan.tex.xbx,1,1e8d0678,128,128,5
models/Veh/veh_HippyVan/veh_HippyVan.tex.xbx,2,7a3197d0,32,32,5
models/Veh/veh_Jihad/veh_Jihad.tex.xbx,0,ab8b9d90,128,128,5
models/Veh/veh_Jihad/veh_Jihad.tex.xbx,1,21aa688c,128,128,5
models/Veh/veh_Jihad/veh_Jihad.tex.xbx,2,7d15d914,128,64,5
models/Veh/veh_SUV_DRG/veh_SUV_DRG.tex.xbx,0,8ca5fe44,64,64,5
models/Veh/veh_SUV_DRG/veh_SUV_DRG.tex.xbx,1,a0bf0438,64,64,2
models/Veh/veh_SUV_DRG/veh_SUV_DRG.tex.xbx,2,73a97934,32,32,1
models/Veh/veh_SUV_DRG/veh_SUV_DRG.tex.xbx,3,ae4f000c,16,16,1
models/Veh/veh_SUV_DRG/veh_SUV_DRG.tex.xbx,4,4f6bf970,32,32,1
models/Veh/veh_SUV_DRG/veh_SUV_DRG.tex.xbx,5,e5471258,32,64,1
models/Veh/veh_SUV_DRG/veh_SUV_DRG.tex.xbx,6,f92f5f94,16,8,5
models/Veh/veh_SUV_DRG/veh_SUV_DRG.tex.xbx,7,29c95204,64,64,5
models/Veh/veh_SUV_DRG/veh_SUV_DRG.tex.xbx,8,7aac18a4,64,64,5
models/Veh/veh_SUV_DRG/veh_SUV_DRG.tex.xbx,9,db56b740,64,32,1
models/Veh/veh_SUV_DRG/veh_SUV_DRG.tex.xbx,10,dff97b4c,64,64,5
models/Veh/veh_SUV_DRG/veh_SUV_DRG.tex.xbx,11,89789f30,32,64,1
models/Veh/veh_SUV_DRG/veh_SUV_DRG.tex.xbx,12,2291ea5c,64,64,5
models/Veh/veh_SUV_DRG/veh_SUV_DRG.tex.xbx,13,089a3c68,32,64,1
models/Veh/veh_SUV_DRG/veh_SUV_DRG.tex.xbx,14,e35ee4a4,64,64,1
models/Veh/veh_SUV_DRG/veh_SUV_DRG.tex.xbx,15,f6aa2a6c,8,8,1
models/Veh/veh_SUV_DRG/veh_SUV_DRG.tex.xbx,16,5b325d18,32,16,1
models/Veh/veh_SUV_DRG/veh_SUV_DRG.tex.xbx,17,e260be34,32,16,5
models/Veh/veh_SUV_DRG/veh_SUV_DRG.tex.xbx,18,62c4bdb0,32,16,1
models/Veh/veh_SUV_DRG/veh_SUV_DRG.tex.xbx,19,974f0bf4,32,16,5
models/Veh/veh_SUV_DRG/veh_SUV_DRG.tex.xbx,20,5cc907e8,32,32,2
models/Veh/veh_SUV_DRG/veh_SUV_DRG.tex.xbx,21,b0d8e354,64,32,1
models/Veh/veh_SUV_DRG/veh_SUV_DRG.tex.xbx,22,817b9b38,64,64,5
models/Veh/veh_SUV_DRG/veh_SUV_DRG.tex.xbx,23,c7733f08,64,32,5
models/Veh/veh_Taxi/veh_taxi.tex.xbx,0,6d49c530,128,128,5
models/Veh/veh_Taxi/veh_taxi.tex.xbx,1,bbd40174,128,64,5
models/Veh/veh_Wrangler/veh_Wrangler.tex.xbx,0,f6d68a80,128,128,5
models/Veh/veh_Wrangler/veh_Wrangler.tex.xbx,1,eb493ec4,128,128,5
models/Veh/veh_Wrangler/veh_Wrangler.tex.xbx,2,a40e8160,64,64,5
models/Veh/veh_barcelona_taxi/veh_barcelona_taxi.tex.xbx,0,6d49c530,128,128,5
models/Veh/veh_barcelona_taxi/veh_barcelona_taxi.tex.xbx,1,bbd40174,128,64,5
models/Veh/veh_cop/veh_cop.tex.xbx,0,98064d88,128,128,5
models/Veh/veh_cop/veh_cop.tex.xbx,1,950df8e0,16,16,5
models/Veh/veh_cop/veh_cop.tex.xbx,2,6c93ac1c,16,16,1
models/Veh/veh_custom/veh_custom.tex.xbx,0,8ca5fe44,64,64,5
models/Veh/veh_custom/veh_custom.tex.xbx,1,a0bf0438,64,64,2
models/Veh/veh_custom/veh_custom.tex.xbx,2,bdaa54d8,32,32,5
models/Veh/veh_custom/veh_custom.tex.xbx,3,4f6bf970,32,32,1
models/Veh/veh_custom/veh_custom.tex.xbx,4,4ad18348,64,16,5
models/Veh/veh_custom/veh_custom.tex.xbx,5,df405020,64,16,5
models/Veh/veh_custom/veh_custom.tex.xbx,6,2f1fa16c,64,32,1
models/Veh/veh_custom/veh_custom.tex.xbx,7,893e2930,16,16,1
models/Veh/veh_custom/veh_custom.tex.xbx,8,1b0fe9ac,32,16,5
models/Veh/veh_custom/veh_custom.tex.xbx,9,0f1f7294,32,32,1
models/Veh/veh_custom/veh_custom.tex.xbx,10,73aa4cf0,64,32,5
models/Veh/veh_custom/veh_custom.tex.xbx,11,dff97b4c,64,64,5
models/Veh/veh_custom/veh_custom.tex.xbx,12,4b6d3490,64,32,5
models/Veh/veh_custom/veh_custom.tex.xbx,13,e935b5b0,32,16,5
models/Veh/veh_custom/veh_custom.tex.xbx,14,c4b13870,64,64,5
models/Veh/veh_custom/veh_custom.tex.xbx,15,0cc8c15c,16,16,1
models/Veh/veh_custom/veh_custom.tex.xbx,16,39a84a48,64,32,5
models/Veh/veh_custom/veh_custom.tex.xbx,17,88d8a2b4,64,32,1
models/Veh/veh_custom/veh_custom.tex.xbx,18,b0317900,64,32,5
models/Veh/veh_custom/veh_custom.tex.xbx,19,3bbb5600,32,16,5
models/Veh/veh_custom/veh_custom.tex.xbx,20,3ff78554,32,32,5
models/Veh/veh_custom/veh_custom.tex.xbx,21,f6aa2a6c,8,8,1
models/Veh/veh_custom/veh_custom.tex.xbx,22,a54d9610,32,16,5
models/Veh/veh_custom/veh_custom.tex.xbx,23,5cc907e8,32,32,2
models/Veh/veh_custom/veh_custom.tex.xbx,24,e260be34,32,16,5
models/Veh/veh_custom/veh_custom.tex.xbx,25,b2d12450,32,32,5
models/Veh/veh_custom/veh_custom.tex.xbx,26,b7f8eb6c,32,32,5
models/Veh/veh_custom/veh_custom.tex.xbx,27,49ab6784,64,32,5
models/Veh/veh_custom/veh_custom.tex.xbx,28,b5e92c34,64,128,1
models/Veh/veh_custom/veh_custom.tex.xbx,29,f35cd114,64,64,5
models/Veh/veh_custom/veh_custom.tex.xbx,30,c7733f08,64,32,5
models/Veh/veh_hearseB/veh_hearseB.tex.xbx,0,8ca5fe44,64,64,5
models/Veh/veh_hearseB/veh_hearseB.tex.xbx,1,a0bf0438,64,64,2
models/Veh/veh_hearseB/veh_hearseB.tex.xbx,2,d3efbccc,64,64,5
models/Veh/veh_hearseB/veh_hearseB.tex.xbx,3,4f6bf970,32,32,1
models/Veh/veh_hearseB/veh_hearseB.tex.xbx,4,be5b6128,32,32,5
models/Veh/veh_hearseB/veh_hearseB.tex.xbx,5,8a067220,64,32,5
models/Veh/veh_hearseB/veh_hearseB.tex.xbx,6,bb5bdb7c,32,16,5
models/Veh/veh_hearseB/veh_hearseB.tex.xbx,7,dff97b4c,64,64,5
models/Veh/veh_hearseB/veh_hearseB.tex.xbx,8,6c81bf68,64,64,5
models/Veh/veh_hearseB/veh_hearseB.tex.xbx,9,e5a18d28,64,64,1
models/Veh/veh_hearseB/veh_hearseB.tex.xbx,10,f7d4c518,64,32,5
models/Veh/veh_hearseB/veh_hearseB.tex.xbx,11,ee98a8c8,16,16,5
models/Veh/veh_hearseB/veh_hearseB.tex.xbx,12,3f7a0978,32,64,5
models/Veh/veh_hearseB/veh_hearseB.tex.xbx,13,9a59b84c,64,32,5
models/Veh/veh_hearseB/veh_hearseB.tex.xbx,14,6be410f8,32,32,5
models/Veh/veh_hearseB/veh_hearseB.tex.xbx,15,91d4c220,64,64,5
models/Veh/veh_hearseB/veh_hearseB.tex.xbx,16,fb1547b4,32,32,5
models/Veh/veh_hearseB/veh_hearseB.tex.xbx,17,725ecac0,16,32,5
models/Veh/veh_hearseB/veh_hearseB.tex.xbx,18,e63afc28,32,32,5
models/Veh/veh_hearseB/veh_hearseB.tex.xbx,19,aaaab5fc,32,32,5
models/Veh/veh_hearseB/veh_hearseB.tex.xbx,20,e260be34,64,32,5
models/Veh/veh_hearseB/veh_hearseB.tex.xbx,21,5cc907e8,32,32,2
models/Veh/veh_hearseB/veh_hearseB.tex.xbx,22,7e9405b8,64,32,5
models/Veh/veh_hearseB/veh_hearseB.tex.xbx,23,989902ec,64,64,5
models/Veh/veh_hearseB/veh_hearseB.tex.xbx,24,c7733f08,64,32,5
models/Veh/veh_liberty/veh_liberty.tex.xbx,0,3414373c,128,128,5
models/Veh/veh_liberty/veh_liberty.tex.xbx,1,a40e8160,64,64,5
models/Veh/veh_liberty/veh_liberty.tex.xbx,2,e8867f68,64,64,5
models/Veh/veh_rust/veh_rust.tex.xbx,0,c7fa8c9c,128,128,5
models/Veh/veh_rust/veh_rust.tex.xbx,1,56853a08,128,128,1
models/Veh/veh_rust/veh_rust.tex.xbx,2,3ab9c380,64,128,5
models/Veh/veh_rust/veh_rust.tex.xbx,3,ff9ab880,16,16,1
models/Veh/veh_smallrobot/veh_smallrobot.tex.xbx,0,a40ed5e4,128,128,5
models/Veh/veh_smallrobot/veh_smallrobot.tex.xbx,1,329c7060,128,128,5
models/Veh/veh_smallrobot/veh_smallrobot.tex.xbx,2,b5a9edf8,128,128,1
models/Veh/veh_smallrobot/veh_smallrobot.tex.xbx,3,4a4d1d64,32,32,2
models/Veh/veh_smallrobot2/veh_smallrobot2.tex.xbx,0,329c7060,128,128,5
models/Veh/veh_smallrobot2/veh_smallrobot2.tex.xbx,1,b5a9edf8,128,128,1
models/Veh/veh_smallrobot2/veh_smallrobot2.tex.xbx,2,4a4d1d64,32,32,2
models/Veh/veh_streetcar/veh_streetcar.tex.xbx,0,f1cad934,128,128,5
models/Veh/veh_streetcar/veh_streetcar.tex.xbx,1,ae74492c,32,64,2
models/Veh/veh_streetcar/veh_streetcar.tex.xbx,2,20552070,128,128,5
models/Veh/veh_sub/veh_sub.tex.xbx,0,59b2d3dc,128,128,5
models/Veh/veh_sub/veh_sub.tex.xbx,1,883d25c8,128,64,1
models/Veh/veh_sub/veh_sub.tex.xbx,2,252266c0,64,64,5
models/Veh/veh_sub/veh_sub.tex.xbx,3,e3819bc0,128,128,5
models/Veh/veh_tricycle/veh_tricycle_skin.tex.xbx,0,7f709f14,128,128,5
models/Veh/veh_tricycle/veh_tricycle_skin.tex.xbx,1,24971438,128,128,5
models/cat_bg/cat_bg.tex.xbx,0,48691b00,128,64,1
models/cat_bg/cat_bg.tex.xbx,1,7082260c,32,32,1
models/fireball/fireball.tex.xbx,0,88493da8,32,32,5
models/gradient_bg/gradient_bg.tex.xbx,0,eea16de0,64,64,5
models/logo/logo.tex.xbx,0,172accb4,256,128,1
models/logo/logo.tex.xbx,1,650ad0dc,128,64,1
models/mainmenu_bg/mainmenu_bg.tex.xbx,0,48691b00,128,64,1
models/menu3d/AP_menu3d/AP_menu3d.tex.xbx,0,80e573c4,8,8,1
models/menu3d/AP_menu3d/AP_menu3d.tex.xbx,1,282d245c,32,32,5
models/menu3d/AP_menu3d/AP_menu3d.tex.xbx,2,d3fb0170,16,16,5
models/menu3d/AP_menu3d/AP_menu3d.tex.xbx,3,475729ec,128,32,5
models/menu3d/AP_menu3d/AP_menu3d.tex.xbx,4,60a10298,64,64,5
models/menu3d/AU_menu3d/AU_menu3d.tex.xbx,0,80e573c4,8,8,1
models/menu3d/AU_menu3d/AU_menu3d.tex.xbx,1,282d245c,32,32,5
models/menu3d/AU_menu3d/AU_menu3d.tex.xbx,2,d3fb0170,16,16,5
models/menu3d/AU_menu3d/AU_menu3d.tex.xbx,3,b478a29c,128,32,5
models/menu3d/AU_menu3d/AU_menu3d.tex.xbx,4,dc5f2508,64,64,5
models/menu3d/BA_menu3d/BA_menu3d.tex.xbx,0,80e573c4,8,8,1
models/menu3d/BA_menu3d/BA_menu3d.tex.xbx,1,282d245c,32,32,5
models/menu3d/BA_menu3d/BA_menu3d.tex.xbx,2,d3fb0170,16,16,5
models/menu3d/BA_menu3d/BA_menu3d.tex.xbx,3,393c8f38,128,32,5
models/menu3d/BA_menu3d/BA_menu3d.tex.xbx,4,25668844,128,32,5
models/menu3d/BE_menu3d/BE_menu3d.tex.xbx,0,80e573c4,8,8,1
models/menu3d/BE_menu3d/BE_menu3d.tex.xbx,1,282d245c,32,32,5
models/menu3d/BE_menu3d/BE_menu3d.tex.xbx,2,d3fb0170,16,16,5
models/menu3d/BE_menu3d/BE_menu3d.tex.xbx,3,e310598c,128,32,5
models/menu3d/BE_menu3d/BE_menu3d.tex.xbx,4,a5c08018,128,32,5
models/menu3d/BO_menu3d/BO_menu3d.tex.xbx,0,80e573c4,8,8,1
models/menu3d/BO_menu3d/BO_menu3d.tex.xbx,1,282d245c,32,32,5
models/menu3d/BO_menu3d/BO_menu3d.tex.xbx,2,d3fb0170,16,16,5
models/menu3d/BO_menu3d/BO_menu3d.tex.xbx,3,069269fc,64,64,5
models/menu3d/BO_menu3d/BO_menu3d.tex.xbx,4,f39a0230,8,8,5
models/menu3d/BO_menu3d/BO_menu3d.tex.xbx,5,80086f24,64,64,5
models/menu3d/CA_menu3d/CA_menu3d.tex.xbx,0,80e573c4,8,8,1
models/menu3d/CA_menu3d/CA_menu3d.tex.xbx,1,282d245c,32,32,5
models/menu3d/CA_menu3d/CA_menu3d.tex.xbx,2,d3fb0170,16,16,5
models/menu3d/CA_menu3d/CA_menu3d.tex.xbx,3,475729ec,128,32,5
models/menu3d/CA_menu3d/CA_menu3d.tex.xbx,4,60a10298,64,64,5
models/menu3d/DJ_menu3d/DJ_menu3d.tex.xbx,0,80e573c4,8,8,1
models/menu3d/DJ_menu3d/DJ_menu3d.tex.xbx,1,282d245c,32,32,5
models/menu3d/DJ_menu3d/DJ_menu3d.tex.xbx,2,d3fb0170,16,16,5
models/menu3d/DJ_menu3d/DJ_menu3d.tex.xbx,3,475729ec,128,32,5
models/menu3d/DJ_menu3d/DJ_menu3d.tex.xbx,4,60a10298,64,64,5
models/menu3d/LA_menu3d/LA_menu3d.tex.xbx,0,80e573c4,8,8,1
models/menu3d/LA_menu3d/LA_menu3d.tex.xbx,1,282d245c,32,32,5
models/menu3d/LA_menu3d/LA_menu3d.tex.xbx,2,d3fb0170,16,16,5
models/menu3d/LA_menu3d/LA_menu3d.tex.xbx,3,475729ec,128,32,5
models/menu3d/LA_menu3d/LA_menu3d.tex.xbx,4,60a10298,64,64,5
models/menu3d/NO_menu3d/NO_menu3d.tex.xbx,0,80e573c4,8,8,1
models/menu3d/NO_menu3d/NO_menu3d.tex.xbx,1,282d245c,32,32,5
models/menu3d/NO_menu3d/NO_menu3d.tex.xbx,2,d3fb0170,16,16,5
models/menu3d/NO_menu3d/NO_menu3d.tex.xbx,3,40f26398,128,32,5
models/menu3d/NO_menu3d/NO_menu3d.tex.xbx,4,2693d190,64,64,5
models/menu3d/PH_menu3d/PH_menu3d.tex.xbx,0,80e573c4,8,8,1
models/menu3d/PH_menu3d/PH_menu3d.tex.xbx,1,282d245c,32,32,5
models/menu3d/PH_menu3d/PH_menu3d.tex.xbx,2,d3fb0170,16,16,5
models/menu3d/PH_menu3d/PH_menu3d.tex.xbx,3,475729ec,128,32,5
models/menu3d/PH_menu3d/PH_menu3d.tex.xbx,4,60a10298,64,64,5
models/menu3d/SC_menu3d/SC_menu3d.tex.xbx,0,80e573c4,8,8,1
models/menu3d/SC_menu3d/SC_menu3d.tex.xbx,1,282d245c,32,32,5
models/menu3d/SC_menu3d/SC_menu3d.tex.xbx,2,d3fb0170,16,16,5
models/menu3d/SC_menu3d/SC_menu3d.tex.xbx,3,475729ec,128,32,5
models/menu3d/SC_menu3d/SC_menu3d.tex.xbx,4,60a10298,64,64,5
models/menu3d/SE2_menu3d/SE2_menu3d.tex.xbx,0,80e573c4,8,8,1
models/menu3d/SE2_menu3d/SE2_menu3d.tex.xbx,1,282d245c,32,32,5
models/menu3d/SE2_menu3d/SE2_menu3d.tex.xbx,2,d3fb0170,16,16,5
models/menu3d/SE2_menu3d/SE2_menu3d.tex.xbx,3,f98fa3cc,128,32,5
models/menu3d/SE2_menu3d/SE2_menu3d.tex.xbx,4,210f2f28,128,32,5
models/menu3d/SE_menu3d/SE_menu3d.tex.xbx,0,80e573c4,8,8,1
models/menu3d/SE_menu3d/SE_menu3d.tex.xbx,1,282d245c,32,32,5
models/menu3d/SE_menu3d/SE_menu3d.tex.xbx,2,d3fb0170,16,16,5
models/menu3d/SE_menu3d/SE_menu3d.tex.xbx,3,be7966c0,128,32,5
models/menu3d/SE_menu3d/SE_menu3d.tex.xbx,4,914d2bec,128,32,5
models/menu3d/SK5ED_menu3d/SK5ED_menu3d.tex.xbx,0,80e573c4,8,8,1
models/menu3d/SK5ED_menu3d/SK5ED_menu3d.tex.xbx,1,282d245c,32,32,5
models/menu3d/SK5ED_menu3d/SK5ED_menu3d.tex.xbx,2,d3fb0170,16,16,5
models/menu3d/SK5ED_menu3d/SK5ED_menu3d.tex.xbx,3,bab583a0,128,32,5
models/menu3d/SK5ED_menu3d/SK5ED_menu3d.tex.xbx,4,ed9e73d4,128,32,5
models/menu3d/ST_menu3d/ST_menu3d.tex.xbx,0,80e573c4,8,8,1
models/menu3d/ST_menu3d/ST_menu3d.tex.xbx,1,282d245c,32,32,5
models/menu3d/ST_menu3d/ST_menu3d.tex.xbx,2,d3fb0170,16,16,5
models/menu3d/ST_menu3d/ST_menu3d.tex.xbx,3,c64ec0c0,128,32,5
models/menu3d/ST_menu3d/ST_menu3d.tex.xbx,4,32acb914,128,32,5
models/menu3d/TR_menu3d/TR_menu3d.tex.xbx,0,80e573c4,8,8,1
models/menu3d/TR_menu3d/TR_menu3d.tex.xbx,1,282d245c,32,32,5
models/menu3d/TR_menu3d/TR_menu3d.tex.xbx,2,d3fb0170,16,16,5
models/menu3d/TR_menu3d/TR_menu3d.tex.xbx,3,36e68bf0,128,32,5
models/menu3d/TR_menu3d/TR_menu3d.tex.xbx,4,70cffd18,128,32,5
models/menu3d/menu3d.tex.xbx,0,80e573c4,8,8,1
models/menu3d/menu3d.tex.xbx,1,282d245c,32,32,5
models/menu3d/menu3d.tex.xbx,2,d3fb0170,16,16,5
models/menu3d/menu3d.tex.xbx,3,069269fc,64,64,5
models/menu3d/menu3d.tex.xbx,4,f39a0230,8,8,5
models/menu3d/menu3d.tex.xbx,5,80086f24,64,64,5
models/options_clouds/options_clouds.tex.xbx,0,d1f9b0c8,128,128,1
models/options_clouds/options_clouds.tex.xbx,1,7dcecd0c,128,128,5
models/options_clouds/options_clouds.tex.xbx,2,c59dec84,256,128,5
levels/BE/BE.tex.xbx,0,3ea84520,64,64,5
levels/BE/BE.tex.xbx,1,647df22c,128,128,1
levels/BE/BE.tex.xbx,2,c9f3e2a8,64,64,1
levels/BE/BE.tex.xbx,3,441ec670,128,64,5
levels/BE/BE.tex.xbx,4,52597968,64,64,5
levels/BE/BE.tex.xbx,5,4809b358,32,32,1
levels/BE/BE.tex.xbx,6,571a7980,32,32,1
levels/BE/BE.tex.xbx,7,c3a02ad0,128,64,1
levels/BE/BE.tex.xbx,8,0de93a5c,64,32,5
levels/BE/BE.tex.xbx,9,6671edc4,16,32,1
levels/BE/BE.tex.xbx,10,28e26bfc,64,16,5
levels/BE/BE.tex.xbx,11,140f08b0,32,64,1
levels/BE/BE.tex.xbx,12,49de2110,64,32,5
levels/BE/BE.tex.xbx,13,d5506894,64,64,5
levels/BE/BE.tex.xbx,14,7e6b240c,32,16,5
levels/BE/BE.tex.xbx,15,b8eef50c,32,64,5
levels/BE/BE.tex.xbx,16,d70fce30,64,64,5
levels/BE/BE.tex.xbx,17,739dd8b8,32,32,1
levels/BE/BE.tex.xbx,18,8528308c,32,32,1
levels/BE/BE.tex.xbx,19,80e67e08,64,64,5
levels/BE/BE.tex.xbx,20,7ae44b80,16,16,5
levels/BE/BE.tex.xbx,21,ccaf1174,64,64,1
levels/BE/BE.tex.xbx,22,c155d0f4,64,64,5
levels/BE/BE.tex.xbx,23,691ff938,128,64,1
levels/BE/BE.tex.xbx,24,000f0d28,128,128,1
levels/BE/BE.tex.xbx,25,b3d2a4d0,128,128,1
levels/BE/BE.tex.xbx,26,04baa7bc,128,128,5
levels/BE/BE.tex.xbx,27,f4d70fa8,64,64,1
levels/BE/BE.tex.xbx,28,ea944ba4,64,64,1
levels/BE/BE.tex.xbx,29,b2a46720,128,32,1
levels/BE/BE.tex.xbx,30,68d5b494,128,128,1
levels/BE/BE.tex.xbx,31,6ac59f64,128,64,5
levels/BE/BE.tex.xbx,32,6ba33a94,128,32,1
levels/BE/BE.tex.xbx,33,4fc828b0,64,64,5
levels/BE/BE.tex.xbx,34,e2284548,128,32,1
levels/BE/BE.tex.xbx,35,c596e984,32,16,1
levels/BE/BE.tex.xbx,36,41f2da48,64,64,5
levels/BE/BE.tex.xbx,37,632c160c,128,128,5
levels/BE/BE.tex.xbx,38,e970cd64,32,128,1
levels/BE/BE.tex.xbx,39,98a91314,64,64,5
levels/BE/BE.tex.xbx,40,0ad3e264,128,128,5
levels/BE/BE.tex.xbx,41,f43d5700,64,64,1
levels/BE/BE.tex.xbx,42,ae9093c8,128,128,5
levels/BE/BE.tex.xbx,43,9f3f828c,64,64,5
levels/BE/BE.tex.xbx,44,54e4a600,128,128,5
levels/BE/BE.tex.xbx,45,e206b544,64,64,1
levels/BE/BE.tex.xbx,46,0848f684,128,128,1
levels/BE/BE.tex.xbx,47,07fe8978,128,64,1
levels/BE/BE.tex.xbx,48,42b5b35c,32,32,5
levels/BE/BE.tex.xbx,49,f3713ccc,128,64,1
levels/BE/BE.tex.xbx,50,d0ed8698,64,64,1
levels/BE/BE.tex.xbx,51,39b1b770,64,64,5
levels/BE/BE.tex.xbx,52,c21a77bc,32,32,5
levels/BE/BE.tex.xbx,53,8ad01624,64,32,1
levels/BE/BE.tex.xbx,54,2e8d9560,64,32,5
levels/BE/BE.tex.xbx,55,a5536cfc,32,32,1
levels/BE/BE.tex.xbx,56,bd29a228,32,64,5
levels/BE/BE.tex.xbx,57,44aa2ca8,64,64,5
levels/BE/BE.tex.xbx,58,3fec56cc,128,64,1
levels/BE/BE.tex.xbx,59,e4e8fae8,64,32,1
levels/BE/BE.tex.xbx,60,cedb8b98,64,64,5
levels/BE/BE.tex.xbx,61,b922c180,64,64,1
levels/BE/BE.tex.xbx,62,946bd1b0,64,64,1
levels/BE/BE.tex.xbx,63,5ad17e54,128,64,1
levels/BE/BE.tex.xbx,64,2e84ff14,128,128,5
levels/BE/BE.tex.xbx,65,7911aa00,128,64,1
levels/BE/BE.tex.xbx,66,623ccc1c,128,64,5
levels/BE/BE.tex.xbx,67,f6e77b60,64,64,1
levels/BE/BE.tex.xbx,68,df475564,128,64,5
levels/BE/BE.tex.xbx,69,2827f69c,64,32,1
levels/BE/BE.tex.xbx,70,c3247778,128,64,1
levels/BE/BE.tex.xbx,71,c56dc00c,128,128,1
levels/BE/BE.tex.xbx,72,7adb0d40,128,64,5
levels/BE/BE.tex.xbx,73,aa396b20,64,32,1
levels/BE/BE.tex.xbx,74,ed71f5c4,64,32,1
levels/BE/BE.tex.xbx,75,87333578,64,64,1
levels/BE/BE.tex.xbx,76,783a6098,64,64,1
levels/BE/BE.tex.xbx,77,1b85895c,128,32,1
levels/BE/BE.tex.xbx,78,0d0fed48,32,128,1
levels/BE/BE.tex.xbx,79,c0ebf908,128,128,5
levels/BE/BE.tex.xbx,80,abaa2dfc,128,64,5
levels/BE/BE.tex.xbx,81,1cefa160,64,32,5
levels/BE/BE.tex.xbx,82,7365eacc,128,64,5
levels/BE/BE.tex.xbx,83,b77ef500,128,128,5
levels/BE/BE.tex.xbx,84,2108d478,128,64,5
levels/BE/BE.tex.xbx,85,832ec9cc,128,64,1
levels/BE/BE.tex.xbx,86,3097d3fc,64,64,5
levels/BE/BE.tex.xbx,87,b311ec6c,128,64,5
levels/BE/BE.tex.xbx,88,def967dc,128,64,1
levels/BE/BE.tex.xbx,89,eb0c19c4,128,128,5
levels/BE/BE.tex.xbx,90,bc9e2f50,64,64,1
levels/BE/BE.tex.xbx,91,9d05ee40,32,32,1
levels/BE/BE.tex.xbx,92,3e33fff4,64,32,1
levels/BE/BE.tex.xbx,93,5b630ebc,32,32,5
levels/BE/BE.tex.xbx,94,6b186358,32,32,5
levels/BE/BE.tex.xbx,95,55ab880c,128,128,1
levels/BE/BE.tex.xbx,96,cb34c34c,64,128,5
levels/BE/BE.tex.xbx,97,c537c16c,64,64,5
levels/BE/BE.tex.xbx,98,4f6c2a68,128,128,5
levels/BE/BE.tex.xbx,99,054cb1e4,64,32,1
levels/BE/BE.tex.xbx,100,395bbebc,64,32,1
levels/BE/BE.tex.xbx,101,75212dac,64,64,1
levels/BE/BE.tex.xbx,102,5fa775f8,64,128,1
levels/BE/BE.tex.xbx,103,5086e44c,128,128,5
levels/BE/BE.tex.xbx,104,5a729e18,128,64,5
levels/BE/BE.tex.xbx,105,1bbf9e28,128,128,1
levels/BE/BE.tex.xbx,106,dfc6500c,64,32,1
levels/BE/BE.tex.xbx,107,6efed9f8,64,64,1
levels/BE/BE.tex.xbx,108,dd9ffcf0,64,128,5
levels/BE/BE.tex.xbx,109,ba8c9f4c,128,64,1
levels/BE/BE.tex.xbx,110,211dfb58,64,64,1
levels/BE/BE.tex.xbx,111,d2204300,64,64,1
levels/BE/BE.tex.xbx,112,a78c17e8,128,128,5
levels/BE/BE.tex.xbx,113,d9f4ca08,32,32,1
levels/BE/BE.tex.xbx,114,73fdf170,32,32,1
levels/BE/BE.tex.xbx,115,d9571a20,128,64,1
levels/BE/BE.tex.xbx,116,d3cf8f18,128,64,5
levels/BE/BE.tex.xbx,117,2818ce6c,64,64,1
levels/BE/BE.tex.xbx,118,dd91c734,32,64,5
levels/BE/BE.tex.xbx,119,310fa57c,128,64,5
levels/BE/BE.tex.xbx,120,4c1c0270,32,64,5
levels/BE/BE.tex.xbx,121,3ea5b208,64,64,1
levels/BE/BE.tex.xbx,122,0f33b1c4,128,64,1
levels/BE/BE.tex.xbx,123,31cd7938,128,128,5
levels/BE/BE.tex.xbx,124,e0f12410,64,64,1
levels/BE/BE.tex.xbx,125,4ad3cd90,128,128,1
levels/BE/BE.tex.xbx,126,baf076b4,128,128,5
levels/BE/BE.tex.xbx,127,d06e43ac,128,64,1
levels/BE/BE.tex.xbx,128,41e3f598,128,128,1
levels/BE/BE.tex.xbx,129,beac7550,128,32,1
levels/BE/BE.tex.xbx,130,c27fe5f0,64,64,1
levels/BE/BE.tex.xbx,131,1abe5780,128,64,1
levels/BE/BE.tex.xbx,132,3394c434,128,32,5
levels/BE/BE.tex.xbx,133,4fbe2b64,128,32,1
levels/BE/BE.tex.xbx,134,3d07fde8,64,64,1
levels/BE/BE.tex.xbx,135,66d51e74,128,64,5
levels/BE/BE.tex.xbx,136,53f4b8d4,128,128,5
levels/BE/BE.tex.xbx,137,36e95d04,128,128,1
levels/BE/BE.tex.xbx,138,b1d743d4,128,64,5
levels/BE/BE.tex.xbx,139,642987a4,64,32,1
levels/BE/BE.tex.xbx,140,ce63dd44,32,32,5
levels/BE/BE.tex.xbx,141,b7e475e8,64,64,1
levels/BE/BE.tex.xbx,142,e9ad3e78,128,64,5
levels/BE/BE.tex.xbx,143,7a529318,16,64,1
levels/BE/BE.tex.xbx,144,3a4c2140,32,16,1
levels/BE/BE.tex.xbx,145,ba8e1454,64,128,1
levels/BE/BE.tex.xbx,146,e263a98c,64,64,5
levels/BE/BE.tex.xbx,147,af7ece24,32,64,5
levels/BE/BE.tex.xbx,148,4d675d4c,64,128,5
levels/BE/BE.tex.xbx,149,340c9988,32,64,1
levels/BE/BE.tex.xbx,150,38602770,128,64,1
levels/BE/BE.tex.xbx,151,4e44a934,64,64,5
levels/BE/BE.tex.xbx,152,b4f9511c,64,64,1
levels/BE/BE.tex.xbx,153,e04cb6fc,64,64,1
levels/BE/BE.tex.xbx,154,eaa1c418,64,128,5
levels/BE/BE.tex.xbx,155,dc087da8,32,32,1
levels/BE/BE.tex.xbx,156,5bde5fd0,64,128,1
levels/BE/BE.tex.xbx,157,f477b458,64,64,5
levels/BE/BE.tex.xbx,158,57e6ef64,128,64,5
levels/BE/BE.tex.xbx,159,1e42b024,64,128,5
levels/BE/BE.tex.xbx,160,080ab0a4,64,128,1
levels/BE/BE.tex.xbx,161,ea144e14,32,32,5
levels/BE/BE.tex.xbx,162,a633de84,128,128,5
levels/BE/BE.tex.xbx,163,c58cd614,64,64,5
levels/BE/BE.tex.xbx,164,7fac85c4,16,16,5
levels/BE/BE.tex.xbx,165,08003840,16,64,5
levels/BE/BE.tex.xbx,166,6e374380,32,32,5
levels/BE/BE.tex.xbx,167,0f250a34,128,64,1
levels/BE/BE.tex.xbx,168,5112d4b0,64,16,5
levels/BE/BE.tex.xbx,169,3a7b905c,128,64,1
levels/BE/BE.tex.xbx,170,1f6883b8,128,64,5
levels/BE/BE.tex.xbx,171,1309d9e8,32,64,5
levels/BE/BE.tex.xbx,172,a0a49130,128,32,5
levels/BE/BE.tex.xbx,173,57b6f628,64,32,5
levels/BE/BE.tex.xbx,174,a177529c,128,64,1
levels/BE/BE.tex.xbx,175,9bbe7810,64,64,5
levels/BE/BE.tex.xbx,176,b7720a94,32,32,5
levels/BE/BE.tex.xbx,177,871d9c7c,64,64,5
levels/BE/BE.tex.xbx,178,d9519ee4,128,32,1
levels/BE/BE.tex.xbx,179,dd744178,128,128,1
levels/BE/BE.tex.xbx,180,5d6406d8,64,64,5
levels/BE/BE.tex.xbx,181,f0538f34,128,32,1
levels/BE/BE.tex.xbx,182,4fe98ae4,128,128,1
levels/BE/BE.tex.xbx,183,caade69c,128,128,1
levels/BE/BE.tex.xbx,184,5f9b6090,64,64,1
levels/BE/BE.tex.xbx,185,6326e0dc,128,128,5
levels/BE/BE.tex.xbx,186,6994f8c8,128,128,1
levels/BE/BE.tex.xbx,187,a06eae88,128,128,1
levels/BE/BE.tex.xbx,188,1e17130c,128,64,1
levels/BE/BE.tex.xbx,189,6aa47e54,128,64,1
levels/BE/BE.tex.xbx,190,703f7bbc,128,64,1
levels/BE/BE.tex.xbx,191,b9b063a8,64,64,1
levels/BE/BE.tex.xbx,192,5c910cd0,128,64,1
levels/BE/BE.tex.xbx,193,86bed3b0,32,32,5
levels/BE/BE.tex.xbx,194,f8151d28,16,8,1
levels/BE/BE.tex.xbx,195,72925270,128,128,5
levels/BE/BE.tex.xbx,196,47609d78,128,32,5
levels/BE/BE.tex.xbx,197,6b520090,128,64,2
levels/BE/BE.tex.xbx,198,5ed2b53c,8,8,2
levels/BE/BE.tex.xbx,199,05bf8ee8,32,32,5
levels/BE/BE.tex.xbx,200,f9c8ed10,128,128,1
levels/BE/BE.tex.xbx,201,47c918dc,64,64,1
levels/BE/BE.tex.xbx,202,9a80d1d0,128,128,1
levels/BE/BE.tex.xbx,203,8b63bb58,128,128,1
levels/BE/BE.tex.xbx,204,1d90ae74,128,128,5
levels/BE/BE.tex.xbx,205,9613a10c,128,64,5
levels/BE/BE.tex.xbx,206,2969d99c,128,64,5
levels/BE/BE.tex.xbx,207,f25dd3c0,64,32,1
levels/BE/BE.tex.xbx,208,73af6d88,128,128,1
levels/BE/BE.tex.xbx,209,317c66d4,128,64,2
levels/BE/BE.tex.xbx,210,8135ee38,128,64,1
levels/BE/BE.tex.xbx,211,37238894,64,64,1
levels/BE/BE.tex.xbx,212,fa0030e4,128,16,5
levels/BE/BE.tex.xbx,213,7be00e98,128,64,1
levels/BE/BE.tex.xbx,214,437e6510,128,64,5
levels/BE/BE.tex.xbx,215,8a6aaaac,128,64,5
levels/BE/BE.tex.xbx,216,7586fc14,128,32,1
levels/BE/BE.tex.xbx,217,15cc2f70,128,64,5
levels/BE/BE.tex.xbx,218,9e316ae8,128,128,1
levels/BE/BE.tex.xbx,219,00daa980,32,64,1
levels/BE/BE.tex.xbx,220,e441ca34,32,128,5
levels/BE/BE.tex.xbx,221,2a4b2510,128,128,1
levels/BE/BE.tex.xbx,222,c1d84970,128,128,5
levels/BE/BE.tex.xbx,223,5e1a1f24,128,32,1
levels/BE/BE.tex.xbx,224,45f5ad38,128,64,1
levels/BE/BE.tex.xbx,225,19a8c0b8,32,32,5
levels/BE/BE.tex.xbx,226,25ccd060,32,128,1
levels/BE/BE.tex.xbx,227,1e0b4970,16,128,5
levels/BE/BE.tex.xbx,228,55b2fd2c,128,128,1
levels/BE/BE.tex.xbx,229,5ade4a48,32,32,1
levels/BE/BE.tex.xbx,230,ae31d0c8,32,128,5
levels/BE/BE.tex.xbx,231,577c6560,16,8,5
levels/BE/BE.tex.xbx,232,34b12c24,32,32,5
levels/BE/BE.tex.xbx,233,c9971364,64,32,1
levels/BE/BE.tex.xbx,234,a9378a18,8,8,5
levels/BE/BE.tex.xbx,235,1516ba34,16,64,5
levels/BE/BE.tex.xbx,236,721633a0,64,16,0
levels/BE/BE.tex.xbx,237,8323431c,16,16,1
levels/BE/BE.tex.xbx,238,cbfb0794,16,16,5
levels/BE/BE.tex.xbx,239,ec880370,32,32,5
levels/BE/BE.tex.xbx,240,4fa28f18,16,16,5
levels/BE/BE.tex.xbx,241,96c68604,128,64,5
levels/BE/BE.tex.xbx,242,8fc1fefc,64,64,1
levels/BE/BE.tex.xbx,243,02337c40,16,128,1
levels/BE/BE.tex.xbx,244,fc057540,16,16,1
levels/BE/BE.tex.xbx,245,db5572c8,16,16,5
levels/BE/BE.tex.xbx,246,c6040458,64,64,2
levels/BE/BE.tex.xbx,247,3b0615c0,32,64,5
levels/BE/BE.tex.xbx,248,d92f774c,128,128,1
levels/BE/BE.tex.xbx,249,9fd60dec,128,128,1
levels/BE/BE.tex.xbx,250,e05970d0,128,32,1
levels/BE/BE.tex.xbx,251,e520a72c,64,32,5
levels/BE/BE.tex.xbx,252,855ede00,128,128,1
levels/BE/BE.tex.xbx,253,d0124674,64,64,5
levels/BE/BE.tex.xbx,254,05481038,32,32,1
levels/BE/BE.tex.xbx,255,f855eb88,64,32,1
levels/BE/BE.tex.xbx,256,e0895524,128,128,1
levels/BE/BE.tex.xbx,257,c6079f08,128,64,1
levels/BE/BE.tex.xbx,258,5e7838f8,128,128,1
levels/BE/BE.tex.xbx,259,c1402d30,128,128,1
levels/BE/BE.tex.xbx,260,22e68b50,64,32,1
levels/BE/BE.tex.xbx,261,c7a43c10,128,128,1
levels/BE/BE.tex.xbx,262,ef11f400,128,64,5
levels/BE/BE.tex.xbx,263,db5fee30,128,128,5
levels/BE/BE.tex.xbx,264,aa412a2c,128,128,2
levels/BE/BE.tex.xbx,265,90a17020,128,128,1
levels/BE/BE.tex.xbx,266,dd0a6010,128,64,1
levels/BE/BE.tex.xbx,267,b096bb98,128,128,1
levels/BE/BE.tex.xbx,268,e0b09f34,128,128,1
levels/BE/BE.tex.xbx,269,35c78fc4,128,128,1
levels/BE/BE.tex.xbx,270,205e4448,64,128,5
levels/BE/BE.tex.xbx,271,a13d2980,128,32,1
levels/BE/BE.tex.xbx,272,743d97e4,128,64,5
levels/BE/BE.tex.xbx,273,3acad8c0,32,64,5
levels/BE/BE.tex.xbx,274,57bdd2f8,32,32,1
levels/BE/BE.tex.xbx,275,48cbd408,64,64,5
levels/BE/BE.tex.xbx,276,45755d80,64,64,5
levels/BE/BE.tex.xbx,277,7134800c,32,64,5
levels/BE/BE.tex.xbx,278,2615e844,128,128,1
levels/BE/BE.tex.xbx,279,4adb707c,128,64,5
levels/BE/BE.tex.xbx,280,63289a04,64,64,5
levels/BE/BE.tex.xbx,281,438eec38,32,128,5
levels/BE/BE.tex.xbx,282,b5014a0c,64,64,5
levels/BE/BE.tex.xbx,283,b9bfc394,64,64,5
levels/BE/BE.tex.xbx,284,77039ca8,64,128,5
levels/BE/BE.tex.xbx,285,b53c75cc,128,128,5
levels/BE/BE.tex.xbx,286,25e29b34,128,128,5
levels/BE/BE.tex.xbx,287,e785f460,64,64,2
levels/BE/BE.tex.xbx,288,f1734ef4,64,16,1
levels/BE/BE.tex.xbx,289,e5fdfab0,128,64,1
levels/BE/BE.tex.xbx,290,f6dcc208,32,32,1
levels/BE/BE.tex.xbx,291,55a3ab0c,128,128,5
levels/BE/BE.tex.xbx,292,d46577a0,128,128,1
levels/BE/BE.tex.xbx,293,a3dbf13c,64,64,1
levels/BE/BE.tex.xbx,294,e4640a34,16,32,1
levels/BE/BE.tex.xbx,295,bf8d116c,32,32,5
levels/BE/BE.tex.xbx,296,003185d8,64,64,5
levels/BE/BE.tex.xbx,297,91f8c108,32,64,1
levels/BE/BE.tex.xbx,298,9fe84ff0,128,128,5
levels/BE/BE.tex.xbx,299,f70a3df0,32,32,1
levels/BE/BE.tex.xbx,300,67074794,64,64,2
levels/BE/BE.tex.xbx,301,e4796090,16,16,2
levels/BE/BE.tex.xbx,302,2f282d10,64,32,5
levels/BE/BE.tex.xbx,303,c952288c,128,128,1
levels/BE/BE.tex.xbx,304,56c9bacc,128,128,1
levels/BE/BE.tex.xbx,305,bd02b808,64,64,1
levels/BE/BE.tex.xbx,306,77b16bac,64,64,5
levels/BE/BE.tex.xbx,307,55173d7c,32,32,5
levels/BE/BE.tex.xbx,308,84edbec8,128,64,1
levels/BE/BE.tex.xbx,309,e2f614a8,128,64,1
levels/BE/BE.tex.xbx,310,a5d4c380,128,64,1
levels/BE/BE.tex.xbx,311,25a054cc,128,128,1
levels/BE/BE.tex.xbx,312,97ec89a0,128,128,1
levels/BE/BE.tex.xbx,313,5a3623ac,128,128,1
levels/BE/BE.tex.xbx,314,cec3d598,64,64,1
levels/BE/BE.tex.xbx,315,5f0c3c6c,128,64,5
levels/BE/BE.tex.xbx,316,2eb09ba0,128,64,1
levels/BE/BE.tex.xbx,317,12d108e4,128,128,1
levels/BE/BE.tex.xbx,318,53ab6bd0,64,128,5
levels/BE/BE.tex.xbx,319,fa3deda4,128,64,1
levels/BE/BE.tex.xbx,320,ace76318,128,64,5
levels/BE/BE.tex.xbx,321,c2af4bd8,16,32,5
levels/BE/BE.tex.xbx,322,dd0e8310,128,128,5
levels/BE/BE.tex.xbx,323,1231adc8,64,128,5
levels/BE/BE.tex.xbx,324,41626170,128,128,1
levels/BE/BE.tex.xbx,325,7d6abcf4,128,64,5
levels/BE/BE.tex.xbx,326,4c42f59c,64,64,1
levels/BE/BE.tex.xbx,327,8253d0a8,64,64,2
levels/BE/BE.tex.xbx,328,8b787434,128,128,5
levels/BE/BE.tex.xbx,329,d15dd2b4,64,128,2
levels/BE/BE.tex.xbx,330,469ddb70,128,128,1
levels/BE/BE.tex.xbx,331,94cad920,64,32,1
levels/BE/BE.tex.xbx,332,016261d8,64,64,1
levels/BE/BE.tex.xbx,333,fcd3c634,64,64,5
levels/BE/BE.tex.xbx,334,94654a40,128,128,5
levels/BE/BE.tex.xbx,335,e6f89e88,64,64,1
levels/BE/BE.tex.xbx,336,d5f31a98,128,64,5
levels/BE/BE.tex.xbx,337,b0b480c0,64,64,1
levels/BE/BE.tex.xbx,338,0f28c188,64,64,1
levels/BE/BE.tex.xbx,339,6c9b4930,64,64,1
levels/BE/BE.tex.xbx,340,866762e0,64,64,5
levels/BE/BE.tex.xbx,341,3fab9e8c,64,64,5
levels/BE/BE.tex.xbx,342,a58d2434,64,64,1
levels/BE/BE.tex.xbx,343,8284910c,128,64,5
levels/BE/BE.tex.xbx,344,f771f500,64,64,1
levels/BE/BE.tex.xbx,345,cdc75080,64,32,1
levels/BE/BE.tex.xbx,346,cab1fea8,64,64,1
levels/BE/BE.tex.xbx,347,7d513508,128,128,5
levels/BE/BE.tex.xbx,348,6818d4f8,32,64,1
levels/BE/BE.tex.xbx,349,b46af740,8,64,2
levels/BE/BE.tex.xbx,350,509c9800,32,32,5
levels/BE/BE.tex.xbx,351,48b96790,128,64,5
levels/BE/BE.tex.xbx,352,a24bd004,64,64,5
levels/BE/BE.tex.xbx,353,70be2940,64,64,5
levels/BE/BE.tex.xbx,354,2c809848,64,64,5
levels/BE/BE.tex.xbx,355,cda96948,64,64,5
levels/BE/BE.tex.xbx,356,bd2c0f14,128,64,5
levels/BE/BE.tex.xbx,357,d8949e8c,128,64,5
levels/BE/BE.tex.xbx,358,20115d8c,128,64,5
levels/BE/BE.tex.xbx,359,523d6eac,16,16,5
levels/BE/BE.tex.xbx,360,aa1661dc,16,16,1
levels/BE/BE.tex.xbx,361,eeaad084,64,32,5
levels/BE/BE.tex.xbx,362,472b1184,64,64,5
levels/BE/BE.tex.xbx,363,2fb3a480,128,128,5
levels/BE/BE.tex.xbx,364,5ba7d608,128,32,5
levels/BE/BE.tex.xbx,365,b09eae58,128,32,5
levels/BE/BE.tex.xbx,366,8e142bb4,64,32,5
levels/BE/BE.tex.xbx,367,61b0428c,32,64,5
levels/BE/BE.tex.xbx,368,57223018,64,32,5
levels/BE/BE.tex.xbx,369,6bb85b38,64,16,5
levels/BE/BE.tex.xbx,370,a1f07038,64,64,5
levels/BE/BE.tex.xbx,371,ac4df0d8,32,32,1
levels/BE/BE.tex.xbx,372,e35bc110,64,64,1
levels/BE/BE.tex.xbx,373,407e4494,32,64,1
levels/BE/BE.tex.xbx,374,9531f180,32,32,5
levels/BE/BE.tex.xbx,375,77f70e38,32,32,2
levels/BE/BE.tex.xbx,376,46a3ed28,64,128,1
levels/BE/BE.tex.xbx,377,eb832f78,32,32,2
levels/BE/BE.tex.xbx,378,052104e0,16,32,5
levels/BE/BE.tex.xbx,379,6784afb0,64,64,1
levels/BE/BE.tex.xbx,380,39bcd06c,16,16,2
levels/BE/BE.tex.xbx,381,f11624f4,64,64,5
levels/BE/BE.tex.xbx,382,34e0c900,64,64,1
levels/BE/BE.tex.xbx,383,6aa6a7d0,64,64,1
levels/BE/BE.tex.xbx,384,8a0926e0,64,64,1
levels/BE/BE.tex.xbx,385,8ab95eb0,128,128,1
levels/BE/BE.tex.xbx,386,2c39c678,128,64,5
levels/BE/BE.tex.xbx,387,5165dab8,64,64,2
levels/BE/BE.tex.xbx,388,0cda6790,64,128,2
levels/BE/BE.tex.xbx,389,abb741a4,128,128,1
levels/BE/BE.tex.xbx,390,c00943c4,64,32,1
levels/BE/BE.tex.xbx,391,9d98f1d0,64,64,5
levels/BE/BE.tex.xbx,392,a437ca9c,64,64,5
levels/BE/BE.tex.xbx,393,074c42c4,8,16,2
levels/BE/BE.tex.xbx,394,62f3cf9c,64,64,5
levels/BE/BE.tex.xbx,395,97817708,64,8,5
levels/BE/BE.tex.xbx,396,dbbf0680,32,32,5
levels/BE/BE.tex.xbx,397,0dcec880,64,64,1
levels/BE/BE.tex.xbx,398,68992a14,64,16,5
levels/BE/BE.tex.xbx,399,3de60ba0,64,32,5
levels/BE/BE.tex.xbx,400,a9746294,64,64,1
levels/BE/BE.tex.xbx,401,d6d561c8,64,64,5
levels/BE/BE.tex.xbx,402,45ebe14c,64,32,5
levels/BE/BE.tex.xbx,403,f7c2a138,64,32,5
levels/BE/BE.tex.xbx,404,2aa8cca8,128,64,5
levels/BE/BE.tex.xbx,405,ba7c4a40,32,32,1
levels/BE/BE.tex.xbx,406,2a04b82c,128,128,5
levels/BE/BE.tex.xbx,407,90794d3c,128,128,1
levels/BE/BE.tex.xbx,408,9a976c98,64,64,2
levels/BE/BE.tex.xbx,409,012c0498,64,64,1
levels/BE/BE.tex.xbx,410,3ac24664,128,64,1
levels/BE/BE.tex.xbx,411,7f0d7718,64,64,5
levels/BE/BE.tex.xbx,412,eb79af78,128,64,1
levels/BE/BE.tex.xbx,413,5de42ee4,64,32,1
levels/BE/BE.tex.xbx,414,a3cd185c,16,32,1
levels/BE/BE.tex.xbx,415,18a64738,32,16,1
levels/BE/BE.tex.xbx,416,f2f752f4,128,128,5
levels/BE/BE.tex.xbx,417,e64500c0,128,16,5
levels/BE/BE.tex.xbx,418,571573d4,128,128,1
levels/BE/BE.tex.xbx,419,8c03d810,128,128,1
levels/BE/BE.tex.xbx,420,9d8e3194,128,128,1
levels/BE/BE.tex.xbx,421,0132a00c,64,64,1
levels/BE/BE.tex.xbx,422,b472e10c,128,128,1
levels/BE/BE.tex.xbx,423,f747d38c,64,64,1
levels/BE/BE.tex.xbx,424,6903c260,128,32,1
levels/BE/BE.tex.xbx,425,969a0500,128,128,5
levels/BE/BE.tex.xbx,426,324a71a8,64,64,1
levels/BE/BE.tex.xbx,427,2b884964,128,128,5
levels/BE/BE.tex.xbx,428,43b21078,128,128,5
levels/BE/BE.tex.xbx,429,8bc8a6f4,128,64,5
levels/BE/BE.tex.xbx,430,0d087ca8,128,128,1
levels/BE/BE.tex.xbx,431,be0e76ec,32,128,1
levels/BE/BE.tex.xbx,432,8a096c34,128,64,5
levels/BE/BE.tex.xbx,433,05b6e22c,128,64,5
levels/BE/BE.tex.xbx,434,d6748d4c,128,64,5
levels/BE/BE.tex.xbx,435,6d82bf2c,128,128,5
levels/BE/BE.tex.xbx,436,e3b3ea70,32,32,1
levels/BE/BE.tex.xbx,437,12383f60,128,128,1
levels/BE/BE.tex.xbx,438,00c586e4,128,128,1
levels/BE/BE.tex.xbx,439,8e06b2e8,128,128,1
levels/BE/BE.tex.xbx,440,2923b3e8,128,128,1
levels/BE/BE.tex.xbx,441,651c3a60,128,128,1
levels/BE/BE.tex.xbx,442,a3870530,128,64,5
levels/BE/BE.tex.xbx,443,8700f7a8,128,128,5
levels/BE/BE.tex.xbx,444,dc7e388c,128,128,1
levels/BE/BE.tex.xbx,445,c0c1a914,32,32,1
levels/BE/BE.tex.xbx,446,122dc28c,64,32,5
levels/BE/BE.tex.xbx,447,4d934b14,32,64,1
levels/BE/BE.tex.xbx,448,a878b028,32,16,1
levels/BE/BE.tex.xbx,449,e4473e20,32,16,1
levels/BE/BE.tex.xbx,450,38b97824,64,32,5
levels/BE/BE.tex.xbx,451,0d5bb528,128,64,5
levels/BE/BE.tex.xbx,452,6a3b05f4,128,128,1
levels/BE/BE.tex.xbx,453,1bce147c,64,64,1
levels/BE/BE.tex.xbx,454,5d06097c,64,32,1
levels/BE/BE.tex.xbx,455,524f0d90,128,128,5
levels/BE/BE.tex.xbx,456,a50b0c90,32,32,5
levels/BE/BE.tex.xbx,457,91633d20,128,128,5
levels/BE/BE.tex.xbx,458,bad4c138,128,128,5
levels/BE/BE.tex.xbx,459,4df080b8,16,64,5
levels/BE/BE.tex.xbx,460,f343f5b8,128,64,1
levels/BE/BE.tex.xbx,461,71a65f1c,128,64,1
levels/BE/BE.tex.xbx,462,5761f92c,128,128,1
levels/BE/BE.tex.xbx,463,a021d630,16,8,5
levels/BE/BE.tex.xbx,464,78b41a6c,128,128,1
levels/BE/BE.tex.xbx,465,f49f26d8,32,32,5
levels/BE/BE.tex.xbx,466,f6133ea4,128,64,1
levels/BE/BE.tex.xbx,467,0fda5fc4,32,64,1
levels/BE/BE.tex.xbx,468,9d6f2808,64,64,5
levels/BE/BE.tex.xbx,469,014f9980,64,64,1
levels/BE/BE.tex.xbx,470,b0d6e4ec,32,32,5
levels/BE/BE.tex.xbx,471,5becfd98,64,128,5
levels/BE/BE.tex.xbx,472,2731f248,64,32,1
levels/BE/BE.tex.xbx,473,8a0ed92c,64,64,1
levels/BE/BE.tex.xbx,474,f0334cbc,128,32,1
levels/BE/BE.tex.xbx,475,0094a050,128,128,2
levels/BE/BE.tex.xbx,476,80fe2160,128,32,5
levels/BE/BE.tex.xbx,477,0f7f9e70,32,32,2
levels/BE/BE.tex.xbx,478,beee3000,64,64,1
levels/BE/BE.tex.xbx,479,c1207498,16,16,5
levels/BE/BE.tex.xbx,480,92804338,64,64,5
levels/BE/BE.tex.xbx,481,03e78eec,64,64,5
levels/BE/BE.tex.xbx,482,50708d28,64,128,5
levels/BE/BE.tex.xbx,483,ce19315c,64,64,1
levels/BE/BE.tex.xbx,484,7bd2354c,128,32,1
levels/BE/BE.tex.xbx,485,8606a118,32,32,1
levels/BE/BE.tex.xbx,486,dd9a6f70,128,128,5
levels/BE/BE.tex.xbx,487,2973d0d8,128,64,5
levels/BE/BE.tex.xbx,488,3beca2f0,64,64,5
levels/BE/BE.tex.xbx,489,11fb2b9c,128,128,1
levels/BE/BE.tex.xbx,490,1bd08254,64,16,1
levels/BE/BE.tex.xbx,491,39391220,64,64,1
levels/BE/BE.tex.xbx,492,fe62eea4,32,64,5
levels/BE/BE.tex.xbx,493,8d0cdc20,64,64,5
levels/BE/BE.tex.xbx,494,003e137c,64,64,0
levels/BE/BE.tex.xbx,495,7e326954,128,128,5
levels/BE/BE.tex.xbx,496,5cbea590,64,32,1
levels/BE/BE.tex.xbx,497,c2e67890,64,32,1
levels/BE/BE.tex.xbx,498,12bb273c,32,64,5
levels/BE/BE.tex.xbx,499,4b0df598,128,64,5
levels/BE/BE.tex.xbx,500,9dbae4d0,128,128,1
levels/BE/BE.tex.xbx,501,14830928,128,64,5
levels/BE/BE.tex.xbx,502,150e6348,128,64,5
levels/BE/BE.tex.xbx,503,231f02b4,64,64,1
levels/BE/BE.tex.xbx,504,1a0cad20,64,32,5
levels/BE/BE.tex.xbx,505,f69a192c,128,64,5
levels/BE/BE.tex.xbx,506,250e5e88,128,64,5
levels/BE/BE.tex.xbx,507,e1a52dd8,32,32,5
levels/BE/BE.tex.xbx,508,3901b1bc,128,128,5
levels/BE/BE.tex.xbx,509,3c3f4584,64,64,1
levels/BE/BE.tex.xbx,510,3be27d40,64,64,5
levels/BE/BE.tex.xbx,511,84ee2a38,32,128,5
levels/BE/BE.tex.xbx,512,7139c50c,32,32,5
levels/BE/BE.tex.xbx,513,30a39f30,64,128,1
levels/BE/BE.tex.xbx,514,6c9c1258,32,128,1
levels/BE/BE.tex.xbx,515,3fd373f0,64,128,5
levels/BE/BE.tex.xbx,516,f6efa394,64,32,5
levels/BE/BE.tex.xbx,517,fa8f6ed4,128,128,5
levels/BE/BE.tex.xbx,518,3ef0e190,128,64,5
levels/BE/BE.tex.xbx,519,a3188988,64,64,5
levels/BE/BE.tex.xbx,520,e7b68e14,64,64,1
levels/BE/BE.tex.xbx,521,8cae0fc4,32,32,5
levels/BE/BE.tex.xbx,522,5f8fe1c8,128,64,2
levels/BE/BE.tex.xbx,523,ac02d6ac,128,64,5
levels/BE/BE.tex.xbx,524,08042fbc,128,128,5
levels/BE/BE.tex.xbx,525,26b7ba18,64,64,5
levels/BE/BE.tex.xbx,526,95dbe76c,128,128,5
levels/BE/BE.tex.xbx,527,1e24a880,64,64,5
levels/BE/BE.tex.xbx,528,06607900,32,32,1
levels/BE/BE.tex.xbx,529,6418b940,128,128,5
levels/BE/BE.tex.xbx,530,ab92d474,128,128,5
levels/BE/BE.tex.xbx,531,5a1d3230,128,128,5
levels/BE/BE.tex.xbx,532,35a3ab58,64,64,5
levels/BE/BE.tex.xbx,533,8337da58,64,64,5
levels/BE/BE.tex.xbx,534,1e886730,64,64,5
levels/BE/BE.tex.xbx,535,0a130f74,64,64,5
levels/BE/BE.tex.xbx,536,d7aa5428,16,16,2
levels/BE/BE.tex.xbx,537,4634f57c,16,16,5
levels/BE/BE.tex.xbx,538,498b7c24,16,16,5
levels/BE/BE.tex.xbx,539,d2a5d404,16,16,5
levels/BE/BE.tex.xbx,540,961a4a5c,16,16,5
levels/BE/BE.tex.xbx,541,390e3204,16,16,5
levels/BE/BE.tex.xbx,542,5530c05c,16,16,5
levels/BE/BE.tex.xbx,543,c9a30648,16,16,5
levels/BE/BE.tex.xbx,544,cd9b9740,16,16,5
levels/BE/BE.tex.xbx,545,2cb88640,16,16,5
levels/BE/BE.tex.xbx,546,7086fb48,16,16,5
levels/BE/BE.tex.xbx,547,a1f9bb5c,16,16,5
levels/BE/BE.tex.xbx,548,fe463304,16,16,5
levels/BE/BE.tex.xbx,549,0b48cdd8,16,16,5
levels/BE/BE.tex.xbx,550,67f83fb0,16,16,5
levels/BE/BE.tex.xbx,551,890f2bd8,16,16,5
levels/BE/BE.tex.xbx,552,0cb0b5b0,16,16,5
levels/BE/BE.tex.xbx,553,f83e03f4,16,16,5
levels/BE/BE.tex.xbx,554,94818a6c,16,16,5
levels/BE/BE.tex.xbx,555,e1588f6c,16,16,5
levels/BE/BE.tex.xbx,556,bd6602f4,16,16,5
levels/BE/BE.tex.xbx,557,6bf3c6b0,16,16,5
levels/BE/BE.tex.xbx,558,2fcb36d8,16,16,5
levels/BE/BE.tex.xbx,559,ac8882b8,16,16,5
levels/BE/BE.tex.xbx,560,b0360f90,16,16,5
levels/BE/BE.tex.xbx,561,5ec284b8,16,16,5
levels/BE/BE.tex.xbx,562,3b7df990,16,16,5
levels/BE/BE.tex.xbx,563,eff34d14,16,16,5
levels/BE/BE.tex.xbx,564,b34cc48c,16,16,5
levels/BE/BE.tex.xbx,565,06d8bf8c,16,16,5
levels/BE/BE.tex.xbx,566,8a684e14,16,16,5
levels/BE/BE.tex.xbx,567,7bdde890,16,16,5
levels/BE/BE.tex.xbx,568,d6a4f6ac,32,64,1
levels/BE/BE.tex.xbx,569,d8debcb0,8,8,2
levels/BE/BE.tex.xbx,570,3c2b32b4,128,64,5
levels/BE/BE.tex.xbx,571,34895c48,128,32,1
levels/BE/BE.tex.xbx,572,c66e5504,64,64,5
levels/BE/BE.tex.xbx,573,28f0d414,128,64,5
levels/BE/BE.tex.xbx,574,4e9439d0,64,64,1
levels/BE/BE.tex.xbx,575,a590e9fc,64,128,1
levels/BE/BE.tex.xbx,576,5bf1511c,128,64,5
levels/BE/BE.tex.xbx,577,4899c0c8,32,64,1
levels/BE/BE.tex.xbx,578,e297958c,64,64,1
levels/BE/BE.tex.xbx,579,ea52dd88,32,32,5
levels/BE/BE.tex.xbx,580,fe08bcfc,16,32,1
levels/BE/BE.tex.xbx,581,6969a80c,8,16,5
levels/BE/BE.tex.xbx,582,950b8510,64,64,5
levels/BE/BE.tex.xbx,583,ef7b09a8,32,64,2
levels/BE/BE.tex.xbx,584,74a83920,64,64,1
levels/BE/BE.tex.xbx,585,78177b08,16,32,1
levels/BE/BE.tex.xbx,586,d08e8008,64,32,5
levels/BE/BE.tex.xbx,587,40bf57c4,32,128,5
levels/BE/BE.tex.xbx,588,96244d90,64,64,5
levels/BE/BE.tex.xbx,589,cbb5e028,64,64,5
levels/BE/BE.tex.xbx,590,46515010,64,64,5
levels/BE/BE.tex.xbx,591,827990c8,128,32,5
levels/BE/BE.tex.xbx,592,68a57580,128,64,1
levels/BE/BE.tex.xbx,593,55144174,128,128,2
levels/BE/BE.tex.xbx,594,0418ff0c,32,16,1
levels/BE/BE.tex.xbx,595,69144d74,128,64,2
levels/BE/BE.tex.xbx,596,d0a3de04,64,64,2
levels/BE/BE.tex.xbx,597,71b570f4,128,64,5
levels/BE/BE.tex.xbx,598,88a77294,32,16,1
levels/BE/BE.tex.xbx,599,ed047394,32,16,1
levels/BE/BE.tex.xbx,600,ed6b6338,128,64,2
levels/BE/BE.tex.xbx,601,755778f4,128,64,1
levels/BE/BE.tex.xbx,602,0aaf7674,128,64,5
levels/BE/BE.tex.xbx,603,43c23a00,128,128,1
levels/BE/BE.tex.xbx,604,90ab984c,64,32,5
levels/BE/BE.tex.xbx,605,30ce22d0,32,16,5
levels/BE/BE.tex.xbx,606,5d794c30,32,128,5
levels/BE/BE.tex.xbx,607,a9ac2c38,64,64,1
levels/BE/BE.tex.xbx,608,efaaeb28,16,64,5
levels/BE/BE.tex.xbx,609,3b359e7c,64,32,5
levels/BE/BE.tex.xbx,610,5f0a1324,16,32,5
levels/BE/BE.tex.xbx,611,bab26164,32,128,5
levels/BE/BE.tex.xbx,612,e850eb68,32,64,1
levels/BE/BE.tex.xbx,613,18862760,64,32,1
levels/BE/BE.tex.xbx,614,2123e8e8,32,64,1
levels/BE/BE.tex.xbx,615,a8353b08,64,64,1
levels/BE/BE.tex.xbx,616,cc5b74e0,64,16,5
levels/BE/BE.tex.xbx,617,826ad6a8,64,32,5
levels/BE/BE.tex.xbx,618,f5e68748,64,64,5
levels/BE/BE.tex.xbx,619,84058844,64,64,1
levels/BE/BE.tex.xbx,620,1b92c9fc,128,128,1
levels/BE/BE.tex.xbx,621,ca286b6c,128,64,1
levels/BE/BE.tex.xbx,622,5e9dcad8,64,64,5
levels/BE/BE.tex.xbx,623,6bb3766c,128,128,5
levels/BE/BE.tex.xbx,624,83937990,32,32,1
levels/BE/BE.tex.xbx,625,06038c6c,64,64,1
levels/BE/BE.tex.xbx,626,b0769034,128,32,5
levels/BE/BE.tex.xbx,627,3ee8e970,64,128,5
levels/BE/BE.tex.xbx,628,f58241b0,128,64,5
levels/BE/BE.tex.xbx,629,9a3dcfd8,32,32,1
levels/BE/BE.tex.xbx,630,e5a7092c,64,64,5
levels/BE/BE.tex.xbx,631,b0bf39bc,64,64,1
levels/BE/BE.tex.xbx,632,f7300570,64,64,5
levels/BE/BE.tex.xbx,633,44c17d94,64,64,5
levels/BE/BE.tex.xbx,634,287e040c,32,32,5
levels/BE/BE.tex.xbx,635,e4c0ace8,64,64,5
levels/BE/BE.tex.xbx,636,585af834,128,128,1
levels/BE/BE.tex.xbx,637,4469c1dc,64,128,1
levels/BE/BE.tex.xbx,638,49c71658,128,32,1
levels/BE/BE.tex.xbx,639,5876b994,64,64,1
levels/BE/BE.tex.xbx,640,55ba1d1c,64,32,1
levels/BE/BE.tex.xbx,641,91e2f01c,64,64,1
levels/BE/BE.tex.xbx,642,50b081f4,32,16,5
levels/BE/BE.tex.xbx,643,a532c430,64,16,5
levels/BE/BE.tex.xbx,644,53ee54f0,64,64,5
levels/BE/BE.tex.xbx,645,87b2f584,64,64,2
levels/BE/BE.tex.xbx,646,d5b9581c,32,32,5
levels/BE/BE.tex.xbx,647,b6ed48a8,32,32,5
levels/BE/BE.tex.xbx,648,baca35b0,16,16,5
levels/BE/BE.tex.xbx,649,949d0010,128,16,2
levels/BE/BE.tex.xbx,650,e7506918,8,8,1
levels/BE/BE.tex.xbx,651,6b2f2d58,64,32,5
levels/BE/BE.tex.xbx,652,db95c9b0,16,16,5
levels/BE/BE.tex.xbx,653,83d37588,128,128,5
levels/BE/BE.tex.xbx,654,447b54e0,64,64,5
levels/BE/BE.tex.xbx,655,90ba3860,16,32,5
levels/BE/BE.tex.xbx,656,f18bb8a0,64,64,1
levels/BE/BE.tex.xbx,657,36a40490,128,32,5
levels/BE/BE.tex.xbx,658,32f88898,128,64,1
levels/BE/BE.tex.xbx,659,fc65148c,32,32,5
levels/BE/BE.tex.xbx,660,8ca305b8,16,16,1
levels/BE/BE.tex.xbx,661,82bf809c,16,16,1
levels/BE/BE.tex.xbx,662,29dafcc4,16,32,5
levels/BE/BE.tex.xbx,663,694bffbc,32,16,5
levels/BE/BE.tex.xbx,664,43716e28,64,32,5
levels/BE/BE.tex.xbx,665,4ebc9dd8,64,64,5
levels/BE/BE.tex.xbx,666,4ff54450,16,16,5
levels/BE/BE.tex.xbx,667,b3100da8,32,16,1
levels/BE/BE.tex.xbx,668,809f4840,64,64,5
levels/BE/BE.tex.xbx,669,37354cc0,16,32,5
levels/BE/BE.tex.xbx,670,335b5690,32,32,5
levels/BE/BE.tex.xbx,671,14b811e0,64,64,2
levels/BE/BE.tex.xbx,672,da7a8f08,32,16,5
levels/BE/BE.tex.xbx,673,348b72c0,32,16,5
levels/BE/BE.tex.xbx,674,4ffdff10,64,32,5
levels/BE/BE.tex.xbx,675,b8ef47c8,32,32,1
levels/BE/BE.tex.xbx,676,b64f3c10,32,32,5
levels/BE/BE.tex.xbx,677,fe745f70,64,32,5
levels/BE/BE.tex.xbx,678,4bb670e0,32,64,5
levels/BE/BE.tex.xbx,679,fab5d960,32,32,5
levels/BE/BE.tex.xbx,680,580e429c,128,64,5
levels/BE/BE.tex.xbx,681,317eea30,64,32,5
levels/BE/BE.tex.xbx,682,358e9a68,128,128,5
levels/BE/BE.tex.xbx,683,654f8838,16,16,1
levels/BE/BE.tex.xbx,684,a8e43650,32,64,1
levels/BE/BE.tex.xbx,685,dc0e46e8,128,64,5
levels/BE/BE.tex.xbx,686,a2c68128,16,16,5
levels/BE/BE.tex.xbx,687,b642c2c8,32,16,5
levels/BE/BE.tex.xbx,688,5f7d1108,16,16,5
levels/BE/BE.tex.xbx,689,531e9b84,128,128,2
levels/BE/BE.tex.xbx,690,a7915ac0,128,128,2
levels/BE/BE.tex.xbx,691,c3a53e88,128,32,5
levels/BE/BE.tex.xbx,692,a57e6cb0,128,64,5
levels/BE/BE.tex.xbx,693,1bb313ac,32,64,5
levels/BE/BE.tex.xbx,694,c9f61c0c,128,128,5
levels/BE/BE.tex.xbx,695,5c779614,32,16,5
levels/BE/BE.tex.xbx,696,a84a6550,128,64,1
levels/BE/BE.tex.xbx,697,cb5e6e64,128,32,5
levels/BE/BE.tex.xbx,698,805150f0,128,32,5
levels/BE/BE.tex.xbx,699,4b512e1c,64,64,5
levels/BE/BE.tex.xbx,700,770438dc,128,64,5
levels/BE/BE.tex.xbx,701,cc39b4c4,128,32,2
levels/BE/BE.tex.xbx,702,9a92405c,128,128,5
levels/BE/BE.tex.xbx,703,eefc68a4,64,128,1
levels/BE/BE.tex.xbx,704,7c0af814,32,32,1
levels/BE/BE.tex.xbx,705,60c6e1f0,128,32,1
levels/BE/BE.tex.xbx,706,c9fdc32c,64,16,1
levels/BE/BE.tex.xbx,707,5882aad8,64,64,5
levels/BE/BE.tex.xbx,708,ad0d4b6c,64,32,5
levels/BE/BE.tex.xbx,709,793dffb8,32,32,2
levels/BE/BE.tex.xbx,710,913b1534,64,128,5
levels/BE/BE.tex.xbx,711,cf7b7450,32,32,2
levels/BE/BE.tex.xbx,712,eb061ccc,16,16,5
levels/BE/BE.tex.xbx,713,b6f17f74,64,64,1
levels/BE/BE.tex.xbx,714,b6b43a64,64,64,5
levels/BE/BE.tex.xbx,715,03688474,128,128,1
levels/BE/BE.tex.xbx,716,6bc12da4,16,16,1
levels/BE/BE.tex.xbx,717,8e8553fc,64,64,5
levels/BE/BE.tex.xbx,718,2d2cb504,16,16,1
levels/BE/BE.tex.xbx,719,c0288a98,128,128,5
levels/BE/BE.tex.xbx,720,27b8d0e4,32,128,5
levels/BE/BE.tex.xbx,721,33f7b438,64,32,5
levels/BE/BE.tex.xbx,722,9a1d1d8c,32,64,1
levels/BE/BE.tex.xbx,723,48939418,128,64,5
levels/BE/BE.tex.xbx,724,6be12994,128,64,5
levels/BE/BE.tex.xbx,725,be3922a8,128,32,5
levels/BE/BE.tex.xbx,726,fd964970,128,128,1
levels/BE/BE.tex.xbx,727,42e2c818,64,64,5
levels/BE/BE.tex.xbx,728,94e94688,64,64,5
levels/BE/BE.tex.xbx,729,514f98dc,128,128,5
levels/BE/BE.tex.xbx,730,40bf8928,32,32,5
levels/BE/BE.tex.xbx,731,f9e78538,64,64,5
levels/BE/BE.tex.xbx,732,41281aac,64,128,1
levels/BE/BE.tex.xbx,733,4d2f7358,64,64,5
levels/BE/BE.tex.xbx,734,d831a2d8,64,16,5
levels/BE/BE.tex.xbx,735,2b398458,32,32,5
levels/BE/BE.tex.xbx,736,9a35d1d8,64,16,5
levels/BE/BE.tex.xbx,737,213de958,32,32,5
levels/BE/BE.tex.xbx,738,7004fdf8,128,64,1
levels/BE/BE.tex.xbx,739,d9eb95d4,64,64,5
levels/BE/BE.tex.xbx,740,c0379698,64,32,5
levels/BE/BE.tex.xbx,741,9c8706f0,64,64,2
levels/BE/BE.tex.xbx,742,9b829a24,64,64,5
levels/BE/BE.tex.xbx,743,96ddcc94,128,128,1
levels/BE/BE.tex.xbx,744,b71550a0,32,64,5
levels/BE/BE.tex.xbx,745,6628c970,64,64,1
levels/BE/BE.tex.xbx,746,af17bce0,128,128,1
levels/BE/BE.tex.xbx,747,c616aa5c,128,64,1
levels/BE/BE.tex.xbx,748,a25b9c84,32,64,1
levels/BE/BE.tex.xbx,749,e7cbdc08,128,128,5
levels/BE/BE.tex.xbx,750,e009a2d0,128,128,5
levels/BE/BE.tex.xbx,751,43494f90,64,128,2
levels/BE/BE.tex.xbx,752,863d771c,128,128,1
levels/BE/BE_net.tex.xbx,0,3ea84520,64,64,5
levels/BE/BE_net.tex.xbx,1,647df22c,128,128,1
levels/BE/BE_net.tex.xbx,2,c9f3e2a8,64,64,1
levels/BE/BE_net.tex.xbx,3,441ec670,128,64,5
levels/BE/BE_net.tex.xbx,4,52597968,64,64,5
levels/BE/BE_net.tex.xbx,5,4809b358,32,32,1
levels/BE/BE_net.tex.xbx,6,571a7980,32,32,1
levels/BE/BE_net.tex.xbx,7,c3a02ad0,128,64,1
levels/BE/BE_net.tex.xbx,8,0de93a5c,64,32,5
levels/BE/BE_net.tex.xbx,9,6671edc4,16,32,1
levels/BE/BE_net.tex.xbx,10,28e26bfc,64,16,5
levels/BE/BE_net.tex.xbx,11,140f08b0,32,64,1
levels/BE/BE_net.tex.xbx,12,49de2110,64,32,5
levels/BE/BE_net.tex.xbx,13,d5506894,64,64,5
levels/BE/BE_net.tex.xbx,14,7e6b240c,32,16,5
levels/BE/BE_net.tex.xbx,15,b8eef50c,32,64,5
levels/BE/BE_net.tex.xbx,16,d70fce30,64,64,5
levels/BE/BE_net.tex.xbx,17,739dd8b8,32,32,1
levels/BE/BE_net.tex.xbx,18,8528308c,32,32,1
levels/BE/BE_net.tex.xbx,19,80e67e08,64,64,5
levels/BE/BE_net.tex.xbx,20,7ae44b80,16,16,5
levels/BE/BE_net.tex.xbx,21,ccaf1174,64,64,1
levels/BE/BE_net.tex.xbx,22,c155d0f4,64,64,5
levels/BE/BE_net.tex.xbx,23,691ff938,128,64,1
levels/BE/BE_net.tex.xbx,24,000f0d28,128,128,1
levels/BE/BE_net.tex.xbx,25,b3d2a4d0,128,128,1
levels/BE/BE_net.tex.xbx,26,04baa7bc,128,128,5
levels/BE/BE_net.tex.xbx,27,f4d70fa8,64,64,1
levels/BE/BE_net.tex.xbx,28,ea944ba4,64,64,1
levels/BE/BE_net.tex.xbx,29,b2a46720,128,32,1
levels/BE/BE_net.tex.xbx,30,68d5b494,128,128,1
levels/BE/BE_net.tex.xbx,31,6ac59f64,128,64,5
levels/BE/BE_net.tex.xbx,32,6ba33a94,128,32,1
levels/BE/BE_net.tex.xbx,33,4fc828b0,64,64,5
levels/BE/BE_net.tex.xbx,34,e2284548,128,32,1
levels/BE/BE_net.tex.xbx,35,c596e984,32,16,1
levels/BE/BE_net.tex.xbx,36,41f2da48,64,64,5
levels/BE/BE_net.tex.xbx,37,632c160c,128,128,5
levels/BE/BE_net.tex.xbx,38,e970cd64,32,128,1
levels/BE/BE_net.tex.xbx,39,98a91314,64,64,5
levels/BE/BE_net.tex.xbx,40,0ad3e264,128,128,5
levels/BE/BE_net.tex.xbx,41,f43d5700,64,64,1
levels/BE/BE_net.tex.xbx,42,ae9093c8,128,128,5
levels/BE/BE_net.tex.xbx,43,9f3f828c,64,64,5
levels/BE/BE_net.tex.xbx,44,54e4a600,128,128,5
levels/BE/BE_net.tex.xbx,45,e206b544,64,64,1
levels/BE/BE_net.tex.xbx,46,0848f684,128,128,1
levels/BE/BE_net.tex.xbx,47,07fe8978,128,64,1
levels/BE/BE_net.tex.xbx,48,42b5b35c,32,32,5
levels/BE/BE_net.tex.xbx,49,f3713ccc,128,64,1
levels/BE/BE_net.tex.xbx,50,d0ed8698,64,64,1
levels/BE/BE_net.tex.xbx,51,39b1b770,64,64,5
levels/BE/BE_net.tex.xbx,52,c21a77bc,32,32,5
levels/BE/BE_net.tex.xbx,53,8ad01624,64,32,1
levels/BE/BE_net.tex.xbx,54,2e8d9560,64,32,5
levels/BE/BE_net.tex.xbx,55,a5536cfc,32,32,1
levels/BE/BE_net.tex.xbx,56,bd29a228,32,64,5
levels/BE/BE_net.tex.xbx,57,44aa2ca8,64,64,5
levels/BE/BE_net.tex.xbx,58,3fec56cc,128,64,1
levels/BE/BE_net.tex.xbx,59,e4e8fae8,64,32,1
levels/BE/BE_net.tex.xbx,60,cedb8b98,64,64,5
levels/BE/BE_net.tex.xbx,61,b922c180,64,64,1
levels/BE/BE_net.tex.xbx,62,946bd1b0,64,64,1
levels/BE/BE_net.tex.xbx,63,5ad17e54,128,64,1
levels/BE/BE_net.tex.xbx,64,2e84ff14,128,128,5
levels/BE/BE_net.tex.xbx,65,7911aa00,128,64,1
levels/BE/BE_net.tex.xbx,66,623ccc1c,128,64,5
levels/BE/BE_net.tex.xbx,67,f6e77b60,64,64,1
levels/BE/BE_net.tex.xbx,68,df475564,128,64,5
levels/BE/BE_net.tex.xbx,69,2827f69c,64,32,1
levels/BE/BE_net.tex.xbx,70,c3247778,128,64,1
levels/BE/BE_net.tex.xbx,71,c56dc00c,128,128,1
levels/BE/BE_net.tex.xbx,72,7adb0d40,128,64,5
levels/BE/BE_net.tex.xbx,73,aa396b20,64,32,1
levels/BE/BE_net.tex.xbx,74,ed71f5c4,64,32,1
levels/BE/BE_net.tex.xbx,75,87333578,64,64,1
levels/BE/BE_net.tex.xbx,76,783a6098,64,64,1
levels/BE/BE_net.tex.xbx,77,1b85895c,128,32,1
levels/BE/BE_net.tex.xbx,78,0d0fed48,32,128,1
levels/BE/BE_net.tex.xbx,79,c0ebf908,128,128,5
levels/BE/BE_net.tex.xbx,80,abaa2dfc,128,64,5
levels/BE/BE_net.tex.xbx,81,1cefa160,64,32,5
levels/BE/BE_net.tex.xbx,82,7365eacc,128,64,5
levels/BE/BE_net.tex.xbx,83,b77ef500,128,128,5
levels/BE/BE_net.tex.xbx,84,2108d478,128,64,5
levels/BE/BE_net.tex.xbx,85,832ec9cc,128,64,1
levels/BE/BE_net.tex.xbx,86,3097d3fc,64,64,5
levels/BE/BE_net.tex.xbx,87,b311ec6c,128,64,5
levels/BE/BE_net.tex.xbx,88,def967dc,128,64,1
levels/BE/BE_net.tex.xbx,89,eb0c19c4,128,128,5
levels/BE/BE_net.tex.xbx,90,bc9e2f50,64,64,1
levels/BE/BE_net.tex.xbx,91,9d05ee40,32,32,1
levels/BE/BE_net.tex.xbx,92,3e33fff4,64,32,1
levels/BE/BE_net.tex.xbx,93,5b630ebc,32,32,5
levels/BE/BE_net.tex.xbx,94,6b186358,32,32,5
levels/BE/BE_net.tex.xbx,95,55ab880c,128,128,1
levels/BE/BE_net.tex.xbx,96,cb34c34c,64,128,5
levels/BE/BE_net.tex.xbx,97,c537c16c,64,64,5
levels/BE/BE_net.tex.xbx,98,4f6c2a68,128,128,5
levels/BE/BE_net.tex.xbx,99,054cb1e4,64,32,1
levels/BE/BE_net.tex.xbx,100,395bbebc,64,32,1
levels/BE/BE_net.tex.xbx,101,75212dac,64,64,1
levels/BE/BE_net.tex.xbx,102,5fa775f8,64,128,1
levels/BE/BE_net.tex.xbx,103,5086e44c,128,128,5
levels/BE/BE_net.tex.xbx,104,5a729e18,128,64,5
levels/BE/BE_net.tex.xbx,105,1bbf9e28,128,128,1
levels/BE/BE_net.tex.xbx,106,dfc6500c,64,32,1
levels/BE/BE_net.tex.xbx,107,6efed9f8,64,64,1
levels/BE/BE_net.tex.xbx,108,dd9ffcf0,64,128,5
levels/BE/BE_net.tex.xbx,109,ba8c9f4c,128,64,1
levels/BE/BE_net.tex.xbx,110,211dfb58,64,64,1
levels/BE/BE_net.tex.xbx,111,d2204300,64,64,1
levels/BE/BE_net.tex.xbx,112,a78c17e8,128,128,5
levels/BE/BE_net.tex.xbx,113,d9f4ca08,32,32,1
levels/BE/BE_net.tex.xbx,114,73fdf170,32,32,1
levels/BE/BE_net.tex.xbx,115,d9571a20,128,64,1
levels/BE/BE_net.tex.xbx,116,d3cf8f18,128,64,5
levels/BE/BE_net.tex.xbx,117,2818ce6c,64,64,1
levels/BE/BE_net.tex.xbx,118,dd91c734,32,64,5
levels/BE/BE_net.tex.xbx,119,310fa57c,128,64,5
levels/BE/BE_net.tex.xbx,120,4c1c0270,32,64,5
levels/BE/BE_net.tex.xbx,121,3ea5b208,64,64,1
levels/BE/BE_net.tex.xbx,122,0f33b1c4,128,64,1
levels/BE/BE_net.tex.xbx,123,31cd7938,128,128,5
levels/BE/BE_net.tex.xbx,124,e0f12410,64,64,1
levels/BE/BE_net.tex.xbx,125,4ad3cd90,128,128,1
levels/BE/BE_net.tex.xbx,126,baf076b4,128,128,5
levels/BE/BE_net.tex.xbx,127,d06e43ac,128,64,1
levels/BE/BE_net.tex.xbx,128,41e3f598,128,128,1
levels/BE/BE_net.tex.xbx,129,beac7550,128,32,1
levels/BE/BE_net.tex.xbx,130,c27fe5f0,64,64,1
levels/BE/BE_net.tex.xbx,131,1abe5780,128,64,1
levels/BE/BE_net.tex.xbx,132,3394c434,128,32,5
levels/BE/BE_net.tex.xbx,133,4fbe2b64,128,32,1
levels/BE/BE_net.tex.xbx,134,3d07fde8,64,64,1
levels/BE/BE_net.tex.xbx,135,66d51e74,128,64,5
levels/BE/BE_net.tex.xbx,136,53f4b8d4,128,128,5
levels/BE/BE_net.tex.xbx,137,36e95d04,128,128,1
levels/BE/BE_net.tex.xbx,138,b1d743d4,128,64,5
levels/BE/BE_net.tex.xbx,139,642987a4,64,32,1
levels/BE/BE_net.tex.xbx,140,ce63dd44,32,32,5
levels/BE/BE_net.tex.xbx,141,b7e475e8,64,64,1
levels/BE/BE_net.tex.xbx,142,e9ad3e78,128,64,5
levels/BE/BE_net.tex.xbx,143,7a529318,16,64,1
levels/BE/BE_net.tex.xbx,144,3a4c2140,32,16,1
levels/BE/BE_net.tex.xbx,145,ba8e1454,64,128,1
levels/BE/BE_net.tex.xbx,146,e263a98c,64,64,5
levels/BE/BE_net.tex.xbx,147,af7ece24,32,64,5
levels/BE/BE_net.tex.xbx,148,4d675d4c,64,128,5
levels/BE/BE_net.tex.xbx,149,340c9988,32,64,1
levels/BE/BE_net.tex.xbx,150,38602770,128,64,1
levels/BE/BE_net.tex.xbx,151,4e44a934,64,64,5
levels/BE/BE_net.tex.xbx,152,b4f9511c,64,64,1
levels/BE/BE_net.tex.xbx,153,e04cb6fc,64,64,1
levels/BE/BE_net.tex.xbx,154,eaa1c418,64,128,5
levels/BE/BE_net.tex.xbx,155,dc087da8,32,32,1
levels/BE/BE_net.tex.xbx,156,5bde5fd0,64,128,1
levels/BE/BE_net.tex.xbx,157,f477b458,64,64,5
levels/BE/BE_net.tex.xbx,158,57e6ef64,128,64,5
levels/BE/BE_net.tex.xbx,159,1e42b024,64,128,5
levels/BE/BE_net.tex.xbx,160,080ab0a4,64,128,1
levels/BE/BE_net.tex.xbx,161,ea144e14,32,32,5
levels/BE/BE_net.tex.xbx,162,a633de84,128,128,5
levels/BE/BE_net.tex.xbx,163,c58cd614,64,64,5
levels/BE/BE_net.tex.xbx,164,7fac85c4,16,16,5
levels/BE/BE_net.tex.xbx,165,08003840,16,64,5
levels/BE/BE_net.tex.xbx,166,6e374380,32,32,5
levels/BE/BE_net.tex.xbx,167,0f250a34,128,64,1
levels/BE/BE_net.tex.xbx,168,5112d4b0,64,16,5
levels/BE/BE_net.tex.xbx,169,3a7b905c,128,64,1
levels/BE/BE_net.tex.xbx,170,1f6883b8,128,64,5
levels/BE/BE_net.tex.xbx,171,1309d9e8,32,64,5
levels/BE/BE_net.tex.xbx,172,a0a49130,128,32,5
levels/BE/BE_net.tex.xbx,173,57b6f628,64,32,5
levels/BE/BE_net.tex.xbx,174,a177529c,128,64,1
levels/BE/BE_net.tex.xbx,175,9bbe7810,64,64,5
levels/BE/BE_net.tex.xbx,176,b7720a94,32,32,5
levels/BE/BE_net.tex.xbx,177,871d9c7c,64,64,5
levels/BE/BE_net.tex.xbx,178,d9519ee4,128,32,1
levels/BE/BE_net.tex.xbx,179,dd744178,128,128,1
levels/BE/BE_net.tex.xbx,180,5d6406d8,64,64,5
levels/BE/BE_net.tex.xbx,181,f0538f34,128,32,1
levels/BE/BE_net.tex.xbx,182,4fe98ae4,128,128,1
levels/BE/BE_net.tex.xbx,183,caade69c,128,128,1
levels/BE/BE_net.tex.xbx,184,5f9b6090,64,64,1
levels/BE/BE_net.tex.xbx,185,6326e0dc,128,128,5
levels/BE/BE_net.tex.xbx,186,6994f8c8,128,128,1
levels/BE/BE_net.tex.xbx,187,a06eae88,128,128,1
levels/BE/BE_net.tex.xbx,188,1e17130c,128,64,1
levels/BE/BE_net.tex.xbx,189,6aa47e54,128,64,1
levels/BE/BE_net.tex.xbx,190,703f7bbc,128,64,1
levels/BE/BE_net.tex.xbx,191,b9b063a8,64,64,1
levels/BE/BE_net.tex.xbx,192,5c910cd0,128,64,1
levels/BE/BE_net.tex.xbx,193,86bed3b0,32,32,5
levels/BE/BE_net.tex.xbx,194,f8151d28,16,8,1
levels/BE/BE_net.tex.xbx,195,72925270,128,128,5
levels/BE/BE_net.tex.xbx,196,47609d78,128,32,5
levels/BE/BE_net.tex.xbx,197,6b520090,128,64,2
levels/BE/BE_net.tex.xbx,198,5ed2b53c,8,8,2
levels/BE/BE_net.tex.xbx,199,05bf8ee8,32,32,5
levels/BE/BE_net.tex.xbx,200,f9c8ed10,128,128,1
levels/BE/BE_net.tex.xbx,201,47c918dc,64,64,1
levels/BE/BE_net.tex.xbx,202,9a80d1d0,128,128,1
levels/BE/BE_net.tex.xbx,203,8b63bb58,128,128,1
levels/BE/BE_net.tex.xbx,204,1d90ae74,128,128,5
levels/BE/BE_net.tex.xbx,205,9613a10c,128,64,5
levels/BE/BE_net.tex.xbx,206,2969d99c,128,64,5
levels/BE/BE_net.tex.xbx,207,f25dd3c0,64,32,1
levels/BE/BE_net.tex.xbx,208,73af6d88,128,128,1
levels/BE/BE_net.tex.xbx,209,317c66d4,128,64,2
levels/BE/BE_net.tex.xbx,210,8135ee38,128,64,1
levels/BE/BE_net.tex.xbx,211,37238894,64,64,1
levels/BE/BE_net.tex.xbx,212,fa0030e4,128,16,5
levels/BE/BE_net.tex.xbx,213,7be00e98,128,64,1
levels/BE/BE_net.tex.xbx,214,437e6510,128,64,5
levels/BE/BE_net.tex.xbx,215,8a6aaaac,128,64,5
levels/BE/BE_net.tex.xbx,216,7586fc14,128,32,1
levels/BE/BE_net.tex.xbx,217,15cc2f70,128,64,5
levels/BE/BE_net.tex.xbx,218,9e316ae8,128,128,1
levels/BE/BE_net.tex.xbx,219,00daa980,32,64,1
levels/BE/BE_net.tex.xbx,220,e441ca34,32,128,5
levels/BE/BE_net.tex.xbx,221,2a4b2510,128,128,1
levels/BE/BE_net.tex.xbx,222,c1d84970,128,128,5
levels/BE/BE_net.tex.xbx,223,5e1a1f24,128,32,1
levels/BE/BE_net.tex.xbx,224,45f5ad38,128,64,1
levels/BE/BE_net.tex.xbx,225,19a8c0b8,32,32,5
levels/BE/BE_net.tex.xbx,226,25ccd060,32,128,1
levels/BE/BE_net.tex.xbx,227,1e0b4970,16,128,5
levels/BE/BE_net.tex.xbx,228,55b2fd2c,128,128,1
levels/BE/BE_net.tex.xbx,229,5ade4a48,32,32,1
levels/BE/BE_net.tex.xbx,230,ae31d0c8,32,128,5
levels/BE/BE_net.tex.xbx,231,577c6560,16,8,5
levels/BE/BE_net.tex.xbx,232,34b12c24,32,32,5
levels/BE/BE_net.tex.xbx,233,c9971364,64,32,1
levels/BE/BE_net.tex.xbx,234,a9378a18,8,8,5
levels/BE/BE_net.tex.xbx,235,1516ba34,16,64,5
levels/BE/BE_net.tex.xbx,236,721633a0,64,16,0
levels/BE/BE_net.tex.xbx,237,8323431c,16,16,1
levels/BE/BE_net.tex.xbx,238,cbfb0794,16,16,5
levels/BE/BE_net.tex.xbx,239,ec880370,32,32,5
levels/BE/BE_net.tex.xbx,240,4fa28f18,16,16,5
levels/BE/BE_net.tex.xbx,241,96c68604,128,64,5
levels/BE/BE_net.tex.xbx,242,8fc1fefc,64,64,1
levels/BE/BE_net.tex.xbx,243,02337c40,16,128,1
levels/BE/BE_net.tex.xbx,244,fc057540,16,16,1
levels/BE/BE_net.tex.xbx,245,db5572c8,16,16,5
levels/BE/BE_net.tex.xbx,246,c6040458,64,64,2
levels/BE/BE_net.tex.xbx,247,3b0615c0,32,64,5
levels/BE/BE_net.tex.xbx,248,d92f774c,128,128,1
levels/BE/BE_net.tex.xbx,249,9fd60dec,128,128,1
levels/BE/BE_net.tex.xbx,250,e05970d0,128,32,1
levels/BE/BE_net.tex.xbx,251,e520a72c,64,32,5
levels/BE/BE_net.tex.xbx,252,855ede00,128,128,1
levels/BE/BE_net.tex.xbx,253,d0124674,64,64,5
levels/BE/BE_net.tex.xbx,254,05481038,32,32,1
levels/BE/BE_net.tex.xbx,255,f855eb88,64,32,1
levels/BE/BE_net.tex.xbx,256,e0895524,128,128,1
levels/BE/BE_net.tex.xbx,257,c6079f08,128,64,1
levels/BE/BE_net.tex.xbx,258,5e7838f8,128,128,1
levels/BE/BE_net.tex.xbx,259,c1402d30,128,128,1
levels/BE/BE_net.tex.xbx,260,22e68b50,64,32,1
levels/BE/BE_net.tex.xbx,261,c7a43c10,128,128,1
levels/BE/BE_net.tex.xbx,262,ef11f400,128,64,5
levels/BE/BE_net.tex.xbx,263,db5fee30,128,128,5
levels/BE/BE_net.tex.xbx,264,aa412a2c,128,128,2
levels/BE/BE_net.tex.xbx,265,90a17020,128,128,1
levels/BE/BE_net.tex.xbx,266,dd0a6010,128,64,1
levels/BE/BE_net.tex.xbx,267,b096bb98,128,128,1
levels/BE/BE_net.tex.xbx,268,e0b09f34,128,128,1
levels/BE/BE_net.tex.xbx,269,35c78fc4,128,128,1
levels/BE/BE_net.tex.xbx,270,205e4448,64,128,5
levels/BE/BE_net.tex.xbx,271,a13d2980,128,32,1
levels/BE/BE_net.tex.xbx,272,743d97e4,128,64,5
levels/BE/BE_net.tex.xbx,273,3acad8c0,32,64,5
levels/BE/BE_net.tex.xbx,274,57bdd2f8,32,32,1
levels/BE/BE_net.tex.xbx,275,48cbd408,64,64,5
levels/BE/BE_net.tex.xbx,276,45755d80,64,64,5
levels/BE/BE_net.tex.xbx,277,7134800c,32,64,5
levels/BE/BE_net.tex.xbx,278,2615e844,128,128,1
levels/BE/BE_net.tex.xbx,279,4adb707c,128,64,5
levels/BE/BE_net.tex.xbx,280,63289a04,64,64,5
levels/BE/BE_net.tex.xbx,281,438eec38,32,128,5
levels/BE/BE_net.tex.xbx,282,b5014a0c,64,64,5
levels/BE/BE_net.tex.xbx,283,b9bfc394,64,64,5
levels/BE/BE_net.tex.xbx,284,77039ca8,64,128,5
levels/BE/BE_net.tex.xbx,285,b53c75cc,128,128,5
levels/BE/BE_net.tex.xbx,286,25e29b34,128,128,5
levels/BE/BE_net.tex.xbx,287,e785f460,64,64,2
levels/BE/BE_net.tex.xbx,288,f1734ef4,64,16,1
levels/BE/BE_net.tex.xbx,289,e5fdfab0,128,64,1
levels/BE/BE_net.tex.xbx,290,f6dcc208,32,32,1
levels/BE/BE_net.tex.xbx,291,55a3ab0c,128,128,5
levels/BE/BE_net.tex.xbx,292,d46577a0,128,128,1
levels/BE/BE_net.tex.xbx,293,a3dbf13c,64,64,1
levels/BE/BE_net.tex.xbx,294,e4640a34,16,32,1
levels/BE/BE_net.tex.xbx,295,bf8d116c,32,32,5
levels/BE/BE_net.tex.xbx,296,003185d8,64,64,5
levels/BE/BE_net.tex.xbx,297,91f8c108,32,64,1
levels/BE/BE_net.tex.xbx,298,9fe84ff0,128,128,5
levels/BE/BE_net.tex.xbx,299,f70a3df0,32,32,1
levels/BE/BE_net.tex.xbx,300,67074794,64,64,2
levels/BE/BE_net.tex.xbx,301,e4796090,16,16,2
levels/BE/BE_net.tex.xbx,302,2f282d10,64,32,5
levels/BE/BE_net.tex.xbx,303,c952288c,128,128,1
levels/BE/BE_net.tex.xbx,304,56c9bacc,128,128,1
levels/BE/BE_net.tex.xbx,305,bd02b808,64,64,1
levels/BE/BE_net.tex.xbx,306,77b16bac,64,64,5
levels/BE/BE_net.tex.xbx,307,55173d7c,32,32,5
levels/BE/BE_net.tex.xbx,308,84edbec8,128,64,1
levels/BE/BE_net.tex.xbx,309,e2f614a8,128,64,1
levels/BE/BE_net.tex.xbx,310,a5d4c380,128,64,1
levels/BE/BE_net.tex.xbx,311,25a054cc,128,128,1
levels/BE/BE_net.tex.xbx,312,97ec89a0,128,128,1
levels/BE/BE_net.tex.xbx,313,5a3623ac,128,128,1
levels/BE/BE_net.tex.xbx,314,cec3d598,64,64,1
levels/BE/BE_net.tex.xbx,315,5f0c3c6c,128,64,5
levels/BE/BE_net.tex.xbx,316,2eb09ba0,128,64,1
levels/BE/BE_net.tex.xbx,317,12d108e4,128,128,1
levels/BE/BE_net.tex.xbx,318,53ab6bd0,64,128,5
levels/BE/BE_net.tex.xbx,319,fa3deda4,128,64,1
levels/BE/BE_net.tex.xbx,320,ace76318,128,64,5
levels/BE/BE_net.tex.xbx,321,c2af4bd8,16,32,5
levels/BE/BE_net.tex.xbx,322,dd0e8310,128,128,5
levels/BE/BE_net.tex.xbx,323,1231adc8,64,128,5
levels/BE/BE_net.tex.xbx,324,41626170,128,128,1
levels/BE/BE_net.tex.xbx,325,7d6abcf4,128,64,5
levels/BE/BE_net.tex.xbx,326,4c42f59c,64,64,1
levels/BE/BE_net.tex.xbx,327,8253d0a8,64,64,2
levels/BE/BE_net.tex.xbx,328,8b787434,128,128,5
levels/BE/BE_net.tex.xbx,329,d15dd2b4,64,128,2
levels/BE/BE_net.tex.xbx,330,469ddb70,128,128,1
levels/BE/BE_net.tex.xbx,331,94cad920,64,32,1
levels/BE/BE_net.tex.xbx,332,016261d8,64,64,1
levels/BE/BE_net.tex.xbx,333,fcd3c634,64,64,5
levels/BE/BE_net.tex.xbx,334,94654a40,128,128,5
levels/BE/BE_net.tex.xbx,335,e6f89e88,64,64,1
levels/BE/BE_net.tex.xbx,336,d5f31a98,128,64,5
levels/BE/BE_net.tex.xbx,337,b0b480c0,64,64,1
levels/BE/BE_net.tex.xbx,338,0f28c188,64,64,1
levels/BE/BE_net.tex.xbx,339,6c9b4930,64,64,1
levels/BE/BE_net.tex.xbx,340,866762e0,64,64,5
levels/BE/BE_net.tex.xbx,341,3fab9e8c,64,64,5
levels/BE/BE_net.tex.xbx,342,a58d2434,64,64,1
levels/BE/BE_net.tex.xbx,343,8284910c,128,64,5
levels/BE/BE_net.tex.xbx,344,f771f500,64,64,1
levels/BE/BE_net.tex.xbx,345,cdc75080,64,32,1
levels/BE/BE_net.tex.xbx,346,cab1fea8,64,64,1
levels/BE/BE_net.tex.xbx,347,7d513508,128,128,5
levels/BE/BE_net.tex.xbx,348,6818d4f8,32,64,1
levels/BE/BE_net.tex.xbx,349,b46af740,8,64,2
levels/BE/BE_net.tex.xbx,350,509c9800,32,32,5
levels/BE/BE_net.tex.xbx,351,48b96790,128,64,5
levels/BE/BE_net.tex.xbx,352,a24bd004,64,64,5
levels/BE/BE_net.tex.xbx,353,70be2940,64,64,5
levels/BE/BE_net.tex.xbx,354,2c809848,64,64,5
levels/BE/BE_net.tex.xbx,355,cda96948,64,64,5
levels/BE/BE_net.tex.xbx,356,bd2c0f14,128,64,5
levels/BE/BE_net.tex.xbx,357,d8949e8c,128,64,5
levels/BE/BE_net.tex.xbx,358,20115d8c,128,64,5
levels/BE/BE_net.tex.xbx,359,523d6eac,16,16,5
levels/BE/BE_net.tex.xbx,360,aa1661dc,16,16,1
levels/BE/BE_net.tex.xbx,361,eeaad084,64,32,5
levels/BE/BE_net.tex.xbx,362,472b1184,64,64,5
levels/BE/BE_net.tex.xbx,363,2fb3a480,128,128,5
levels/BE/BE_net.tex.xbx,364,5ba7d608,128,32,5
levels/BE/BE_net.tex.xbx,365,b09eae58,128,32,5
levels/BE/BE_net.tex.xbx,366,8e142bb4,64,32,5
levels/BE/BE_net.tex.xbx,367,61b0428c,32,64,5
levels/BE/BE_net.tex.xbx,368,57223018,64,32,5
levels/BE/BE_net.tex.xbx,369,6bb85b38,64,16,5
levels/BE/BE_net.tex.xbx,370,a1f07038,64,64,5
levels/BE/BE_net.tex.xbx,371,ac4df0d8,32,32,1
levels/BE/BE_net.tex.xbx,372,e35bc110,64,64,1
levels/BE/BE_net.tex.xbx,373,407e4494,32,64,1
levels/BE/BE_net.tex.xbx,374,9531f180,32,32,5
levels/BE/BE_net.tex.xbx,375,77f70e38,32,32,2
levels/BE/BE_net.tex.xbx,376,46a3ed28,64,128,1
levels/BE/BE_net.tex.xbx,377,eb832f78,32,32,2
levels/BE/BE_net.tex.xbx,378,052104e0,16,32,5
levels/BE/BE_net.tex.xbx,379,6784afb0,64,64,1
levels/BE/BE_net.tex.xbx,380,39bcd06c,16,16,2
levels/BE/BE_net.tex.xbx,381,f11624f4,64,64,5
levels/BE/BE_net.tex.xbx,382,34e0c900,64,64,1
levels/BE/BE_net.tex.xbx,383,6aa6a7d0,64,64,1
levels/BE/BE_net.tex.xbx,384,8a0926e0,64,64,1
levels/BE/BE_net.tex.xbx,385,8ab95eb0,128,128,1
levels/BE/BE_net.tex.xbx,386,2c39c678,128,64,5
levels/BE/BE_net.tex.xbx,387,5165dab8,64,64,2
levels/BE/BE_net.tex.xbx,388,0cda6790,64,128,2
levels/BE/BE_net.tex.xbx,389,abb741a4,128,128,1
levels/BE/BE_net.tex.xbx,390,c00943c4,64,32,1
levels/BE/BE_net.tex.xbx,391,9d98f1d0,64,64,5
levels/BE/BE_net.tex.xbx,392,a437ca9c,64,64,5
levels/BE/BE_net.tex.xbx,393,074c42c4,8,16,2
levels/BE/BE_net.tex.xbx,394,62f3cf9c,64,64,5
levels/BE/BE_net.tex.xbx,395,97817708,64,8,5
levels/BE/BE_net.tex.xbx,396,dbbf0680,32,32,5
levels/BE/BE_net.tex.xbx,397,0dcec880,64,64,1
levels/BE/BE_net.tex.xbx,398,68992a14,64,16,5
levels/BE/BE_net.tex.xbx,399,3de60ba0,64,32,5
levels/BE/BE_net.tex.xbx,400,a9746294,64,64,1
levels/BE/BE_net.tex.xbx,401,d6d561c8,64,64,5
levels/BE/BE_net.tex.xbx,402,45ebe14c,64,32,5
levels/BE/BE_net.tex.xbx,403,f7c2a138,64,32,5
levels/BE/BE_net.tex.xbx,404,2aa8cca8,128,64,5
levels/BE/BE_net.tex.xbx,405,ba7c4a40,32,32,1
levels/BE/BE_net.tex.xbx,406,2a04b82c,128,128,5
levels/BE/BE_net.tex.xbx,407,90794d3c,128,128,1
levels/BE/BE_net.tex.xbx,408,9a976c98,64,64,2
levels/BE/BE_net.tex.xbx,409,012c0498,64,64,1
levels/BE/BE_net.tex.xbx,410,3ac24664,128,64,1
levels/BE/BE_net.tex.xbx,411,7f0d7718,64,64,5
levels/BE/BE_net.tex.xbx,412,eb79af78,128,64,1
levels/BE/BE_net.tex.xbx,413,5de42ee4,64,32,1
levels/BE/BE_net.tex.xbx,414,a3cd185c,16,32,1
levels/BE/BE_net.tex.xbx,415,18a64738,32,16,1
levels/BE/BE_net.tex.xbx,416,f2f752f4,128,128,5
levels/BE/BE_net.tex.xbx,417,e64500c0,128,16,5
levels/BE/BE_net.tex.xbx,418,571573d4,128,128,1
levels/BE/BE_net.tex.xbx,419,8c03d810,128,128,1
levels/BE/BE_net.tex.xbx,420,9d8e3194,128,128,1
levels/BE/BE_net.tex.xbx,421,0132a00c,64,64,1
levels/BE/BE_net.tex.xbx,422,b472e10c,128,128,1
levels/BE/BE_net.tex.xbx,423,f747d38c,64,64,1
levels/BE/BE_net.tex.xbx,424,6903c260,128,32,1
levels/BE/BE_net.tex.xbx,425,969a0500,128,128,5
levels/BE/BE_net.tex.xbx,426,324a71a8,64,64,1
levels/BE/BE_net.tex.xbx,427,2b884964,128,128,5
levels/BE/BE_net.tex.xbx,428,43b21078,128,128,5
levels/BE/BE_net.tex.xbx,429,8bc8a6f4,128,64,5
levels/BE/BE_net.tex.xbx,430,0d087ca8,128,128,1
levels/BE/BE_net.tex.xbx,431,be0e76ec,32,128,1
levels/BE/BE_net.tex.xbx,432,8a096c34,128,64,5
levels/BE/BE_net.tex.xbx,433,05b6e22c,128,64,5
levels/BE/BE_net.tex.xbx,434,d6748d4c,128,64,5
levels/BE/BE_net.tex.xbx,435,6d82bf2c,128,128,5
levels/BE/BE_net.tex.xbx,436,e3b3ea70,32,32,1
levels/BE/BE_net.tex.xbx,437,12383f60,128,128,1
levels/BE/BE_net.tex.xbx,438,00c586e4,128,128,1
levels/BE/BE_net.tex.xbx,439,8e06b2e8,128,128,1
levels/BE/BE_net.tex.xbx,440,2923b3e8,128,128,1
levels/BE/BE_net.tex.xbx,441,651c3a60,128,128,1
levels/BE/BE_net.tex.xbx,442,a3870530,128,64,5
levels/BE/BE_net.tex.xbx,443,8700f7a8,128,128,5
levels/BE/BE_net.tex.xbx,444,dc7e388c,128,128,1
levels/BE/BE_net.tex.xbx,445,c0c1a914,32,32,1
levels/BE/BE_net.tex.xbx,446,122dc28c,64,32,5
levels/BE/BE_net.tex.xbx,447,4d934b14,32,64,1
levels/BE/BE_net.tex.xbx,448,a878b028,32,16,1
levels/BE/BE_net.tex.xbx,449,e4473e20,32,16,1
levels/BE/BE_net.tex.xbx,450,38b97824,64,32,5
levels/BE/BE_net.tex.xbx,451,0d5bb528,128,64,5
levels/BE/BE_net.tex.xbx,452,6a3b05f4,128,128,1
levels/BE/BE_net.tex.xbx,453,1bce147c,64,64,1
levels/BE/BE_net.tex.xbx,454,5d06097c,64,32,1
levels/BE/BE_net.tex.xbx,455,524f0d90,128,128,5
levels/BE/BE_net.tex.xbx,456,a50b0c90,32,32,5
levels/BE/BE_net.tex.xbx,457,91633d20,128,128,5
levels/BE/BE_net.tex.xbx,458,bad4c138,128,128,5
levels/BE/BE_net.tex.xbx,459,4df080b8,16,64,5
levels/BE/BE_net.tex.xbx,460,f343f5b8,128,64,1
levels/BE/BE_net.tex.xbx,461,71a65f1c,128,64,1
levels/BE/BE_net.tex.xbx,462,5761f92c,128,128,1
levels/BE/BE_net.tex.xbx,463,a021d630,16,8,5
levels/BE/BE_net.tex.xbx,464,78b41a6c,128,128,1
levels/BE/BE_net.tex.xbx,465,f49f26d8,32,32,5
levels/BE/BE_net.tex.xbx,466,f6133ea4,128,64,1
levels/BE/BE_net.tex.xbx,467,0fda5fc4,32,64,1
levels/BE/BE_net.tex.xbx,468,9d6f2808,64,64,5
levels/BE/BE_net.tex.xbx,469,014f9980,64,64,1
levels/BE/BE_net.tex.xbx,470,b0d6e4ec,32,32,5
levels/BE/BE_net.tex.xbx,471,5becfd98,64,128,5
levels/BE/BE_net.tex.xbx,472,2731f248,64,32,1
levels/BE/BE_net.tex.xbx,473,8a0ed92c,64,64,1
levels/BE/BE_net.tex.xbx,474,f0334cbc,128,32,1
levels/BE/BE_net.tex.xbx,475,0094a050,128,128,2
levels/BE/BE_net.tex.xbx,476,80fe2160,128,32,5
levels/BE/BE_net.tex.xbx,477,0f7f9e70,32,32,2
levels/BE/BE_net.tex.xbx,478,beee3000,64,64,1
levels/BE/BE_net.tex.xbx,479,c1207498,16,16,5
levels/BE/BE_net.tex.xbx,480,92804338,64,64,5
levels/BE/BE_net.tex.xbx,481,03e78eec,64,64,5
levels/BE/BE_net.tex.xbx,482,50708d28,64,128,5
levels/BE/BE_net.tex.xbx,483,ce19315c,64,64,1
levels/BE/BE_net.tex.xbx,484,7bd2354c,128,32,1
levels/BE/BE_net.tex.xbx,485,8606a118,32,32,1
levels/BE/BE_net.tex.xbx,486,dd9a6f70,128,128,5
levels/BE/BE_net.tex.xbx,487,2973d0d8,128,64,5
levels/BE/BE_net.tex.xbx,488,3beca2f0,64,64,5
levels/BE/BE_net.tex.xbx,489,11fb2b9c,128,128,1
levels/BE/BE_net.tex.xbx,490,1bd08254,64,16,1
levels/BE/BE_net.tex.xbx,491,39391220,64,64,1
levels/BE/BE_net.tex.xbx,492,fe62eea4,32,64,5
levels/BE/BE_net.tex.xbx,493,8d0cdc20,64,64,5
levels/BE/BE_net.tex.xbx,494,003e137c,64,64,0
levels/BE/BE_net.tex.xbx,495,7e326954,128,128,5
levels/BE/BE_net.tex.xbx,496,5cbea590,64,32,1
levels/BE/BE_net.tex.xbx,497,c2e67890,64,32,1
levels/BE/BE_net.tex.xbx,498,12bb273c,32,64,5
levels/BE/BE_net.tex.xbx,499,4b0df598,128,64,5
levels/BE/BE_net.tex.xbx,500,9dbae4d0,128,128,1
levels/BE/BE_net.tex.xbx,501,14830928,128,64,5
levels/BE/BE_net.tex.xbx,502,150e6348,128,64,5
levels/BE/BE_net.tex.xbx,503,231f02b4,64,64,1
levels/BE/BE_net.tex.xbx,504,1a0cad20,64,32,5
levels/BE/BE_net.tex.xbx,505,f69a192c,128,64,5
levels/BE/BE_net.tex.xbx,506,250e5e88,128,64,5
levels/BE/BE_net.tex.xbx,507,e1a52dd8,32,32,5
levels/BE/BE_net.tex.xbx,508,3901b1bc,128,128,5
levels/BE/BE_net.tex.xbx,509,3c3f4584,64,64,1
levels/BE/BE_net.tex.xbx,510,3be27d40,64,64,5
levels/BE/BE_net.tex.xbx,511,84ee2a38,32,128,5
levels/BE/BE_net.tex.xbx,512,7139c50c,32,32,5
levels/BE/BE_net.tex.xbx,513,30a39f30,64,128,1
levels/BE/BE_net.tex.xbx,514,6c9c1258,32,128,1
levels/BE/BE_net.tex.xbx,515,3fd373f0,64,128,5
levels/BE/BE_net.tex.xbx,516,f6efa394,64,32,5
levels/BE/BE_net.tex.xbx,517,fa8f6ed4,128,128,5
levels/BE/BE_net.tex.xbx,518,3ef0e190,128,64,5
levels/BE/BE_net.tex.xbx,519,a3188988,64,64,5
levels/BE/BE_net.tex.xbx,520,e7b68e14,64,64,1
levels/BE/BE_net.tex.xbx,521,8cae0fc4,32,32,5
levels/BE/BE_net.tex.xbx,522,5f8fe1c8,128,64,2
levels/BE/BE_net.tex.xbx,523,ac02d6ac,128,64,5
levels/BE/BE_net.tex.xbx,524,08042fbc,128,128,5
levels/BE/BE_net.tex.xbx,525,26b7ba18,64,64,5
levels/BE/BE_net.tex.xbx,526,95dbe76c,128,128,5
levels/BE/BE_net.tex.xbx,527,1e24a880,64,64,5
levels/BE/BE_net.tex.xbx,528,06607900,32,32,1
levels/BE/BE_net.tex.xbx,529,6418b940,128,128,5
levels/BE/BE_net.tex.xbx,530,ab92d474,128,128,5
levels/BE/BE_net.tex.xbx,531,5a1d3230,128,128,5
levels/BE/BE_net.tex.xbx,532,35a3ab58,64,64,5
levels/BE/BE_net.tex.xbx,533,8337da58,64,64,5
levels/BE/BE_net.tex.xbx,534,1e886730,64,64,5
levels/BE/BE_net.tex.xbx,535,0a130f74,64,64,5
levels/BE/BE_net.tex.xbx,536,d7aa5428,16,16,2
levels/BE/BE_net.tex.xbx,537,4634f57c,16,16,5
levels/BE/BE_net.tex.xbx,538,498b7c24,16,16,5
levels/BE/BE_net.tex.xbx,539,d2a5d404,16,16,5
levels/BE/BE_net.tex.xbx,540,961a4a5c,16,16,5
levels/BE/BE_net.tex.xbx,541,390e3204,16,16,5
levels/BE/BE_net.tex.xbx,542,5530c05c,16,16,5
levels/BE/BE_net.tex.xbx,543,c9a30648,16,16,5
levels/BE/BE_net.tex.xbx,544,cd9b9740,16,16,5
levels/BE/BE_net.tex.xbx,545,2cb88640,16,16,5
levels/BE/BE_net.tex.xbx,546,7086fb48,16,16,5
levels/BE/BE_net.tex.xbx,547,a1f9bb5c,16,16,5
levels/BE/BE_net.tex.xbx,548,fe463304,16,16,5
levels/BE/BE_net.tex.xbx,549,0b48cdd8,16,16,5
levels/BE/BE_net.tex.xbx,550,67f83fb0,16,16,5
levels/BE/BE_net.tex.xbx,551,890f2bd8,16,16,5
levels/BE/BE_net.tex.xbx,552,0cb0b5b0,16,16,5
levels/BE/BE_net.tex.xbx,553,f83e03f4,16,16,5
levels/BE/BE_net.tex.xbx,554,94818a6c,16,16,5
levels/BE/BE_net.tex.xbx,555,e1588f6c,16,16,5
levels/BE/BE_net.tex.xbx,556,bd6602f4,16,16,5
levels/BE/BE_net.tex.xbx,557,6bf3c6b0,16,16,5
levels/BE/BE_net.tex.xbx,558,2fcb36d8,16,16,5
levels/BE/BE_net.tex.xbx,559,ac8882b8,16,16,5
levels/BE/BE_net.tex.xbx,560,b0360f90,16,16,5
levels/BE/BE_net.tex.xbx,561,5ec284b8,16,16,5
levels/BE/BE_net.tex.xbx,562,3b7df990,16,16,5
levels/BE/BE_net.tex.xbx,563,eff34d14,16,16,5
levels/BE/BE_net.tex.xbx,564,b34cc48c,16,16,5
levels/BE/BE_net.tex.xbx,565,06d8bf8c,16,16,5
levels/BE/BE_net.tex.xbx,566,8a684e14,16,16,5
levels/BE/BE_net.tex.xbx,567,7bdde890,16,16,5
levels/BE/BE_net.tex.xbx,568,d6a4f6ac,32,64,1
levels/BE/BE_net.tex.xbx,569,d8debcb0,8,8,2
levels/BE/BE_net.tex.xbx,570,3c2b32b4,128,64,5
levels/BE/BE_net.tex.xbx,571,34895c48,128,32,1
levels/BE/BE_net.tex.xbx,572,c66e5504,64,64,5
levels/BE/BE_net.tex.xbx,573,28f0d414,128,64,5
levels/BE/BE_net.tex.xbx,574,4e9439d0,64,64,1
levels/BE/BE_net.tex.xbx,575,a590e9fc,64,128,1
levels/BE/BE_net.tex.xbx,576,5bf1511c,128,64,5
levels/BE/BE_net.tex.xbx,577,4899c0c8,32,64,1
levels/BE/BE_net.tex.xbx,578,e297958c,64,64,1
levels/BE/BE_net.tex.xbx,579,ea52dd88,32,32,5
levels/BE/BE_net.tex.xbx,580,fe08bcfc,16,32,1
levels/BE/BE_net.tex.xbx,581,6969a80c,8,16,5
levels/BE/BE_net.tex.xbx,582,950b8510,64,64,5
levels/BE/BE_net.tex.xbx,583,ef7b09a8,32,64,2
levels/BE/BE_net.tex.xbx,584,74a83920,64,64,1
levels/BE/BE_net.tex.xbx,585,78177b08,16,32,1
levels/BE/BE_net.tex.xbx,586,d08e8008,64,32,5
levels/BE/BE_net.tex.xbx,587,40bf57c4,32,128,5
levels/BE/BE_net.tex.xbx,588,96244d90,64,64,5
levels/BE/BE_net.tex.xbx,589,cbb5e028,64,64,5
levels/BE/BE_net.tex.xbx,590,46515010,64,64,5
levels/BE/BE_net.tex.xbx,591,827990c8,128,32,5
levels/BE/BE_net.tex.xbx,592,68a57580,128,64,1
levels/BE/BE_net.tex.xbx,593,55144174,128,128,2
levels/BE/BE_net.tex.xbx,594,0418ff0c,32,16,1
levels/BE/BE_net.tex.xbx,595,69144d74,128,64,2
levels/BE/BE_net.tex.xbx,596,d0a3de04,64,64,2
levels/BE/BE_net.tex.xbx,597,71b570f4,128,64,5
levels/BE/BE_net.tex.xbx,598,88a77294,32,16,1
levels/BE/BE_net.tex.xbx,599,ed047394,32,16,1
levels/BE/BE_net.tex.xbx,600,ed6b6338,128,64,2
levels/BE/BE_net.tex.xbx,601,755778f4,128,64,1
levels/BE/BE_net.tex.xbx,602,0aaf7674,128,64,5
levels/BE/BE_net.tex.xbx,603,43c23a00,128,128,1
levels/BE/BE_net.tex.xbx,604,90ab984c,64,32,5
levels/BE/BE_net.tex.xbx,605,30ce22d0,32,16,5
levels/BE/BE_net.tex.xbx,606,5d794c30,32,128,5
levels/BE/BE_net.tex.xbx,607,a9ac2c38,64,64,1
levels/BE/BE_net.tex.xbx,608,efaaeb28,16,64,5
levels/BE/BE_net.tex.xbx,609,3b359e7c,64,32,5
levels/BE/BE_net.tex.xbx,610,5f0a1324,16,32,5
levels/BE/BE_net.tex.xbx,611,bab26164,32,128,5
levels/BE/BE_net.tex.xbx,612,e850eb68,32,64,1
levels/BE/BE_net.tex.xbx,613,18862760,64,32,1
levels/BE/BE_net.tex.xbx,614,2123e8e8,32,64,1
levels/BE/BE_net.tex.xbx,615,a8353b08,64,64,1
levels/BE/BE_net.tex.xbx,616,cc5b74e0,64,16,5
levels/BE/BE_net.tex.xbx,617,826ad6a8,64,32,5
levels/BE/BE_net.tex.xbx,618,f5e68748,64,64,5
levels/BE/BE_net.tex.xbx,619,84058844,64,64,1
levels/BE/BE_net.tex.xbx,620,1b92c9fc,128,128,1
levels/BE/BE_net.tex.xbx,621,ca286b6c,128,64,1
levels/BE/BE_net.tex.xbx,622,5e9dcad8,64,64,5
levels/BE/BE_net.tex.xbx,623,6bb3766c,128,128,5
levels/BE/BE_net.tex.xbx,624,83937990,32,32,1
levels/BE/BE_net.tex.xbx,625,06038c6c,64,64,1
levels/BE/BE_net.tex.xbx,626,b0769034,128,32,5
levels/BE/BE_net.tex.xbx,627,3ee8e970,64,128,5
levels/BE/BE_net.tex.xbx,628,f58241b0,128,64,5
levels/BE/BE_net.tex.xbx,629,9a3dcfd8,32,32,1
levels/BE/BE_net.tex.xbx,630,e5a7092c,64,64,5
levels/BE/BE_net.tex.xbx,631,b0bf39bc,64,64,1
levels/BE/BE_net.tex.xbx,632,f7300570,64,64,5
levels/BE/BE_net.tex.xbx,633,44c17d94,64,64,5
levels/BE/BE_net.tex.xbx,634,287e040c,32,32,5
levels/BE/BE_net.tex.xbx,635,e4c0ace8,64,64,5
levels/BE/BE_net.tex.xbx,636,585af834,128,128,1
levels/BE/BE_net.tex.xbx,637,4469c1dc,64,128,1
levels/BE/BE_net.tex.xbx,638,49c71658,128,32,1
levels/BE/BE_net.tex.xbx,639,5876b994,64,64,1
levels/BE/BE_net.tex.xbx,640,55ba1d1c,64,32,1
levels/BE/BE_net.tex.xbx,641,91e2f01c,64,64,1
levels/BE/BE_net.tex.xbx,642,50b081f4,32,16,5
levels/BE/BE_net.tex.xbx,643,a532c430,64,16,5
levels/BE/BE_net.tex.xbx,644,53ee54f0,64,64,5
levels/BE/BE_net.tex.xbx,645,87b2f584,64,64,2
levels/BE/BE_net.tex.xbx,646,d5b9581c,32,32,5
levels/BE/BE_net.tex.xbx,647,b6ed48a8,32,32,5
levels/BE/BE_net.tex.xbx,648,baca35b0,16,16,5
levels/BE/BE_net.tex.xbx,649,949d0010,128,16,2
levels/BE/BE_net.tex.xbx,650,e7506918,8,8,1
levels/BE/BE_net.tex.xbx,651,6b2f2d58,64,32,5
levels/BE/BE_net.tex.xbx,652,db95c9b0,16,16,5
levels/BE/BE_net.tex.xbx,653,83d37588,128,128,5
levels/BE/BE_net.tex.xbx,654,447b54e0,64,64,5
levels/BE/BE_net.tex.xbx,655,90ba3860,16,32,5
levels/BE/BE_net.tex.xbx,656,f18bb8a0,64,64,1
levels/BE/BE_net.tex.xbx,657,36a40490,128,32,5
levels/BE/BE_net.tex.xbx,658,32f88898,128,64,1
levels/BE/BE_net.tex.xbx,659,fc65148c,32,32,5
levels/BE/BE_net.tex.xbx,660,8ca305b8,16,16,1
levels/BE/BE_net.tex.xbx,661,82bf809c,16,16,1
levels/BE/BE_net.tex.xbx,662,29dafcc4,16,32,5
levels/BE/BE_net.tex.xbx,663,694bffbc,32,16,5
levels/BE/BE_net.tex.xbx,664,43716e28,64,32,5
levels/BE/BE_net.tex.xbx,665,4ebc9dd8,64,64,5
levels/BE/BE_net.tex.xbx,666,4ff54450,16,16,5
levels/BE/BE_net.tex.xbx,667,b3100da8,32,16,1
levels/BE/BE_net.tex.xbx,668,809f4840,64,64,5
levels/BE/BE_net.tex.xbx,669,37354cc0,16,32,5
levels/BE/BE_net.tex.xbx,670,335b5690,32,32,5
levels/BE/BE_net.tex.xbx,671,14b811e0,64,64,2
levels/BE/BE_net.tex.xbx,672,da7a8f08,32,16,5
levels/BE/BE_net.tex.xbx,673,348b72c0,32,16,5
levels/BE/BE_net.tex.xbx,674,4ffdff10,64,32,5
levels/BE/BE_net.tex.xbx,675,b8ef47c8,32,32,1
levels/BE/BE_net.tex.xbx,676,b64f3c10,32,32,5
levels/BE/BE_net.tex.xbx,677,fe745f70,64,32,5
levels/BE/BE_net.tex.xbx,678,4bb670e0,32,64,5
levels/BE/BE_net.tex.xbx,679,fab5d960,32,32,5
levels/BE/BE_net.tex.xbx,680,580e429c,128,64,5
levels/BE/BE_net.tex.xbx,681,317eea30,64,32,5
levels/BE/BE_net.tex.xbx,682,358e9a68,128,128,5
levels/BE/BE_net.tex.xbx,683,654f8838,16,16,1
levels/BE/BE_net.tex.xbx,684,a8e43650,32,64,1
levels/BE/BE_net.tex.xbx,685,dc0e46e8,128,64,5
levels/BE/BE_net.tex.xbx,686,a2c68128,16,16,5
levels/BE/BE_net.tex.xbx,687,b642c2c8,32,16,5
levels/BE/BE_net.tex.xbx,688,5f7d1108,16,16,5
levels/BE/BE_net.tex.xbx,689,531e9b84,128,128,2
levels/BE/BE_net.tex.xbx,690,a7915ac0,128,128,2
levels/BE/BE_net.tex.xbx,691,c3a53e88,128,32,5
levels/BE/BE_net.tex.xbx,692,a57e6cb0,128,64,5
levels/BE/BE_net.tex.xbx,693,1bb313ac,32,64,5
levels/BE/BE_net.tex.xbx,694,c9f61c0c,128,128,5
levels/BE/BE_net.tex.xbx,695,5c779614,32,16,5
levels/BE/BE_net.tex.xbx,696,a84a6550,128,64,1
levels/BE/BE_net.tex.xbx,697,cb5e6e64,128,32,5
levels/BE/BE_net.tex.xbx,698,805150f0,128,32,5
levels/BE/BE_net.tex.xbx,699,4b512e1c,64,64,5
levels/BE/BE_net.tex.xbx,700,770438dc,128,64,5
levels/BE/BE_net.tex.xbx,701,cc39b4c4,128,32,2
levels/BE/BE_net.tex.xbx,702,9a92405c,128,128,5
levels/BE/BE_net.tex.xbx,703,eefc68a4,64,128,1
levels/BE/BE_net.tex.xbx,704,7c0af814,32,32,1
levels/BE/BE_net.tex.xbx,705,60c6e1f0,128,32,1
levels/BE/BE_net.tex.xbx,706,c9fdc32c,64,16,1
levels/BE/BE_net.tex.xbx,707,5882aad8,64,64,5
levels/BE/BE_net.tex.xbx,708,ad0d4b6c,64,32,5
levels/BE/BE_net.tex.xbx,709,793dffb8,32,32,2
levels/BE/BE_net.tex.xbx,710,913b1534,64,128,5
levels/BE/BE_net.tex.xbx,711,cf7b7450,32,32,2
levels/BE/BE_net.tex.xbx,712,eb061ccc,16,16,5
levels/BE/BE_net.tex.xbx,713,b6f17f74,64,64,1
levels/BE/BE_net.tex.xbx,714,b6b43a64,64,64,5
levels/BE/BE_net.tex.xbx,715,03688474,128,128,1
levels/BE/BE_net.tex.xbx,716,6bc12da4,16,16,1
levels/BE/BE_net.tex.xbx,717,8e8553fc,64,64,5
levels/BE/BE_net.tex.xbx,718,2d2cb504,16,16,1
levels/BE/BE_net.tex.xbx,719,c0288a98,128,128,5
levels/BE/BE_net.tex.xbx,720,27b8d0e4,32,128,5
levels/BE/BE_net.tex.xbx,721,33f7b438,64,32,5
levels/BE/BE_net.tex.xbx,722,9a1d1d8c,32,64,1
levels/BE/BE_net.tex.xbx,723,48939418,128,64,5
levels/BE/BE_net.tex.xbx,724,6be12994,128,64,5
levels/BE/BE_net.tex.xbx,725,be3922a8,128,32,5
levels/BE/BE_net.tex.xbx,726,fd964970,128,128,1
levels/BE/BE_net.tex.xbx,727,42e2c818,64,64,5
levels/BE/BE_net.tex.xbx,728,94e94688,64,64,5
levels/BE/BE_net.tex.xbx,729,514f98dc,128,128,5
levels/BE/BE_net.tex.xbx,730,40bf8928,32,32,5
levels/BE/BE_net.tex.xbx,731,f9e78538,64,64,5
levels/BE/BE_net.tex.xbx,732,41281aac,64,128,1
levels/BE/BE_net.tex.xbx,733,4d2f7358,64,64,5
levels/BE/BE_net.tex.xbx,734,d831a2d8,64,16,5
levels/BE/BE_net.tex.xbx,735,2b398458,32,32,5
levels/BE/BE_net.tex.xbx,736,9a35d1d8,64,16,5
levels/BE/BE_net.tex.xbx,737,213de958,32,32,5
levels/BE/BE_net.tex.xbx,738,7004fdf8,128,64,1
levels/BE/BE_net.tex.xbx,739,d9eb95d4,64,64,5
levels/BE/BE_net.tex.xbx,740,c0379698,64,32,5
levels/BE/BE_net.tex.xbx,741,9c8706f0,64,64,2
levels/BE/BE_net.tex.xbx,742,9b829a24,64,64,5
levels/BE/BE_net.tex.xbx,743,96ddcc94,128,128,1
levels/BE/BE_net.tex.xbx,744,b71550a0,32,64,5
levels/BE/BE_net.tex.xbx,745,6628c970,64,64,1
levels/BE/BE_net.tex.xbx,746,af17bce0,128,128,1
levels/BE/BE_net.tex.xbx,747,c616aa5c,128,64,1
levels/BE/BE_net.tex.xbx,748,a25b9c84,32,64,1
levels/BE/BE_net.tex.xbx,749,e7cbdc08,128,128,5
levels/BE/BE_net.tex.xbx,750,e009a2d0,128,128,5
levels/BE/BE_net.tex.xbx,751,43494f90,64,128,2
levels/BE/BE_net.tex.xbx,752,863d771c,128,128,1
