source_rel,width,height,mode,png_bytes
fonts/Buttons/ButtonsNgc.img.xbx,526,50,RGBA,12493
fonts/Buttons/ButtonsPs2.img.xbx,700,50,RGBA,8545
fonts/Buttons/ButtonsXbox.img.xbx,792,50,RGBA,13090
fonts/TestTitleFont/testtitle.img.xbx,2623,30,RGBA,54389
fonts/TrickFont/newtrickfont.img.xbx,3000,40,RGBA,20112
fonts/dialog/dialog.img.xbx,2664,36,RGBA,20220
fonts/small.img.xbx,3240,60,RGBA,11525
fonts/timerfont/newtimerfont.img.xbx,512,64,RGBA,7956
images/Bits/BA_APM_brokenglass01.img.xbx,64,64,RGBA,2826
images/Bits/BA_cp_grass_mow_particle.img.xbx,32,32,RGBA,1429
images/Bits/CG_AU_Shatter_BeachSign.img.xbx,64,64,RGBA,1697
images/Bits/CG_AU_Shatter_BlueFence.img.xbx,64,64,RGBA,2350
images/Bits/CG_AU_Shatter_KangEar.img.xbx,64,64,RGBA,1942
images/Bits/CG_AU_Shatter_KennyFinger.img.xbx,64,64,RGBA,2273
images/Bits/CG_AU_Shatter_Pot.img.xbx,64,64,RGBA,2243
images/Bits/CG_SE2_Shatter_Grate.img.xbx,64,64,RGBA,3949
images/Bits/CG_SE2_Shatter_Plane.img.xbx,64,64,RGBA,2401
images/Bits/CG_SE_Shatter_CircleGrate.img.xbx,64,64,RGBA,2520
images/Bits/CG_SE_Shatter_Grate.img.xbx,64,64,RGBA,3318
images/Bits/JG_BO_Shatter_BankGrate.img.xbx,64,64,RGBA,4093
images/Bits/JG_BO_Shatter_BankWin.img.xbx,64,64,RGBA,1207
images/Bits/JG_BO_Shatter_SHFence.img.xbx,64,64,RGBA,2628
images/Bits/JG_BO_Shatter_Window3.img.xbx,64,64,RGBA,2224
images/Bits/JOW_BE_BarrelShatter01.img.xbx,64,64,RGBA,1796
images/Bits/JOW_DJ_CrateShatter01.img.xbx,64,64,RGBA,3102
images/Bits/Police_Line2.img.xbx,64,64,RGBA,435
images/Bits/TB_BO_Barrel_Shatter_01.img.xbx,64,64,RGBA,1683
images/Bits/TB_WH_Drywall_Pieces_01.img.xbx,64,64,RGBA,1763
images/Bits/apm_Crate02_xploder02.img.xbx,64,64,RGBA,3234
images/Bits/apm_sun_01.img.xbx,32,32,RGBA,400
images/Bits/apm_sun_C_01.img.xbx,64,64,RGBA,1666
images/Bits/blood_01.img.xbx,32,32,RGBA,1193
images/Bits/cag_workspace.img.xbx,128,128,RGBA,26101
images/Bits/graffiti.img.xbx,64,64,RGBA,9870
images/Bits/graffiti_2.img.xbx,64,64,RGBA,5006
images/Bits/headlight01.img.xbx,32,16,RGBA,306
images/Bits/no_tw_shatter_wood01.img.xbx,64,64,RGBA,4050
images/Bits/particle_test02.img.xbx,16,16,RGBA,319
images/Bits/skidtrail.img.xbx,8,16,RGBA,252
images/Bits/skidtrail_ps2.img.xbx,16,32,RGBA,636
images/Bits/snow.img.xbx,8,8,RGB,123
images/Bits/splash.img.xbx,32,32,RGBA,234
images/Bits/st_tw_shatter_metal01.img.xbx,64,64,RGBA,3675
images/Bits/sun.img.xbx,32,32,RGBA,1653
images/CAGR/Backgrounds/bg_1.img.xbx,64,64,RGBA,4696
images/CAGR/Backgrounds/bg_10.img.xbx,64,64,RGBA,3838
images/CAGR/Backgrounds/bg_11.img.xbx,64,64,RGBA,3393
images/CAGR/Backgrounds/bg_12.img.xbx,64,64,RGBA,3721
images/CAGR/Backgrounds/bg_13.img.xbx,64,64,RGBA,2467
images/CAGR/Backgrounds/bg_14.img.xbx,64,64,RGBA,2917
images/CAGR/Backgrounds/bg_15.img.xbx,64,64,RGBA,4131
images/CAGR/Backgrounds/bg_16.img.xbx,64,64,RGBA,4452
images/CAGR/Backgrounds/bg_17.img.xbx,64,64,RGBA,3321
images/CAGR/Backgrounds/bg_18.img.xbx,64,64,RGBA,5413
images/CAGR/Backgrounds/bg_19.img.xbx,64,64,RGBA,4013
images/CAGR/Backgrounds/bg_2.img.xbx,64,64,RGBA,5599
images/CAGR/Backgrounds/bg_20.img.xbx,64,64,RGBA,3556
images/CAGR/Backgrounds/bg_21.img.xbx,64,64,RGBA,3128
images/CAGR/Backgrounds/bg_22.img.xbx,64,64,RGBA,3290
images/CAGR/Backgrounds/bg_23.img.xbx,64,64,RGBA,4152
images/CAGR/Backgrounds/bg_24.img.xbx,64,64,RGBA,5251
images/CAGR/Backgrounds/bg_25.img.xbx,64,64,RGBA,4336
images/CAGR/Backgrounds/bg_26.img.xbx,64,64,RGBA,3200
images/CAGR/Backgrounds/bg_27.img.xbx,64,64,RGBA,3538
images/CAGR/Backgrounds/bg_28.img.xbx,64,64,RGBA,3627
images/CAGR/Backgrounds/bg_29.img.xbx,64,64,RGBA,4493
images/CAGR/Backgrounds/bg_3.img.xbx,64,64,RGBA,2895
images/CAGR/Backgrounds/bg_30.img.xbx,64,64,RGBA,2347
images/CAGR/Backgrounds/bg_31.img.xbx,64,64,RGBA,3055
images/CAGR/Backgrounds/bg_4.img.xbx,64,64,RGBA,3069
images/CAGR/Backgrounds/bg_5.img.xbx,64,64,RGBA,3306
images/CAGR/Backgrounds/bg_6.img.xbx,64,64,RGBA,3840
images/CAGR/Backgrounds/bg_7.img.xbx,64,64,RGBA,3231
images/CAGR/Backgrounds/bg_8.img.xbx,64,64,RGBA,3231
images/CAGR/Backgrounds/bg_9.img.xbx,64,64,RGBA,3342
images/CAGR/Corporate/corp_1.img.xbx,64,64,RGBA,1881
images/CAGR/Corporate/corp_10.img.xbx,64,64,RGBA,2060
images/CAGR/Corporate/corp_11.img.xbx,64,64,RGBA,1209
images/CAGR/Corporate/corp_12.img.xbx,64,64,RGBA,1310
images/CAGR/Corporate/corp_13.img.xbx,64,64,RGBA,2693
images/CAGR/Corporate/corp_14.img.xbx,64,64,RGBA,2740
images/CAGR/Corporate/corp_15.img.xbx,64,64,RGBA,1370
images/CAGR/Corporate/corp_16.img.xbx,64,64,RGBA,3543
images/CAGR/Corporate/corp_17.img.xbx,64,64,RGBA,967
images/CAGR/Corporate/corp_18.img.xbx,64,64,RGBA,1981
images/CAGR/Corporate/corp_19.img.xbx,64,64,RGBA,610
images/CAGR/Corporate/corp_2.img.xbx,64,64,RGBA,3394
images/CAGR/Corporate/corp_20.img.xbx,64,64,RGBA,2152
images/CAGR/Corporate/corp_21.img.xbx,64,64,RGBA,2424
images/CAGR/Corporate/corp_22.img.xbx,64,64,RGBA,854
images/CAGR/Corporate/corp_23.img.xbx,64,64,RGBA,3025
images/CAGR/Corporate/corp_24.img.xbx,64,64,RGBA,2358
images/CAGR/Corporate/corp_25.img.xbx,64,64,RGBA,1564
images/CAGR/Corporate/corp_26.img.xbx,64,64,RGBA,3281
images/CAGR/Corporate/corp_27.img.xbx,64,64,RGBA,736
images/CAGR/Corporate/corp_28.img.xbx,64,64,RGBA,2628
images/CAGR/Corporate/corp_29.img.xbx,64,64,RGBA,2933
images/CAGR/Corporate/corp_3.img.xbx,64,64,RGBA,1334
images/CAGR/Corporate/corp_30.img.xbx,64,64,RGBA,3820
images/CAGR/Corporate/corp_31.img.xbx,64,64,RGBA,1624
images/CAGR/Corporate/corp_32.img.xbx,64,64,RGBA,1984
images/CAGR/Corporate/corp_33.img.xbx,64,64,RGBA,3848
images/CAGR/Corporate/corp_34.img.xbx,64,64,RGBA,4429
images/CAGR/Corporate/corp_35.img.xbx,64,64,RGBA,1735
images/CAGR/Corporate/corp_36.img.xbx,64,64,RGBA,3151
images/CAGR/Corporate/corp_37.img.xbx,64,64,RGBA,2975
images/CAGR/Corporate/corp_38.img.xbx,64,64,RGBA,7535
images/CAGR/Corporate/corp_39.img.xbx,64,64,RGBA,3583
images/CAGR/Corporate/corp_4.img.xbx,64,64,RGBA,3219
images/CAGR/Corporate/corp_5.img.xbx,64,64,RGBA,2017
images/CAGR/Corporate/corp_6.img.xbx,64,64,RGBA,1286
images/CAGR/Corporate/corp_7.img.xbx,64,64,RGBA,2496
images/CAGR/Corporate/corp_8.img.xbx,64,64,RGBA,2216
images/CAGR/Corporate/corp_9.img.xbx,64,64,RGBA,1897
images/CAGR/Graphics/grap_1.img.xbx,64,64,RGBA,2729
images/CAGR/Graphics/grap_10.img.xbx,64,64,RGBA,2895
images/CAGR/Graphics/grap_100.img.xbx,64,64,RGBA,3103
images/CAGR/Graphics/grap_101.img.xbx,64,64,RGBA,1852
images/CAGR/Graphics/grap_102.img.xbx,64,64,RGBA,2492
images/CAGR/Graphics/grap_103.img.xbx,64,64,RGBA,1740
images/CAGR/Graphics/grap_104.img.xbx,64,64,RGBA,2233
images/CAGR/Graphics/grap_105.img.xbx,64,64,RGBA,3155
images/CAGR/Graphics/grap_106.img.xbx,64,64,RGBA,2897
images/CAGR/Graphics/grap_107.img.xbx,64,64,RGBA,4989
images/CAGR/Graphics/grap_108.img.xbx,64,64,RGBA,1598
images/CAGR/Graphics/grap_109.img.xbx,64,64,RGBA,1507
images/CAGR/Graphics/grap_11.img.xbx,64,64,RGBA,3345
images/CAGR/Graphics/grap_110.img.xbx,64,64,RGBA,1593
images/CAGR/Graphics/grap_111.img.xbx,64,64,RGBA,2433
images/CAGR/Graphics/grap_112.img.xbx,64,64,RGBA,2283
images/CAGR/Graphics/grap_113.img.xbx,64,64,RGBA,3604
images/CAGR/Graphics/grap_114.img.xbx,64,64,RGBA,2405
images/CAGR/Graphics/grap_115.img.xbx,64,64,RGBA,2767
images/CAGR/Graphics/grap_12.img.xbx,64,64,RGBA,3015
images/CAGR/Graphics/grap_13.img.xbx,64,64,RGBA,2723
images/CAGR/Graphics/grap_14.img.xbx,64,64,RGBA,3999
images/CAGR/Graphics/grap_15.img.xbx,64,64,RGBA,2623
images/CAGR/Graphics/grap_16.img.xbx,64,64,RGBA,1696
images/CAGR/Graphics/grap_17.img.xbx,64,64,RGBA,3449
images/CAGR/Graphics/grap_18.img.xbx,64,64,RGBA,2438
images/CAGR/Graphics/grap_19.img.xbx,64,64,RGBA,1690
images/CAGR/Graphics/grap_2.img.xbx,64,64,RGBA,1376
images/CAGR/Graphics/grap_20.img.xbx,64,64,RGBA,2398
images/CAGR/Graphics/grap_21.img.xbx,64,64,RGBA,1686
images/CAGR/Graphics/grap_22.img.xbx,64,64,RGBA,2688
images/CAGR/Graphics/grap_23.img.xbx,64,64,RGBA,1500
images/CAGR/Graphics/grap_24.img.xbx,64,64,RGBA,2762
images/CAGR/Graphics/grap_25.img.xbx,64,64,RGBA,2269
images/CAGR/Graphics/grap_26.img.xbx,64,64,RGBA,3942
images/CAGR/Graphics/grap_27.img.xbx,64,64,RGBA,4462
images/CAGR/Graphics/grap_28.img.xbx,64,64,RGBA,2426
images/CAGR/Graphics/grap_29.img.xbx,64,64,RGBA,2845
images/CAGR/Graphics/grap_3.img.xbx,64,64,RGBA,3721
images/CAGR/Graphics/grap_30.img.xbx,64,64,RGBA,2663
images/CAGR/Graphics/grap_31.img.xbx,64,64,RGBA,2125
images/CAGR/Graphics/grap_32.img.xbx,64,64,RGBA,1866
images/CAGR/Graphics/grap_33.img.xbx,64,64,RGBA,2171
images/CAGR/Graphics/grap_34.img.xbx,64,64,RGBA,3505
images/CAGR/Graphics/grap_35.img.xbx,64,64,RGBA,2895
images/CAGR/Graphics/grap_36.img.xbx,64,64,RGBA,2738
images/CAGR/Graphics/grap_37.img.xbx,64,64,RGBA,4050
images/CAGR/Graphics/grap_38.img.xbx,64,64,RGBA,1919
images/CAGR/Graphics/grap_39.img.xbx,64,64,RGBA,3161
images/CAGR/Graphics/grap_4.img.xbx,64,64,RGBA,4349
images/CAGR/Graphics/grap_40.img.xbx,64,64,RGBA,2276
images/CAGR/Graphics/grap_41.img.xbx,64,64,RGBA,1566
images/CAGR/Graphics/grap_42.img.xbx,64,64,RGBA,3702
images/CAGR/Graphics/grap_43.img.xbx,64,64,RGBA,2179
images/CAGR/Graphics/grap_44.img.xbx,64,64,RGBA,2849
images/CAGR/Graphics/grap_45.img.xbx,64,64,RGBA,2026
images/CAGR/Graphics/grap_46.img.xbx,64,64,RGBA,2524
images/CAGR/Graphics/grap_47.img.xbx,64,64,RGBA,2036
images/CAGR/Graphics/grap_48.img.xbx,64,64,RGBA,3689
images/CAGR/Graphics/grap_49.img.xbx,64,64,RGBA,3592
images/CAGR/Graphics/grap_5.img.xbx,64,64,RGBA,1843
images/CAGR/Graphics/grap_50.img.xbx,64,64,RGBA,2731
images/CAGR/Graphics/grap_51.img.xbx,64,64,RGBA,1617
images/CAGR/Graphics/grap_52.img.xbx,64,64,RGBA,1722
images/CAGR/Graphics/grap_53.img.xbx,64,64,RGBA,2253
images/CAGR/Graphics/grap_54.img.xbx,64,64,RGBA,2616
images/CAGR/Graphics/grap_55.img.xbx,64,64,RGBA,2836
images/CAGR/Graphics/grap_56.img.xbx,64,64,RGBA,2479
images/CAGR/Graphics/grap_57.img.xbx,64,64,RGBA,2984
images/CAGR/Graphics/grap_58.img.xbx,64,64,RGBA,2568
images/CAGR/Graphics/grap_59.img.xbx,64,64,RGBA,2368
images/CAGR/Graphics/grap_6.img.xbx,64,64,RGBA,2111
images/CAGR/Graphics/grap_60.img.xbx,64,64,RGBA,1648
images/CAGR/Graphics/grap_61.img.xbx,64,64,RGBA,2829
images/CAGR/Graphics/grap_62.img.xbx,64,64,RGBA,2701
images/CAGR/Graphics/grap_63.img.xbx,64,64,RGBA,2034
images/CAGR/Graphics/grap_64.img.xbx,64,64,RGBA,1784
images/CAGR/Graphics/grap_65.img.xbx,64,64,RGBA,2729
images/CAGR/Graphics/grap_66.img.xbx,64,64,RGBA,3131
images/CAGR/Graphics/grap_67.img.xbx,64,64,RGBA,2837
images/CAGR/Graphics/grap_68.img.xbx,64,64,RGBA,1321
images/CAGR/Graphics/grap_69.img.xbx,64,64,RGBA,1536
images/CAGR/Graphics/grap_7.img.xbx,64,64,RGBA,3774
images/CAGR/Graphics/grap_70.img.xbx,64,64,RGBA,2044
images/CAGR/Graphics/grap_71.img.xbx,64,64,RGBA,1592
images/CAGR/Graphics/grap_72.img.xbx,64,64,RGBA,2363
images/CAGR/Graphics/grap_73.img.xbx,64,64,RGBA,2263
images/CAGR/Graphics/grap_74.img.xbx,64,64,RGBA,2516
images/CAGR/Graphics/grap_75.img.xbx,64,64,RGBA,2304
images/CAGR/Graphics/grap_76.img.xbx,64,64,RGBA,2427
images/CAGR/Graphics/grap_77.img.xbx,64,64,RGBA,2957
images/CAGR/Graphics/grap_78.img.xbx,64,64,RGBA,2539
images/CAGR/Graphics/grap_79.img.xbx,64,64,RGBA,3018
images/CAGR/Graphics/grap_8.img.xbx,64,64,RGBA,1621
images/CAGR/Graphics/grap_80.img.xbx,64,64,RGBA,1733
images/CAGR/Graphics/grap_81.img.xbx,64,64,RGBA,4311
images/CAGR/Graphics/grap_82.img.xbx,64,64,RGBA,2451
images/CAGR/Graphics/grap_83.img.xbx,64,64,RGBA,3516
images/CAGR/Graphics/grap_84.img.xbx,64,64,RGBA,3254
images/CAGR/Graphics/grap_85.img.xbx,64,64,RGBA,4314
images/CAGR/Graphics/grap_86.img.xbx,64,64,RGBA,1021
images/CAGR/Graphics/grap_87.img.xbx,64,64,RGBA,2806
images/CAGR/Graphics/grap_88.img.xbx,64,64,RGBA,1347
images/CAGR/Graphics/grap_89.img.xbx,64,64,RGBA,766
images/CAGR/Graphics/grap_9.img.xbx,64,64,RGBA,2513
images/CAGR/Graphics/grap_90.img.xbx,64,64,RGBA,3430
images/CAGR/Graphics/grap_91.img.xbx,64,64,RGBA,2999
images/CAGR/Graphics/grap_92.img.xbx,64,64,RGBA,1717
images/CAGR/Graphics/grap_93.img.xbx,64,64,RGBA,1684
images/CAGR/Graphics/grap_94.img.xbx,64,64,RGBA,1569
images/CAGR/Graphics/grap_95.img.xbx,64,64,RGBA,2246
images/CAGR/Graphics/grap_96.img.xbx,64,64,RGBA,2472
images/CAGR/Graphics/grap_97.img.xbx,64,64,RGBA,2355
images/CAGR/Graphics/grap_98.img.xbx,64,64,RGBA,2855
images/CAGR/Graphics/grap_99.img.xbx,64,64,RGBA,3579
images/CAGR/Illustrations/ill_1.img.xbx,64,64,RGBA,3293
images/CAGR/Illustrations/ill_10.img.xbx,64,64,RGBA,3298
images/CAGR/Illustrations/ill_11.img.xbx,64,64,RGBA,3762
images/CAGR/Illustrations/ill_12.img.xbx,64,64,RGBA,3280
images/CAGR/Illustrations/ill_13.img.xbx,64,64,RGBA,3547
images/CAGR/Illustrations/ill_14.img.xbx,64,64,RGBA,4425
images/CAGR/Illustrations/ill_15.img.xbx,64,64,RGBA,3330
images/CAGR/Illustrations/ill_16.img.xbx,64,64,RGBA,3907
images/CAGR/Illustrations/ill_17.img.xbx,64,64,RGBA,2474
images/CAGR/Illustrations/ill_18.img.xbx,64,64,RGBA,3582
images/CAGR/Illustrations/ill_19.img.xbx,64,64,RGBA,3214
images/CAGR/Illustrations/ill_2.img.xbx,64,64,RGBA,2456
images/CAGR/Illustrations/ill_20.img.xbx,64,64,RGBA,1745
images/CAGR/Illustrations/ill_21.img.xbx,64,64,RGBA,2404
images/CAGR/Illustrations/ill_22.img.xbx,64,64,RGBA,2107
images/CAGR/Illustrations/ill_23.img.xbx,64,64,RGBA,3251
images/CAGR/Illustrations/ill_24.img.xbx,64,64,RGBA,3137
images/CAGR/Illustrations/ill_25.img.xbx,64,64,RGBA,3871
images/CAGR/Illustrations/ill_26.img.xbx,64,64,RGBA,2653
images/CAGR/Illustrations/ill_27.img.xbx,64,64,RGBA,1899
images/CAGR/Illustrations/ill_28.img.xbx,64,64,RGBA,2823
images/CAGR/Illustrations/ill_29.img.xbx,64,64,RGBA,3298
images/CAGR/Illustrations/ill_3.img.xbx,64,64,RGBA,3540
images/CAGR/Illustrations/ill_30.img.xbx,64,64,RGBA,2061
images/CAGR/Illustrations/ill_31.img.xbx,64,64,RGBA,2286
images/CAGR/Illustrations/ill_32.img.xbx,64,64,RGBA,2394
images/CAGR/Illustrations/ill_33.img.xbx,64,64,RGBA,1728
images/CAGR/Illustrations/ill_34.img.xbx,64,64,RGBA,2713
images/CAGR/Illustrations/ill_35.img.xbx,64,64,RGBA,3355
images/CAGR/Illustrations/ill_36.img.xbx,64,64,RGBA,2552
images/CAGR/Illustrations/ill_37.img.xbx,64,64,RGBA,3237
images/CAGR/Illustrations/ill_38.img.xbx,64,64,RGBA,3108
images/CAGR/Illustrations/ill_39.img.xbx,64,64,RGBA,2588
images/CAGR/Illustrations/ill_4.img.xbx,64,64,RGBA,2059
images/CAGR/Illustrations/ill_40.img.xbx,64,64,RGBA,2648
images/CAGR/Illustrations/ill_41.img.xbx,64,64,RGBA,1803
images/CAGR/Illustrations/ill_42.img.xbx,64,64,RGBA,4362
images/CAGR/Illustrations/ill_43.img.xbx,64,64,RGBA,3894
images/CAGR/Illustrations/ill_44.img.xbx,64,64,RGBA,3759
images/CAGR/Illustrations/ill_45.img.xbx,64,64,RGBA,3049
images/CAGR/Illustrations/ill_46.img.xbx,64,64,RGBA,2639
images/CAGR/Illustrations/ill_47.img.xbx,64,64,RGBA,4858
images/CAGR/Illustrations/ill_48.img.xbx,64,64,RGBA,3110
images/CAGR/Illustrations/ill_49.img.xbx,64,64,RGBA,2186
images/CAGR/Illustrations/ill_5.img.xbx,64,64,RGBA,2694
images/CAGR/Illustrations/ill_50.img.xbx,64,64,RGBA,2540
images/CAGR/Illustrations/ill_6.img.xbx,64,64,RGBA,2287
images/CAGR/Illustrations/ill_7.img.xbx,64,64,RGBA,3120
images/CAGR/Illustrations/ill_8.img.xbx,64,64,RGBA,4250
images/CAGR/Illustrations/ill_9.img.xbx,64,64,RGBA,1910
images/CAGR/Letters/Block1/block1_0.img.xbx,64,64,RGBA,897
images/CAGR/Letters/Block1/block1_1.img.xbx,64,64,RGBA,1029
images/CAGR/Letters/Block1/block1_2.img.xbx,64,64,RGBA,735
images/CAGR/Letters/Block1/block1_3.img.xbx,64,64,RGBA,1018
images/CAGR/Letters/Block1/block1_4.img.xbx,64,64,RGBA,825
images/CAGR/Letters/Block1/block1_5.img.xbx,64,64,RGBA,1141
images/CAGR/Letters/Block1/block1_6.img.xbx,64,64,RGBA,663
images/CAGR/Letters/Block1/block1_7.img.xbx,64,64,RGBA,1147
images/CAGR/Letters/Block1/block1_8.img.xbx,64,64,RGBA,1140
images/CAGR/Letters/Block1/block1_9.img.xbx,64,64,RGBA,969
images/CAGR/Letters/Block1/block1_a.img.xbx,64,64,RGBA,1224
images/CAGR/Letters/Block1/block1_b.img.xbx,64,64,RGBA,1079
images/CAGR/Letters/Block1/block1_c.img.xbx,64,64,RGBA,1065
images/CAGR/Letters/Block1/block1_d.img.xbx,64,64,RGBA,848
images/CAGR/Letters/Block1/block1_e.img.xbx,64,64,RGBA,999
images/CAGR/Letters/Block1/block1_f.img.xbx,64,64,RGBA,1086
images/CAGR/Letters/Block1/block1_g.img.xbx,64,64,RGBA,1037
images/CAGR/Letters/Block1/block1_h.img.xbx,64,64,RGBA,969
images/CAGR/Letters/Block1/block1_i.img.xbx,64,64,RGBA,1111
images/CAGR/Letters/Block1/block1_j.img.xbx,64,64,RGBA,794
images/CAGR/Letters/Block1/block1_k.img.xbx,64,64,RGBA,1602
images/CAGR/Letters/Block1/block1_l.img.xbx,64,64,RGBA,984
images/CAGR/Letters/Block1/block1_m.img.xbx,64,64,RGBA,1006
images/CAGR/Letters/Block1/block1_n.img.xbx,64,64,RGBA,1461
images/CAGR/Letters/Block1/block1_o.img.xbx,64,64,RGBA,1042
images/CAGR/Letters/Block1/block1_p.img.xbx,64,64,RGBA,970
images/CAGR/Letters/Block1/block1_q.img.xbx,64,64,RGBA,1332
images/CAGR/Letters/Block1/block1_r.img.xbx,64,64,RGBA,1348
images/CAGR/Letters/Block1/block1_s.img.xbx,64,64,RGBA,986
images/CAGR/Letters/Block1/block1_t.img.xbx,64,64,RGBA,627
images/CAGR/Letters/Block1/block1_u.img.xbx,64,64,RGBA,924
images/CAGR/Letters/Block1/block1_v.img.xbx,64,64,RGBA,1176
images/CAGR/Letters/Block1/block1_w.img.xbx,64,64,RGBA,1483
images/CAGR/Letters/Block1/block1_x.img.xbx,64,64,RGBA,1293
images/CAGR/Letters/Block1/block1_y.img.xbx,64,64,RGBA,1283
images/CAGR/Letters/Block1/block1_z.img.xbx,64,64,RGBA,1082
images/CAGR/Letters/Bold1/bold1_0.img.xbx,64,64,RGBA,888
images/CAGR/Letters/Bold1/bold1_1.img.xbx,64,64,RGBA,657
images/CAGR/Letters/Bold1/bold1_2.img.xbx,64,64,RGBA,800
images/CAGR/Letters/Bold1/bold1_3.img.xbx,64,64,RGBA,793
images/CAGR/Letters/Bold1/bold1_4.img.xbx,64,64,RGBA,892
images/CAGR/Letters/Bold1/bold1_5.img.xbx,64,64,RGBA,761
images/CAGR/Letters/Bold1/bold1_6.img.xbx,64,64,RGBA,817
images/CAGR/Letters/Bold1/bold1_7.img.xbx,64,64,RGBA,685
images/CAGR/Letters/Bold1/bold1_8.img.xbx,64,64,RGBA,983
images/CAGR/Letters/Bold1/bold1_9.img.xbx,64,64,RGBA,818
images/CAGR/Letters/Bold1/bold1_a.img.xbx,64,64,RGBA,876
images/CAGR/Letters/Bold1/bold1_b.img.xbx,64,64,RGBA,883
images/CAGR/Letters/Bold1/bold1_c.img.xbx,64,64,RGBA,703
images/CAGR/Letters/Bold1/bold1_d.img.xbx,64,64,RGBA,870
images/CAGR/Letters/Bold1/bold1_e.img.xbx,64,64,RGBA,647
images/CAGR/Letters/Bold1/bold1_f.img.xbx,64,64,RGBA,635
images/CAGR/Letters/Bold1/bold1_g.img.xbx,64,64,RGBA,856
images/CAGR/Letters/Bold1/bold1_h.img.xbx,64,64,RGBA,886
images/CAGR/Letters/Bold1/bold1_i.img.xbx,64,64,RGBA,624
images/CAGR/Letters/Bold1/bold1_j.img.xbx,64,64,RGBA,739
images/CAGR/Letters/Bold1/bold1_k.img.xbx,64,64,RGBA,981
images/CAGR/Letters/Bold1/bold1_l.img.xbx,64,64,RGBA,581
images/CAGR/Letters/Bold1/bold1_m.img.xbx,64,64,RGBA,1061
images/CAGR/Letters/Bold1/bold1_n.img.xbx,64,64,RGBA,960
images/CAGR/Letters/Bold1/bold1_o.img.xbx,64,64,RGBA,898
images/CAGR/Letters/Bold1/bold1_p.img.xbx,64,64,RGBA,759
images/CAGR/Letters/Bold1/bold1_q.img.xbx,64,64,RGBA,906
images/CAGR/Letters/Bold1/bold1_r.img.xbx,64,64,RGBA,872
images/CAGR/Letters/Bold1/bold1_s.img.xbx,64,64,RGBA,750
images/CAGR/Letters/Bold1/bold1_t.img.xbx,64,64,RGBA,599
images/CAGR/Letters/Bold1/bold1_u.img.xbx,64,64,RGBA,860
images/CAGR/Letters/Bold1/bold1_v.img.xbx,64,64,RGBA,813
images/CAGR/Letters/Bold1/bold1_w.img.xbx,64,64,RGBA,925
images/CAGR/Letters/Bold1/bold1_x.img.xbx,64,64,RGBA,915
images/CAGR/Letters/Bold1/bold1_y.img.xbx,64,64,RGBA,727
images/CAGR/Letters/Bold1/bold1_z.img.xbx,64,64,RGBA,771
images/CAGR/Letters/Graf1/graf1_0.img.xbx,64,64,RGBA,1286
images/CAGR/Letters/Graf1/graf1_1.img.xbx,64,64,RGBA,924
images/CAGR/Letters/Graf1/graf1_2.img.xbx,64,64,RGBA,1159
images/CAGR/Letters/Graf1/graf1_3.img.xbx,64,64,RGBA,960
images/CAGR/Letters/Graf1/graf1_4.img.xbx,64,64,RGBA,833
images/CAGR/Letters/Graf1/graf1_5.img.xbx,64,64,RGBA,1291
images/CAGR/Letters/Graf1/graf1_6.img.xbx,64,64,RGBA,1145
images/CAGR/Letters/Graf1/graf1_7.img.xbx,64,64,RGBA,798
images/CAGR/Letters/Graf1/graf1_8.img.xbx,64,64,RGBA,1035
images/CAGR/Letters/Graf1/graf1_9.img.xbx,64,64,RGBA,961
images/CAGR/Letters/Graf1/graf1_a.img.xbx,64,64,RGBA,1259
images/CAGR/Letters/Graf1/graf1_b.img.xbx,64,64,RGBA,1219
images/CAGR/Letters/Graf1/graf1_c.img.xbx,64,64,RGBA,983
images/CAGR/Letters/Graf1/graf1_d.img.xbx,64,64,RGBA,988
images/CAGR/Letters/Graf1/graf1_e.img.xbx,64,64,RGBA,1311
images/CAGR/Letters/Graf1/graf1_f.img.xbx,64,64,RGBA,1209
images/CAGR/Letters/Graf1/graf1_g.img.xbx,64,64,RGBA,1264
images/CAGR/Letters/Graf1/graf1_h.img.xbx,64,64,RGBA,1045
images/CAGR/Letters/Graf1/graf1_i.img.xbx,64,64,RGBA,1050
images/CAGR/Letters/Graf1/graf1_j.img.xbx,64,64,RGBA,1113
images/CAGR/Letters/Graf1/graf1_k.img.xbx,64,64,RGBA,1158
images/CAGR/Letters/Graf1/graf1_l.img.xbx,64,64,RGBA,1012
images/CAGR/Letters/Graf1/graf1_m.img.xbx,64,64,RGBA,1256
images/CAGR/Letters/Graf1/graf1_n.img.xbx,64,64,RGBA,1336
images/CAGR/Letters/Graf1/graf1_o.img.xbx,64,64,RGBA,1451
images/CAGR/Letters/Graf1/graf1_p.img.xbx,64,64,RGBA,967
images/CAGR/Letters/Graf1/graf1_q.img.xbx,64,64,RGBA,1420
images/CAGR/Letters/Graf1/graf1_r.img.xbx,64,64,RGBA,1300
images/CAGR/Letters/Graf1/graf1_s.img.xbx,64,64,RGBA,1356
images/CAGR/Letters/Graf1/graf1_t.img.xbx,64,64,RGBA,1413
images/CAGR/Letters/Graf1/graf1_u.img.xbx,64,64,RGBA,1098
images/CAGR/Letters/Graf1/graf1_v.img.xbx,64,64,RGBA,847
images/CAGR/Letters/Graf1/graf1_w.img.xbx,64,64,RGBA,1281
images/CAGR/Letters/Graf1/graf1_x.img.xbx,64,64,RGBA,932
images/CAGR/Letters/Graf1/graf1_y.img.xbx,64,64,RGBA,1020
images/CAGR/Letters/Graf1/graf1_z.img.xbx,64,64,RGBA,1087
images/CAGR/Letters/Graf2/Graf2_0.img.xbx,64,64,RGBA,1234
images/CAGR/Letters/Graf2/Graf2_1.img.xbx,64,64,RGBA,891
images/CAGR/Letters/Graf2/Graf2_2.img.xbx,64,64,RGBA,1126
images/CAGR/Letters/Graf2/Graf2_3.img.xbx,64,64,RGBA,1182
images/CAGR/Letters/Graf2/Graf2_4.img.xbx,64,64,RGBA,1425
images/CAGR/Letters/Graf2/Graf2_5.img.xbx,64,64,RGBA,1199
images/CAGR/Letters/Graf2/Graf2_6.img.xbx,64,64,RGBA,1082
images/CAGR/Letters/Graf2/Graf2_7.img.xbx,64,64,RGBA,1195
images/CAGR/Letters/Graf2/Graf2_8.img.xbx,64,64,RGBA,1396
images/CAGR/Letters/Graf2/Graf2_9.img.xbx,64,64,RGBA,1130
images/CAGR/Letters/Graf2/Graf2_a.img.xbx,64,64,RGBA,1218
images/CAGR/Letters/Graf2/Graf2_b.img.xbx,64,64,RGBA,1175
images/CAGR/Letters/Graf2/Graf2_c.img.xbx,64,64,RGBA,1249
images/CAGR/Letters/Graf2/Graf2_d.img.xbx,64,64,RGBA,1121
images/CAGR/Letters/Graf2/Graf2_e.img.xbx,64,64,RGBA,1071
images/CAGR/Letters/Graf2/Graf2_f.img.xbx,64,64,RGBA,993
images/CAGR/Letters/Graf2/Graf2_g.img.xbx,64,64,RGBA,1453
images/CAGR/Letters/Graf2/Graf2_h.img.xbx,64,64,RGBA,1033
images/CAGR/Letters/Graf2/Graf2_i.img.xbx,64,64,RGBA,753
images/CAGR/Letters/Graf2/Graf2_j.img.xbx,64,64,RGBA,1315
images/CAGR/Letters/Graf2/Graf2_k.img.xbx,64,64,RGBA,1108
images/CAGR/Letters/Graf2/Graf2_l.img.xbx,64,64,RGBA,1065
images/CAGR/Letters/Graf2/Graf2_m.img.xbx,64,64,RGBA,1445
images/CAGR/Letters/Graf2/Graf2_n.img.xbx,64,64,RGBA,1038
images/CAGR/Letters/Graf2/Graf2_o.img.xbx,64,64,RGBA,1212
images/CAGR/Letters/Graf2/Graf2_p.img.xbx,64,64,RGBA,968
images/CAGR/Letters/Graf2/Graf2_q.img.xbx,64,64,RGBA,1205
images/CAGR/Letters/Graf2/Graf2_r.img.xbx,64,64,RGBA,1136
images/CAGR/Letters/Graf2/Graf2_s.img.xbx,64,64,RGBA,1082
images/CAGR/Letters/Graf2/Graf2_t.img.xbx,64,64,RGBA,806
images/CAGR/Letters/Graf2/Graf2_u.img.xbx,64,64,RGBA,1203
images/CAGR/Letters/Graf2/Graf2_v.img.xbx,64,64,RGBA,1273
images/CAGR/Letters/Graf2/Graf2_w.img.xbx,64,64,RGBA,1111
images/CAGR/Letters/Graf2/Graf2_x.img.xbx,64,64,RGBA,1315
images/CAGR/Letters/Graf2/Graf2_y.img.xbx,64,64,RGBA,1109
images/CAGR/Letters/Graf2/Graf2_z.img.xbx,64,64,RGBA,1187
images/CAGR/Letters/NS1/NS1_0.img.xbx,64,64,RGBA,956
images/CAGR/Letters/NS1/NS1_1.img.xbx,64,64,RGBA,331
images/CAGR/Letters/NS1/NS1_2.img.xbx,64,64,RGBA,764
images/CAGR/Letters/NS1/NS1_3.img.xbx,64,64,RGBA,813
images/CAGR/Letters/NS1/NS1_4.img.xbx,64,64,RGBA,549
images/CAGR/Letters/NS1/NS1_5.img.xbx,64,64,RGBA,778
images/CAGR/Letters/NS1/NS1_6.img.xbx,64,64,RGBA,878
images/CAGR/Letters/NS1/NS1_7.img.xbx,64,64,RGBA,539
images/CAGR/Letters/NS1/NS1_8.img.xbx,64,64,RGBA,885
images/CAGR/Letters/NS1/NS1_9.img.xbx,64,64,RGBA,869
images/CAGR/Letters/NS1/NS1_a.img.xbx,64,64,RGBA,811
images/CAGR/Letters/NS1/NS1_b.img.xbx,64,64,RGBA,774
images/CAGR/Letters/NS1/NS1_c.img.xbx,64,64,RGBA,777
images/CAGR/Letters/NS1/NS1_d.img.xbx,64,64,RGBA,694
images/CAGR/Letters/NS1/NS1_e.img.xbx,64,64,RGBA,544
images/CAGR/Letters/NS1/NS1_f.img.xbx,64,64,RGBA,478
images/CAGR/Letters/NS1/NS1_g.img.xbx,64,64,RGBA,795
images/CAGR/Letters/NS1/NS1_h.img.xbx,64,64,RGBA,417
images/CAGR/Letters/NS1/NS1_i.img.xbx,64,64,RGBA,305
images/CAGR/Letters/NS1/NS1_j.img.xbx,64,64,RGBA,413
images/CAGR/Letters/NS1/NS1_k.img.xbx,64,64,RGBA,655
images/CAGR/Letters/NS1/NS1_l.img.xbx,64,64,RGBA,448
images/CAGR/Letters/NS1/NS1_m.img.xbx,64,64,RGBA,1052
images/CAGR/Letters/NS1/NS1_n.img.xbx,64,64,RGBA,640
images/CAGR/Letters/NS1/NS1_o.img.xbx,64,64,RGBA,833
images/CAGR/Letters/NS1/NS1_p.img.xbx,64,64,RGBA,555
images/CAGR/Letters/NS1/NS1_q.img.xbx,64,64,RGBA,917
images/CAGR/Letters/NS1/NS1_r.img.xbx,64,64,RGBA,771
images/CAGR/Letters/NS1/NS1_s.img.xbx,64,64,RGBA,832
images/CAGR/Letters/NS1/NS1_t.img.xbx,64,64,RGBA,415
images/CAGR/Letters/NS1/NS1_u.img.xbx,64,64,RGBA,567
images/CAGR/Letters/NS1/NS1_v.img.xbx,64,64,RGBA,845
images/CAGR/Letters/NS1/NS1_w.img.xbx,64,64,RGBA,907
images/CAGR/Letters/NS1/NS1_x.img.xbx,64,64,RGBA,802
images/CAGR/Letters/NS1/NS1_y.img.xbx,64,64,RGBA,717
images/CAGR/Letters/NS1/NS1_z.img.xbx,64,64,RGBA,682
images/CAGR/Letters/Spr1/spr1_0.img.xbx,64,64,RGBA,2735
images/CAGR/Letters/Spr1/spr1_1.img.xbx,64,64,RGBA,1733
images/CAGR/Letters/Spr1/spr1_2.img.xbx,64,64,RGBA,2151
images/CAGR/Letters/Spr1/spr1_3.img.xbx,64,64,RGBA,2251
images/CAGR/Letters/Spr1/spr1_4.img.xbx,64,64,RGBA,2136
images/CAGR/Letters/Spr1/spr1_5.img.xbx,64,64,RGBA,2529
images/CAGR/Letters/Spr1/spr1_6.img.xbx,64,64,RGBA,2330
images/CAGR/Letters/Spr1/spr1_7.img.xbx,64,64,RGBA,1974
images/CAGR/Letters/Spr1/spr1_8.img.xbx,64,64,RGBA,2195
images/CAGR/Letters/Spr1/spr1_9.img.xbx,64,64,RGBA,1872
images/CAGR/Letters/Spr1/spr1_a.img.xbx,64,64,RGBA,2155
images/CAGR/Letters/Spr1/spr1_b.img.xbx,64,64,RGBA,1954
images/CAGR/Letters/Spr1/spr1_c.img.xbx,64,64,RGBA,2120
images/CAGR/Letters/Spr1/spr1_d.img.xbx,64,64,RGBA,1999
images/CAGR/Letters/Spr1/spr1_e.img.xbx,64,64,RGBA,2434
images/CAGR/Letters/Spr1/spr1_f.img.xbx,64,64,RGBA,1926
images/CAGR/Letters/Spr1/spr1_g.img.xbx,64,64,RGBA,2563
images/CAGR/Letters/Spr1/spr1_h.img.xbx,64,64,RGBA,2184
images/CAGR/Letters/Spr1/spr1_i.img.xbx,64,64,RGBA,1111
images/CAGR/Letters/Spr1/spr1_j.img.xbx,64,64,RGBA,1884
images/CAGR/Letters/Spr1/spr1_k.img.xbx,64,64,RGBA,1844
images/CAGR/Letters/Spr1/spr1_l.img.xbx,64,64,RGBA,1720
images/CAGR/Letters/Spr1/spr1_m.img.xbx,64,64,RGBA,2043
images/CAGR/Letters/Spr1/spr1_n.img.xbx,64,64,RGBA,2151
images/CAGR/Letters/Spr1/spr1_o.img.xbx,64,64,RGBA,2362
images/CAGR/Letters/Spr1/spr1_p.img.xbx,64,64,RGBA,1742
images/CAGR/Letters/Spr1/spr1_q.img.xbx,64,64,RGBA,2394
images/CAGR/Letters/Spr1/spr1_r.img.xbx,64,64,RGBA,1875
images/CAGR/Letters/Spr1/spr1_s.img.xbx,64,64,RGBA,2501
images/CAGR/Letters/Spr1/spr1_t.img.xbx,64,64,RGBA,1694
images/CAGR/Letters/Spr1/spr1_u.img.xbx,64,64,RGBA,2368
images/CAGR/Letters/Spr1/spr1_v.img.xbx,64,64,RGBA,2044
images/CAGR/Letters/Spr1/spr1_w.img.xbx,64,64,RGBA,1997
images/CAGR/Letters/Spr1/spr1_x.img.xbx,64,64,RGBA,2254
images/CAGR/Letters/Spr1/spr1_y.img.xbx,64,64,RGBA,1820
images/CAGR/Letters/Spr1/spr1_z.img.xbx,64,64,RGBA,2098
images/CAGR/Letters/Sten1/sten1_0.img.xbx,64,64,RGBA,908
images/CAGR/Letters/Sten1/sten1_1.img.xbx,64,64,RGBA,501
images/CAGR/Letters/Sten1/sten1_2.img.xbx,64,64,RGBA,985
images/CAGR/Letters/Sten1/sten1_3.img.xbx,64,64,RGBA,1019
images/CAGR/Letters/Sten1/sten1_4.img.xbx,64,64,RGBA,889
images/CAGR/Letters/Sten1/sten1_5.img.xbx,64,64,RGBA,900
images/CAGR/Letters/Sten1/sten1_6.img.xbx,64,64,RGBA,921
images/CAGR/Letters/Sten1/sten1_7.img.xbx,64,64,RGBA,713
images/CAGR/Letters/Sten1/sten1_8.img.xbx,64,64,RGBA,997
images/CAGR/Letters/Sten1/sten1_9.img.xbx,64,64,RGBA,928
images/CAGR/Letters/Sten1/sten1_a.img.xbx,64,64,RGBA,1046
images/CAGR/Letters/Sten1/sten1_b.img.xbx,64,64,RGBA,821
images/CAGR/Letters/Sten1/sten1_c.img.xbx,64,64,RGBA,1009
images/CAGR/Letters/Sten1/sten1_d.img.xbx,64,64,RGBA,797
images/CAGR/Letters/Sten1/sten1_e.img.xbx,64,64,RGBA,840
images/CAGR/Letters/Sten1/sten1_f.img.xbx,64,64,RGBA,616
images/CAGR/Letters/Sten1/sten1_g.img.xbx,64,64,RGBA,955
images/CAGR/Letters/Sten1/sten1_h.img.xbx,64,64,RGBA,862
images/CAGR/Letters/Sten1/sten1_i.img.xbx,64,64,RGBA,312
images/CAGR/Letters/Sten1/sten1_j.img.xbx,64,64,RGBA,565
images/CAGR/Letters/Sten1/sten1_k.img.xbx,64,64,RGBA,804
images/CAGR/Letters/Sten1/sten1_l.img.xbx,64,64,RGBA,569
images/CAGR/Letters/Sten1/sten1_m.img.xbx,64,64,RGBA,1016
images/CAGR/Letters/Sten1/sten1_n.img.xbx,64,64,RGBA,878
images/CAGR/Letters/Sten1/sten1_o.img.xbx,64,64,RGBA,855
images/CAGR/Letters/Sten1/sten1_p.img.xbx,64,64,RGBA,730
images/CAGR/Letters/Sten1/sten1_q.img.xbx,64,64,RGBA,876
images/CAGR/Letters/Sten1/sten1_r.img.xbx,64,64,RGBA,923
images/CAGR/Letters/Sten1/sten1_s.img.xbx,64,64,RGBA,1033
images/CAGR/Letters/Sten1/sten1_t.img.xbx,64,64,RGBA,634
images/CAGR/Letters/Sten1/sten1_u.img.xbx,64,64,RGBA,738
images/CAGR/Letters/Sten1/sten1_v.img.xbx,64,64,RGBA,818
images/CAGR/Letters/Sten1/sten1_w.img.xbx,64,64,RGBA,1205
images/CAGR/Letters/Sten1/sten1_x.img.xbx,64,64,RGBA,950
images/CAGR/Letters/Sten1/sten1_y.img.xbx,64,64,RGBA,760
images/CAGR/Letters/Sten1/sten1_z.img.xbx,64,64,RGBA,873
images/CAGR/Letters/THREED/THREED_0.img.xbx,64,64,RGBA,1218
images/CAGR/Letters/THREED/THREED_1.img.xbx,64,64,RGBA,1101
images/CAGR/Letters/THREED/THREED_2.img.xbx,64,64,RGBA,1151
images/CAGR/Letters/THREED/THREED_3.img.xbx,64,64,RGBA,1198
images/CAGR/Letters/THREED/THREED_4.img.xbx,64,64,RGBA,1226
images/CAGR/Letters/THREED/THREED_5.img.xbx,64,64,RGBA,1267
images/CAGR/Letters/THREED/THREED_6.img.xbx,64,64,RGBA,1312
images/CAGR/Letters/THREED/THREED_7.img.xbx,64,64,RGBA,1021
images/CAGR/Letters/THREED/THREED_8.img.xbx,64,64,RGBA,1256
images/CAGR/Letters/THREED/THREED_9.img.xbx,64,64,RGBA,1219
images/CAGR/Letters/THREED/THREED_a.img.xbx,64,64,RGBA,1132
images/CAGR/Letters/THREED/THREED_b.img.xbx,64,64,RGBA,1645
images/CAGR/Letters/THREED/THREED_c.img.xbx,64,64,RGBA,1207
images/CAGR/Letters/THREED/THREED_d.img.xbx,64,64,RGBA,1609
images/CAGR/Letters/THREED/THREED_e.img.xbx,64,64,RGBA,1438
images/CAGR/Letters/THREED/THREED_f.img.xbx,64,64,RGBA,1477
images/CAGR/Letters/THREED/THREED_g.img.xbx,64,64,RGBA,1182
images/CAGR/Letters/THREED/THREED_h.img.xbx,64,64,RGBA,1513
images/CAGR/Letters/THREED/THREED_i.img.xbx,64,64,RGBA,1184
images/CAGR/Letters/THREED/THREED_j.img.xbx,64,64,RGBA,1196
images/CAGR/Letters/THREED/THREED_k.img.xbx,64,64,RGBA,1261
images/CAGR/Letters/THREED/THREED_l.img.xbx,64,64,RGBA,576
images/CAGR/Letters/THREED/THREED_m.img.xbx,64,64,RGBA,1160
images/CAGR/Letters/THREED/THREED_n.img.xbx,64,64,RGBA,1270
images/CAGR/Letters/THREED/THREED_o.img.xbx,64,64,RGBA,1074
images/CAGR/Letters/THREED/THREED_p.img.xbx,64,64,RGBA,1374
images/CAGR/Letters/THREED/THREED_q.img.xbx,64,64,RGBA,1214
images/CAGR/Letters/THREED/THREED_r.img.xbx,64,64,RGBA,1328
images/CAGR/Letters/THREED/THREED_s.img.xbx,64,64,RGBA,1117
images/CAGR/Letters/THREED/THREED_t.img.xbx,64,64,RGBA,1244
images/CAGR/Letters/THREED/THREED_u.img.xbx,64,64,RGBA,1301
images/CAGR/Letters/THREED/THREED_v.img.xbx,64,64,RGBA,1125
images/CAGR/Letters/THREED/THREED_w.img.xbx,64,64,RGBA,1374
images/CAGR/Letters/THREED/THREED_x.img.xbx,64,64,RGBA,1368
images/CAGR/Letters/THREED/THREED_y.img.xbx,64,64,RGBA,1207
images/CAGR/Letters/THREED/THREED_z.img.xbx,64,64,RGBA,1074
images/CAGR/Logos/logo_1.img.xbx,64,64,RGBA,1319
images/CAGR/Logos/logo_10.img.xbx,64,64,RGBA,1104
images/CAGR/Logos/logo_100.img.xbx,64,64,RGBA,1084
images/CAGR/Logos/logo_101.img.xbx,64,64,RGBA,888
images/CAGR/Logos/logo_102.img.xbx,64,64,RGBA,821
images/CAGR/Logos/logo_103.img.xbx,64,64,RGBA,1506
images/CAGR/Logos/logo_104.img.xbx,64,64,RGBA,1999
images/CAGR/Logos/logo_105.img.xbx,64,64,RGBA,1864
images/CAGR/Logos/logo_106.img.xbx,64,64,RGBA,1090
images/CAGR/Logos/logo_107.img.xbx,64,64,RGBA,1028
images/CAGR/Logos/logo_108.img.xbx,64,64,RGBA,876
images/CAGR/Logos/logo_109.img.xbx,64,64,RGBA,1082
images/CAGR/Logos/logo_11.img.xbx,64,64,RGBA,594
images/CAGR/Logos/logo_110.img.xbx,64,64,RGBA,981
images/CAGR/Logos/logo_111.img.xbx,64,64,RGBA,394
images/CAGR/Logos/logo_112.img.xbx,64,64,RGBA,482
images/CAGR/Logos/logo_113.img.xbx,64,64,RGBA,1104
images/CAGR/Logos/logo_114.img.xbx,64,64,RGBA,576
images/CAGR/Logos/logo_115.img.xbx,64,64,RGBA,1472
images/CAGR/Logos/logo_116.img.xbx,64,64,RGBA,529
images/CAGR/Logos/logo_117.img.xbx,64,64,RGBA,1169
images/CAGR/Logos/logo_12.img.xbx,64,64,RGBA,703
images/CAGR/Logos/logo_13.img.xbx,64,64,RGBA,809
images/CAGR/Logos/logo_14.img.xbx,64,64,RGBA,805
images/CAGR/Logos/logo_15.img.xbx,64,64,RGBA,756
images/CAGR/Logos/logo_16.img.xbx,64,64,RGBA,254
images/CAGR/Logos/logo_17.img.xbx,64,64,RGBA,856
images/CAGR/Logos/logo_18.img.xbx,64,64,RGBA,979
images/CAGR/Logos/logo_19.img.xbx,64,64,RGBA,997
images/CAGR/Logos/logo_2.img.xbx,64,64,RGBA,1264
images/CAGR/Logos/logo_20.img.xbx,64,64,RGBA,264
images/CAGR/Logos/logo_21.img.xbx,64,64,RGBA,973
images/CAGR/Logos/logo_22.img.xbx,64,64,RGBA,823
images/CAGR/Logos/logo_23.img.xbx,64,64,RGBA,638
images/CAGR/Logos/logo_24.img.xbx,64,64,RGBA,511
images/CAGR/Logos/logo_25.img.xbx,64,64,RGBA,950
images/CAGR/Logos/logo_26.img.xbx,64,64,RGBA,909
images/CAGR/Logos/logo_27.img.xbx,64,64,RGBA,863
images/CAGR/Logos/logo_28.img.xbx,64,64,RGBA,993
images/CAGR/Logos/logo_29.img.xbx,64,64,RGBA,194
images/CAGR/Logos/logo_3.img.xbx,64,64,RGBA,766
images/CAGR/Logos/logo_30.img.xbx,64,64,RGBA,1173
images/CAGR/Logos/logo_31.img.xbx,64,64,RGBA,1366
images/CAGR/Logos/logo_32.img.xbx,64,64,RGBA,816
images/CAGR/Logos/logo_33.img.xbx,64,64,RGBA,835
images/CAGR/Logos/logo_34.img.xbx,64,64,RGBA,565
images/CAGR/Logos/logo_35.img.xbx,64,64,RGBA,514
images/CAGR/Logos/logo_36.img.xbx,64,64,RGBA,690
images/CAGR/Logos/logo_37.img.xbx,64,64,RGBA,974
images/CAGR/Logos/logo_38.img.xbx,64,64,RGBA,713
images/CAGR/Logos/logo_39.img.xbx,64,64,RGBA,1196
images/CAGR/Logos/logo_4.img.xbx,64,64,RGBA,879
images/CAGR/Logos/logo_40.img.xbx,64,64,RGBA,1057
images/CAGR/Logos/logo_41.img.xbx,64,64,RGBA,816
images/CAGR/Logos/logo_42.img.xbx,64,64,RGBA,802
images/CAGR/Logos/logo_43.img.xbx,64,64,RGBA,867
images/CAGR/Logos/logo_44.img.xbx,64,64,RGBA,675
images/CAGR/Logos/logo_45.img.xbx,64,64,RGBA,369
images/CAGR/Logos/logo_46.img.xbx,64,64,RGBA,812
images/CAGR/Logos/logo_47.img.xbx,64,64,RGBA,1287
images/CAGR/Logos/logo_48.img.xbx,64,64,RGBA,1381
images/CAGR/Logos/logo_49.img.xbx,64,64,RGBA,957
images/CAGR/Logos/logo_5.img.xbx,64,64,RGBA,1932
images/CAGR/Logos/logo_50.img.xbx,64,64,RGBA,1287
images/CAGR/Logos/logo_51.img.xbx,64,64,RGBA,660
images/CAGR/Logos/logo_52.img.xbx,64,64,RGBA,1645
images/CAGR/Logos/logo_53.img.xbx,64,64,RGBA,525
images/CAGR/Logos/logo_54.img.xbx,64,64,RGBA,759
images/CAGR/Logos/logo_55.img.xbx,64,64,RGBA,931
images/CAGR/Logos/logo_56.img.xbx,64,64,RGBA,919
images/CAGR/Logos/logo_57.img.xbx,64,64,RGBA,890
images/CAGR/Logos/logo_58.img.xbx,64,64,RGBA,921
images/CAGR/Logos/logo_59.img.xbx,64,64,RGBA,533
images/CAGR/Logos/logo_6.img.xbx,64,64,RGBA,831
images/CAGR/Logos/logo_60.img.xbx,64,64,RGBA,407
images/CAGR/Logos/logo_61.img.xbx,64,64,RGBA,815
images/CAGR/Logos/logo_62.img.xbx,64,64,RGBA,1147
images/CAGR/Logos/logo_63.img.xbx,64,64,RGBA,1138
images/CAGR/Logos/logo_64.img.xbx,64,64,RGBA,1036
images/CAGR/Logos/logo_65.img.xbx,64,64,RGBA,735
images/CAGR/Logos/logo_66.img.xbx,64,64,RGBA,870
images/CAGR/Logos/logo_67.img.xbx,64,64,RGBA,1365
images/CAGR/Logos/logo_68.img.xbx,64,64,RGBA,1048
images/CAGR/Logos/logo_69.img.xbx,64,64,RGBA,770
images/CAGR/Logos/logo_7.img.xbx,64,64,RGBA,278
images/CAGR/Logos/logo_70.img.xbx,64,64,RGBA,723
images/CAGR/Logos/logo_71.img.xbx,64,64,RGBA,577
images/CAGR/Logos/logo_72.img.xbx,64,64,RGBA,558
images/CAGR/Logos/logo_73.img.xbx,64,64,RGBA,805
images/CAGR/Logos/logo_74.img.xbx,64,64,RGBA,981
images/CAGR/Logos/logo_75.img.xbx,64,64,RGBA,1029
images/CAGR/Logos/logo_76.img.xbx,64,64,RGBA,1205
images/CAGR/Logos/logo_77.img.xbx,64,64,RGBA,2289
images/CAGR/Logos/logo_78.img.xbx,64,64,RGBA,1098
images/CAGR/Logos/logo_79.img.xbx,64,64,RGBA,1280
images/CAGR/Logos/logo_8.img.xbx,64,64,RGBA,1005
images/CAGR/Logos/logo_80.img.xbx,64,64,RGBA,1087
images/CAGR/Logos/logo_81.img.xbx,64,64,RGBA,1310
images/CAGR/Logos/logo_82.img.xbx,64,64,RGBA,1316
images/CAGR/Logos/logo_83.img.xbx,64,64,RGBA,1042
images/CAGR/Logos/logo_84.img.xbx,64,64,RGBA,947
images/CAGR/Logos/logo_85.img.xbx,64,64,RGBA,1449
images/CAGR/Logos/logo_86.img.xbx,64,64,RGBA,698
images/CAGR/Logos/logo_87.img.xbx,64,64,RGBA,1241
images/CAGR/Logos/logo_88.img.xbx,64,64,RGBA,932
images/CAGR/Logos/logo_89.img.xbx,64,64,RGBA,1413
images/CAGR/Logos/logo_9.img.xbx,64,64,RGBA,1630
images/CAGR/Logos/logo_90.img.xbx,64,64,RGBA,558
images/CAGR/Logos/logo_91.img.xbx,64,64,RGBA,296
images/CAGR/Logos/logo_92.img.xbx,64,64,RGBA,871
images/CAGR/Logos/logo_93.img.xbx,64,64,RGBA,1302
images/CAGR/Logos/logo_94.img.xbx,64,64,RGBA,1610
images/CAGR/Logos/logo_95.img.xbx,64,64,RGBA,1264
images/CAGR/Logos/logo_96.img.xbx,64,64,RGBA,1339
images/CAGR/Logos/logo_97.img.xbx,64,64,RGBA,1123
images/CAGR/Logos/logo_98.img.xbx,64,64,RGBA,1528
images/CAGR/Logos/logo_99.img.xbx,64,64,RGBA,987
images/CAGR/Odd/odd_1.img.xbx,64,64,RGBA,2584
images/CAGR/Odd/odd_10.img.xbx,64,64,RGBA,285
images/CAGR/Odd/odd_11.img.xbx,64,64,RGBA,1281
images/CAGR/Odd/odd_12.img.xbx,64,64,RGBA,835
images/CAGR/Odd/odd_13.img.xbx,64,64,RGBA,1665
images/CAGR/Odd/odd_14.img.xbx,64,64,RGBA,4686
images/CAGR/Odd/odd_15.img.xbx,64,64,RGBA,1981
images/CAGR/Odd/odd_16.img.xbx,64,64,RGBA,1677
images/CAGR/Odd/odd_17.img.xbx,64,64,RGBA,1223
images/CAGR/Odd/odd_18.img.xbx,64,64,RGBA,1694
images/CAGR/Odd/odd_19.img.xbx,64,64,RGBA,3332
images/CAGR/Odd/odd_2.img.xbx,64,64,RGBA,1009
images/CAGR/Odd/odd_3.img.xbx,64,64,RGBA,1357
images/CAGR/Odd/odd_4.img.xbx,64,64,RGBA,3374
images/CAGR/Odd/odd_5.img.xbx,64,64,RGBA,1335
images/CAGR/Odd/odd_6.img.xbx,64,64,RGBA,908
images/CAGR/Odd/odd_7.img.xbx,64,64,RGBA,2124
images/CAGR/Odd/odd_8.img.xbx,64,64,RGBA,1037
images/CAGR/Odd/odd_9.img.xbx,64,64,RGBA,848
images/CAGR/base_deck_wood.img.xbx,64,128,RGB,10895
images/CAGR/temp_replace_deck.img.xbx,64,128,RGBA,228
images/CAGR/temp_replace_hat.img.xbx,32,64,RGBA,201
images/CAGR/temp_replace_torso.img.xbx,128,64,RGBA,189
images/CAGR_premade/pre_cagr_01.img.xbx,64,64,RGB,8528
images/CAGR_premade/pre_cagr_02.img.xbx,64,64,RGB,7764
images/CAGR_premade/pre_cagr_03.img.xbx,64,64,RGB,6734
images/CAGR_premade/pre_cagr_04.img.xbx,64,64,RGB,6176
images/CAGR_premade/pre_cagr_05.img.xbx,64,64,RGB,7096
images/CAGR_premade/pre_cagr_06.img.xbx,64,64,RGB,8318
images/CAGR_premade/pre_cagr_07.img.xbx,64,64,RGB,5122
images/CAGR_premade/pre_cagr_08.img.xbx,64,64,RGB,8905
images/CAGR_premade/pre_cagr_09.img.xbx,64,64,RGB,7935
images/CAGR_premade/pre_cagr_10.img.xbx,64,64,RGB,6866
images/CAGR_premade/pre_cagr_11.img.xbx,64,64,RGB,6771
images/CAGR_premade/pre_cagr_12.img.xbx,64,64,RGB,9334
images/CAGR_premade/pre_cagr_13.img.xbx,64,64,RGB,10061
images/CAGR_premade/pre_cagr_14.img.xbx,64,64,RGB,9240
images/CAGR_premade/pre_cagr_15.img.xbx,64,64,RGB,7708
images/CAGR_premade/pre_cagr_16.img.xbx,64,64,RGB,8117
images/CAGR_premade/pre_cagr_17.img.xbx,64,64,RGB,7743
images/CAGR_premade/pre_cagr_18.img.xbx,64,64,RGB,9486
images/CAGR_premade/pre_cagr_19.img.xbx,64,64,RGB,9857
images/CAGR_premade/pre_cagr_20.img.xbx,64,64,RGB,10121
images/CAGR_premade/pre_cagr_21.img.xbx,64,64,RGB,8469
images/CAGR_premade/pre_cagr_22.img.xbx,64,64,RGB,6615
images/CAGR_premade/pre_cagr_23.img.xbx,64,64,RGB,8218
images/CAGR_premade/pre_cagr_24.img.xbx,64,64,RGB,7900
images/CAGR_premade/pre_cagr_25.img.xbx,64,64,RGB,6061
images/CAGR_premade/pre_cagr_26.img.xbx,64,64,RGB,7615
images/CAGR_premade/pre_cagr_27.img.xbx,64,64,RGB,6638
images/CAGR_premade/pre_cagr_28.img.xbx,64,64,RGB,8062
images/CAGR_premade/pre_cagr_29.img.xbx,64,64,RGB,8398
images/CAGR_premade/pre_cagr_30.img.xbx,64,64,RGB,9204
images/CAGR_premade/pre_cagr_31.img.xbx,64,64,RGB,8772
images/CAGR_premade/pre_cagr_32.img.xbx,64,64,RGB,9294
images/CAGR_premade/pre_cagr_33.img.xbx,64,64,RGB,10223
images/CAGR_premade/pre_cagr_34.img.xbx,64,64,RGB,6881
images/CAGR_premade/pre_cagr_35.img.xbx,64,64,RGB,8986
images/CAGR_premade/pre_cagr_36.img.xbx,64,64,RGB,8681
images/CAGR_premade/pre_cagr_37.img.xbx,64,64,RGBA,3012
images/CAGR_premade/pre_cagr_38.img.xbx,64,64,RGBA,3012
images/CAGR_premade/pre_cagr_39.img.xbx,64,64,RGBA,3012
images/CAGR_premade/pre_cagr_40.img.xbx,64,64,RGBA,3012
images/CAGR_premade/pre_cagr_41.img.xbx,64,64,RGBA,3012
images/CAGR_premade/pre_cagr_42.img.xbx,64,64,RGBA,3012
images/CAGR_premade/pre_cagr_43.img.xbx,64,64,RGBA,3012
images/CAGR_premade/pre_cagr_44.img.xbx,64,64,RGBA,3012
images/CAGR_premade/pre_cagr_45.img.xbx,64,64,RGBA,3012
images/CAGR_premade/pre_cagr_46.img.xbx,64,64,RGBA,3012
images/CAGR_premade/pre_cagr_47.img.xbx,64,64,RGBA,3012
images/CAGR_premade/pre_cagr_48.img.xbx,64,64,RGBA,3012
images/CAGR_premade/pre_cagr_49.img.xbx,64,64,RGBA,3012
images/CAGR_premade/pre_cagr_50.img.xbx,64,64,RGBA,3012
images/LevelSelectSprites/au_guest.img.xbx,64,64,RGBA,3539
images/LevelSelectSprites/au_secret.img.xbx,64,64,RGBA,6539
images/LevelSelectSprites/ba_guest.img.xbx,64,64,RGBA,3022
images/LevelSelectSprites/ba_secret.img.xbx,64,64,RGBA,4876
images/LevelSelectSprites/be_guest.img.xbx,64,64,RGBA,4090
images/LevelSelectSprites/be_secret.img.xbx,64,64,RGBA,6055
images/LevelSelectSprites/bo_guest.img.xbx,64,64,RGBA,4878
images/LevelSelectSprites/bo_secret.img.xbx,64,64,RGBA,4244
images/LevelSelectSprites/classic_icon.img.xbx,128,64,RGBA,3911
images/LevelSelectSprites/level_arrow.img.xbx,128,128,RGBA,3760
images/LevelSelectSprites/level_bracket.img.xbx,32,32,RGBA,285
images/LevelSelectSprites/level_corner.img.xbx,128,128,RGBA,2485
images/LevelSelectSprites/level_dot.img.xbx,32,32,RGBA,1061
images/LevelSelectSprites/level_highlight.img.xbx,32,32,RGBA,519
images/LevelSelectSprites/level_selected_dot.img.xbx,64,64,RGBA,2214
images/LevelSelectSprites/level_swatch.img.xbx,128,32,RGBA,1612
images/LevelSelectSprites/level_swatch_2.img.xbx,64,64,RGBA,902
images/LevelSelectSprites/map0.img.xbx,64,64,RGB,138
images/LevelSelectSprites/map1.img.xbx,64,64,RGB,995
images/LevelSelectSprites/map10.img.xbx,64,64,RGB,2460
images/LevelSelectSprites/map11.img.xbx,64,64,RGB,1256
images/LevelSelectSprites/map12.img.xbx,64,64,RGB,1234
images/LevelSelectSprites/map13.img.xbx,64,64,RGB,3032
images/LevelSelectSprites/map14.img.xbx,64,64,RGB,1850
images/LevelSelectSprites/map15.img.xbx,64,64,RGB,1427
images/LevelSelectSprites/map16.img.xbx,64,64,RGB,2588
images/LevelSelectSprites/map17.img.xbx,64,64,RGB,1231
images/LevelSelectSprites/map18.img.xbx,64,64,RGB,1328
images/LevelSelectSprites/map19.img.xbx,64,64,RGB,2338
images/LevelSelectSprites/map2.img.xbx,64,64,RGB,1397
images/LevelSelectSprites/map20.img.xbx,64,64,RGB,3457
images/LevelSelectSprites/map21.img.xbx,64,64,RGB,1011
images/LevelSelectSprites/map3.img.xbx,64,64,RGB,2564
images/LevelSelectSprites/map4.img.xbx,64,64,RGB,900
images/LevelSelectSprites/map5.img.xbx,64,64,RGB,2373
images/LevelSelectSprites/map6.img.xbx,64,64,RGB,1161
images/LevelSelectSprites/map7.img.xbx,64,64,RGB,1713
images/LevelSelectSprites/map8.img.xbx,64,64,RGB,1165
images/LevelSelectSprites/map9.img.xbx,64,64,RGB,1888
images/LevelSelectSprites/no_guest.img.xbx,64,64,RGBA,4858
images/LevelSelectSprites/no_secret.img.xbx,64,64,RGBA,5591
images/LevelSelectSprites/secret_level_dot.img.xbx,16,16,RGBA,430
images/LevelSelectSprites/sign_LA.img.xbx,64,64,RGBA,1688
images/LevelSelectSprites/sign_airport.img.xbx,64,64,RGBA,1461
images/LevelSelectSprites/sign_australia.img.xbx,64,64,RGBA,1978
images/LevelSelectSprites/sign_barcelona.img.xbx,64,64,RGBA,1652
images/LevelSelectSprites/sign_berlin.img.xbx,64,64,RGBA,1246
images/LevelSelectSprites/sign_boston.img.xbx,64,64,RGBA,1518
images/LevelSelectSprites/sign_canada.img.xbx,64,64,RGBA,1583
images/LevelSelectSprites/sign_created.img.xbx,64,64,RGBA,1338
images/LevelSelectSprites/sign_jam.img.xbx,64,64,RGBA,1180
images/LevelSelectSprites/sign_locked.img.xbx,64,64,RGBA,1312
images/LevelSelectSprites/sign_neworleans.img.xbx,64,64,RGBA,1641
images/LevelSelectSprites/sign_philly.img.xbx,64,64,RGBA,1587
images/LevelSelectSprites/sign_school.img.xbx,64,64,RGBA,1364
images/LevelSelectSprites/sign_secret1.img.xbx,64,64,RGBA,1746
images/LevelSelectSprites/sign_secret2.img.xbx,64,64,RGBA,1454
images/LevelSelectSprites/sign_skatopia.img.xbx,64,64,RGBA,2281
images/LevelSelectSprites/sign_training.img.xbx,64,64,RGBA,1530
images/LevelSelectSprites/st_guest.img.xbx,64,64,RGBA,5321
images/LevelSelectSprites/st_secret.img.xbx,64,64,RGBA,4269
images/LevelSelectSprites/wdt_logo.img.xbx,128,32,RGBA,5584
images/MainmenuSprites/MM_B_L.img.xbx,64,32,RGBA,349
images/MainmenuSprites/MM_B_M.img.xbx,64,32,RGB,126
images/MainmenuSprites/MM_B_R.img.xbx,64,32,RGBA,340
images/MainmenuSprites/MM_M_L.img.xbx,64,32,RGB,122
images/MainmenuSprites/MM_M_M.img.xbx,64,32,RGB,111
images/MainmenuSprites/MM_M_R.img.xbx,64,32,RGB,124
images/MainmenuSprites/MM_T_L.img.xbx,64,32,RGBA,320
images/MainmenuSprites/MM_T_M.img.xbx,64,32,RGBA,144
images/MainmenuSprites/MM_T_R.img.xbx,64,32,RGBA,338
images/MainmenuSprites/MYF_arrow.img.xbx,32,32,RGBA,934
images/MainmenuSprites/MYF_box_left.img.xbx,32,32,RGBA,735
images/MainmenuSprites/MYF_box_mid.img.xbx,32,32,RGBA,140
images/MainmenuSprites/MYF_box_right.img.xbx,32,32,RGBA,722
images/MainmenuSprites/MYF_crosshair.img.xbx,32,32,RGBA,127
images/MainmenuSprites/MYF_dot.img.xbx,8,8,RGBA,125
images/MainmenuSprites/MYF_example.img.xbx,128,128,RGB,24050
images/MainmenuSprites/MYF_frame.img.xbx,128,32,RGBA,402
images/MainmenuSprites/MYF_x.img.xbx,16,16,RGBA,286
images/MainmenuSprites/NE_star.img.xbx,128,256,RGBA,11552
images/MainmenuSprites/N_dpad.img.xbx,32,32,RGBA,923
images/MainmenuSprites/P_dpad.img.xbx,32,32,RGBA,967
images/MainmenuSprites/SharedSprites/College_ad.img.xbx,128,64,RGB,17185
images/MainmenuSprites/SharedSprites/ED_board.img.xbx,64,64,RGBA,490
images/MainmenuSprites/SharedSprites/ED_done.img.xbx,32,32,RGBA,1098
images/MainmenuSprites/SharedSprites/ED_head.img.xbx,64,64,RGBA,923
images/MainmenuSprites/SharedSprites/ED_info.img.xbx,64,64,RGBA,520
images/MainmenuSprites/SharedSprites/ED_legs.img.xbx,64,64,RGBA,766
images/MainmenuSprites/SharedSprites/ED_pads.img.xbx,64,64,RGBA,1988
images/MainmenuSprites/SharedSprites/ED_resize.img.xbx,64,64,RGBA,872
images/MainmenuSprites/SharedSprites/ED_scale.img.xbx,64,64,RGBA,1559
images/MainmenuSprites/SharedSprites/ED_secret.img.xbx,64,64,RGBA,1581
images/MainmenuSprites/SharedSprites/ED_sticker.img.xbx,64,64,RGB,1550
images/MainmenuSprites/SharedSprites/ED_tat.img.xbx,64,64,RGBA,3069
images/MainmenuSprites/SharedSprites/ED_torso.img.xbx,64,64,RGBA,717
images/MainmenuSprites/SharedSprites/ED_tricks.img.xbx,32,32,RGBA,1351
images/MainmenuSprites/SharedSprites/PA_connection.img.xbx,64,64,RGBA,1361
images/MainmenuSprites/SharedSprites/PA_controls.img.xbx,64,64,RGBA,1452
images/MainmenuSprites/SharedSprites/PA_hardware.img.xbx,64,64,RGBA,1482
images/MainmenuSprites/SharedSprites/PA_homie.img.xbx,64,64,RGBA,1215
images/MainmenuSprites/SharedSprites/PA_movie.img.xbx,64,64,RGBA,1328
images/MainmenuSprites/SharedSprites/PA_shop.img.xbx,64,64,RGBA,1681
images/MainmenuSprites/SharedSprites/PA_startauto.img.xbx,64,64,RGBA,1757
images/MainmenuSprites/SharedSprites/PA_stopauto.img.xbx,64,64,RGBA,1700
images/MainmenuSprites/SharedSprites/PA_taunt.img.xbx,64,64,RGBA,1361
images/MainmenuSprites/SharedSprites/bink.img.xbx,64,64,RGBA,2524
images/MainmenuSprites/SharedSprites/bottom_l_cap.img.xbx,16,64,RGBA,228
images/MainmenuSprites/SharedSprites/bottom_mid.img.xbx,16,64,RGB,142
images/MainmenuSprites/SharedSprites/bottom_r_cap.img.xbx,8,64,RGBA,272
images/MainmenuSprites/SharedSprites/bw_slider.img.xbx,32,8,RGBA,220
images/MainmenuSprites/SharedSprites/colorbar.img.xbx,32,8,RGB,161
images/MainmenuSprites/SharedSprites/edit_bar.img.xbx,128,32,RGBA,220
images/MainmenuSprites/SharedSprites/generic_sub_frame.img.xbx,64,64,RGBA,1405
images/MainmenuSprites/SharedSprites/grungeframe_bot.img.xbx,32,32,RGBA,767
images/MainmenuSprites/SharedSprites/grungeframe_mid.img.xbx,32,32,RGBA,919
images/MainmenuSprites/SharedSprites/grungeframe_top.img.xbx,32,32,RGBA,898
images/MainmenuSprites/SharedSprites/hangoverscreen.img.xbx,128,64,RGBA,7505
images/MainmenuSprites/SharedSprites/highlight_skater.img.xbx,16,16,RGBA,334
images/MainmenuSprites/SharedSprites/level_bottom_cap.img.xbx,32,64,RGBA,2649
images/MainmenuSprites/SharedSprites/level_bottom_piece.img.xbx,256,16,RGBA,4206
images/MainmenuSprites/SharedSprites/level_lower_piece.img.xbx,256,64,RGBA,12405
images/MainmenuSprites/SharedSprites/level_repeat_mid.img.xbx,256,16,RGBA,723
images/MainmenuSprites/SharedSprites/level_top_piece.img.xbx,256,32,RGBA,4641
images/MainmenuSprites/SharedSprites/lock_skater.img.xbx,16,16,RGBA,341
images/MainmenuSprites/SharedSprites/longbar.img.xbx,16,32,RGBA,155
images/MainmenuSprites/SharedSprites/longbar_cap.img.xbx,8,32,RGBA,165
images/MainmenuSprites/SharedSprites/longbar_edgy.img.xbx,32,32,RGBA,1338
images/MainmenuSprites/SharedSprites/mainbar.img.xbx,256,64,RGBA,7721
images/MainmenuSprites/SharedSprites/mainbar_join.img.xbx,64,64,RGBA,1192
images/MainmenuSprites/SharedSprites/menu_bottom.img.xbx,256,8,RGBA,136
images/MainmenuSprites/SharedSprites/off_skater.img.xbx,16,16,RGBA,308
images/MainmenuSprites/SharedSprites/pip_off.img.xbx,16,16,RGBA,443
images/MainmenuSprites/SharedSprites/repeat_piece.img.xbx,256,32,RGBA,394
images/MainmenuSprites/SharedSprites/repeat_piece2.img.xbx,256,32,RGBA,445
images/MainmenuSprites/SharedSprites/repeat_piece3.img.xbx,256,32,RGBA,483
images/MainmenuSprites/SharedSprites/rot_bar.img.xbx,64,16,RGB,298
images/MainmenuSprites/SharedSprites/scale_bar.img.xbx,64,16,RGBA,337
images/MainmenuSprites/SharedSprites/scale_down.img.xbx,8,8,RGBA,192
images/MainmenuSprites/SharedSprites/scale_up.img.xbx,8,8,RGBA,191
images/MainmenuSprites/SharedSprites/scalebar.img.xbx,32,8,RGB,327
images/MainmenuSprites/SharedSprites/stats_bg.img.xbx,256,32,RGBA,2494
images/MainmenuSprites/SharedSprites/tab.img.xbx,64,16,RGBA,127
images/MainmenuSprites/SharedSprites/tab1.img.xbx,256,32,RGBA,434
images/MainmenuSprites/SharedSprites/tab2.img.xbx,256,32,RGBA,814
images/MainmenuSprites/SharedSprites/tab3.img.xbx,256,32,RGBA,1135
images/MainmenuSprites/SharedSprites/videoborder.img.xbx,128,128,RGBA,11597
images/MainmenuSprites/SharedSprites/videowhite.img.xbx,64,64,RGBA,1619
images/MainmenuSprites/THUG_2.img.xbx,64,128,RGBA,7246
images/MainmenuSprites/WDT_logo_big.img.xbx,256,256,RGBA,101202
images/MainmenuSprites/WDT_logo_big_2.img.xbx,64,128,RGBA,2576
images/MainmenuSprites/X_dpad.img.xbx,32,32,RGBA,1087
images/MainmenuSprites/circle_drip.img.xbx,128,128,RGBA,5001
images/MainmenuSprites/control_icon.img.xbx,128,128,RGBA,4655
images/MainmenuSprites/game_icon.img.xbx,128,128,RGBA,2901
images/MainmenuSprites/goal_icon.img.xbx,128,128,RGBA,2535
images/MainmenuSprites/graphic_icon.img.xbx,128,128,RGBA,2725
images/MainmenuSprites/mainicon_2player.img.xbx,64,64,RGBA,1025
images/MainmenuSprites/mainicon_cag.img.xbx,64,64,RGBA,791
images/MainmenuSprites/mainicon_cagr.img.xbx,64,64,RGBA,1164
images/MainmenuSprites/mainicon_cap.img.xbx,64,64,RGBA,704
images/MainmenuSprites/mainicon_cas.img.xbx,64,64,RGBA,619
images/MainmenuSprites/mainicon_cat.img.xbx,64,64,RGBA,923
images/MainmenuSprites/mainicon_classic.img.xbx,64,64,RGBA,1298
images/MainmenuSprites/mainicon_mode.img.xbx,64,64,RGBA,1074
images/MainmenuSprites/mainicon_online.img.xbx,64,64,RGBA,889
images/MainmenuSprites/mainicon_options.img.xbx,64,64,RGBA,975
images/MainmenuSprites/mainicon_score.img.xbx,64,64,RGBA,834
images/MainmenuSprites/mainicon_story.img.xbx,64,64,RGBA,1675
images/MainmenuSprites/menu_sign.img.xbx,256,256,RGBA,13751
images/MainmenuSprites/movie_icon.img.xbx,128,128,RGBA,9846
images/MainmenuSprites/new_bg_1.img.xbx,512,256,RGBA,23048
images/MainmenuSprites/new_bg_2.img.xbx,512,256,RGBA,15305
images/MainmenuSprites/new_drip_1.img.xbx,64,64,RGBA,1767
images/MainmenuSprites/new_drip_2.img.xbx,64,64,RGBA,754
images/MainmenuSprites/new_drip_3.img.xbx,64,64,RGBA,1239
images/MainmenuSprites/new_drip_4.img.xbx,64,64,RGBA,289
images/MainmenuSprites/new_extra_piece_1.img.xbx,64,64,RGB,134
images/MainmenuSprites/new_extra_piece_2.img.xbx,64,64,RGB,134
images/MainmenuSprites/new_extra_piece_3.img.xbx,64,64,RGB,134
images/MainmenuSprites/new_graf_arrow.img.xbx,256,128,RGBA,4767
images/MainmenuSprites/new_icon_1.img.xbx,64,64,RGBA,2044
images/MainmenuSprites/new_icon_10.img.xbx,64,64,RGBA,740
images/MainmenuSprites/new_icon_2.img.xbx,64,64,RGBA,2402
images/MainmenuSprites/new_icon_3.img.xbx,64,64,RGBA,2326
images/MainmenuSprites/new_icon_4.img.xbx,64,64,RGBA,1877
images/MainmenuSprites/new_icon_5.img.xbx,64,64,RGBA,2149
images/MainmenuSprites/new_icon_6.img.xbx,64,64,RGBA,2006
images/MainmenuSprites/new_icon_7.img.xbx,64,64,RGBA,1711
images/MainmenuSprites/new_icon_8.img.xbx,64,64,RGBA,2308
images/MainmenuSprites/new_icon_9.img.xbx,64,64,RGBA,1230
images/MainmenuSprites/premade_icon.img.xbx,128,128,RGBA,3738
images/MainmenuSprites/screen_icon.img.xbx,128,128,RGBA,4404
images/MainmenuSprites/skater_jazz.img.xbx,128,64,RGB,4278
images/MainmenuSprites/sound_icon.img.xbx,128,128,RGBA,2777
images/MainmenuSprites/ss_benfranklin.img.xbx,32,64,RGBA,1289
images/MainmenuSprites/ss_bullfighter.img.xbx,32,64,RGBA,864
images/MainmenuSprites/ss_burnquist.img.xbx,32,64,RGBA,990
images/MainmenuSprites/ss_custom.img.xbx,32,64,RGBA,1217
images/MainmenuSprites/ss_graffititagger.img.xbx,32,64,RGBA,920
images/MainmenuSprites/ss_hawk.img.xbx,32,64,RGBA,1020
images/MainmenuSprites/ss_jester.img.xbx,32,64,RGBA,993
images/MainmenuSprites/ss_koston.img.xbx,32,64,RGBA,908
images/MainmenuSprites/ss_margera.img.xbx,32,64,RGBA,1111
images/MainmenuSprites/ss_mullen.img.xbx,32,64,RGBA,921
images/MainmenuSprites/ss_muska.img.xbx,32,64,RGBA,1049
images/MainmenuSprites/ss_questionmark.img.xbx,32,64,RGBA,483
images/MainmenuSprites/ss_sheckler.img.xbx,32,64,RGBA,1068
images/MainmenuSprites/ss_shrek.img.xbx,32,64,RGBA,881
images/MainmenuSprites/ss_shrimpvendor.img.xbx,32,64,RGBA,832
images/MainmenuSprites/ss_soldier.img.xbx,32,64,RGBA,1787
images/MainmenuSprites/ss_vallely.img.xbx,32,64,RGBA,1019
images/MainmenuSprites/ss_weeman.img.xbx,32,64,RGBA,885
images/MainmenuSprites/stick.img.xbx,64,64,RGBA,1666
images/MainmenuSprites/tricks_icon.img.xbx,128,128,RGBA,3009
images/MultiplayerSprites/2P_attack.img.xbx,32,32,RGBA,1158
images/MultiplayerSprites/2P_elim.img.xbx,32,32,RGBA,1049
images/MultiplayerSprites/2P_fire.img.xbx,32,32,RGBA,640
images/MultiplayerSprites/2P_flag.img.xbx,32,32,RGBA,484
images/MultiplayerSprites/2P_free.img.xbx,32,32,RGBA,935
images/MultiplayerSprites/2P_goal.img.xbx,32,32,RGBA,1345
images/MultiplayerSprites/2P_horse.img.xbx,32,32,RGBA,1038
images/MultiplayerSprites/2P_hunt.img.xbx,32,32,RGBA,1290
images/MultiplayerSprites/2P_koth.img.xbx,32,32,RGBA,968
images/MultiplayerSprites/2P_mambo.img.xbx,32,32,RGBA,1371
images/MultiplayerSprites/2P_score.img.xbx,32,32,RGBA,1390
images/MultiplayerSprites/2P_slap.img.xbx,32,32,RGBA,1083
images/MultiplayerSprites/2p_graffiti.img.xbx,32,32,RGBA,1089
images/MultiplayerSprites/IO_down_park.img.xbx,128,128,RGBA,3706
images/MultiplayerSprites/IO_face.img.xbx,128,128,RGBA,4947
images/MultiplayerSprites/IO_login.img.xbx,128,128,RGBA,4167
images/MultiplayerSprites/IO_play.img.xbx,128,128,RGBA,4741
images/MultiplayerSprites/IO_settings.img.xbx,128,128,RGBA,3726
images/MultiplayerSprites/IO_stats.img.xbx,128,128,RGBA,4579
images/MultiplayerSprites/IO_up_park.img.xbx,128,128,RGBA,3672
images/MultiplayerSprites/best.img.xbx,64,64,RGBA,2617
images/MultiplayerSprites/chat_bracket.img.xbx,64,64,RGBA,343
images/MultiplayerSprites/dnas.img.xbx,64,64,RGBA,3278
images/MultiplayerSprites/esrb.img.xbx,128,128,RGB,7744
images/MultiplayerSprites/globe.img.xbx,512,512,RGBA,317222
images/MultiplayerSprites/homie.img.xbx,128,64,RGBA,8900
images/MultiplayerSprites/mini_map.img.xbx,128,64,RGBA,6950
images/MultiplayerSprites/neversoft.img.xbx,128,64,RGBA,4386
images/MultiplayerSprites/rank_0.img.xbx,64,16,RGBA,750
images/MultiplayerSprites/rank_1.img.xbx,64,16,RGBA,663
images/MultiplayerSprites/rank_10.img.xbx,64,16,RGBA,828
images/MultiplayerSprites/rank_2.img.xbx,64,16,RGBA,628
images/MultiplayerSprites/rank_3.img.xbx,64,16,RGBA,639
images/MultiplayerSprites/rank_4.img.xbx,64,16,RGBA,660
images/MultiplayerSprites/rank_5.img.xbx,64,16,RGBA,678
images/MultiplayerSprites/rank_6.img.xbx,64,16,RGBA,632
images/MultiplayerSprites/rank_7.img.xbx,64,16,RGBA,655
images/MultiplayerSprites/rank_8.img.xbx,64,16,RGBA,644
images/MultiplayerSprites/rank_9.img.xbx,64,16,RGBA,669
images/MultiplayerSprites/regions.img.xbx,256,32,RGB,1813
images/MultiplayerSprites/satellite.img.xbx,256,128,RGBA,33117
images/MultiplayerSprites/satellite_beam.img.xbx,64,64,RGBA,1400
images/MultiplayerSprites/stat_combos.img.xbx,64,64,RGBA,1285
images/MultiplayerSprites/stat_personal.img.xbx,64,64,RGBA,1221
images/MultiplayerSprites/stat_players.img.xbx,64,64,RGBA,2369
images/MultiplayerSprites/stat_scores.img.xbx,64,64,RGBA,1657
images/PanelSprites/5050_goals.img.xbx,64,64,RGBA,3612
images/PanelSprites/APM_abberation01.img.xbx,32,32,RGBA,858
images/PanelSprites/APM_abberation02.img.xbx,16,16,RGBA,346
images/PanelSprites/CAS_arrow.img.xbx,32,32,RGBA,303
images/PanelSprites/CAT_anim_rot.img.xbx,128,32,RGBA,2284
images/PanelSprites/CAT_bar.img.xbx,8,32,RGB,159
images/PanelSprites/CAT_box.img.xbx,16,16,RGB,242
images/PanelSprites/CAT_grunge_piece.img.xbx,64,32,RGBA,1792
images/PanelSprites/CAT_point.img.xbx,128,32,RGBA,1397
images/PanelSprites/DE_B_L.img.xbx,64,32,RGBA,413
images/PanelSprites/DE_B_M.img.xbx,64,32,RGBA,155
images/PanelSprites/DE_B_R.img.xbx,64,32,RGBA,420
images/PanelSprites/DE_M_L.img.xbx,64,32,RGBA,190
images/PanelSprites/DE_M_M.img.xbx,64,32,RGBA,120
images/PanelSprites/DE_M_R.img.xbx,64,32,RGBA,207
images/PanelSprites/DE_T_L.img.xbx,64,32,RGBA,410
images/PanelSprites/DE_T_M.img.xbx,64,32,RGBA,156
images/PanelSprites/DE_T_R.img.xbx,64,32,RGBA,410
images/PanelSprites/DE_highlight_bar.img.xbx,128,32,RGBA,353
images/PanelSprites/DE_top_bar.img.xbx,64,16,RGBA,696
images/PanelSprites/DE_top_bar_2.img.xbx,64,16,RGBA,556
images/PanelSprites/DE_top_bar_3.img.xbx,64,16,RGBA,676
images/PanelSprites/DE_top_bar_4.img.xbx,64,16,RGBA,742
images/PanelSprites/GO_done.img.xbx,64,64,RGBA,3580
images/PanelSprites/GO_fail.img.xbx,64,64,RGBA,992
images/PanelSprites/GO_new.img.xbx,64,64,RGBA,2785
images/PanelSprites/MemcardSprites/mem_bad.img.xbx,32,32,RGBA,883
images/PanelSprites/MemcardSprites/mem_bg_piece.img.xbx,32,8,RGB,327
images/PanelSprites/MemcardSprites/mem_career.img.xbx,32,32,RGBA,734
images/PanelSprites/MemcardSprites/mem_frame_piece.img.xbx,32,8,RGB,323
images/PanelSprites/MemcardSprites/mem_goals.img.xbx,32,32,RGBA,752
images/PanelSprites/MemcardSprites/mem_graphics.img.xbx,32,32,RGBA,794
images/PanelSprites/MemcardSprites/mem_net.img.xbx,32,32,RGBA,914
images/PanelSprites/MemcardSprites/mem_park.img.xbx,32,32,RGBA,516
images/PanelSprites/MemcardSprites/mem_skater.img.xbx,32,32,RGBA,635
images/PanelSprites/MemcardSprites/mem_tricks.img.xbx,32,32,RGBA,582
images/PanelSprites/Menu3d/AP_icon_1.img.xbx,32,32,RGBA,803
images/PanelSprites/Menu3d/AP_icon_2.img.xbx,64,32,RGBA,811
images/PanelSprites/Menu3d/AU_icon_1.img.xbx,32,32,RGBA,935
images/PanelSprites/Menu3d/AU_icon_2.img.xbx,64,32,RGBA,1058
images/PanelSprites/Menu3d/BA_icon_1.img.xbx,32,32,RGBA,1344
images/PanelSprites/Menu3d/BA_icon_2.img.xbx,64,32,RGBA,1284
images/PanelSprites/Menu3d/BE_icon_1.img.xbx,32,32,RGBA,970
images/PanelSprites/Menu3d/BE_icon_2.img.xbx,64,32,RGBA,953
images/PanelSprites/Menu3d/BO_icon_1.img.xbx,32,32,RGBA,1305
images/PanelSprites/Menu3d/BO_icon_2.img.xbx,64,32,RGBA,2056
images/PanelSprites/Menu3d/CA_icon_1.img.xbx,32,32,RGBA,1434
images/PanelSprites/Menu3d/CA_icon_2.img.xbx,64,32,RGBA,1946
images/PanelSprites/Menu3d/DJ_icon_1.img.xbx,32,32,RGBA,380
images/PanelSprites/Menu3d/DJ_icon_2.img.xbx,64,32,RGBA,1420
images/PanelSprites/Menu3d/LA_icon_1.img.xbx,32,32,RGBA,979
images/PanelSprites/Menu3d/LA_icon_2.img.xbx,64,32,RGBA,1066
images/PanelSprites/Menu3d/NO_icon_1.img.xbx,32,32,RGBA,603
images/PanelSprites/Menu3d/NO_icon_2.img.xbx,64,32,RGBA,1290
images/PanelSprites/Menu3d/PH_icon_1.img.xbx,32,32,RGBA,1631
images/PanelSprites/Menu3d/PH_icon_2.img.xbx,64,32,RGBA,1168
images/PanelSprites/Menu3d/SC_icon_1.img.xbx,32,32,RGBA,951
images/PanelSprites/Menu3d/SC_icon_2.img.xbx,64,32,RGBA,1626
images/PanelSprites/Menu3d/SE2_icon_1.img.xbx,32,32,RGBA,859
images/PanelSprites/Menu3d/SE2_icon_2.img.xbx,64,32,RGBA,2114
images/PanelSprites/Menu3d/SE_icon_1.img.xbx,32,32,RGBA,939
images/PanelSprites/Menu3d/SE_icon_2.img.xbx,64,32,RGBA,2056
images/PanelSprites/Menu3d/SK5ED_icon_1.img.xbx,32,32,RGBA,872
images/PanelSprites/Menu3d/SK5ED_icon_2.img.xbx,32,32,RGBA,924
images/PanelSprites/Menu3d/SK_icon_1.img.xbx,32,32,RGBA,1261
images/PanelSprites/Menu3d/SK_icon_2.img.xbx,64,32,RGBA,3112
images/PanelSprites/Menu3d/THPS_icon_1.img.xbx,32,32,RGBA,1305
images/PanelSprites/Menu3d/THPS_icon_2.img.xbx,64,32,RGBA,2056
images/PanelSprites/Menu3d/TR_icon_1.img.xbx,32,32,RGBA,2010
images/PanelSprites/Menu3d/TR_icon_2.img.xbx,64,32,RGBA,730
images/PanelSprites/PA_goals.img.xbx,64,64,RGBA,2309
images/PanelSprites/SkateSprites/down_arrow.img.xbx,32,16,RGBA,643
images/PanelSprites/SkateSprites/left_arrow.img.xbx,16,32,RGBA,530
images/PanelSprites/SkateSprites/right_arrow.img.xbx,16,32,RGBA,573
images/PanelSprites/SkateSprites/up_arrow.img.xbx,32,16,RGBA,496
images/PanelSprites/balancearrow.img.xbx,16,16,RGBA,294
images/PanelSprites/balancearrow_glow.img.xbx,16,32,RGBA,408
images/PanelSprites/balancemeter.img.xbx,128,32,RGBA,1077
images/PanelSprites/bg_gradient_1.img.xbx,256,4,RGBA,158
images/PanelSprites/bg_vector_1.img.xbx,512,512,RGBA,28625
images/PanelSprites/bg_vector_2.img.xbx,256,256,RGBA,54290
images/PanelSprites/black.img.xbx,4,4,RGB,69
images/PanelSprites/black_2.img.xbx,8,8,RGB,69
images/PanelSprites/blood.img.xbx,16,32,RGBA,113
images/PanelSprites/bloodtip.img.xbx,8,32,RGBA,149
images/PanelSprites/bot_gradient.img.xbx,8,16,RGBA,103
images/PanelSprites/cash_goal.img.xbx,128,64,RGBA,2808
images/PanelSprites/checkbox.img.xbx,32,32,RGB,120
images/PanelSprites/checkmark.img.xbx,32,32,RGBA,512
images/PanelSprites/circle.img.xbx,16,16,RGBA,265
images/PanelSprites/comp_base_line.img.xbx,8,8,RGBA,170
images/PanelSprites/comp_end_cap.img.xbx,32,32,RGB,1112
images/PanelSprites/comp_fill.img.xbx,8,32,RGBA,121
images/PanelSprites/comp_hori_lines.img.xbx,8,128,RGBA,849
images/PanelSprites/comp_single_line.img.xbx,8,32,RGBA,496
images/PanelSprites/comp_tall_line.img.xbx,4,64,RGBA,458
images/PanelSprites/dialog_frame.img.xbx,256,16,RGBA,1089
images/PanelSprites/dialog_frame_b.img.xbx,256,16,RGBA,1089
images/PanelSprites/dialog_left.img.xbx,64,32,RGBA,785
images/PanelSprites/dialog_middle.img.xbx,256,16,RGBA,178
images/PanelSprites/dialog_right.img.xbx,64,32,RGBA,831
images/PanelSprites/fakie_icon.img.xbx,16,64,RGBA,671
images/PanelSprites/filmstripbar.img.xbx,32,32,RGB,176
images/PanelSprites/final.img.xbx,64,64,RGBA,3436
images/PanelSprites/flare1.img.xbx,128,128,RGBA,9489
images/PanelSprites/framebody.img.xbx,32,32,RGB,123
images/PanelSprites/framecap.img.xbx,32,32,RGBA,454
images/PanelSprites/generic_key.img.xbx,32,16,RGB,248
images/PanelSprites/goal_complete_line.img.xbx,128,32,RGBA,2917
images/PanelSprites/goal_grad.img.xbx,32,4,RGBA,97
images/PanelSprites/goal_left.img.xbx,32,256,RGBA,4386
images/PanelSprites/goal_line.img.xbx,32,8,RGBA,825
images/PanelSprites/goal_mid.img.xbx,32,256,RGBA,636
images/PanelSprites/goal_right.img.xbx,64,256,RGBA,5620
images/PanelSprites/goal_tab.img.xbx,128,32,RGBA,333
images/PanelSprites/goal_tab_2.img.xbx,128,32,RGBA,408
images/PanelSprites/goal_tab_extra.img.xbx,32,32,RGB,103
images/PanelSprites/gslogo.img.xbx,128,32,RGBA,3421
images/PanelSprites/halo0.img.xbx,128,128,RGBA,5363
images/PanelSprites/halo1.img.xbx,128,128,RGBA,9858
images/PanelSprites/halo2.img.xbx,128,128,RGBA,2422
images/PanelSprites/hand.img.xbx,32,32,RGBA,592
images/PanelSprites/heart.img.xbx,32,64,RGBA,2772
images/PanelSprites/highlight_bar.img.xbx,256,16,RGB,2822
images/PanelSprites/highscore.img.xbx,64,64,RGB,2475
images/PanelSprites/hoop.img.xbx,64,64,RGBA,1664
images/PanelSprites/info_frame.img.xbx,256,16,RGBA,3785
images/PanelSprites/info_frame_b.img.xbx,256,16,RGBA,3778
images/PanelSprites/info_middle.img.xbx,256,16,RGBA,8159
images/PanelSprites/key_left.img.xbx,8,16,RGB,183
images/PanelSprites/key_middle.img.xbx,4,16,RGB,123
images/PanelSprites/key_right.img.xbx,8,16,RGB,181
images/PanelSprites/kyron.img.xbx,64,64,RGBA,3555
images/PanelSprites/level_dot.img.xbx,32,32,RGBA,1198
images/PanelSprites/level_selected_dot.img.xbx,64,64,RGBA,3763
images/PanelSprites/map_graphic_1.img.xbx,256,256,RGBA,20136
images/PanelSprites/map_graphic_2.img.xbx,256,256,RGBA,13419
images/PanelSprites/map_graphic_3.img.xbx,128,128,RGBA,5721
images/PanelSprites/map_graphic_4.img.xbx,128,128,RGBA,4948
images/PanelSprites/map_graphic_5.img.xbx,64,64,RGBA,1743
images/PanelSprites/map_graphic_6.img.xbx,64,64,RGBA,1644
images/PanelSprites/mini_score_HUD.img.xbx,64,32,RGBA,3093
images/PanelSprites/motorola.img.xbx,128,32,RGBA,2189
images/PanelSprites/mouse_cursor.img.xbx,32,16,RGBA,514
images/PanelSprites/nixon.img.xbx,256,64,RGBA,2420
images/PanelSprites/nokia_phone.img.xbx,64,128,RGBA,7974
images/PanelSprites/nollie_icon.img.xbx,16,64,RGBA,670
images/PanelSprites/options_bg.img.xbx,256,64,RGBA,2417
images/PanelSprites/parked_piece_frame.img.xbx,64,64,RGBA,178
images/PanelSprites/paused.img.xbx,64,256,RGBA,2530
images/PanelSprites/pickup_apple.img.xbx,32,32,RGBA,922
images/PanelSprites/pickup_beads.img.xbx,32,32,RGBA,921
images/PanelSprites/pickup_cocktail.img.xbx,32,32,RGBA,1147
images/PanelSprites/pickup_shrimp.img.xbx,32,32,RGBA,1250
images/PanelSprites/pickup_spraycan.img.xbx,32,32,RGBA,1083
images/PanelSprites/pickup_tomato.img.xbx,32,32,RGBA,1046
images/PanelSprites/piepiece.img.xbx,128,128,RGBA,1486
images/PanelSprites/pressure_icon.img.xbx,16,64,RGBA,693
images/PanelSprites/recdot.img.xbx,16,16,RGBA,289
images/PanelSprites/roundbar.img.xbx,128,32,RGBA,568
images/PanelSprites/roundbar_highlight.img.xbx,16,32,RGBA,270
images/PanelSprites/roundbar_middle.img.xbx,32,32,RGB,290
images/PanelSprites/roundbar_tip_left.img.xbx,32,32,RGBA,476
images/PanelSprites/roundbar_tip_right.img.xbx,32,32,RGBA,484
images/PanelSprites/scj_goals.img.xbx,64,64,RGBA,3620
images/PanelSprites/score_small.img.xbx,128,64,RGBA,6446
images/PanelSprites/secret_level_dot.img.xbx,16,16,RGBA,430
images/PanelSprites/shrek_logo.img.xbx,128,32,RGBA,5189
images/PanelSprites/skatetris_bg.img.xbx,64,16,RGBA,631
images/PanelSprites/slider_piece.img.xbx,16,16,RGB,279
images/PanelSprites/snaz_b_l.img.xbx,64,32,RGBA,279
images/PanelSprites/snaz_b_m.img.xbx,64,32,RGBA,185
images/PanelSprites/snaz_b_r.img.xbx,64,32,RGBA,289
images/PanelSprites/snaz_m_l.img.xbx,64,32,RGBA,151
images/PanelSprites/snaz_m_m.img.xbx,64,32,RGBA,129
images/PanelSprites/snaz_m_r.img.xbx,64,32,RGBA,154
images/PanelSprites/snaz_t_l.img.xbx,64,32,RGBA,529
images/PanelSprites/snaz_t_m.img.xbx,64,32,RGB,498
images/PanelSprites/snaz_t_r.img.xbx,64,32,RGBA,554
images/PanelSprites/spazzbody.img.xbx,16,32,RGBA,451
images/PanelSprites/spazzburst.img.xbx,64,64,RGBA,1736
images/PanelSprites/spazznotch.img.xbx,2,32,RGBA,159
images/PanelSprites/spazztip.img.xbx,16,32,RGBA,611
images/PanelSprites/spec_B_L.img.xbx,64,32,RGBA,1758
images/PanelSprites/spec_B_M.img.xbx,64,32,RGBA,152
images/PanelSprites/spec_B_R.img.xbx,64,32,RGBA,1784
images/PanelSprites/spec_M_L.img.xbx,64,32,RGBA,1109
images/PanelSprites/spec_M_M.img.xbx,64,32,RGBA,150
images/PanelSprites/spec_M_R.img.xbx,64,32,RGBA,985
images/PanelSprites/spec_T_L.img.xbx,64,32,RGBA,1668
images/PanelSprites/spec_T_M.img.xbx,64,32,RGBA,158
images/PanelSprites/spec_T_R.img.xbx,64,32,RGBA,1622
images/PanelSprites/special.img.xbx,64,16,RGBA,1088
images/PanelSprites/specialbar.img.xbx,128,8,RGBA,263
images/PanelSprites/specialbar_end.img.xbx,32,32,RGBA,637
images/PanelSprites/spot_goals.img.xbx,64,64,RGBA,2990
images/PanelSprites/star.img.xbx,64,64,RGBA,867
images/PanelSprites/statbody.img.xbx,32,16,RGBA,131
images/PanelSprites/statcap.img.xbx,8,16,RGBA,215
images/PanelSprites/stats_notch.img.xbx,16,16,RGB,143
images/PanelSprites/stats_notch_bg.img.xbx,128,16,RGBA,408
images/PanelSprites/stats_point.img.xbx,128,32,RGBA,1486
images/PanelSprites/streak_2.img.xbx,64,4,RGB,91
images/PanelSprites/strip_1.img.xbx,64,64,RGB,2112
images/PanelSprites/strip_10.img.xbx,64,64,RGB,1722
images/PanelSprites/strip_2.img.xbx,64,64,RGB,2073
images/PanelSprites/strip_3.img.xbx,64,64,RGB,1564
images/PanelSprites/strip_4.img.xbx,64,64,RGB,1781
images/PanelSprites/strip_5.img.xbx,64,64,RGB,1415
images/PanelSprites/strip_6.img.xbx,64,64,RGB,1781
images/PanelSprites/strip_7.img.xbx,64,64,RGB,1836
images/PanelSprites/strip_8.img.xbx,64,64,RGB,1643
images/PanelSprites/strip_9.img.xbx,64,64,RGB,1439
images/PanelSprites/sw_pressure_icon.img.xbx,16,128,RGBA,1225
images/PanelSprites/switch_icon.img.xbx,16,64,RGBA,813
images/PanelSprites/time_1.img.xbx,32,4,RGBA,285
images/PanelSprites/time_2.img.xbx,32,4,RGBA,278
images/PanelSprites/time_3.img.xbx,32,4,RGBA,239
images/PanelSprites/time_4.img.xbx,32,4,RGBA,193
images/PanelSprites/time_5.img.xbx,32,4,RGBA,178
images/PanelSprites/time_6.img.xbx,32,4,RGBA,218
images/PanelSprites/time_7.img.xbx,32,4,RGBA,233
images/PanelSprites/time_8.img.xbx,32,4,RGBA,248
images/PanelSprites/top_gradient.img.xbx,8,16,RGBA,96
images/PanelSprites/videoscreen.img.xbx,128,64,RGB,3335
images/PanelSprites/watch.img.xbx,64,64,RGBA,1777
images/PanelSprites/white.img.xbx,4,4,RGB,77
images/PanelSprites/white2.img.xbx,8,8,RGB,78
images/PanelSprites/white3.img.xbx,32,128,RGBA,736
images/Tags/OZ_cop.img.xbx,128,128,RGBA,18020
images/Tags/Tag_01.img.xbx,128,128,RGBA,21656
images/Tags/aborigine.img.xbx,128,128,RGBA,27533
images/Tags/alien.img.xbx,128,128,RGBA,33370
images/Tags/alien_dr.img.xbx,128,128,RGBA,33880
images/Tags/alien_leader.img.xbx,128,128,RGBA,30856
images/Tags/attendant.img.xbx,128,128,RGBA,19259
images/Tags/bam_01.img.xbx,128,128,RGBA,30748
images/Tags/bev_01.img.xbx,128,128,RGBA,19998
images/Tags/bigfoot.img.xbx,128,128,RGBA,18258
images/Tags/bigfoot_1.img.xbx,128,128,RGBA,15733
images/Tags/boat_capt.img.xbx,128,128,RGBA,21449
images/Tags/bob_01.img.xbx,128,128,RGBA,17822
images/Tags/boxer.img.xbx,128,128,RGBA,22841
images/Tags/brat_vendor.img.xbx,128,128,RGBA,17523
images/Tags/bull_01.img.xbx,128,128,RGBA,13265
images/Tags/camera_man.img.xbx,128,128,RGBA,17853
images/Tags/cas_01.img.xbx,128,128,RGBA,26101
images/Tags/construction_worker.img.xbx,128,128,RGBA,9368
images/Tags/corn_vendor.img.xbx,128,128,RGBA,18205
images/Tags/cut_chemist.img.xbx,128,128,RGBA,27445
images/Tags/dalek_1.img.xbx,128,128,RGBA,24671
images/Tags/dalek_2.img.xbx,128,128,RGBA,25185
images/Tags/dalek_3.img.xbx,128,128,RGBA,24607
images/Tags/doo_01.img.xbx,128,128,RGBA,815
images/Tags/flute_player.img.xbx,128,128,RGBA,20321
images/Tags/geeky_kid.img.xbx,128,128,RGBA,19826
images/Tags/german_cop.img.xbx,128,128,RGBA,16456
images/Tags/german_drunk_1.img.xbx,128,128,RGBA,7162
images/Tags/german_drunk_2.img.xbx,128,128,RGBA,21990
images/Tags/german_drunk_3.img.xbx,128,128,RGBA,25300
images/Tags/graffiti_punk.img.xbx,128,128,RGBA,16581
images/Tags/guitarist.img.xbx,128,128,RGBA,18363
images/Tags/hnd_01.img.xbx,128,128,RGBA,17765
images/Tags/horn_player.img.xbx,128,128,RGBA,21135
images/Tags/imp.img.xbx,128,128,RGBA,15262
images/Tags/indy_01.img.xbx,128,128,RGBA,30075
images/Tags/inline_skater.img.xbx,128,128,RGBA,9677
images/Tags/jam_01.img.xbx,128,128,RGBA,22727
images/Tags/jes_01.img.xbx,128,128,RGBA,15112
images/Tags/kos_01.img.xbx,128,128,RGBA,22598
images/Tags/lifeguard.img.xbx,128,128,RGBA,14561
images/Tags/lost_soul_1.img.xbx,128,128,RGBA,7471
images/Tags/lost_soul_2.img.xbx,128,128,RGBA,7975
images/Tags/lost_soul_3.img.xbx,128,128,RGBA,8121
images/Tags/lounge_singer.img.xbx,128,128,RGBA,16647
images/Tags/mayan.img.xbx,128,128,RGBA,26508
images/Tags/mayan_mask.img.xbx,128,128,RGBA,18945
images/Tags/metal_detector.img.xbx,128,128,RGBA,12357
images/Tags/mime.img.xbx,128,128,RGBA,9813
images/Tags/mus_01.img.xbx,128,128,RGBA,25204
images/Tags/nts_01.img.xbx,128,128,RGBA,13391
images/Tags/paramedic.img.xbx,128,128,RGBA,16781
images/Tags/paul_01.img.xbx,128,128,RGBA,10792
images/Tags/phil_01.img.xbx,128,128,RGBA,16217
images/Tags/pirate.img.xbx,128,128,RGBA,14009
images/Tags/ramp_kid.img.xbx,128,128,RGBA,12573
images/Tags/rod_01.img.xbx,128,128,RGBA,15855
images/Tags/ryn_01.img.xbx,128,128,RGBA,21291
images/Tags/security_guard.img.xbx,128,128,RGBA,21172
images/Tags/shr_01.img.xbx,128,128,RGBA,20405
images/Tags/skaboto.img.xbx,128,128,RGBA,17936
images/Tags/skatopia_punk.img.xbx,128,128,RGBA,15284
images/Tags/soldier.img.xbx,128,128,RGBA,14826
images/Tags/spr_01.img.xbx,128,128,RGBA,15415
images/Tags/srk_01.img.xbx,128,128,RGBA,12224
images/Tags/sticker.img.xbx,64,64,RGBA,1881
images/Tags/stv_01.img.xbx,128,128,RGBA,20444
images/Tags/thps_01.img.xbx,128,128,RGBA,39484
images/Tags/tony_01.img.xbx,128,128,RGBA,19937
images/Tags/val_01.img.xbx,128,128,RGBA,18266
images/Tags/voodoo_dr.img.xbx,128,128,RGBA,24708
images/Tags/wee_01.img.xbx,128,128,RGBA,5685
images/Tags/wiener_man.img.xbx,128,128,RGBA,22780
images/Tags/zombie1.img.xbx,128,128,RGBA,4181
images/Tags/zombie2.img.xbx,128,128,RGBA,10196
images/Themes/de_theme/DE_model.img.xbx,64,64,RGBA,1630
images/Themes/de_theme/DE_new.img.xbx,64,64,RGBA,2075
images/Themes/de_theme/DE_snaz_icon.img.xbx,32,32,RGBA,1220
images/Themes/de_theme/DE_sponsor.img.xbx,64,64,RGBA,2201
images/faces/CS_NSN_Head03.img.xbx,128,128,RGB,28131
images/faces/CS_NSN_Head_Blk_alpha.img.xbx,128,128,RGBA,13314
images/faces/CS_NSN_Head_EyeToy.img.xbx,128,128,RGB,7048
images/faces/CS_NSN_Head_F_Blk_alpha.img.xbx,128,128,RGBA,13314
images/faces/CS_NSN_Head_F_Gry_alpha.img.xbx,128,128,RGBA,13886
images/faces/CS_NSN_Head_F_Tan_alpha.img.xbx,128,128,RGBA,10426
images/faces/CS_NSN_Head_F_Wht_alpha.img.xbx,128,128,RGBA,13471
images/faces/CS_NSN_Head_Gry_alpha.img.xbx,128,128,RGBA,13905
images/faces/CS_NSN_Head_Tan_alpha.img.xbx,128,128,RGBA,14558
images/faces/CS_NSN_Head_Wht_alpha.img.xbx,128,128,RGBA,16490
images/faces/CS_NSN_Head_test.img.xbx,128,128,RGBA,28178
images/faces/CS_NSN_Head_test_alpha.img.xbx,128,128,RGBA,18657
images/faces/CS_NSN_facemap_female.img.xbx,128,128,RGB,24542
images/faces/CS_NSN_facemap_female_dark.img.xbx,128,128,RGB,23560
images/faces/CS_NSN_facemap_female_light.img.xbx,128,128,RGB,24542
images/faces/CS_NSN_facemap_female_tan.img.xbx,128,128,RGB,23709
images/faces/CS_NSN_facemap_male.img.xbx,128,128,RGBA,29294
images/faces/CS_NSN_facemap_male_dark.img.xbx,128,128,RGBA,19916
images/faces/CS_NSN_facemap_male_light.img.xbx,128,128,RGBA,26943
images/faces/CS_NSN_facemap_male_tan.img.xbx,128,128,RGBA,23891
images/fr/loadscrn.img.xbx,512,512,RGB,444825
images/fr/loadscrn_2player.img.xbx,640,448,RGB,409441
images/fr/loadscrn_Online.img.xbx,640,448,RGB,422304
images/fr/loadscrn_Online2.img.xbx,640,448,RGB,377731
images/fr/loadscrn_airport.img.xbx,512,512,RGB,373734
images/fr/loadscrn_airport_classic.img.xbx,512,512,RGB,435789
images/fr/loadscrn_australia.img.xbx,512,512,RGB,496916
images/fr/loadscrn_australia_classic.img.xbx,512,512,RGB,473905
images/fr/loadscrn_australia_story.img.xbx,512,512,RGB,478094
images/fr/loadscrn_australia_story2.img.xbx,512,512,RGB,370622
images/fr/loadscrn_barcelona.img.xbx,512,512,RGB,356588
images/fr/loadscrn_barcelona_classic.img.xbx,512,512,RGB,439517
images/fr/loadscrn_barcelona_story.img.xbx,512,512,RGB,468208
images/fr/loadscrn_berlin.img.xbx,512,512,RGB,387014
images/fr/loadscrn_berlin_classic.img.xbx,512,512,RGB,450766
images/fr/loadscrn_berlin_story.img.xbx,512,512,RGB,417101
images/fr/loadscrn_boston.img.xbx,512,512,RGB,425376
images/fr/loadscrn_boston_classic.img.xbx,512,512,RGB,451522
images/fr/loadscrn_boston_story.img.xbx,512,512,RGB,464615
images/fr/loadscrn_canada.img.xbx,512,512,RGB,404310
images/fr/loadscrn_canada_classic.img.xbx,512,512,RGB,464943
images/fr/loadscrn_created.img.xbx,512,512,RGB,344327
images/fr/loadscrn_downhill.img.xbx,512,512,RGB,332247
images/fr/loadscrn_downhill_classic.img.xbx,512,512,RGB,418110
images/fr/loadscrn_editor.img.xbx,512,512,RGB,428359
images/fr/loadscrn_editor_ngc.img.xbx,512,512,RGB,415970
images/fr/loadscrn_editor_play.img.xbx,512,512,RGB,374181
images/fr/loadscrn_editor_x.img.xbx,512,512,RGB,370870
images/fr/loadscrn_generic.img.xbx,512,512,RGB,363052
images/fr/loadscrn_generic_1.img.xbx,512,512,RGB,400166
images/fr/loadscrn_generic_2.img.xbx,512,512,RGB,396358
images/fr/loadscrn_generic_3.img.xbx,512,512,RGB,385191
images/fr/loadscrn_generic_4.img.xbx,512,512,RGB,417647
images/fr/loadscrn_generic_5.img.xbx,512,512,RGB,383385
images/fr/loadscrn_generic_6.img.xbx,512,512,RGB,404377
images/fr/loadscrn_generic_7.img.xbx,512,512,RGB,383818
images/fr/loadscrn_los_angeles.img.xbx,512,512,RGB,394189
images/fr/loadscrn_los_angeles_classic.img.xbx,512,512,RGB,443091
images/fr/loadscrn_new_orleans.img.xbx,512,512,RGB,412528
images/fr/loadscrn_new_orleans_classic.img.xbx,512,512,RGB,451287
images/fr/loadscrn_new_orleans_story.img.xbx,512,512,RGB,487086
images/fr/loadscrn_new_orleans_story2.img.xbx,512,512,RGB,365894
images/fr/loadscrn_philly.img.xbx,512,512,RGB,302862
images/fr/loadscrn_philly_classic.img.xbx,512,512,RGB,438869
images/fr/loadscrn_school.img.xbx,512,512,RGB,362228
images/fr/loadscrn_school_classic.img.xbx,512,512,RGB,428305
images/fr/loadscrn_secret_1.img.xbx,512,512,RGB,330681
images/fr/loadscrn_secret_1_story.img.xbx,512,512,RGB,426900
images/fr/loadscrn_secret_2.img.xbx,512,512,RGB,365288
images/fr/loadscrn_secret_2_classic.img.xbx,512,512,RGB,419800
images/fr/loadscrn_secret_2_story.img.xbx,512,512,RGB,274128
images/fr/loadscrn_skatopia.img.xbx,512,512,RGB,359619
images/fr/loadscrn_skatopia_classic.img.xbx,512,512,RGB,456035
images/fr/loadscrn_skatopia_story.img.xbx,512,512,RGB,485751
images/fr/loadscrn_skatopia_story2.img.xbx,512,512,RGB,371795
images/fr/loadscrn_system_link_x.img.xbx,640,448,RGB,423902
images/fr/loadscrn_system_x.img.xbx,640,448,RGB,375663
images/fr/loadscrn_training.img.xbx,512,512,RGB,312736
images/fr/loadscrn_training_classic.img.xbx,512,512,RGB,394164
images/fr/loadscrn_training_story.img.xbx,512,512,RGB,417249
images/fr/loadscrn_trick.img.xbx,512,512,RGB,372089
images/fr/loadscrn_trick_ngc.img.xbx,512,512,RGB,371955
images/fr/loadscrn_trick_x.img.xbx,640,448,RGB,377409
images/fr/loadscrn_x.img.xbx,512,512,RGB,446594
images/gr/loadscrn.img.xbx,512,512,RGB,441763
images/gr/loadscrn_2player.img.xbx,512,512,RGB,380658
images/gr/loadscrn_Online.img.xbx,640,448,RGB,424007
images/gr/loadscrn_Online2.img.xbx,640,448,RGB,371928
images/gr/loadscrn_airport.img.xbx,512,512,RGB,373854
images/gr/loadscrn_airport_classic.img.xbx,512,512,RGB,438817
images/gr/loadscrn_australia.img.xbx,640,448,RGB,546027
images/gr/loadscrn_australia_classic.img.xbx,640,448,RGB,502273
images/gr/loadscrn_australia_story.img.xbx,512,512,RGB,478094
images/gr/loadscrn_australia_story2.img.xbx,512,512,RGB,370622
images/gr/loadscrn_barcelona.img.xbx,512,512,RGB,356588
images/gr/loadscrn_barcelona_classic.img.xbx,512,512,RGB,439517
images/gr/loadscrn_barcelona_story.img.xbx,512,512,RGB,468208
images/gr/loadscrn_berlin.img.xbx,512,512,RGB,387014
images/gr/loadscrn_berlin_classic.img.xbx,512,512,RGB,450766
images/gr/loadscrn_berlin_story.img.xbx,512,512,RGB,417101
images/gr/loadscrn_boston.img.xbx,512,512,RGB,425376
images/gr/loadscrn_boston_classic.img.xbx,512,512,RGB,451522
images/gr/loadscrn_boston_story.img.xbx,512,512,RGB,464615
images/gr/loadscrn_canada.img.xbx,640,448,RGB,453845
images/gr/loadscrn_canada_classic.img.xbx,640,448,RGB,477743
images/gr/loadscrn_created.img.xbx,512,512,RGB,344890
images/gr/loadscrn_downhill.img.xbx,512,512,RGB,332247
images/gr/loadscrn_downhill_classic.img.xbx,512,512,RGB,418110
images/gr/loadscrn_editor.img.xbx,512,512,RGB,428149
images/gr/loadscrn_editor_ngc.img.xbx,512,512,RGB,414415
images/gr/loadscrn_editor_play.img.xbx,512,512,RGB,370990
images/gr/loadscrn_editor_x.img.xbx,512,512,RGB,367105
images/gr/loadscrn_generic.img.xbx,512,512,RGB,363052
images/gr/loadscrn_generic_1.img.xbx,512,512,RGB,408820
images/gr/loadscrn_generic_2.img.xbx,512,512,RGB,409242
images/gr/loadscrn_generic_3.img.xbx,512,512,RGB,398644
images/gr/loadscrn_generic_4.img.xbx,512,512,RGB,408011
images/gr/loadscrn_generic_5.img.xbx,512,512,RGB,399922
images/gr/loadscrn_generic_6.img.xbx,512,512,RGB,401733
images/gr/loadscrn_generic_7.img.xbx,512,512,RGB,394035
images/gr/loadscrn_los_angeles.img.xbx,512,512,RGB,394189
images/gr/loadscrn_los_angeles_classic.img.xbx,512,512,RGB,443091
images/gr/loadscrn_new_orleans.img.xbx,512,512,RGB,412528
images/gr/loadscrn_new_orleans_classic.img.xbx,512,512,RGB,451287
images/gr/loadscrn_new_orleans_story.img.xbx,512,512,RGB,487086
images/gr/loadscrn_new_orleans_story2.img.xbx,512,512,RGB,365894
images/gr/loadscrn_philly.img.xbx,512,512,RGB,302862
images/gr/loadscrn_philly_classic.img.xbx,512,512,RGB,438869
images/gr/loadscrn_school.img.xbx,512,512,RGB,362108
images/gr/loadscrn_school_classic.img.xbx,512,512,RGB,429355
images/gr/loadscrn_secret_1.img.xbx,512,512,RGB,328914
images/gr/loadscrn_secret_1_story.img.xbx,512,512,RGB,427927
images/gr/loadscrn_secret_2.img.xbx,512,512,RGB,364419
images/gr/loadscrn_secret_2_classic.img.xbx,512,512,RGB,413674
images/gr/loadscrn_secret_2_story.img.xbx,512,512,RGB,274128
images/gr/loadscrn_skatopia.img.xbx,512,512,RGB,359619
images/gr/loadscrn_skatopia_classic.img.xbx,512,512,RGB,456035
images/gr/loadscrn_skatopia_story.img.xbx,512,512,RGB,485751
images/gr/loadscrn_skatopia_story2.img.xbx,512,512,RGB,371795
images/gr/loadscrn_system_link_x.img.xbx,640,448,RGB,416698
images/gr/loadscrn_system_x.img.xbx,640,448,RGB,388881
images/gr/loadscrn_training.img.xbx,512,512,RGB,312432
images/gr/loadscrn_training_classic.img.xbx,512,512,RGB,395977
images/gr/loadscrn_training_story.img.xbx,512,512,RGB,418246
images/gr/loadscrn_trick.img.xbx,512,512,RGB,372109
images/gr/loadscrn_trick_ngc.img.xbx,512,512,RGB,372074
images/gr/loadscrn_trick_x.img.xbx,640,448,RGB,368672
images/gr/loadscrn_x.img.xbx,512,512,RGB,445583
images/loadscrn.img.xbx,640,448,RGB,455366
images/loadscrn_2player.img.xbx,640,448,RGB,411358
images/loadscrn_Online.img.xbx,640,448,RGB,382816
images/loadscrn_Online2.img.xbx,640,448,RGB,373964
images/loadscrn_airport.img.xbx,640,448,RGB,400402
images/loadscrn_airport_classic.img.xbx,640,448,RGB,469432
images/loadscrn_australia.img.xbx,640,448,RGB,546753
images/loadscrn_australia_classic.img.xbx,640,448,RGB,525613
images/loadscrn_australia_story.img.xbx,640,448,RGB,518824
images/loadscrn_australia_story2.img.xbx,640,448,RGB,372858
images/loadscrn_barcelona.img.xbx,640,448,RGB,386328
images/loadscrn_barcelona_classic.img.xbx,640,448,RGB,487182
images/loadscrn_barcelona_story.img.xbx,640,448,RGB,516829
images/loadscrn_berlin.img.xbx,640,448,RGB,421238
images/loadscrn_berlin_classic.img.xbx,640,448,RGB,499578
images/loadscrn_berlin_story.img.xbx,640,448,RGB,456758
images/loadscrn_boston.img.xbx,640,448,RGB,480672
images/loadscrn_boston_classic.img.xbx,640,448,RGB,498016
images/loadscrn_boston_story.img.xbx,640,448,RGB,503964
images/loadscrn_canada.img.xbx,640,448,RGB,453815
images/loadscrn_canada_classic.img.xbx,640,448,RGB,520014
images/loadscrn_created.img.xbx,640,448,RGB,379297
images/loadscrn_downhill.img.xbx,640,448,RGB,355610
images/loadscrn_downhill_classic.img.xbx,640,448,RGB,462015
images/loadscrn_editor.img.xbx,640,448,RGB,413423
images/loadscrn_editor_ngc.img.xbx,640,448,RGB,409049
images/loadscrn_editor_play.img.xbx,640,448,RGB,368924
images/loadscrn_editor_x.img.xbx,640,448,RGB,395726
images/loadscrn_generic.img.xbx,640,448,RGB,397922
images/loadscrn_generic_1.img.xbx,640,448,RGB,427324
images/loadscrn_generic_2.img.xbx,640,448,RGB,419492
images/loadscrn_generic_3.img.xbx,640,448,RGB,411625
images/loadscrn_generic_4.img.xbx,640,448,RGB,424231
images/loadscrn_generic_5.img.xbx,640,448,RGB,408767
images/loadscrn_generic_6.img.xbx,640,448,RGB,422816
images/loadscrn_generic_7.img.xbx,640,448,RGB,392690
images/loadscrn_los_angeles.img.xbx,640,448,RGB,426332
images/loadscrn_los_angeles_classic.img.xbx,640,448,RGB,492232
images/loadscrn_new_orleans.img.xbx,640,448,RGB,455138
images/loadscrn_new_orleans_classic.img.xbx,640,448,RGB,501292
images/loadscrn_new_orleans_story.img.xbx,640,448,RGB,532165
images/loadscrn_new_orleans_story2.img.xbx,640,448,RGB,367443
images/loadscrn_philly.img.xbx,640,448,RGB,325564
images/loadscrn_philly_classic.img.xbx,640,448,RGB,489095
images/loadscrn_school.img.xbx,640,448,RGB,399430
images/loadscrn_school_classic.img.xbx,640,448,RGB,481687
images/loadscrn_secret_1.img.xbx,640,448,RGB,357073
images/loadscrn_secret_1_story.img.xbx,640,448,RGB,451950
images/loadscrn_secret_2.img.xbx,640,448,RGB,405342
images/loadscrn_secret_2_classic.img.xbx,640,448,RGB,466227
images/loadscrn_secret_2_story.img.xbx,640,448,RGB,380566
images/loadscrn_skatopia.img.xbx,640,448,RGB,392510
images/loadscrn_skatopia_classic.img.xbx,640,448,RGB,508356
images/loadscrn_skatopia_story.img.xbx,640,448,RGB,536787
images/loadscrn_skatopia_story2.img.xbx,640,448,RGB,375699
images/loadscrn_system_link_x.img.xbx,640,448,RGB,426260
images/loadscrn_system_x.img.xbx,640,448,RGB,391560
images/loadscrn_training.img.xbx,640,448,RGB,337828
images/loadscrn_training_classic.img.xbx,640,448,RGB,432698
images/loadscrn_training_story.img.xbx,640,448,RGB,455071
images/loadscrn_trick.img.xbx,640,448,RGB,368776
images/loadscrn_trick_ngc.img.xbx,640,448,RGB,368714
images/loadscrn_trick_x.img.xbx,640,448,RGB,373570
images/loadscrn_x.img.xbx,640,448,RGB,452814
images/particle_test01.img.xbx,16,16,RGB,85
images/particle_test02.img.xbx,16,16,RGBA,319
images/particles/APM_Roman_quad.img.xbx,32,32,RGBA,1279
images/particles/APM_water_splash01.img.xbx,32,32,RGBA,1086
images/particles/BA_APM_SoftCircle.img.xbx,32,32,RGBA,889
images/particles/BA_APM_SoftSGrade01.img.xbx,64,64,RGBA,1783
images/particles/BA_APM_SoftSQuare01.img.xbx,32,32,RGBA,462
images/particles/BA_APM_smokePuff01.img.xbx,32,32,RGBA,1355
images/particles/BA_APM_smokePuff01s.img.xbx,16,16,RGBA,873
images/particles/BA_cp_butterfinger_bar.img.xbx,32,32,RGBA,609
images/particles/BE_AS_bar_bottle_smash_01.img.xbx,64,64,RGBA,2421
images/particles/BE_AS_puff_01.img.xbx,64,32,RGBA,985
images/particles/BE_AS_spark_01.img.xbx,32,32,RGBA,938
images/particles/CS_smoke.img.xbx,32,32,RGBA,1231
images/particles/Cutscene_Debris_01.img.xbx,32,32,RGBA,701
images/particles/Cutscene_Smoke_01.img.xbx,32,32,RGBA,1231
images/particles/Cutscene_Spark_01.img.xbx,32,32,RGBA,653
images/particles/Cutscene_Spray_01.img.xbx,32,32,RGBA,1029
images/particles/HI_cp_smoke.img.xbx,32,32,RGBA,1231
images/particles/JOW_AP_FlagScraps01.img.xbx,64,64,RGBA,4564
images/particles/JOW_AP_Suitcase01.img.xbx,64,64,RGBA,3764
images/particles/JOW_AU_Chunks01.img.xbx,64,64,RGBA,2212
images/particles/JOW_AU_Chunks02.img.xbx,64,64,RGBA,1312
images/particles/JOW_AU_Chunks03.img.xbx,64,64,RGBA,1327
images/particles/JOW_AU_SkidMark01.img.xbx,16,16,RGBA,705
images/particles/JOW_BA_Chunks01.img.xbx,64,64,RGBA,1287
images/particles/JOW_BA_Trash01.img.xbx,64,64,RGBA,2826
images/particles/JOW_BA_Trash02.img.xbx,64,64,RGBA,1832
images/particles/JOW_BE_Bubble01.img.xbx,32,32,RGBA,892
images/particles/JOW_BE_Chunks01.img.xbx,64,64,RGBA,1824
images/particles/JOW_BE_Chunks02.img.xbx,64,64,RGBA,1916
images/particles/JOW_CA_Snowflake01.img.xbx,64,64,RGBA,3852
images/particles/JOW_CA_Snowman01.img.xbx,64,64,RGBA,941
images/particles/JOW_NO_Burst01.img.xbx,32,32,RGBA,777
images/particles/JOW_NO_CauldronBubble01.img.xbx,32,32,RGBA,825
images/particles/JOW_NO_CauldronRing01.img.xbx,64,64,RGBA,2350
images/particles/JOW_NO_Drip01.img.xbx,16,16,RGBA,195
images/particles/JOW_NO_Drops01.img.xbx,32,32,RGBA,981
images/particles/JOW_NO_Flames01.img.xbx,32,32,RGBA,802
images/particles/JOW_NO_Puff01.img.xbx,64,64,RGBA,1850
images/particles/JOW_PH_Hoagie01.img.xbx,64,64,RGBA,3742
images/particles/JOW_SC_Alarm01.img.xbx,64,64,RGBA,2098
images/particles/JOW_SC_Books01.img.xbx,64,64,RGBA,2136
images/particles/JOW_SC_Star01.img.xbx,32,32,RGBA,648
images/particles/JOW_SE2_Dirt01.img.xbx,64,64,RGBA,1339
images/particles/JOW_SE2_QPChunks01.img.xbx,64,64,RGBA,1529
images/particles/JOW_SE2_QPChunks02.img.xbx,64,64,RGBA,1213
images/particles/JOW_SE2_RedMetal01.img.xbx,64,64,RGBA,1868
images/particles/JOW_SE2_Treasure01.img.xbx,64,64,RGBA,2075
images/particles/JOW_SE_Dart01.img.xbx,32,32,RGBA,403
images/particles/RU_AS_snow_splat_01.img.xbx,64,64,RGBA,3444
images/particles/RU_AS_spark_01.img.xbx,64,64,RGBA,1435
images/particles/RU_AS_spark_trail_01.img.xbx,64,8,RGB,88
images/particles/SD_CS_Water_05.img.xbx,16,16,RGBA,354
images/particles/Spit_spray.img.xbx,16,16,RGBA,109
images/particles/TB_BO_ATM_Cash_03.img.xbx,64,64,RGBA,2599
images/particles/TB_BO_ATM_Cash_04.img.xbx,32,32,RGBA,1206
images/particles/TB_BO_ATM_Cash_05.img.xbx,32,32,RGBA,882
images/particles/TB_BO_ATM_Cash_06.img.xbx,32,32,RGBA,1018
images/particles/TB_BO_Barrel_Shatter_01.img.xbx,64,64,RGBA,1709
images/particles/TB_BO_Boston_Leaves_01.img.xbx,32,32,RGBA,814
images/particles/TB_BO_Boston_Leaves_02.img.xbx,32,32,RGBA,1061
images/particles/TB_BO_Boston_Leaves_03.img.xbx,32,32,RGBA,929
images/particles/TB_BO_Boston_Leaves_04.img.xbx,32,32,RGBA,901
images/particles/TB_BO_Tea_Leaves_01.img.xbx,64,64,RGBA,4221
images/particles/TB_BO_Wind_02.img.xbx,64,64,RGBA,2420
images/particles/WaterDrop01.img.xbx,32,32,RGBA,1462
images/particles/apm_QUADfeathers.img.xbx,64,64,RGBA,2566
images/particles/apm_brown_test.img.xbx,64,64,RGBA,1241
images/particles/apm_brown_test2.img.xbx,64,64,RGB,2586
images/particles/apm_debis_01.img.xbx,32,32,RGBA,701
images/particles/apm_debis_02.img.xbx,32,32,RGBA,1101
images/particles/apm_debis_Quad01.img.xbx,64,64,RGBA,1699
images/particles/apm_debris_xploder01.img.xbx,64,64,RGBA,1055
images/particles/apm_fallingwater_01.img.xbx,32,32,RGBA,2441
images/particles/apm_feather01.img.xbx,32,32,RGBA,1033
images/particles/apm_feather02.img.xbx,32,32,RGBA,1070
images/particles/apm_feather03.img.xbx,32,32,RGBA,1006
images/particles/apm_feather04.img.xbx,32,32,RGBA,888
images/particles/apm_flameQUAD_01.img.xbx,32,32,RGBA,1463
images/particles/apm_flame_01.img.xbx,32,32,RGBA,820
images/particles/apm_flys.img.xbx,64,64,RGBA,2250
images/particles/apm_grass01.img.xbx,16,16,RGBA,590
images/particles/apm_leaf01.img.xbx,32,32,RGBA,841
images/particles/apm_leaf02.img.xbx,32,32,RGBA,1095
images/particles/apm_leaf03.img.xbx,32,32,RGBA,1170
images/particles/apm_leaf04.img.xbx,32,32,RGBA,988
images/particles/apm_lightning01.img.xbx,32,32,RGBA,1012
images/particles/apm_quadleaf01.img.xbx,64,64,RGBA,2933
images/particles/apm_quadsmoke01.img.xbx,64,64,RGBA,3711
images/particles/apm_ring_01.img.xbx,32,32,RGBA,845
images/particles/apm_ring_02.img.xbx,64,64,RGBA,6817
images/particles/apm_ring_03.img.xbx,64,64,RGBA,1722
images/particles/apm_ring_04.img.xbx,64,64,RGBA,1388
images/particles/apm_snowflake01.img.xbx,32,32,RGBA,859
images/particles/apm_spark_01.img.xbx,32,32,RGBA,653
images/particles/apm_spark_02.img.xbx,16,16,RGBA,200
images/particles/apm_spark_03.img.xbx,16,16,RGBA,647
images/particles/apm_spark_4.img.xbx,16,16,RGBA,334
images/particles/apm_splinters_01.img.xbx,32,32,RGBA,753
images/particles/apm_splinters_02.img.xbx,32,32,RGBA,753
images/particles/apm_spray_01.img.xbx,32,32,RGBA,1029
images/particles/apm_stripes01.img.xbx,32,32,RGBA,1405
images/particles/apm_wake01.img.xbx,16,16,RGBA,267
images/particles/be_hj_waterdrop.img.xbx,32,32,RGBA,828
images/particles/cod_splash.img.xbx,64,64,RGBA,4416
images/particles/dt_barf02.img.xbx,16,16,RGBA,542
images/particles/dt_blackdot01.img.xbx,16,16,RGBA,446
images/particles/dt_browndot02.img.xbx,16,16,RGBA,303
images/particles/dt_choochooSmoke01c.img.xbx,32,32,RGBA,2340
images/particles/dt_fireball01.img.xbx,32,32,RGBA,678
images/particles/dt_flametest01.img.xbx,16,16,RGBA,609
images/particles/dt_flametest02.img.xbx,16,16,RGBA,609
images/particles/dt_generic_flame01.img.xbx,16,16,RGBA,393
images/particles/dt_generic_flame02.img.xbx,16,16,RGBA,314
images/particles/dt_generic_particle01.img.xbx,16,16,RGBA,403
images/particles/dt_ironblast01.img.xbx,32,32,RGBA,695
images/particles/dt_multiparticle01.img.xbx,16,16,RGBA,225
images/particles/dt_neon01.img.xbx,16,16,RGBA,393
images/particles/dt_nj_flame01.img.xbx,32,32,RGBA,775
images/particles/dt_nj_flame02.img.xbx,32,32,RGBA,775
images/particles/dt_nj_flame03.img.xbx,64,64,RGBA,3246
images/particles/dt_nj_leaf01.img.xbx,32,32,RGBA,1124
images/particles/dt_nj_leafmove02.img.xbx,128,128,RGBA,18406
images/particles/dt_nj_light01.img.xbx,32,32,RGBA,257
images/particles/dt_nj_puff01.img.xbx,64,32,RGBA,3125
images/particles/dt_nj_puff01b.img.xbx,32,32,RGBA,1949
images/particles/dt_nj_puff02.img.xbx,64,64,RGBA,5502
images/particles/dt_nj_waterdrop01.img.xbx,32,32,RGBA,1437
images/particles/dt_nj_waterdrop02.img.xbx,32,32,RGBA,1527
images/particles/dt_nj_waterdrop04.img.xbx,32,32,RGBA,1019
images/particles/dt_nj_waterdrop05.img.xbx,32,32,RGBA,1114
images/particles/dt_spark01.img.xbx,16,16,RGB,491
images/particles/fire_particle_cw.img.xbx,32,32,RGBA,1153
images/particles/jh_trianglesuck.img.xbx,16,16,RGBA,580
images/particles/jh_warpsuck.img.xbx,16,16,RGBA,614
images/particles/mips/apm_brown_test2_auto32m0.img.xbx,64,64,RGB,2586
images/particles/mips/apm_brown_test2_auto32m1.img.xbx,32,32,RGB,841
images/particles/mips/apm_brown_test2_auto32m2.img.xbx,16,16,RGB,347
images/particles/mips/apm_brown_test2_auto32m3.img.xbx,8,8,RGB,171
images/particles/mips/apm_brown_test2_auto32m4.img.xbx,4,4,RGB,115
images/particles/mips/apm_brown_test2_auto32m5.img.xbx,2,2,RGB,79
images/particles/mips/apm_brown_test2_auto32m6.img.xbx,1,1,RGB,69
images/particles/mips/apm_brown_test_auto32m0.img.xbx,64,64,RGBA,1241
images/particles/mips/apm_brown_test_auto32m1.img.xbx,32,32,RGBA,602
images/particles/mips/apm_brown_test_auto32m2.img.xbx,16,16,RGBA,276
images/particles/mips/apm_brown_test_auto32m3.img.xbx,8,8,RGBA,149
images/particles/mips/apm_brown_test_auto32m4.img.xbx,4,4,RGBA,110
images/particles/mips/apm_brown_test_auto32m5.img.xbx,2,2,RGBA,83
images/particles/mips/apm_brown_test_auto32m6.img.xbx,1,1,RGBA,70
images/particles/mips/apm_spray_01_auto32m0.img.xbx,32,32,RGBA,1029
images/particles/mips/apm_spray_01_auto32m1.img.xbx,16,16,RGBA,615
images/particles/mips/apm_spray_01_auto32m2.img.xbx,8,8,RGBA,268
images/particles/mips/apm_spray_01_auto32m3.img.xbx,4,4,RGBA,115
images/particles/mips/apm_spray_01_auto32m4.img.xbx,2,2,RGBA,83
images/particles/mips/apm_spray_01_auto32m5.img.xbx,1,1,RGBA,70
images/particles/no_tw_vortex01.img.xbx,64,32,RGBA,3125
images/particles/particle_leaf.img.xbx,32,32,RGBA,1463
images/particles/particle_test01.img.xbx,32,32,RGBA,1124
images/particles/ru_tb_cs_puff_01.img.xbx,64,32,RGBA,985
images/particles/ru_tb_puff_01.img.xbx,64,32,RGBA,985
images/particles/se_dt_glitter01.img.xbx,32,32,RGB,376
images/particles/se_hj_SpotLightGlow.img.xbx,32,32,RGBA,744
images/particles/tw_particle_fire01.img.xbx,32,32,RGBA,2289
images/particles/tw_particle_leaf01.img.xbx,32,32,RGBA,1059
images/particles/vc_apm_Gleaf01.img.xbx,32,32,RGBA,1741
images/particles/vc_apm_Gleaf02.img.xbx,32,32,RGBA,1090
images/particles/vc_apm_Gleaf03.img.xbx,32,32,RGBA,1012
images/particles/vc_apm_bush_inner02.img.xbx,64,64,RGBA,4500
images/particles/vc_apm_bush_inner03.img.xbx,64,64,RGBA,4462
images/particles/vc_apm_droplet.img.xbx,8,8,RGBA,257
images/particles/vc_apm_leaf01.img.xbx,32,32,RGBA,809
images/particles/vc_apm_ripple.img.xbx,32,32,RGBA,847
images/particles/water_spray.img.xbx,16,16,RGBA,434
textures/Boards/BH_deck01.img.xbx,64,128,RGB,5963
textures/Boards/Tape_Burnquist_01.img.xbx,64,128,RGB,14777
textures/Boards/Tape_Generic_01.img.xbx,64,128,RGB,14593
textures/Boards/Tape_Generic_02.img.xbx,64,128,RGB,14661
textures/Boards/Tape_Generic_03.img.xbx,64,128,RGB,14571
textures/Boards/Tape_Generic_04.img.xbx,64,128,RGB,14033
textures/Boards/Tape_Generic_05.img.xbx,64,128,RGB,15610
textures/Boards/Tape_Generic_06.img.xbx,64,128,RGB,14700
textures/Boards/Tape_Generic_07.img.xbx,64,128,RGB,15506
textures/Boards/Tape_Generic_08.img.xbx,64,128,RGB,14114
textures/Boards/Tape_Generic_09.img.xbx,64,128,RGB,15112
textures/Boards/Tape_Generic_10.img.xbx,64,128,RGB,14674
textures/Boards/Tape_Generic_11.img.xbx,64,128,RGB,14335
textures/Boards/Tape_Generic_12.img.xbx,64,128,RGB,14450
textures/Boards/Tape_Generic_13.img.xbx,64,128,RGB,14073
textures/Boards/Tape_Generic_14.img.xbx,64,128,RGB,14872
textures/Boards/Tape_Generic_15.img.xbx,64,128,RGB,14793
textures/Boards/Tape_Generic_16.img.xbx,64,128,RGB,14777
textures/Boards/Tape_Generic_17.img.xbx,64,128,RGB,14806
textures/Boards/Tape_Generic_18.img.xbx,64,128,RGB,15935
textures/Boards/Tape_Hawk_01.img.xbx,64,128,RGB,15492
textures/Boards/Tape_Koston_01.img.xbx,64,128,RGB,10295
textures/Boards/Tape_Mullen_01.img.xbx,64,128,RGB,14914
textures/Boards/Tape_Muska_01.img.xbx,64,128,RGB,16500
textures/Boards/Tape_Sheckler_01.img.xbx,64,128,RGB,13268
textures/Boards/al_mullen01.img.xbx,64,128,RGB,14331
textures/Boards/al_sheckler01.img.xbx,64,128,RGB,17926
textures/Boards/al_team01.img.xbx,64,128,RGB,4444
textures/Boards/al_team02.img.xbx,64,128,RGB,4326
textures/Boards/al_team03.img.xbx,64,128,RGB,10578
textures/Boards/al_team04.img.xbx,64,128,RGB,13370
textures/Boards/bh_hawk01.img.xbx,64,128,RGB,9569
textures/Boards/bh_team01.img.xbx,64,128,RGB,9315
textures/Boards/bh_team02.img.xbx,64,128,RGB,6575
textures/Boards/bh_team03.img.xbx,64,128,RGB,11783
textures/Boards/bh_team04.img.xbx,64,128,RGB,8198
textures/Boards/el_kaupas01.img.xbx,64,128,RGB,10814
textures/Boards/el_margera01.img.xbx,64,128,RGB,13539
textures/Boards/el_team01.img.xbx,64,128,RGB,8570
textures/Boards/el_team02.img.xbx,64,128,RGB,8876
textures/Boards/el_team03.img.xbx,64,128,RGB,9846
textures/Boards/el_team04.img.xbx,64,128,RGB,10012
textures/Boards/el_vallely01.img.xbx,64,128,RGB,12880
textures/Boards/fi_burnquist01.img.xbx,64,128,RGB,13506
textures/Boards/fi_team01.img.xbx,64,128,RGB,14621
textures/Boards/gi_koston01.img.xbx,64,128,RGB,10631
textures/Boards/gi_team01.img.xbx,64,128,RGB,10444
textures/Boards/gi_team02.img.xbx,64,128,RGB,9009
textures/Boards/gi_team03.img.xbx,64,128,RGB,6048
textures/Boards/gi_team04.img.xbx,64,128,RGBA,8964
textures/Boards/mu_doors01.img.xbx,64,128,RGBA,5405
textures/Boards/mu_metallica01.img.xbx,64,128,RGBA,5235
textures/Boards/os_team01.img.xbx,64,128,RGBA,13244
textures/Boards/os_weeman01.img.xbx,64,128,RGBA,11371
textures/Boards/rd_team01.img.xbx,64,128,RGBA,10859
textures/Boards/rd_team02.img.xbx,64,128,RGBA,15210
textures/Boards/rd_team03.img.xbx,64,128,RGB,4839
textures/Boards/sh_muska01.img.xbx,64,128,RGBA,14947
textures/Boards/sh_team01.img.xbx,64,128,RGBA,13435
textures/Boards/sh_team02.img.xbx,64,128,RGB,6332
textures/Boards/sh_team03.img.xbx,64,128,RGBA,13707
textures/Boards/sh_team04.img.xbx,64,128,RGBA,20002
textures/Cars/JKU_HeadlightGlow.img.xbx,32,32,RGBA,688
textures/Cars/JKU_HeadlightGlow_Transparent.img.xbx,32,32,RGBA,141
textures/Cars/JKU_LightCircle.img.xbx,64,64,RGBA,1060
textures/Cars/JKU_LightCircle_Transparent.img.xbx,64,64,RGBA,158
textures/Cars/JKU_TaillightGlow.img.xbx,32,32,RGBA,688
textures/Cars/JKU_TaillightGlow_Transparent.img.xbx,32,32,RGBA,141
textures/Logos/CS_NH_logo_College.img.xbx,128,64,RGBA,2618
textures/Logos/CS_NSN_logo_none.img.xbx,128,64,RGBA,189
textures/Logos/CS_NSN_logo_none2.img.xbx,128,64,RGBA,189
textures/Logos/Hat_68skate01.img.xbx,32,64,RGBA,1888
textures/Logos/Hat_Adio01.img.xbx,32,64,RGBA,1705
textures/Logos/Hat_Adio02.img.xbx,32,64,RGBA,1998
textures/Logos/Hat_Almost01.img.xbx,32,64,RGBA,1192
textures/Logos/Hat_Almost02.img.xbx,32,64,RGBA,1279
textures/Logos/Hat_Argentum01.img.xbx,32,64,RGBA,1027
textures/Logos/Hat_Butterfinger01.img.xbx,32,64,RGBA,1857
textures/Logos/Hat_Butterfinger02.img.xbx,32,64,RGBA,2392
textures/Logos/Hat_Circa01.img.xbx,32,64,RGBA,1028
textures/Logos/Hat_Circa02.img.xbx,32,64,RGBA,1140
textures/Logos/Hat_Denied01.img.xbx,32,64,RGBA,1599
textures/Logos/Hat_Firm01.img.xbx,32,64,RGBA,1219
textures/Logos/Hat_Hawkc01.img.xbx,32,64,RGBA,967
textures/Logos/Hat_Hawkc02.img.xbx,32,64,RGBA,1125
textures/Logos/Hat_Hawkc03.img.xbx,32,64,RGBA,1299
textures/Logos/Hat_Hurley01.img.xbx,32,64,RGBA,1542
textures/Logos/Hat_Hurley02.img.xbx,32,64,RGBA,1114
textures/Logos/Hat_Indy01.img.xbx,32,64,RGBA,1519
textures/Logos/Hat_Neversoft01.img.xbx,32,64,RGBA,1741
textures/Logos/Hat_Nixon01.img.xbx,32,64,RGBA,923
textures/Logos/Hat_Nixon02.img.xbx,32,64,RGBA,1609
textures/Logos/Hat_Quiksilver01.img.xbx,32,64,RGBA,729
textures/Logos/Hat_Quiksilver02.img.xbx,32,64,RGBA,781
textures/Logos/Hat_Vonzipper01.img.xbx,32,64,RGBA,1460
textures/Logos/Hat_Vonzipper02.img.xbx,32,64,RGBA,1394
textures/Logos/Hat_activision01.img.xbx,32,64,RGBA,1413
textures/Logos/Hat_birdhouse01.img.xbx,32,64,RGBA,1394
textures/Logos/Hat_birdhouse02.img.xbx,32,64,RGBA,2510
textures/Logos/Hat_deadend01.img.xbx,32,64,RGBA,1126
textures/Logos/Hat_doors01.img.xbx,32,64,RGBA,1133
textures/Logos/Hat_dvs01.img.xbx,32,64,RGBA,1479
textures/Logos/Hat_electric01.img.xbx,32,64,RGBA,1312
textures/Logos/Hat_electric02.img.xbx,32,64,RGBA,988
textures/Logos/Hat_element01.img.xbx,32,64,RGBA,1449
textures/Logos/Hat_element02.img.xbx,32,64,RGBA,1116
textures/Logos/Hat_emerica01.img.xbx,32,64,RGBA,852
textures/Logos/Hat_es01.img.xbx,32,64,RGBA,2502
textures/Logos/Hat_es02.img.xbx,32,64,RGBA,833
textures/Logos/Hat_etnies01.img.xbx,32,64,RGBA,977
textures/Logos/Hat_etnies02.img.xbx,32,64,RGBA,1083
textures/Logos/Hat_fourstar01.img.xbx,32,64,RGBA,1131
textures/Logos/Hat_fourstar02.img.xbx,32,64,RGBA,716
textures/Logos/Hat_girl01.img.xbx,32,64,RGBA,546
textures/Logos/Hat_girl02.img.xbx,32,64,RGBA,736
textures/Logos/Hat_globe01.img.xbx,32,64,RGBA,1033
textures/Logos/Hat_globe02.img.xbx,32,64,RGBA,982
textures/Logos/Hat_jeep01.img.xbx,32,64,RGBA,820
textures/Logos/Hat_matix01.img.xbx,32,64,RGBA,1536
textures/Logos/Hat_matix02.img.xbx,32,64,RGBA,1301
textures/Logos/Hat_metallica01.img.xbx,32,64,RGBA,2752
textures/Logos/Hat_motorola01.img.xbx,32,64,RGBA,1301
textures/Logos/Hat_motorola02.img.xbx,32,64,RGBA,1508
textures/Logos/Hat_napster01.img.xbx,32,64,RGBA,1033
textures/Logos/Hat_napster02.img.xbx,32,64,RGBA,946
textures/Logos/Hat_rds01.img.xbx,32,64,RGBA,641
textures/Logos/Hat_rds02.img.xbx,32,64,RGBA,1100
textures/Logos/Hat_shortys01.img.xbx,32,64,RGBA,1072
textures/Logos/Hat_shortys02.img.xbx,32,64,RGBA,1703
textures/Logos/Hat_sobe01.img.xbx,32,64,RGBA,2220
textures/Logos/Hat_tensor01.img.xbx,32,64,RGBA,1369
textures/Logos/Hat_thps101.img.xbx,32,64,RGBA,2647
textures/Logos/Hat_thps201.img.xbx,32,64,RGBA,2781
textures/Logos/Hat_thps301.img.xbx,32,64,RGBA,2234
textures/Logos/Hat_thps401.img.xbx,32,64,RGBA,2477
textures/Logos/Hat_thug01.img.xbx,32,64,RGBA,1910
textures/Logos/Hat_thug02.img.xbx,32,64,RGBA,2815
textures/Logos/Hat_volcom01.img.xbx,32,64,RGBA,1370
textures/Logos/Hat_volcom02.img.xbx,32,64,RGBA,739
textures/Logos/Hat_westcoastchoppers01.img.xbx,32,64,RGBA,1817
textures/Logos/Sht_68skate01.img.xbx,128,64,RGBA,4267
textures/Logos/Sht_Adio01.img.xbx,128,64,RGBA,2799
textures/Logos/Sht_Adio02.img.xbx,128,64,RGBA,3467
textures/Logos/Sht_Almost01.img.xbx,128,64,RGBA,2164
textures/Logos/Sht_Almost02.img.xbx,128,64,RGBA,2314
textures/Logos/Sht_Butterfinger01.img.xbx,128,64,RGBA,5273
textures/Logos/Sht_Butterfinger02.img.xbx,128,64,RGBA,4798
textures/Logos/Sht_Butterfinger_Eat_back.img.xbx,128,64,RGBA,2527
textures/Logos/Sht_Butterfinger_Eat_front.img.xbx,128,64,RGBA,3497
textures/Logos/Sht_Circa01.img.xbx,128,64,RGBA,1762
textures/Logos/Sht_Circa02.img.xbx,128,64,RGBA,2140
textures/Logos/Sht_Deadend01.img.xbx,128,64,RGBA,3385
textures/Logos/Sht_Denied01.img.xbx,128,64,RGBA,3121
textures/Logos/Sht_Firm01.img.xbx,128,64,RGBA,2666
textures/Logos/Sht_Hawkc01.img.xbx,128,64,RGBA,2831
textures/Logos/Sht_Hawkc02.img.xbx,128,64,RGBA,3676
textures/Logos/Sht_Hurley01.img.xbx,128,64,RGBA,2468
textures/Logos/Sht_Hurley02.img.xbx,128,64,RGBA,2459
textures/Logos/Sht_Indy01.img.xbx,128,64,RGBA,3318
textures/Logos/Sht_Neversoft01.img.xbx,128,64,RGBA,3242
textures/Logos/Sht_Quiksilver01.img.xbx,128,64,RGBA,1329
textures/Logos/Sht_Quiksilver02.img.xbx,128,64,RGBA,1768
textures/Logos/Sht_THPS201.img.xbx,128,64,RGBA,2619
textures/Logos/Sht_Vonzipper01.img.xbx,128,64,RGBA,2500
textures/Logos/Sht_Vonzipper02.img.xbx,128,64,RGBA,5448
textures/Logos/Sht_activision01.img.xbx,128,64,RGBA,2679
textures/Logos/Sht_atmosphere01.img.xbx,128,64,RGBA,4360
textures/Logos/Sht_birdhouse01.img.xbx,128,64,RGBA,3095
textures/Logos/Sht_birdhouse02.img.xbx,128,64,RGBA,5346
textures/Logos/Sht_braineaters01.img.xbx,128,64,RGBA,4476
textures/Logos/Sht_cash01.img.xbx,128,64,RGBA,2692
textures/Logos/Sht_casulties01.img.xbx,128,64,RGBA,6631
textures/Logos/Sht_chemist01.img.xbx,128,64,RGBA,1764
textures/Logos/Sht_element01.img.xbx,128,64,RGBA,4378
textures/Logos/Sht_element02.img.xbx,128,64,RGBA,2283
textures/Logos/Sht_emerica01.img.xbx,128,64,RGBA,1503
textures/Logos/Sht_es01.img.xbx,128,64,RGBA,4441
textures/Logos/Sht_es02.img.xbx,128,64,RGBA,1798
textures/Logos/Sht_etnies01.img.xbx,128,64,RGBA,1907
textures/Logos/Sht_etnies02.img.xbx,128,64,RGBA,1772
textures/Logos/Sht_explosion01.img.xbx,128,64,RGBA,5345
textures/Logos/Sht_girl01.img.xbx,128,64,RGBA,2371
textures/Logos/Sht_girl02.img.xbx,128,64,RGBA,1331
textures/Logos/Sht_globe01.img.xbx,128,64,RGBA,1707
textures/Logos/Sht_globe02.img.xbx,128,64,RGBA,1788
textures/Logos/Sht_hawkclt_Ducttape_B.img.xbx,128,64,RGBA,2905
textures/Logos/Sht_hawkclt_Ducttape_F.img.xbx,128,64,RGBA,3008
textures/Logos/Sht_hawks01.img.xbx,128,64,RGBA,2403
textures/Logos/Sht_jimmy01.img.xbx,128,64,RGBA,4205
textures/Logos/Sht_matix01.img.xbx,128,64,RGBA,4056
textures/Logos/Sht_matix02.img.xbx,128,64,RGBA,2926
textures/Logos/Sht_metallica01.img.xbx,128,64,RGBA,5335
textures/Logos/Sht_nebula01.img.xbx,128,64,RGBA,2577
textures/Logos/Sht_nixon01.img.xbx,128,64,RGBA,2523
textures/Logos/Sht_nixon02.img.xbx,128,64,RGBA,2758
textures/Logos/Sht_oldstar01.img.xbx,128,64,RGBA,5397
textures/Logos/Sht_rds01.img.xbx,128,64,RGBA,1437
textures/Logos/Sht_rds02.img.xbx,128,64,RGBA,2403
textures/Logos/Sht_shortys01.img.xbx,128,64,RGBA,3996
textures/Logos/Sht_shortys02.img.xbx,128,64,RGBA,3198
textures/Logos/Sht_tensor01.img.xbx,128,64,RGBA,2574
textures/Logos/Sht_test.img.xbx,128,64,RGBA,2116
textures/Logos/Sht_thps101.img.xbx,128,64,RGBA,5051
textures/Logos/Sht_thps301.img.xbx,128,64,RGBA,4308
textures/Logos/Sht_thps401.img.xbx,128,64,RGBA,3895
textures/Logos/Sht_thug.img.xbx,128,64,RGBA,5286
textures/Logos/Sht_thug02.img.xbx,128,64,RGBA,5994
textures/Logos/Sht_vision01.img.xbx,128,64,RGBA,2995
textures/Logos/Sht_volcom01.img.xbx,128,64,RGBA,1610
textures/Logos/Sht_volcom02.img.xbx,128,64,RGBA,2594
textures/Logos/Sht_ween01.img.xbx,128,64,RGBA,6086
textures/Logos/Sht_zeke01.img.xbx,128,64,RGBA,2410
textures/Logos/sht_argentum01.img.xbx,128,64,RGBA,1892
textures/Logos/sht_doors01.img.xbx,128,64,RGBA,2485
textures/Logos/sht_dvs01.img.xbx,128,64,RGBA,2744
textures/Logos/sht_electric01.img.xbx,128,64,RGBA,1760
textures/Logos/sht_electric02.img.xbx,128,64,RGBA,2147
textures/Logos/sht_fourstar01.img.xbx,128,64,RGBA,2809
textures/Logos/sht_fourstar02.img.xbx,128,64,RGBA,1295
textures/Logos/sht_jeep01.img.xbx,128,64,RGBA,1646
textures/Logos/sht_machines01.img.xbx,128,64,RGBA,7234
textures/Logos/sht_ministry01.img.xbx,128,64,RGBA,6206
textures/Logos/sht_motorola01.img.xbx,128,64,RGBA,2411
textures/Logos/sht_motorola02.img.xbx,128,64,RGBA,2269
textures/Logos/sht_napster01.img.xbx,128,64,RGBA,1597
textures/Logos/sht_napster02.img.xbx,128,64,RGBA,1745
textures/Logos/sht_sobe01.img.xbx,128,64,RGBA,3518
textures/Logos/sht_westcoastchoppers01.img.xbx,128,64,RGBA,3580
textures/Skater_male/CAS_CRS_Shorts_Denim02.img.xbx,128,128,RGB,24662
textures/Skater_male/CAS_CRS_Shorts_Pattern.img.xbx,128,128,RGB,30688
textures/Skater_male/CAS_HJ_FlameShoe_A.img.xbx,64,64,RGB,7374
textures/Skater_male/CAS_MLS_english.img.xbx,64,64,RGBA,3771
textures/Skater_male/CAS_MLS_sportsocks.img.xbx,64,64,RGB,4700
textures/Skater_male/CAS_TZ_Backpack01a.img.xbx,64,64,RGB,6564
textures/Skater_male/CAS_TZ_Backpack02a.img.xbx,64,64,RGB,7774
textures/Skater_male/CAS_TZ_Backpack03a.img.xbx,64,64,RGB,4669
textures/Skater_male/CS_CRS_Torso_TrackJacket.img.xbx,128,128,RGB,13333
textures/Skater_male/CS_DM_TAT_limbs_1.img.xbx,32,32,RGBA,1460
textures/Skater_male/CS_DM_TAT_limbs_10.img.xbx,32,32,RGBA,1304
textures/Skater_male/CS_DM_TAT_limbs_11.img.xbx,32,32,RGBA,728
textures/Skater_male/CS_DM_TAT_limbs_12.img.xbx,32,32,RGBA,718
textures/Skater_male/CS_DM_TAT_limbs_13.img.xbx,32,32,RGBA,2153
textures/Skater_male/CS_DM_TAT_limbs_14.img.xbx,32,32,RGBA,771
textures/Skater_male/CS_DM_TAT_limbs_15.img.xbx,32,32,RGBA,1213
textures/Skater_male/CS_DM_TAT_limbs_16.img.xbx,32,32,RGBA,512
textures/Skater_male/CS_DM_TAT_limbs_17.img.xbx,32,32,RGBA,872
textures/Skater_male/CS_DM_TAT_limbs_18.img.xbx,32,32,RGBA,1481
textures/Skater_male/CS_DM_TAT_limbs_19.img.xbx,32,32,RGBA,720
textures/Skater_male/CS_DM_TAT_limbs_2.img.xbx,32,32,RGBA,1543
textures/Skater_male/CS_DM_TAT_limbs_20.img.xbx,32,32,RGBA,583
textures/Skater_male/CS_DM_TAT_limbs_21.img.xbx,32,32,RGBA,638
textures/Skater_male/CS_DM_TAT_limbs_22.img.xbx,32,32,RGBA,817
textures/Skater_male/CS_DM_TAT_limbs_23.img.xbx,32,32,RGBA,1079
textures/Skater_male/CS_DM_TAT_limbs_24.img.xbx,32,32,RGBA,841
textures/Skater_male/CS_DM_TAT_limbs_25.img.xbx,32,32,RGBA,530
textures/Skater_male/CS_DM_TAT_limbs_26.img.xbx,32,32,RGBA,1164
textures/Skater_male/CS_DM_TAT_limbs_27.img.xbx,32,32,RGBA,886
textures/Skater_male/CS_DM_TAT_limbs_28.img.xbx,32,32,RGBA,578
textures/Skater_male/CS_DM_TAT_limbs_29.img.xbx,32,32,RGBA,599
textures/Skater_male/CS_DM_TAT_limbs_3.img.xbx,32,32,RGBA,2013
textures/Skater_male/CS_DM_TAT_limbs_30.img.xbx,32,32,RGBA,739
textures/Skater_male/CS_DM_TAT_limbs_31.img.xbx,32,32,RGBA,676
textures/Skater_male/CS_DM_TAT_limbs_32.img.xbx,32,32,RGBA,892
textures/Skater_male/CS_DM_TAT_limbs_33.img.xbx,32,32,RGBA,821
textures/Skater_male/CS_DM_TAT_limbs_34.img.xbx,32,32,RGBA,609
textures/Skater_male/CS_DM_TAT_limbs_4.img.xbx,32,32,RGBA,737
textures/Skater_male/CS_DM_TAT_limbs_5.img.xbx,32,32,RGBA,1961
textures/Skater_male/CS_DM_TAT_limbs_6.img.xbx,32,32,RGBA,1018
textures/Skater_male/CS_DM_TAT_limbs_7.img.xbx,32,32,RGBA,609
textures/Skater_male/CS_DM_TAT_limbs_8.img.xbx,32,32,RGBA,1522
textures/Skater_male/CS_DM_TAT_limbs_9.img.xbx,32,32,RGBA,328
textures/Skater_male/CS_DM_TAT_upperbody_1.img.xbx,64,64,RGBA,3863
textures/Skater_male/CS_DM_TAT_upperbody_10.img.xbx,64,64,RGBA,1157
textures/Skater_male/CS_DM_TAT_upperbody_11.img.xbx,64,64,RGBA,1283
textures/Skater_male/CS_DM_TAT_upperbody_12.img.xbx,64,64,RGBA,2067
textures/Skater_male/CS_DM_TAT_upperbody_13.img.xbx,64,64,RGBA,1424
textures/Skater_male/CS_DM_TAT_upperbody_14.img.xbx,64,64,RGBA,1955
textures/Skater_male/CS_DM_TAT_upperbody_15.img.xbx,64,64,RGBA,1092
textures/Skater_male/CS_DM_TAT_upperbody_16.img.xbx,64,64,RGBA,835
textures/Skater_male/CS_DM_TAT_upperbody_17.img.xbx,64,64,RGBA,2065
textures/Skater_male/CS_DM_TAT_upperbody_18.img.xbx,64,64,RGBA,1348
textures/Skater_male/CS_DM_TAT_upperbody_19.img.xbx,64,64,RGBA,1665
textures/Skater_male/CS_DM_TAT_upperbody_2.img.xbx,64,64,RGBA,4400
textures/Skater_male/CS_DM_TAT_upperbody_20.img.xbx,64,64,RGBA,1419
textures/Skater_male/CS_DM_TAT_upperbody_21.img.xbx,64,64,RGBA,2166
textures/Skater_male/CS_DM_TAT_upperbody_22.img.xbx,64,64,RGBA,1822
textures/Skater_male/CS_DM_TAT_upperbody_23.img.xbx,64,64,RGBA,1142
textures/Skater_male/CS_DM_TAT_upperbody_24.img.xbx,64,64,RGBA,886
textures/Skater_male/CS_DM_TAT_upperbody_25.img.xbx,64,64,RGBA,1457
textures/Skater_male/CS_DM_TAT_upperbody_26.img.xbx,64,64,RGBA,1634
textures/Skater_male/CS_DM_TAT_upperbody_27.img.xbx,64,64,RGBA,1504
textures/Skater_male/CS_DM_TAT_upperbody_28.img.xbx,64,64,RGBA,1037
textures/Skater_male/CS_DM_TAT_upperbody_29.img.xbx,64,64,RGBA,1013
textures/Skater_male/CS_DM_TAT_upperbody_3.img.xbx,64,64,RGBA,5515
textures/Skater_male/CS_DM_TAT_upperbody_30.img.xbx,64,64,RGBA,1396
textures/Skater_male/CS_DM_TAT_upperbody_31.img.xbx,64,64,RGBA,1350
textures/Skater_male/CS_DM_TAT_upperbody_32.img.xbx,64,64,RGBA,1212
textures/Skater_male/CS_DM_TAT_upperbody_33.img.xbx,64,64,RGBA,1212
textures/Skater_male/CS_DM_TAT_upperbody_4.img.xbx,64,64,RGBA,1678
textures/Skater_male/CS_DM_TAT_upperbody_5.img.xbx,64,64,RGBA,1396
textures/Skater_male/CS_DM_TAT_upperbody_6.img.xbx,64,64,RGBA,1399
textures/Skater_male/CS_DM_TAT_upperbody_7.img.xbx,64,64,RGBA,3010
textures/Skater_male/CS_DM_TAT_upperbody_8.img.xbx,64,64,RGBA,1806
textures/Skater_male/CS_DM_TAT_upperbody_9.img.xbx,64,64,RGBA,1859
textures/Skater_male/CS_DM_Tat_Arm1.img.xbx,32,32,RGBA,374
textures/Skater_male/CS_DM_Tat_Arm10.img.xbx,32,32,RGBA,1075
textures/Skater_male/CS_DM_Tat_Arm11.img.xbx,32,32,RGBA,1640
textures/Skater_male/CS_DM_Tat_Arm12.img.xbx,32,32,RGBA,1575
textures/Skater_male/CS_DM_Tat_Arm13.img.xbx,32,32,RGBA,1297
textures/Skater_male/CS_DM_Tat_Arm14.img.xbx,32,32,RGBA,630
textures/Skater_male/CS_DM_Tat_Arm15.img.xbx,32,32,RGBA,1085
textures/Skater_male/CS_DM_Tat_Arm2.img.xbx,32,32,RGBA,1877
textures/Skater_male/CS_DM_Tat_Arm3.img.xbx,32,32,RGBA,1576
textures/Skater_male/CS_DM_Tat_Arm4.img.xbx,32,32,RGBA,1956
textures/Skater_male/CS_DM_Tat_Arm5.img.xbx,32,32,RGBA,1588
textures/Skater_male/CS_DM_Tat_Arm6.img.xbx,32,32,RGBA,991
textures/Skater_male/CS_DM_Tat_Arm7.img.xbx,32,32,RGBA,937
textures/Skater_male/CS_DM_Tat_Arm8.img.xbx,32,32,RGBA,1764
textures/Skater_male/CS_DM_Tat_Arm9.img.xbx,32,32,RGBA,1118
textures/Skater_male/CS_DM_Tat_BArm1.img.xbx,32,32,RGBA,697
textures/Skater_male/CS_DM_Tat_BArm10.img.xbx,32,32,RGBA,830
textures/Skater_male/CS_DM_Tat_BArm2.img.xbx,32,32,RGBA,659
textures/Skater_male/CS_DM_Tat_BArm3.img.xbx,32,32,RGBA,1421
textures/Skater_male/CS_DM_Tat_BArm4.img.xbx,32,32,RGBA,679
textures/Skater_male/CS_DM_Tat_BArm5.img.xbx,32,32,RGBA,435
textures/Skater_male/CS_DM_Tat_BArm6.img.xbx,32,32,RGBA,983
textures/Skater_male/CS_DM_Tat_BArm7.img.xbx,32,32,RGBA,861
textures/Skater_male/CS_DM_Tat_BArm8.img.xbx,32,32,RGBA,568
textures/Skater_male/CS_DM_Tat_BArm9.img.xbx,32,32,RGBA,1235
textures/Skater_male/CS_DM_Tat_Chest_1.img.xbx,64,64,RGBA,4059
textures/Skater_male/CS_DM_Tat_Chest_13.img.xbx,64,64,RGBA,2726
textures/Skater_male/CS_DM_Tat_Chest_14.img.xbx,64,64,RGBA,4139
textures/Skater_male/CS_DM_Tat_Chest_2.img.xbx,64,64,RGBA,2076
textures/Skater_male/CS_DM_Tat_Chest_4.img.xbx,64,64,RGBA,3022
textures/Skater_male/CS_DM_Tat_Chest_6.img.xbx,64,64,RGBA,1864
textures/Skater_male/CS_DM_Tat_Chest_9.img.xbx,64,64,RGBA,2867
textures/Skater_male/CS_DM_Tat_Extra_Arm_1.img.xbx,32,32,RGBA,833
textures/Skater_male/CS_DM_Tat_Extra_Arm_2.img.xbx,32,32,RGBA,751
textures/Skater_male/CS_DM_Tat_Extra_Head_Chest_1.img.xbx,64,64,RGBA,1364
textures/Skater_male/CS_DM_Tat_Extra_Head_Chest_10.img.xbx,64,64,RGBA,2025
textures/Skater_male/CS_DM_Tat_Extra_Head_Chest_2.img.xbx,64,64,RGBA,2304
textures/Skater_male/CS_DM_Tat_Extra_Head_Chest_3.img.xbx,64,64,RGBA,2017
textures/Skater_male/CS_DM_Tat_Extra_Head_Chest_4.img.xbx,64,64,RGBA,1322
textures/Skater_male/CS_DM_Tat_Extra_Head_Chest_5.img.xbx,64,64,RGBA,1932
textures/Skater_male/CS_DM_Tat_Extra_Head_Chest_6.img.xbx,64,64,RGBA,4512
textures/Skater_male/CS_DM_Tat_Extra_Head_Chest_7.img.xbx,64,64,RGBA,2544
textures/Skater_male/CS_DM_Tat_Extra_Head_Chest_8.img.xbx,64,64,RGBA,1345
textures/Skater_male/CS_DM_Tat_Extra_Head_Chest_9.img.xbx,64,64,RGBA,4694
textures/Skater_male/CS_DM_Tat_FArm1.img.xbx,32,32,RGBA,1402
textures/Skater_male/CS_DM_Tat_FArm2.img.xbx,32,32,RGBA,1102
textures/Skater_male/CS_DM_Tat_FArm3.img.xbx,32,32,RGBA,1225
textures/Skater_male/CS_DM_Tat_Head_2.img.xbx,64,64,RGBA,1811
textures/Skater_male/CS_DM_Tat_Head_3.img.xbx,64,64,RGBA,2391
textures/Skater_male/CS_DM_Tat_Head_4.img.xbx,64,64,RGBA,4881
textures/Skater_male/CS_DM_Tat_Head_5.img.xbx,64,64,RGBA,3709
textures/Skater_male/CS_DM_Tat_Head_6.img.xbx,64,64,RGBA,2181
textures/Skater_male/CS_DM_Tat_Head_Chest_06.img.xbx,64,64,RGBA,2204
textures/Skater_male/CS_DM_Tat_Head_Chest_07.img.xbx,64,64,RGBA,3531
textures/Skater_male/CS_DM_Tat_Head_Chest_10.img.xbx,64,64,RGBA,3322
textures/Skater_male/CS_DM_Tat_Head_Chest_11.img.xbx,64,64,RGBA,2629
textures/Skater_male/CS_DM_Tat_Head_Chest_12.img.xbx,64,64,RGBA,1679
textures/Skater_male/CS_DM_Tat_Head_Chest_15.img.xbx,64,64,RGBA,1487
textures/Skater_male/CS_DM_Tat_Head_Chest_18.img.xbx,64,64,RGBA,1711
textures/Skater_male/CS_DM_Tat_Head_Chest_21.img.xbx,64,64,RGBA,2982
textures/Skater_male/CS_DM_Tat_Head_Chest_25.img.xbx,64,64,RGBA,2474
textures/Skater_male/CS_DM_Tat_Head_Chest_26.img.xbx,64,64,RGBA,2233
textures/Skater_male/CS_DM_Tat_Head_Chest_29.img.xbx,64,64,RGBA,2807
textures/Skater_male/CS_DM_Tat_Head_Chest_30.img.xbx,64,64,RGBA,3709
textures/Skater_male/CS_DM_Tat_Head_Chest_31.img.xbx,64,64,RGBA,1850
textures/Skater_male/CS_DM_Tat_Head_Chest_32.img.xbx,64,64,RGBA,2701
textures/Skater_male/CS_DM_Tat_Head_Chest_34.img.xbx,64,64,RGBA,2838
textures/Skater_male/CS_DM_Tat_Head_Chest_36.img.xbx,64,64,RGBA,2235
textures/Skater_male/CS_DM_Tat_Head_Chest_39.img.xbx,64,64,RGBA,3633
textures/Skater_male/CS_DM_Tat_Head_Chest_41.img.xbx,64,64,RGBA,3337
textures/Skater_male/CS_DM_Tat_Head_Chest_42.img.xbx,64,64,RGBA,2391
textures/Skater_male/CS_DM_Tat_Head_Chest_43.img.xbx,64,64,RGBA,1949
textures/Skater_male/CS_DM_Tat_Head_Chest_44.img.xbx,64,64,RGBA,2160
textures/Skater_male/CS_JB_Hair_AfroL1.img.xbx,16,32,RGBA,1470
textures/Skater_male/CS_JB_Hair_AfroL2.img.xbx,32,32,RGBA,3137
textures/Skater_male/CS_JB_Hair_MohawkL1.img.xbx,64,64,RGBA,9436
textures/Skater_male/CS_JB_Hair_MulletL1.img.xbx,128,128,RGBA,26384
textures/Skater_male/CS_JB_shirt_tiedye.img.xbx,128,128,RGB,20727
textures/Skater_male/CS_JB_sleeve_short_tiedye.img.xbx,64,64,RGB,6111
textures/Skater_male/CS_JDB_Hat_HeadBand_RS.img.xbx,64,32,RGB,2073
textures/Skater_male/CS_JDB_Hat_Trucker_BLK.img.xbx,64,64,RGB,3576
textures/Skater_male/CS_MBF_Backpack_Matix_can.img.xbx,128,128,RGB,17420
textures/Skater_male/CS_MBF_Backpack_net.img.xbx,16,16,RGBA,168
textures/Skater_male/CS_MBF_F_Gry_HEAD01.img.xbx,128,128,RGB,16111
textures/Skater_male/CS_MBF_F_Gry_HEAD02.img.xbx,128,128,RGB,17193
textures/Skater_male/CS_MBF_F_Gry_HEAD03.img.xbx,128,128,RGB,18069
textures/Skater_male/CS_MBF_F_Gry_HEAD04.img.xbx,128,128,RGB,14614
textures/Skater_male/CS_MBF_F_Gry_HEAD05.img.xbx,128,128,RGB,15484
textures/Skater_male/CS_MBF_F_Gry_HEAD06.img.xbx,128,128,RGB,15654
textures/Skater_male/CS_MBF_F_Gry_HEAD07.img.xbx,128,128,RGB,16945
textures/Skater_male/CS_MBF_F_Gry_HEAD08.img.xbx,128,128,RGB,15358
textures/Skater_male/CS_MBF_F_Gry_HEAD09.img.xbx,128,128,RGB,17472
textures/Skater_male/CS_MBF_F_Gry_HEAD10.img.xbx,128,128,RGB,14539
textures/Skater_male/CS_MBF_F_Gry_HEAD11.img.xbx,128,128,RGB,14535
textures/Skater_male/CS_MBF_F_Gry_HEAD12.img.xbx,128,128,RGB,16489
textures/Skater_male/CS_MBF_F_Gry_HEAD13.img.xbx,128,128,RGB,17773
textures/Skater_male/CS_MBF_F_Gry_HEAD14.img.xbx,128,128,RGB,16223
textures/Skater_male/CS_MBF_F_Gry_HEAD15.img.xbx,128,128,RGB,17481
textures/Skater_male/CS_MBF_F_Gry_HEAD16.img.xbx,128,128,RGB,19946
textures/Skater_male/CS_MBF_F_Gry_HEAD17.img.xbx,128,128,RGB,14921
textures/Skater_male/CS_MBF_F_Gry_HEAD18.img.xbx,128,128,RGB,16745
textures/Skater_male/CS_MBF_F_Gry_HEAD19.img.xbx,128,128,RGB,21182
textures/Skater_male/CS_MBF_Jacket_hood.img.xbx,64,64,RGB,3942
textures/Skater_male/CS_MBF_Jacket_hoody.img.xbx,128,128,RGB,7535
textures/Skater_male/CS_MBF_Jacket_hoody_ARMS.img.xbx,64,128,RGB,3914
textures/Skater_male/CS_MBF_M_Grey_HEAD01.img.xbx,128,128,RGB,16868
textures/Skater_male/CS_MBF_M_Grey_HEAD02.img.xbx,128,128,RGB,16277
textures/Skater_male/CS_MBF_M_Grey_HEAD03.img.xbx,128,128,RGB,16582
textures/Skater_male/CS_MBF_M_Grey_HEAD04.img.xbx,128,128,RGB,17156
textures/Skater_male/CS_MBF_M_Grey_HEAD05.img.xbx,128,128,RGB,16430
textures/Skater_male/CS_MBF_M_Grey_HEAD06.img.xbx,128,128,RGB,22595
textures/Skater_male/CS_MBF_M_Grey_HEAD07.img.xbx,128,128,RGB,20908
textures/Skater_male/CS_MBF_M_Grey_HEAD08.img.xbx,128,128,RGB,20831
textures/Skater_male/CS_MBF_M_Grey_HEAD09.img.xbx,128,128,RGB,22797
textures/Skater_male/CS_MBF_M_Grey_HEAD10.img.xbx,128,128,RGB,22285
textures/Skater_male/CS_MBF_M_Grey_HEAD11.img.xbx,128,128,RGB,16526
textures/Skater_male/CS_MBF_M_Grey_HEAD12.img.xbx,128,128,RGB,16924
textures/Skater_male/CS_MBF_M_Grey_HEAD13.img.xbx,128,128,RGB,16509
textures/Skater_male/CS_MBF_M_Grey_HEAD14.img.xbx,128,128,RGB,16799
textures/Skater_male/CS_MBF_M_Grey_HEAD15.img.xbx,128,128,RGB,16900
textures/Skater_male/CS_MBF_M_Grey_HEAD16.img.xbx,128,128,RGB,18678
textures/Skater_male/CS_MBF_M_Grey_HEAD17.img.xbx,128,128,RGB,25417
textures/Skater_male/CS_MBF_M_Grey_HEAD18.img.xbx,128,128,RGB,25186
textures/Skater_male/CS_MBF_M_Grey_HEAD19.img.xbx,128,128,RGB,23098
textures/Skater_male/CS_MBF_M_Grey_HEAD20.img.xbx,128,128,RGB,24000
textures/Skater_male/CS_MBF_Shirt_CowboyBlack.img.xbx,128,128,RGB,14560
textures/Skater_male/CS_MBF_Shirt_CowboyBlackArm.img.xbx,64,128,RGB,8998
textures/Skater_male/CS_MBF_Shirt_CowboyBlackLogo.img.xbx,64,32,RGBA,87
textures/Skater_male/CS_MBF_shoe_Circa.img.xbx,64,64,RGB,6087
textures/Skater_male/CS_MBF_shoe_DVS_Blk.img.xbx,64,64,RGB,6841
textures/Skater_male/CS_MBF_shoe_Globe_Chet.img.xbx,64,64,RGB,4428
textures/Skater_male/CS_MBF_shoe_Globe_Mojo.img.xbx,64,64,RGB,4985
textures/Skater_male/CS_MBF_shoe_Hurley_Distortion.img.xbx,64,64,RGB,4258
textures/Skater_male/CS_MBF_shoe_Hurley_DistortionBlk.img.xbx,64,64,RGB,3127
textures/Skater_male/CS_NH_baggypants_stripe.img.xbx,128,128,RGB,31934
textures/Skater_male/CS_NH_leathervest.img.xbx,128,128,RGB,31195
textures/Skater_male/CS_NH_sock02.img.xbx,64,64,RGB,2173
textures/Skater_male/CS_NH_sock03.img.xbx,64,64,RGBA,1795
textures/Skater_male/CS_NN_MikeV_BtatL.img.xbx,32,32,RGBA,621
textures/Skater_male/CS_NN_MikeV_BtatR.img.xbx,32,32,RGBA,1235
textures/Skater_male/CS_NN_MikeV_FtatL.img.xbx,32,32,RGBA,703
textures/Skater_male/CS_NN_MikeV_FtatR.img.xbx,32,32,RGBA,734
textures/Skater_male/CS_NN_MikeV_LtatL.img.xbx,32,32,RGBA,237
textures/Skater_male/CS_NN_Thomas_Tat_chest01.img.xbx,64,64,RGBA,1591
textures/Skater_male/CS_NN_Watch02.img.xbx,32,32,RGBA,1423
textures/Skater_male/CS_NN_Watch03.img.xbx,32,32,RGBA,1400
textures/Skater_male/CS_NN_Watch04.img.xbx,32,32,RGBA,1587
textures/Skater_male/CS_NN_extra_rockerwatch.img.xbx,32,32,RGB,1271
textures/Skater_male/CS_NN_tat_head02.img.xbx,64,64,RGBA,2183
textures/Skater_male/CS_NN_tat_head03.img.xbx,64,64,RGBA,1359
textures/Skater_male/CS_NSN_3-4shirt_stripe01.img.xbx,128,128,RGB,11909
textures/Skater_male/CS_NSN_Beard01.img.xbx,64,64,RGBA,7232
textures/Skater_male/CS_NSN_Boot02.img.xbx,64,64,RGB,7688
textures/Skater_male/CS_NSN_Boot03.img.xbx,64,64,RGB,6093
textures/Skater_male/CS_NSN_Burnquist_shoe.img.xbx,64,64,RGB,4258
textures/Skater_male/CS_NSN_CAS_Male_Head.img.xbx,128,128,RGBA,26250
textures/Skater_male/CS_NSN_CAS_Male_Head01.img.xbx,128,128,RGBA,22122
textures/Skater_male/CS_NSN_CAS_Male_Head02.img.xbx,128,128,RGB,19437
textures/Skater_male/CS_NSN_CAS_Male_Head03.img.xbx,128,128,RGB,18748
textures/Skater_male/CS_NSN_CAS_Male_Head04.img.xbx,128,128,RGB,18654
textures/Skater_male/CS_NSN_CAS_Male_Head05.img.xbx,128,128,RGB,18969
textures/Skater_male/CS_NSN_CAS_Male_Head06.img.xbx,128,128,RGB,18548
textures/Skater_male/CS_NSN_Clown_Shoe02.img.xbx,64,64,RGB,4991
textures/Skater_male/CS_NSN_F_Gry_Head01.img.xbx,128,128,RGB,17685
textures/Skater_male/CS_NSN_F_Gry_Leg.img.xbx,64,128,RGB,9160
textures/Skater_male/CS_NSN_F_Gry_Neck.img.xbx,64,32,RGB,1309
textures/Skater_male/CS_NSN_F_Gry_Torso.img.xbx,128,128,RGB,12919
textures/Skater_male/CS_NSN_F_Gry_arm.img.xbx,32,128,RGB,1288
textures/Skater_male/CS_NSN_F_Gry_armL.img.xbx,64,64,RGBA,2430
textures/Skater_male/CS_NSN_F_Gry_armR.img.xbx,64,64,RGBA,2430
textures/Skater_male/CS_NSN_F_Gry_foot.img.xbx,64,64,RGB,3754
textures/Skater_male/CS_NSN_F_Gry_hand.img.xbx,64,64,RGB,3622
textures/Skater_male/CS_NSN_F_Hairline01.img.xbx,64,64,RGBA,1741
textures/Skater_male/CS_NSN_F_tanktop_floral.img.xbx,64,64,RGB,8144
textures/Skater_male/CS_NSN_Glove01.img.xbx,32,32,RGB,997
textures/Skater_male/CS_NSN_Hurley_Shoe_Selector.img.xbx,64,64,RGB,6749
textures/Skater_male/CS_NSN_Koston_shoe.img.xbx,64,64,RGB,6383
textures/Skater_male/CS_NSN_M_Gry_armL.img.xbx,64,64,RGB,2823
textures/Skater_male/CS_NSN_M_Gry_armR.img.xbx,64,64,RGB,3582
textures/Skater_male/CS_NSN_M_Gry_foot.img.xbx,64,64,RGB,3754
textures/Skater_male/CS_NSN_M_Gry_hand.img.xbx,32,32,RGB,1677
textures/Skater_male/CS_NSN_M_Gry_leg.img.xbx,64,128,RGB,4853
textures/Skater_male/CS_NSN_M_Gry_neck.img.xbx,64,32,RGB,961
textures/Skater_male/CS_NSN_M_Gry_torso.img.xbx,128,128,RGB,9810
textures/Skater_male/CS_NSN_M_Tat_Sleeve_arm01.img.xbx,64,64,RGB,10240
textures/Skater_male/CS_NSN_M_Tat_Sleeve_arm02.img.xbx,64,64,RGB,10375
textures/Skater_male/CS_NSN_M_Tat_Sleeve_arm03.img.xbx,64,64,RGB,9133
textures/Skater_male/CS_NSN_M_Tat_Sleeve_arm04.img.xbx,64,64,RGB,7887
textures/Skater_male/CS_NSN_M_Tat_Sleeve_arm05.img.xbx,64,64,RGB,7526
textures/Skater_male/CS_NSN_M_Tat_Sleeve_arm06.img.xbx,64,64,RGB,6489
textures/Skater_male/CS_NSN_M_Tat_Sleeve_arm07.img.xbx,64,64,RGB,7790
textures/Skater_male/CS_NSN_M_Tat_Sleeve_arm08.img.xbx,64,64,RGB,9490
textures/Skater_male/CS_NSN_M_Tat_Sleeve_arm09.img.xbx,64,64,RGB,6975
textures/Skater_male/CS_NSN_M_Tat_Sleeve_arm10.img.xbx,64,64,RGB,5099
textures/Skater_male/CS_NSN_M_Tat_Sleeve_arm11.img.xbx,64,64,RGB,8773
textures/Skater_male/CS_NSN_M_Tat_Sleeve_arm12.img.xbx,64,64,RGB,8982
textures/Skater_male/CS_NSN_M_Tat_Sleeve_armL.img.xbx,64,64,RGB,11136
textures/Skater_male/CS_NSN_M_Tat_Sleeve_armR.img.xbx,64,64,RGB,8733
textures/Skater_male/CS_NSN_Mask_gimp.img.xbx,128,128,RGB,7317
textures/Skater_male/CS_NSN_Muska_Pants.img.xbx,128,128,RGB,10713
textures/Skater_male/CS_NSN_Quik_Tshirt_Harikari.img.xbx,128,128,RGBA,13636
textures/Skater_male/CS_NSN_Shirt_Colur_stripe01.img.xbx,128,128,RGBA,29083
textures/Skater_male/CS_NSN_Shirt_button02.img.xbx,128,128,RGBA,16070
textures/Skater_male/CS_NSN_Shirt_button03.img.xbx,128,128,RGBA,6485
textures/Skater_male/CS_NSN_Shirt_button_stripe01.img.xbx,128,128,RGB,14623
textures/Skater_male/CS_NSN_Shirt_hawaii01.img.xbx,128,128,RGB,42609
textures/Skater_male/CS_NSN_Shirt_hawaii02.img.xbx,128,128,RGB,41309
textures/Skater_male/CS_NSN_Shoe_laces_Black.img.xbx,16,32,RGBA,658
textures/Skater_male/CS_NSN_Shorts_Camo.img.xbx,128,128,RGBA,37323
textures/Skater_male/CS_NSN_Shorts_Stripe01.img.xbx,128,128,RGBA,21096
textures/Skater_male/CS_NSN_Shorts_Surf.img.xbx,128,128,RGB,33801
textures/Skater_male/CS_NSN_Shorts_boxers.img.xbx,128,128,RGBA,23514
textures/Skater_male/CS_NSN_Shorts_swim.img.xbx,128,128,RGB,27072
textures/Skater_male/CS_NSN_Sleeve_button_stripe01.img.xbx,64,64,RGB,3202
textures/Skater_male/CS_NSN_Sleeve_colur_stripe01.img.xbx,64,64,RGB,7193
textures/Skater_male/CS_NSN_Sleeve_colur_stripe02.img.xbx,128,128,RGBA,17257
textures/Skater_male/CS_NSN_Sleeve_hawaii01.img.xbx,64,64,RGB,10421
textures/Skater_male/CS_NSN_Sleeve_hawaii02.img.xbx,64,64,RGB,5126
textures/Skater_male/CS_NSN_Sleeve_stripe01.img.xbx,64,64,RGB,3914
textures/Skater_male/CS_NSN_TShirt0.img.xbx,128,128,RGB,5164
textures/Skater_male/CS_NSN_TShirt_gradient.img.xbx,128,128,RGB,290
textures/Skater_male/CS_NSN_TSleeve0.img.xbx,64,64,RGB,1927
textures/Skater_male/CS_NSN_TSleeve_gradient.img.xbx,64,64,RGB,210
textures/Skater_male/CS_NSN_Torso_TrackJacket_Grey.img.xbx,128,128,RGB,8240
textures/Skater_male/CS_NSN_Tuft01.img.xbx,64,64,RGBA,1321
textures/Skater_male/CS_NSN_baggypants_stripe.img.xbx,128,128,RGB,31934
textures/Skater_male/CS_NSN_beard02.img.xbx,64,64,RGBA,3529
textures/Skater_male/CS_NSN_beard03.img.xbx,64,64,RGBA,3841
textures/Skater_male/CS_NSN_beard04.img.xbx,64,64,RGBA,3791
textures/Skater_male/CS_NSN_cargoshorts_camo.img.xbx,128,128,RGB,36320
textures/Skater_male/CS_NSN_denim_pants02.img.xbx,128,128,RGB,26910
textures/Skater_male/CS_NSN_earmuffs.img.xbx,64,64,RGB,4216
textures/Skater_male/CS_NSN_eye_black01.img.xbx,32,32,RGB,493
textures/Skater_male/CS_NSN_eye_blue01.img.xbx,32,32,RGB,1434
textures/Skater_male/CS_NSN_eye_brown01.img.xbx,32,32,RGB,1828
textures/Skater_male/CS_NSN_eye_cat01 copy.img.xbx,32,32,RGB,1147
textures/Skater_male/CS_NSN_eye_cat01.img.xbx,32,32,RGB,1147
textures/Skater_male/CS_NSN_eye_cock01.img.xbx,32,32,RGB,1208
textures/Skater_male/CS_NSN_eye_crossed01.img.xbx,32,32,RGB,1234
textures/Skater_male/CS_NSN_eye_green01.img.xbx,32,32,RGB,1503
textures/Skater_male/CS_NSN_eye_hazel01.img.xbx,32,32,RGB,1254
textures/Skater_male/CS_NSN_eye_red01.img.xbx,32,32,RGB,1058
textures/Skater_male/CS_NSN_eye_white01.img.xbx,32,32,RGB,1341
textures/Skater_male/CS_NSN_eye_x01.img.xbx,32,32,RGB,1477
textures/Skater_male/CS_NSN_f_tanktop_dye.img.xbx,64,64,RGB,2491
textures/Skater_male/CS_NSN_goatee01.img.xbx,64,64,RGBA,2177
textures/Skater_male/CS_NSN_goatee02.img.xbx,64,64,RGBA,1654
textures/Skater_male/CS_NSN_handlebars.img.xbx,64,64,RGBA,1821
textures/Skater_male/CS_NSN_lambchops.img.xbx,64,64,RGBA,2647
textures/Skater_male/CS_NSN_mustache01.img.xbx,64,64,RGBA,1199
textures/Skater_male/CS_NSN_mustache02.img.xbx,64,64,RGBA,1094
textures/Skater_male/CS_NSN_pant_Kaki01.img.xbx,128,128,RGB,15467
textures/Skater_male/CS_NSN_pant_denim02.img.xbx,128,128,RGB,18296
textures/Skater_male/CS_NSN_pants_cargocamo.img.xbx,128,128,RGB,34901
textures/Skater_male/CS_NSN_pants_denim_dirty.img.xbx,128,128,RGB,30966
textures/Skater_male/CS_NSN_pants_hawkclt_joe.img.xbx,128,128,RGB,33653
textures/Skater_male/CS_NSN_pants_snow.img.xbx,128,128,RGB,20472
textures/Skater_male/CS_NSN_shirt_camo01.img.xbx,128,128,RGB,34186
textures/Skater_male/CS_NSN_shirt_stripe01.img.xbx,128,128,RGB,15704
textures/Skater_male/CS_NSN_shirtslv_camo_short01.img.xbx,64,64,RGB,8735
textures/Skater_male/CS_NSN_shoe03.img.xbx,64,64,RGB,7493
textures/Skater_male/CS_NSN_shoe_50s.img.xbx,64,64,RGB,4884
textures/Skater_male/CS_NSN_shoe_Adio_Anderson.img.xbx,64,64,RGB,7720
textures/Skater_male/CS_NSN_shoe_Adio_Wray.img.xbx,64,64,RGB,7510
textures/Skater_male/CS_NSN_shoe_Circa_cx205.img.xbx,64,64,RGB,7213
textures/Skater_male/CS_NSN_shoe_Circa_cx404.img.xbx,64,64,RGB,7742
textures/Skater_male/CS_NSN_shoe_Etnies_saari.img.xbx,64,64,RGB,7617
textures/Skater_male/CS_NSN_shoe_Etnies_tribune.img.xbx,64,64,RGB,6853
textures/Skater_male/CS_NSN_shoe_es_china.img.xbx,64,64,RGB,7976
textures/Skater_male/CS_NSN_shoe_es_radle.img.xbx,64,64,RGB,7556
textures/Skater_male/CS_NSN_shorts_cords.img.xbx,128,128,RGB,23812
textures/Skater_male/CS_NSN_sideburns01.img.xbx,64,64,RGBA,2542
textures/Skater_male/CS_NSN_sideburns02.img.xbx,64,64,RGBA,2497
textures/Skater_male/CS_NSN_sock02.img.xbx,64,64,RGB,2173
textures/Skater_male/CS_NSN_sock03.img.xbx,64,64,RGBA,1795
textures/Skater_male/CS_NSN_vestbaggy_camo.img.xbx,128,128,RGB,26636
textures/Skater_male/CS_TB_Rasta_sweatband_01.img.xbx,16,16,RGB,307
textures/Skater_male/CS_TB_USA_Sweatband_02.img.xbx,16,16,RGB,310
textures/Skater_male/CS_TZ_Koston_shoe.img.xbx,64,64,RGB,7659
textures/Skater_male/CS_TZ_Margera_shoe.img.xbx,64,64,RGB,7204
textures/Skater_male/CS_TZ_Mullen_shoe.img.xbx,64,64,RGB,9201
textures/Skater_male/CS_TZ_Vallely_shoe.img.xbx,64,64,RGB,6128
textures/Skater_male/CS_TZ_hawk_shoe.img.xbx,64,64,RGB,3144
textures/Skater_male/CS_TZ_lasek_shoe.img.xbx,64,64,RGB,6682
textures/Skater_male/CS_TZ_shoe01.img.xbx,64,64,RGB,5803
textures/scuffs/CS_NH_scar_01.img.xbx,32,32,RGBA,658
textures/scuffs/CS_NH_scar_02.img.xbx,32,32,RGBA,1052
textures/scuffs/CS_NH_scar_03.img.xbx,32,32,RGBA,825
textures/scuffs/CS_NH_scar_04.img.xbx,32,32,RGBA,927
textures/scuffs/CS_NH_scar_05.img.xbx,32,32,RGBA,953
textures/scuffs/CS_NH_scar_06.img.xbx,32,32,RGBA,1085
textures/scuffs/CS_NH_scar_armL.img.xbx,32,32,RGBA,101
textures/scuffs/CS_NH_scar_armR.img.xbx,32,32,RGBA,101
textures/scuffs/CS_NH_scar_legL.img.xbx,32,32,RGBA,101
textures/scuffs/CS_NH_scar_legR.img.xbx,32,32,RGBA,101
textures/scuffs/CS_NH_scuff_01.img.xbx,32,32,RGBA,967
textures/scuffs/CS_NH_scuff_02.img.xbx,32,32,RGBA,1202
textures/scuffs/CS_NH_scuff_03.img.xbx,32,32,RGBA,1226
textures/scuffs/CS_NH_scuff_04.img.xbx,32,32,RGBA,1152
textures/scuffs/CS_NH_scuff_05.img.xbx,32,32,RGBA,1436
textures/scuffs/CS_NH_scuff_legL.img.xbx,32,32,RGBA,101
textures/scuffs/CS_NH_scuff_legR.img.xbx,32,32,RGBA,101
textures/scuffs/CS_NN_board_trans01.img.xbx,64,128,RGBA,228
textures/scuffs/CS_NN_boardscuff_01.img.xbx,64,128,RGBA,13966
textures/scuffs/CS_NN_boardscuff_02.img.xbx,64,128,RGBA,14945
textures/scuffs/CS_NN_boardscuff_03.img.xbx,64,128,RGBA,15591
textures/scuffs/CS_NN_boardscuff_04.img.xbx,64,128,RGBA,15778
textures/scuffs/CS_NSN_Truckscuff01.img.xbx,32,32,RGBA,780
textures/scuffs/CS_NSN_Truckscuff02.img.xbx,32,32,RGBA,893
textures/skater_NS/NS_Head_Aaron.img.xbx,128,128,RGB,8070
textures/skater_NS/NS_Head_Adam.img.xbx,128,128,RGB,19711
textures/skater_NS/NS_Head_Alan.img.xbx,128,128,RGB,26748
textures/skater_NS/NS_Head_AlexG.img.xbx,128,128,RGB,29474
textures/skater_NS/NS_Head_Andy.img.xbx,128,128,RGB,10060
textures/skater_NS/NS_Head_Brad.img.xbx,128,128,RGB,19656
textures/skater_NS/NS_Head_Carlo.img.xbx,128,128,RGB,27617
textures/skater_NS/NS_Head_Chauwa.img.xbx,128,128,RGB,14170
textures/skater_NS/NS_Head_ChrisP.img.xbx,128,128,RGB,15721
textures/skater_NS/NS_Head_ChrisR.img.xbx,128,128,RGB,19971
textures/skater_NS/NS_Head_ChrisW.img.xbx,128,128,RGB,21019
textures/skater_NS/NS_Head_Cody.img.xbx,128,128,RGB,19472
textures/skater_NS/NS_Head_Dan.img.xbx,128,128,RGB,22144
textures/skater_NS/NS_Head_Dana.img.xbx,128,128,RGB,21549
textures/skater_NS/NS_Head_Darren.img.xbx,128,128,RGB,21745
textures/skater_NS/NS_Head_Dave.img.xbx,128,128,RGB,20288
textures/skater_NS/NS_Head_DaveS.img.xbx,128,128,RGB,27412
textures/skater_NS/NS_Head_David.img.xbx,128,128,RGB,15134
textures/skater_NS/NS_Head_Eric.img.xbx,128,128,RGB,20124
textures/skater_NS/NS_Head_Garrett.img.xbx,128,128,RGB,21977
textures/skater_NS/NS_Head_Gary.img.xbx,128,128,RGB,21329
textures/skater_NS/NS_Head_Henry.img.xbx,128,128,RGB,25319
textures/skater_NS/NS_Head_Jake.img.xbx,128,128,RGB,11097
textures/skater_NS/NS_Head_JasonG.img.xbx,128,128,RGB,24337
textures/skater_NS/NS_Head_JasonU.img.xbx,128,128,RGB,24965
textures/skater_NS/NS_Head_Jeff.img.xbx,128,128,RGB,26990
textures/skater_NS/NS_Head_Jeremy.img.xbx,128,128,RGB,21026
textures/skater_NS/NS_Head_Jesse.img.xbx,128,128,RGB,22088
textures/skater_NS/NS_Head_Joel.img.xbx,128,128,RGBA,30487
textures/skater_NS/NS_Head_Johnny.img.xbx,128,128,RGB,14741
textures/skater_NS/NS_Head_Jon.img.xbx,128,128,RGB,19446
textures/skater_NS/NS_Head_Josh.img.xbx,128,128,RGB,15774
textures/skater_NS/NS_Head_Ken.img.xbx,128,128,RGB,21122
textures/skater_NS/NS_Head_Kevin.img.xbx,128,128,RGB,21195
textures/skater_NS/NS_Head_Kurt.img.xbx,128,128,RGB,14914
textures/skater_NS/NS_Head_Mark.img.xbx,128,128,RGB,28272
textures/skater_NS/NS_Head_Michelle.img.xbx,128,128,RGB,21569
textures/skater_NS/NS_Head_MikeO.img.xbx,128,128,RGB,24836
textures/skater_NS/NS_Head_MikeW.img.xbx,128,128,RGB,34474
textures/skater_NS/NS_Head_NolanN.img.xbx,128,128,RGB,25019
textures/skater_NS/NS_Head_Paul.img.xbx,128,128,RGB,24726
textures/skater_NS/NS_Head_Pete.img.xbx,128,128,RGB,23471
textures/skater_NS/NS_Head_Ralph.img.xbx,128,128,RGB,22879
textures/skater_NS/NS_Head_Rock.img.xbx,128,128,RGB,18604
textures/skater_NS/NS_Head_Rulon.img.xbx,128,128,RGB,18288
textures/skater_NS/NS_Head_Stacy.img.xbx,128,128,RGB,25613
textures/skater_NS/NS_Head_SteveG.img.xbx,128,128,RGB,20082
textures/skater_NS/NS_Head_SteveS.img.xbx,128,128,RGB,19248
textures/skater_NS/NS_Head_Tao.img.xbx,128,128,RGB,20872
textures/skater_NS/NS_Head_Ted.img.xbx,128,128,RGB,14149
textures/skater_NS/NS_Head_ToddS.img.xbx,128,128,RGB,18986
textures/skater_NS/NS_Head_ToddW.img.xbx,128,128,RGB,24504
textures/skater_NS/NS_Head_Zac.img.xbx,128,128,RGB,18608
